business_status,formatted_address,geometry,icon,icon_background_color,icon_mask_base_uri,name,photos,place_id,plus_code,rating,reference,types,user_ratings_total,opening_hours,url
OPERATIONAL,"Jl. PUD, Tuktuk Siadong, Simanindo, Kabupaten Samosir, Sumatera Utara 22395, Indonesia","{'location': {'lat': 2.6676358, 'lng': 98.8514378}, 'viewport': {'northeast': {'lat': 2.669074729892722, 'lng': 98.85270047989272}, 'southwest': {'lat': 2.666375070107278, 'lng': 98.85000082010728}}}",https://maps.gstatic.com/mapfiles/place_api/icons/v1/png_71/lodging-71.png,#909CE1,https://maps.gstatic.com/mapfiles/place_api/icons/v2/hotel_pinlet,Marianna Resort & Convention Tuktuk Samosir,"[{'height': 1200, 'html_attributions': ['<a href=""https://maps.google.com/maps/contrib/105637606394588523349"">A Google User</a>'], 'photo_reference': 'AUGGfZmoBb5znTjvyLcaSHaHTBmmluIEjgBzvkaH3RoYoxxmTmP5oOdkXiN_1tHIpAeHvQk6olroJRPPNdKI3rNVUDAxOiuL9PXzHinSc2Vaah2RwAWtw906syD8LO4l_QgpnRWSEv4Rnv8ViDIUWn_-mvamwgwBghIZLyTxW3cbWN-X74zd', 'width': 1800}]",ChIJrWe46nAxMTAROBUCMAK_eG0,"{'compound_code': 'MV92+3H Tuktuk Siadong, Samosir Regency, North Sumatra, Indonesia', 'global_code': '6MJWMV92+3H'}",4.7,ChIJrWe46nAxMTAROBUCMAK_eG0,"['lodging', 'point_of_interest', 'establishment']",569,,https://www.google.com/maps/place/?q=place_id:ChIJrWe46nAxMTAROBUCMAK_eG0
OPERATIONAL,"Tomok, Simanindo, Samosir Regency, North Sumatra, Indonesia","{'location': {'lat': 2.6380585, 'lng': 98.8736038}, 'viewport': {'northeast': {'lat': 2.639427429892722, 'lng': 98.87493737989271}, 'southwest': {'lat': 2.636727770107278, 'lng': 98.87223772010726}}}",https://maps.gstatic.com/mapfiles/place_api/icons/v1/png_71/generic_business-71.png,#7B9EB0,https://maps.gstatic.com/mapfiles/place_api/icons/v2/generic_pinlet,TOBA RETREAT MANSION AND VILLAS,"[{'height': 3000, 'html_attributions': ['<a href=""https://maps.google.com/maps/contrib/116175545550493751552"">harimani gunawan</a>'], 'photo_reference': 'AUGGfZnKPsBiQWesSllTj1-dCEpfuDZUvImkocmfbrRh6bsxnINjbGtFFzCbKtWjAWX6bBy_x1yGsKKAj8-M5adN2qgr36Odp7tVOAW1N7GquWPniR_Ebb7eZrROU310Hzx-QppK4KQJIp8quE-eYV0rKqLgHvdRnP2BhooQx7H_o-sQSt2q', 'width': 4000}]",ChIJlWTjwKXpMTARAQldL5xQNN4,"{'compound_code': 'JVQF+6C Tomok, Samosir Regency, North Sumatra, Indonesia', 'global_code': '6MJWJVQF+6C'}",4.5,ChIJlWTjwKXpMTARAQldL5xQNN4,"['point_of_interest', 'establishment']",33,{'open_now': True},https://www.google.com/maps/place/?q=place_id:ChIJlWTjwKXpMTARAQldL5xQNN4
OPERATIONAL,"Jl. Lkr. Tuktuk No.115 Toba, Tuktuk Siadong, Simanindo, Kabupaten Samosir, Sumatera Utara 22395, Indonesia","{'location': {'lat': 2.6708392, 'lng': 98.85557}, 'viewport': {'northeast': {'lat': 2.672221529892722, 'lng': 98.85691137989272}, 'southwest': {'lat': 2.669521870107278, 'lng': 98.85421172010727}}}",https://maps.gstatic.com/mapfiles/place_api/icons/v1/png_71/lodging-71.png,#909CE1,https://maps.gstatic.com/mapfiles/place_api/icons/v2/hotel_pinlet,Tabo Cottages,"[{'height': 1333, 'html_attributions': ['<a href=""https://maps.google.com/maps/contrib/116027865570579003127"">A Google User</a>'], 'photo_reference': 'AUGGfZn5goeGIvIZf6cNoFWDGFUqOlpB6R6vs-XK0e6U2_xJUCyQHN7LLSOst1WtwH8uHbynkOOnBQP_y2EHOEYDmh-5LdFqKEzHQGPFKAUZ3us0Ggiiy1koaeI9N5F2dF2q0BgsVbzT8zvUX2WN8Auai4sZstwwl4tTKOx7IT0Os38PFXke', 'width': 2000}]",ChIJjT2JxKTuMTARVjfqduABrN0,"{'compound_code': 'MVC4+86 Tuktuk Siadong, Samosir Regency, North Sumatra, Indonesia', 'global_code': '6MJWMVC4+86'}",4.6,ChIJjT2JxKTuMTARVjfqduABrN0,"['cafe', 'lodging', 'bakery', 'travel_agency', 'restaurant', 'food', 'point_of_interest', 'store', 'establishment']",1263,{'open_now': True},https://www.google.com/maps/place/?q=place_id:ChIJjT2JxKTuMTARVjfqduABrN0
OPERATIONAL,"Jalan Pangambatan, Tomok, Simanindo, Samosir Regency, North Sumatra 22395, Indonesia","{'location': {'lat': 2.6398157, 'lng': 98.87265389999999}, 'viewport': {'northeast': {'lat': 2.640724579892722, 'lng': 98.87416072989271}, 'southwest': {'lat': 2.638024920107278, 'lng': 98.87146107010727}}}",https://maps.gstatic.com/mapfiles/place_api/icons/v1/png_71/lodging-71.png,#909CE1,https://maps.gstatic.com/mapfiles/place_api/icons/v2/hotel_pinlet,Toba Beach Hotel,"[{'height': 3468, 'html_attributions': ['<a href=""https://maps.google.com/maps/contrib/112079664964204054973"">Fachrul Rozi</a>'], 'photo_reference': 'AUGGfZm4uVQvyTyI706m3RYzLgZ9wEaa2Y3ibelHsgvlSbb_3rTntgeOeX83yBIXxA_zfTrxTHTaKw7aZVmi0FvexrkxWczfCZsFqoZluRmEzPfq1CW2vj7DlJnoHcObm4Tc8tehJFiWuKGD5NPhgHxZAqKNClrLiRyq9f27J0Nq04DhJU96', 'width': 4624}]",ChIJAzA8Z6TpMTARpXqqP02rY2w,"{'compound_code': 'JVQF+W3 Tomok, Samosir Regency, North Sumatra, Indonesia', 'global_code': '6MJWJVQF+W3'}",4.2,ChIJAzA8Z6TpMTARpXqqP02rY2w,"['lodging', 'point_of_interest', 'establishment']",486,{'open_now': True},https://www.google.com/maps/place/?q=place_id:ChIJAzA8Z6TpMTARpXqqP02rY2w
OPERATIONAL,"Jl lingkar Tuk Tuk Lake Toba, samosir island, Sumatera Utara, 22395, Indonesia","{'location': {'lat': 2.6773098, 'lng': 98.8539201}, 'viewport': {'northeast': {'lat': 2.678431629892722, 'lng': 98.85541732989272}, 'southwest': {'lat': 2.675731970107277, 'lng': 98.85271767010728}}}",https://maps.gstatic.com/mapfiles/place_api/icons/v1/png_71/lodging-71.png,#909CE1,https://maps.gstatic.com/mapfiles/place_api/icons/v2/hotel_pinlet,Samosir Cottages,"[{'height': 640, 'html_attributions': ['<a href=""https://maps.google.com/maps/contrib/105123927092870507347"">Samosir Cottages</a>'], 'photo_reference': 'AUGGfZmJh9mumnZsX8gvvEU-GNgIed0E1J0yVHmis13TZqakec98X0mO_FYlPGLLtj9zzje49uoJxTe_mNhjmwR2sRmRiybAPD5hEJG89UV1JuaPvudEjJQYwCcPCeENUg4oShfCjvc3aU_zEnuYf0uclyNhz1NpEY6aTcms2VHoQqoFEneu', 'width': 480}]",ChIJF1i7MxrqMTARBvzfd8PzMc0,"{'compound_code': 'MVG3+WH Tuktuk Siadong, Samosir Regency, North Sumatra, Indonesia', 'global_code': '6MJWMVG3+WH'}",4.3,ChIJF1i7MxrqMTARBvzfd8PzMc0,"['lodging', 'point_of_interest', 'establishment']",3559,,https://www.google.com/maps/place/?q=place_id:ChIJF1i7MxrqMTARBvzfd8PzMc0
OPERATIONAL,"Tuktuk Siadong, Simanindo, Samosir Regency, North Sumatra, Indonesia","{'location': {'lat': 2.6699403, 'lng': 98.85684669999999}, 'viewport': {'northeast': {'lat': 2.671344979892723, 'lng': 98.85825877989272}, 'southwest': {'lat': 2.668645320107278, 'lng': 98.85555912010727}}}",https://maps.gstatic.com/mapfiles/place_api/icons/v1/png_71/lodging-71.png,#909CE1,https://maps.gstatic.com/mapfiles/place_api/icons/v2/hotel_pinlet,Zo√©'s Paradise Waterfront Hotel,"[{'height': 1240, 'html_attributions': ['<a href=""https://maps.google.com/maps/contrib/106378316732851213475"">A Google User</a>'], 'photo_reference': 'AUGGfZlaSOgp7o0rrtG62t4Yx2cEKoLUC0_iVAatx0U_PBxmgBw0kjR5MSfp2Cuf6vLUUo4AKX31kw1bigT4kNEV-uo3QbY8e-hlWK2La8Vrj9sedXirhMXp4Fd-tWooJ68hMkKvr0lPIR2cdV18dsocST99W0a5K2th8Zkl3sn0wFIMZ2mQ', 'width': 1747}]",ChIJI9cKFR_qMTARODgDrxiGvOs,"{'compound_code': 'MV94+XP Tuktuk Siadong, Samosir Regency, North Sumatra, Indonesia', 'global_code': '6MJWMV94+XP'}",4.5,ChIJI9cKFR_qMTARODgDrxiGvOs,"['lodging', 'point_of_interest', 'establishment']",439,{'open_now': True},https://www.google.com/maps/place/?q=place_id:ChIJI9cKFR_qMTARODgDrxiGvOs
OPERATIONAL,"MRV9+PWF, Jalan Raya Ambarita, Unjur, Simanindo, Ambarita, Simanindo, Kabupaten Samosir, Sumatera Utara 22395, Indonesia","{'location': {'lat': 2.6943042, 'lng': 98.81980360000001}, 'viewport': {'northeast': {'lat': 2.695628279892722, 'lng': 98.82117097989273}, 'southwest': {'lat': 2.692928620107278, 'lng': 98.81847132010728}}}",https://maps.gstatic.com/mapfiles/place_api/icons/v1/png_71/lodging-71.png,#909CE1,https://maps.gstatic.com/mapfiles/place_api/icons/v2/hotel_pinlet,Rogate Beach Hotel,"[{'height': 3120, 'html_attributions': ['<a href=""https://maps.google.com/maps/contrib/108201622411152493318"">muhammad savrizal</a>'], 'photo_reference': 'AUGGfZkoHU8xuoyJF0e2ApsWc0Hy9rQtXz81xtOyuOS9rdYY2oP5954wVI_ZbHcha0Z6-3iymWljwELyIWMzjQnOLvsdozICFam6wU-q-x3tlTnrM4njW3lSvEgjMX48ML4XOFjzijy6su3bS9Wl-lowUI9HD962AWh6Miram0wX9rh7dJko', 'width': 4160}]",ChIJEYfvNMTBMTAR0JfFbDGz6RY,,4.3,ChIJEYfvNMTBMTAR0JfFbDGz6RY,"['lodging', 'point_of_interest', 'establishment']",409,,https://www.google.com/maps/place/?q=place_id:ChIJEYfvNMTBMTAR0JfFbDGz6RY
OPERATIONAL,"Jl. Lkr. Tuktuk No.Kelurahan, Tuktuk Siadong, Simanindo, Kabupaten Samosir, Sumatera Utara 22395, Indonesia","{'location': {'lat': 2.6679506, 'lng': 98.8602267}, 'viewport': {'northeast': {'lat': 2.669380229892722, 'lng': 98.86154217989272}, 'southwest': {'lat': 2.666680570107277, 'lng': 98.85884252010727}}}",https://maps.gstatic.com/mapfiles/place_api/icons/v1/png_71/lodging-71.png,#909CE1,https://maps.gstatic.com/mapfiles/place_api/icons/v2/hotel_pinlet,Samosir Villa Resort,"[{'height': 673, 'html_attributions': ['<a href=""https://maps.google.com/maps/contrib/114929733140336219435"">A Google User</a>'], 'photo_reference': 'AUGGfZnabwmB_wkNKCqEWLJ7ECkxt9gEJ7bo7OFeo3or8zMXnpcEBqSXIhVJ8_qq_yHXl--6nF_AVG8KJ-eVpGLkTbVRnqjBkxgRc9Jms9OSZoPOLx_2S5xfkUUoWYpBJ9ZKkFq2VWv9lr0xcIEDJdy57GzMPfHIaxReGp5tcgThJUS7bhCL', 'width': 1200}]",ChIJ4ygx9yDqMTARdIw0HCWK4TA,"{'compound_code': 'MV96+53 Tuktuk Siadong, Samosir Regency, North Sumatra, Indonesia', 'global_code': '6MJWMV96+53'}",4.3,ChIJ4ygx9yDqMTARdIw0HCWK4TA,"['lodging', 'point_of_interest', 'establishment']",1703,{'open_now': True},https://www.google.com/maps/place/?q=place_id:ChIJ4ygx9yDqMTARdIw0HCWK4TA
OPERATIONAL,"Tuktuk Siadong, Simanindo, Samosir Regency, North Sumatra 22395, Indonesia","{'location': {'lat': 2.6685854, 'lng': 98.8613716}, 'viewport': {'northeast': {'lat': 2.669936179892722, 'lng': 98.8627319298927}, 'southwest': {'lat': 2.667236520107278, 'lng': 98.86003227010727}}}",https://maps.gstatic.com/mapfiles/place_api/icons/v1/png_71/lodging-71.png,#909CE1,https://maps.gstatic.com/mapfiles/place_api/icons/v2/hotel_pinlet,Carolina Hotel,"[{'height': 625, 'html_attributions': ['<a href=""https://maps.google.com/maps/contrib/109524368707900405494"">Carolina Hotel</a>'], 'photo_reference': 'AUGGfZnQBbcr8Wd9iCiiJy2So3cYTsRDEv9XkNRXUEDyydgjnnxxC2rYGPWMkQINnTr0GuaoLuDBujSNQ6yCmFQ7p7pJdv5L0La2NOXRcG10yLwDdjBFAnubTRno5IyVRROZPOMK2E2AJQ8aCwEeJKNJb7sDgzixCNCsjsHom7bpI2ORIk3l', 'width': 417}]",ChIJx02GEiHqMTARRwwQH1zyCBA,"{'compound_code': 'MV96+CG Tuktuk Siadong, Samosir Regency, North Sumatra, Indonesia', 'global_code': '6MJWMV96+CG'}",4.3,ChIJx02GEiHqMTARRwwQH1zyCBA,"['lodging', 'restaurant', 'food', 'point_of_interest', 'establishment']",1171,{'open_now': True},https://www.google.com/maps/place/?q=place_id:ChIJx02GEiHqMTARRwwQH1zyCBA
OPERATIONAL,"JVV9+W98, Jl. Pulau Samosir, Tomok, Simanindo, Kabupaten Samosir, Sumatera Utara 22395, Indonesia","{'location': {'lat': 2.6447162, 'lng': 98.8683653}, 'viewport': {'northeast': {'lat': 2.646069979892722, 'lng': 98.86971942989271}, 'southwest': {'lat': 2.643370320107278, 'lng': 98.86701977010728}}}",https://maps.gstatic.com/mapfiles/place_api/icons/v1/png_71/lodging-71.png,#909CE1,https://maps.gstatic.com/mapfiles/place_api/icons/v2/hotel_pinlet,hotel gondang sivali,"[{'height': 864, 'html_attributions': ['<a href=""https://maps.google.com/maps/contrib/111694526360833997929"">A Google User</a>'], 'photo_reference': 'AUGGfZmFlscd7mn7hceignIJiZDRZS3m_duB6Q8LwmFJmgWZ3YiYUgtEJzY-aOfIf97kbT9bb3buB9ol40W_ZYDAHX5-4u9dX932Q85D_TrLGyazksm_adhdHf0BN93bp8smHtImpQgtRNxcC7taJ7o1V6SKzTGDYQT8HYi-rZHp6OUDywVD', 'width': 1152}]",ChIJKzNUOr3pMTARcrA3rpK_Khg,,4.8,ChIJKzNUOr3pMTARcrA3rpK_Khg,"['lodging', 'point_of_interest', 'establishment']",8,,https://www.google.com/maps/place/?q=place_id:ChIJKzNUOr3pMTARcrA3rpK_Khg
OPERATIONAL,"Jalan Lingkar Tuktuk Siadong- Pindaraya Kecamatan Simanindo, Danau Toba, Kabupaten Samosir, Sumatera Utara 22395, Indonesia","{'location': {'lat': 2.6766728, 'lng': 98.84423369999999}, 'viewport': {'northeast': {'lat': 2.678014929892722, 'lng': 98.84559362989272}, 'southwest': {'lat': 2.675315270107278, 'lng': 98.84289397010728}}}",https://maps.gstatic.com/mapfiles/place_api/icons/v1/png_71/lodging-71.png,#909CE1,https://maps.gstatic.com/mapfiles/place_api/icons/v2/hotel_pinlet,Sony Cottage Samosir,"[{'height': 3456, 'html_attributions': ['<a href=""https://maps.google.com/maps/contrib/116552086477046077951"">A Google User</a>'], 'photo_reference': 'AUGGfZmqNh_LLLbhc3vz0JFKm9RMhm0THw9SkW7Hrs88lCNZp7mEj9J75gThB8DNfphXyNC1lMvtQzamZIK90_yoYh5WIq3KFqjFqn6A3_oywYbwLcG0C-NiP6U2kXGzJuUMAz8ic6w_RLi1qBvxjbia_DR__CT98-AhRBKimwPKyE0WUPYX', 'width': 5184}]",ChIJx3OOow_qMTARY-iyK-ZAYEU,"{'compound_code': 'MRGV+MM Ambarita, Samosir Regency, North Sumatra, Indonesia', 'global_code': '6MJWMRGV+MM'}",3.9,ChIJx3OOow_qMTARY-iyK-ZAYEU,"['lodging', 'point_of_interest', 'establishment']",62,,https://www.google.com/maps/place/?q=place_id:ChIJx3OOow_qMTARY-iyK-ZAYEU
OPERATIONAL,"Jl. Horas No.1, Tomok, Simanindo, Kabupaten Samosir, Sumatera Utara 22395, Indonesia","{'location': {'lat': 2.6490273, 'lng': 98.86629839999999}, 'viewport': {'northeast': {'lat': 2.650235729892723, 'lng': 98.8677602798927}, 'southwest': {'lat': 2.647536070107278, 'lng': 98.86506062010727}}}",https://maps.gstatic.com/mapfiles/place_api/icons/v1/png_71/lodging-71.png,#909CE1,https://maps.gstatic.com/mapfiles/place_api/icons/v2/hotel_pinlet,LOPO HOTEL International,"[{'height': 1200, 'html_attributions': ['<a href=""https://maps.google.com/maps/contrib/111694127400707259566"">A Google User</a>'], 'photo_reference': 'AUGGfZml3vQzqgRx3jmt_5CTFbrQ9z09dUd8ySjpiZi2BhQM6HGfAhK0v0xiFyGrKNpJNGcfEaC1ApRMpbM9Tx2mlRWkX4zb7zyR1UsYP6fh-OeLw7uyRGSpHwsNZpl5k_j1d8okNXvHc6hlgE_wr4J7rRN77dvPyoPr6n52QCLjMT0YiaOv', 'width': 1600}]",ChIJRwSMVpbpMTARMoB2Idkl9UQ,"{'compound_code': 'JVX8+JG Tomok, Samosir Regency, North Sumatra, Indonesia', 'global_code': '6MJWJVX8+JG'}",4.2,ChIJRwSMVpbpMTARMoB2Idkl9UQ,"['lodging', 'point_of_interest', 'establishment']",113,,https://www.google.com/maps/place/?q=place_id:ChIJRwSMVpbpMTARMoB2Idkl9UQ
OPERATIONAL,"Unjur, Jl. Pulau Samosir, Simanindo, Kabupaten Samosir, Sumatera Utara 22395, Indonesia","{'location': {'lat': 2.6936495, 'lng': 98.8210098}, 'viewport': {'northeast': {'lat': 2.694869229892722, 'lng': 98.82231177989271}, 'southwest': {'lat': 2.692169570107278, 'lng': 98.81961212010728}}}",https://maps.gstatic.com/mapfiles/place_api/icons/v1/png_71/lodging-71.png,#909CE1,https://maps.gstatic.com/mapfiles/place_api/icons/v2/hotel_pinlet,Thyesza Hotel,"[{'height': 3000, 'html_attributions': ['<a href=""https://maps.google.com/maps/contrib/115576525694441574339"">Boanerges Damanik</a>'], 'photo_reference': 'AUGGfZmukr5PPStDQqVZhUyGLJY88OQTZdEyzs5OtbhaZuwwRyoqxH4nOpFDg8oBl1erKUBuYmYSMO3wjtSWNmYO7tcFnzhGNYLjEuVPd5B2CfnJoRTREXVQ2cGkZxC5GSf9PItNkyd0mGoSTWCICFyOsbtJ14gVDorDOjNe1WgF7y4_ayWF', 'width': 4000}]",ChIJcxRhWfvBMTARoh60eCkylec,"{'compound_code': 'MRVC+FC Ambarita, Samosir Regency, North Sumatra, Indonesia', 'global_code': '6MJWMRVC+FC'}",4.0,ChIJcxRhWfvBMTARoh60eCkylec,"['lodging', 'restaurant', 'food', 'point_of_interest', 'establishment']",397,{'open_now': True},https://www.google.com/maps/place/?q=place_id:ChIJcxRhWfvBMTARoh60eCkylec
OPERATIONAL,"MVF3+928, Jl. Lkr. Tuktuk, Tuktuk Siadong, Simanindo, Kabupaten Samosir, Sumatera Utara 22395, Indonesia","{'location': {'lat': 2.6732932, 'lng': 98.8524448}, 'viewport': {'northeast': {'lat': 2.674684129892722, 'lng': 98.85376372989272}, 'southwest': {'lat': 2.671984470107277, 'lng': 98.85106407010728}}}",https://maps.gstatic.com/mapfiles/place_api/icons/v1/png_71/lodging-71.png,#909CE1,https://maps.gstatic.com/mapfiles/place_api/icons/v2/hotel_pinlet,TOBA BOI,"[{'height': 1680, 'html_attributions': ['<a href=""https://maps.google.com/maps/contrib/100253004493517340341"">A Google User</a>'], 'photo_reference': 'AUGGfZnsXN_RvmlzcbzUtb4Z75ckE20T-DEw-0Hqzeq-fG4Z1GP-ISeLnjZDGW2Q06E99VpWJt4zQBvtuYlAo5HkblCbZhoHonY7qMADaVXMg5dGk9VPGJZoVvLPkExpfsZEPeKi0_neBQe40-fTPJNwDnfWmkINOI2wr_dJDP1znh3voHrU', 'width': 3648}]",ChIJK7qgNgDrMTARC3OdZ3A3qNo,,5.0,ChIJK7qgNgDrMTARC3OdZ3A3qNo,"['lodging', 'point_of_interest', 'establishment']",8,,https://www.google.com/maps/place/?q=place_id:ChIJK7qgNgDrMTARC3OdZ3A3qNo
OPERATIONAL,"Kampung Tuktuk Siadong, Kecamatan Simanindo, Ambarita, Tuktuk Siadong, Simanindo, Kabupaten Samosir, Sumatera Utara 22395, Indonesia","{'location': {'lat': 2.6690963, 'lng': 98.8535069}, 'viewport': {'northeast': {'lat': 2.670746529892722, 'lng': 98.85478317989272}, 'southwest': {'lat': 2.668046870107278, 'lng': 98.85208352010729}}}",https://maps.gstatic.com/mapfiles/place_api/icons/v1/png_71/lodging-71.png,#909CE1,https://maps.gstatic.com/mapfiles/place_api/icons/v2/hotel_pinlet,Toba Village Inn,"[{'height': 6000, 'html_attributions': ['<a href=""https://maps.google.com/maps/contrib/116365959886081971152"">Yohannes Purba</a>'], 'photo_reference': 'AUGGfZla_thuLhPkzNFwAdeYoDqAqaP_VLDKnFUFNGd45xwYDtQe_Xh2T9c3Uj8-ehaeOsEdJGaUss7NQuzNqLXLs1bhlhXVnunv-TDeSlMsK700w2HvJFyHU-DrGJiaadNmWFT_Dci6PMMTtVQLAj3wsj9pGIm_pxqaZGkEcqxqUofsoi91', 'width': 8000}]",ChIJ404WnB7qMTARgL_YG3_Jvn0,"{'compound_code': 'MV93+HC Tuktuk Siadong, Samosir Regency, North Sumatra, Indonesia', 'global_code': '6MJWMV93+HC'}",4.5,ChIJ404WnB7qMTARgL_YG3_Jvn0,"['lodging', 'restaurant', 'food', 'point_of_interest', 'establishment']",719,{'open_now': True},https://www.google.com/maps/place/?q=place_id:ChIJ404WnB7qMTARgL_YG3_Jvn0
OPERATIONAL,"Jl. Lingkar, Tuktuk Siadong, Kabupaten Samosir, Sumatera Utara 22395, Indonesia","{'location': {'lat': 2.6774856, 'lng': 98.8522248}, 'viewport': {'northeast': {'lat': 2.678698479892722, 'lng': 98.85346267989273}, 'southwest': {'lat': 2.675998820107278, 'lng': 98.85076302010728}}}",https://maps.gstatic.com/mapfiles/place_api/icons/v1/png_71/lodging-71.png,#909CE1,https://maps.gstatic.com/mapfiles/place_api/icons/v2/hotel_pinlet,Toledo Inn,"[{'height': 1024, 'html_attributions': ['<a href=""https://maps.google.com/maps/contrib/112286423820621860610"">A Google User</a>'], 'photo_reference': 'AUGGfZmN_mlSEO_rf8HKNnSKM3Va3jL1Y5Hu0NmLnmPdQFz2VnCQ6OgEphxYtNg9VbR94Ts3-N8UBAm6C6MbPH9EKu-UbNDDL4n-21zida5ZoBTUe3Nx5-fSwaQwMh1gJxWmGLTHz0FWjFCDs8ED8HK_ZSF7kQ7OJZwcmtmUM19WFSnDzh6z', 'width': 682}]",ChIJmXCy9RvqMTAR0qB_LS18T0I,"{'compound_code': 'MVG2+XV Tuktuk Siadong, Samosir Regency, North Sumatra, Indonesia', 'global_code': '6MJWMVG2+XV'}",4.3,ChIJmXCy9RvqMTAR0qB_LS18T0I,"['lodging', 'point_of_interest', 'establishment']",433,{'open_now': True},https://www.google.com/maps/place/?q=place_id:ChIJmXCy9RvqMTAR0qB_LS18T0I
OPERATIONAL,"Jl. Lkr. Tuktuk, Tuktuk Siadong, Simanindo, Kabupaten Samosir, Sumatera Utara, Indonesia","{'location': {'lat': 2.6719803, 'lng': 98.8607328}, 'viewport': {'northeast': {'lat': 2.673314979892722, 'lng': 98.86206007989271}, 'southwest': {'lat': 2.670615320107278, 'lng': 98.85936042010728}}}",https://maps.gstatic.com/mapfiles/place_api/icons/v1/png_71/lodging-71.png,#909CE1,https://maps.gstatic.com/mapfiles/place_api/icons/v2/hotel_pinlet,Bernard Hotel,"[{'height': 4000, 'html_attributions': ['<a href=""https://maps.google.com/maps/contrib/114017821623288046160"">A Google User</a>'], 'photo_reference': 'AUGGfZka3O5gfRQKMngJzplwYX1ES7621Z-vYzTOa94cF4va3DdVxIr9QcpSorwdyGYX5gUcQZGYKu6tKY1dtl21UEqCrEUPLrYhAZqtfkiQIiWvDXRLjm4IUBw3ye-6lzI_XNfwK1QH-tfcmKgsITixbEUJD9-ySY--OawKhr1jPMGL1mKZ', 'width': 3000}]",ChIJ-Rsa9RvqMTARDymttV-8qGA,"{'compound_code': 'MVC6+Q7 Tuktuk Siadong, Samosir Regency, North Sumatra, Indonesia', 'global_code': '6MJWMVC6+Q7'}",4.4,ChIJ-Rsa9RvqMTARDymttV-8qGA,"['lodging', 'restaurant', 'food', 'point_of_interest', 'establishment']",92,{'open_now': True},https://www.google.com/maps/place/?q=place_id:ChIJ-Rsa9RvqMTARDymttV-8qGA
OPERATIONAL,"Jl. Lkr. Tuktuk No.Kelurahan, Tuktuk Siadong, Kabupaten Samosir, Sumatera Utara 22395, Indonesia","{'location': {'lat': 2.6775629, 'lng': 98.85428189999999}, 'viewport': {'northeast': {'lat': 2.678648579892723, 'lng': 98.85573447989272}, 'southwest': {'lat': 2.675948920107278, 'lng': 98.85303482010728}}}",https://maps.gstatic.com/mapfiles/place_api/icons/v1/png_71/lodging-71.png,#909CE1,https://maps.gstatic.com/mapfiles/place_api/icons/v2/hotel_pinlet,Anju Cottage,"[{'height': 1040, 'html_attributions': ['<a href=""https://maps.google.com/maps/contrib/106111396293624997597"">A Google User</a>'], 'photo_reference': 'AUGGfZntkWTkJGFGOPswAX2EVaU0qrLmRsSApgqjPVar8aKtBJptRbw0Fj5nAFLHHysWrdlyAm18k23ymaZ2Zgah-z_-G_r4Uh4-nUvsy-_Je8bXWyJijwB_6kU0DyZFRA-rRlPU4m1G5eZn_JIR1Npeq71oi-0fz0-jz4pi6qnfQ9fec5TZ', 'width': 2096}]",ChIJCXmpChzqMTARR3tDqY-NmyM,"{'compound_code': 'MVH3+2P Tuktuk Siadong, Samosir Regency, North Sumatra, Indonesia', 'global_code': '6MJWMVH3+2P'}",4.0,ChIJCXmpChzqMTARR3tDqY-NmyM,"['lodging', 'point_of_interest', 'establishment']",421,{'open_now': True},https://www.google.com/maps/place/?q=place_id:ChIJCXmpChzqMTARR3tDqY-NmyM
OPERATIONAL,"Jl. Lkr. Tuktuk, Tuktuk Siadong, Simanindo, Kabupaten Samosir, Sumatera Utara 22395, Indonesia","{'location': {'lat': 2.6769471, 'lng': 98.85450619999999}, 'viewport': {'northeast': {'lat': 2.678338029892723, 'lng': 98.85582107989272}, 'southwest': {'lat': 2.675638370107278, 'lng': 98.85312142010727}}}",https://maps.gstatic.com/mapfiles/place_api/icons/v1/png_71/lodging-71.png,#909CE1,https://maps.gstatic.com/mapfiles/place_api/icons/v2/hotel_pinlet,Judita Cottage,"[{'height': 3468, 'html_attributions': ['<a href=""https://maps.google.com/maps/contrib/105725022409792987366"">A Google User</a>'], 'photo_reference': 'AUGGfZkqGjixHGM5tqTkwSI6CAzmwQvahfxY8WUynF4vgdQv96aqD4xn1ODQajhpM_4WumNA3U7KA8x28APOffw06UbKXJi69MrAGQ2JNmN1pJRJpscOx1PLuAMQ4rhDBwjtzr-pUAOrqnvETsSoBQvXktPSi4-QhaOvVpSjU4PxBCerMSxq', 'width': 4624}]",ChIJhce6FBfqMTARimkCda5kU8I,"{'compound_code': 'MVG3+QQ Tuktuk Siadong, Samosir Regency, North Sumatra, Indonesia', 'global_code': '6MJWMVG3+QQ'}",4.2,ChIJhce6FBfqMTARimkCda5kU8I,"['lodging', 'point_of_interest', 'establishment']",131,{'open_now': True},https://www.google.com/maps/place/?q=place_id:ChIJhce6FBfqMTARimkCda5kU8I
OPERATIONAL,"Jalan Lingkar Tuk-Tuk, Pulau Samosir, Kabupaten Samosir, Sumatera Utara 22395, Indonesia","{'location': {'lat': 2.6804062, 'lng': 98.8406236}, 'viewport': {'northeast': {'lat': 2.681752329892723, 'lng': 98.84191297989273}, 'southwest': {'lat': 2.679052670107278, 'lng': 98.83921332010729}}}",https://maps.gstatic.com/mapfiles/place_api/icons/v1/png_71/lodging-71.png,#909CE1,https://maps.gstatic.com/mapfiles/place_api/icons/v2/hotel_pinlet,Hotel Tuk-Tuk Timbul,"[{'height': 4000, 'html_attributions': ['<a href=""https://maps.google.com/maps/contrib/103761034092168509121"">A Google User</a>'], 'photo_reference': 'AUGGfZlPOUcKSlT208XGhu08hvISUfoPKG8UB6bKPnzlYSqfzQqNZC4ryyLucgjfdHM8txixCpsMm0EQ-WVSXiSdtEH9_Ixc3o3cF3LUus-B4oTXcy90as0Ca3AD_zoSXZu6qbtVLtdQyUtTG54jq9IDxMxin8iEFGEDB1_KaRpy5fMJ_NBB', 'width': 6000}]",ChIJqyaaXgnqMTARnbSYeZNuqzA,"{'compound_code': 'MRJR+56 Ambarita, Samosir Regency, North Sumatra, Indonesia', 'global_code': '6MJWMRJR+56'}",4.5,ChIJqyaaXgnqMTARnbSYeZNuqzA,"['lodging', 'restaurant', 'food', 'point_of_interest', 'establishment']",307,{'open_now': True},https://www.google.com/maps/place/?q=place_id:ChIJqyaaXgnqMTARnbSYeZNuqzA
OPERATIONAL,"MV83+X5Q, Jl. Lkr. Tuktuk, Tuktuk Siadong, Simanindo, Kabupaten Samosir, Sumatera Utara 22395, Indonesia","{'location': {'lat': 2.667464, 'lng': 98.8529806}, 'viewport': {'northeast': {'lat': 2.668841129892722, 'lng': 98.85429272989273}, 'southwest': {'lat': 2.666141470107277, 'lng': 98.85159307010728}}}",https://maps.gstatic.com/mapfiles/place_api/icons/v1/png_71/lodging-71.png,#909CE1,https://maps.gstatic.com/mapfiles/place_api/icons/v2/hotel_pinlet,Pondok Ganda Tuktuk,"[{'height': 1080, 'html_attributions': ['<a href=""https://maps.google.com/maps/contrib/102492504280346632482"">M Tagor EB Sidjabat</a>'], 'photo_reference': 'AUGGfZkrHXemOfsIOZveKMeQiVZyw40UmJyh6SXYCPxu-sp0LYm-77AvuQ4JUmV_W85gqI-D84MiD-dB2byWMttzXkk4sb6dD5dLdWmtSOIyW1ALnVDOLGYoR28RWXDrcsfi3DkTq20SAap6stY72E79c4kvIQjVRRljSeV-3bPjcwdkE4VO', 'width': 1920}]",ChIJPTNzhB7qMTARFJbfGnxr0Qk,,4.6,ChIJPTNzhB7qMTARFJbfGnxr0Qk,"['lodging', 'point_of_interest', 'establishment']",28,,https://www.google.com/maps/place/?q=place_id:ChIJPTNzhB7qMTARFJbfGnxr0Qk
OPERATIONAL,"Lingkar tuktuk, Desa Pindaraya, Huta Siallagan, Simanindo, Kabupaten Samosir, Sumatera Utara, Indonesia","{'location': {'lat': 2.6776791, 'lng': 98.84410539999999}, 'viewport': {'northeast': {'lat': 2.678975379892722, 'lng': 98.84549897989272}, 'southwest': {'lat': 2.676275720107277, 'lng': 98.84279932010728}}}",https://maps.gstatic.com/mapfiles/place_api/icons/v1/png_71/lodging-71.png,#909CE1,https://maps.gstatic.com/mapfiles/place_api/icons/v2/hotel_pinlet,Ramot Cottages,"[{'height': 3024, 'html_attributions': ['<a href=""https://maps.google.com/maps/contrib/110118447992558764051"">A Google User</a>'], 'photo_reference': 'AUGGfZlSfjVphNp35JGn8OIAekIi4Okem7FTcRHPY1JnY2EMAHrNECFs_-kP-s4TY3IN6bZTvdhxvxPaXVkRB-cw-aQPCh9-pmCgnfmM4_r5pvj91x1X8uHHjsxt0qEOfjvJtDAOP7VT_LSVpFdCxpZ2bYRnOuOxRVerTdri13U-aN6zWefe', 'width': 4032}]",ChIJCRJA4KjrMTARKwLqRvJ2Oew,"{'compound_code': 'MRHV+3J Ambarita, Samosir Regency, North Sumatra, Indonesia', 'global_code': '6MJWMRHV+3J'}",4.9,ChIJCRJA4KjrMTARKwLqRvJ2Oew,"['lodging', 'point_of_interest', 'establishment']",13,,https://www.google.com/maps/place/?q=place_id:ChIJCRJA4KjrMTARKwLqRvJ2Oew
OPERATIONAL,"MV94+WRM, Jl. Tuk Tuk Sihadong, Girsang Sipangan Bolon, Simalungun, Kabupaten Samosir, Sumatera Utara 21174, Indonesia","{'location': {'lat': 2.6698421, 'lng': 98.857047}, 'viewport': {'northeast': {'lat': 2.671246329892722, 'lng': 98.85842107989272}, 'southwest': {'lat': 2.668546670107278, 'lng': 98.85572142010727}}}",https://maps.gstatic.com/mapfiles/place_api/icons/v1/png_71/lodging-71.png,#909CE1,https://maps.gstatic.com/mapfiles/place_api/icons/v2/hotel_pinlet,Dumasari Hotel,"[{'height': 3840, 'html_attributions': ['<a href=""https://maps.google.com/maps/contrib/101859721010219044988"">Wina Lim</a>'], 'photo_reference': 'AUGGfZmfQ0Jn9nCM3a5IUy2yWrumEplTLpRIFXRHHmJPAbIcrKYb2eQ59RPRk9uDrdQpXL2vgK59AV6CmlM2ITp_qi20FQjlS_jaucO9qF6cM25KBfNCTPhyWCmyGh45auKEyZY3vP4bFhju6C4x-w6B-IL4TPxWe-7qBFhYdtlYyo2TEDnF', 'width': 5120}]",ChIJLxgSRCDsMTARpBOsX5pn7BE,,3.8,ChIJLxgSRCDsMTARpBOsX5pn7BE,"['lodging', 'point_of_interest', 'establishment']",216,,https://www.google.com/maps/place/?q=place_id:ChIJLxgSRCDsMTARpBOsX5pn7BE
OPERATIONAL,"Jl Lingkar, Tuktuk Siadong, Simanindo, Kabupaten Samosir, Sumatera Utara 22395, Indonesia","{'location': {'lat': 2.6731281, 'lng': 98.8490454}, 'viewport': {'northeast': {'lat': 2.674490279892722, 'lng': 98.85040187989271}, 'southwest': {'lat': 2.671790620107278, 'lng': 98.84770222010728}}}",https://maps.gstatic.com/mapfiles/place_api/icons/v1/png_71/lodging-71.png,#909CE1,https://maps.gstatic.com/mapfiles/place_api/icons/v2/hotel_pinlet,"Matraville homestay,Laketoba,Tuktuk,Samosir","[{'height': 1024, 'html_attributions': ['<a href=""https://maps.google.com/maps/contrib/101938037109335780107"">A Google User</a>'], 'photo_reference': 'AUGGfZlkpIdLeGhv2jzt3-sMf0IrErVrNmGdRvh8rl_6d5P1zPFV6PkAvyi4yQhzOnSnrQuqb00l_FtyFSyP_S9MIHhC9PSic0tBloi_XECss4YVIX7_z8DC7TcOGuuBJCOfcFuFty0HSbamvPZKzsTMNPbmLHjCqvcD6XufD5Fa1F8lojoP', 'width': 768}]",ChIJZWmvRNPrMTARl2SySALIt4k,"{'compound_code': 'MRFX+7J Tuktuk Siadong, Samosir Regency, North Sumatra, Indonesia', 'global_code': '6MJWMRFX+7J'}",4.9,ChIJZWmvRNPrMTARl2SySALIt4k,"['lodging', 'point_of_interest', 'establishment']",8,,https://www.google.com/maps/place/?q=place_id:ChIJZWmvRNPrMTARl2SySALIt4k
OPERATIONAL,"MVC6+WG8, Tuktuk Siadong, Simanindo, Samosir Regency, North Sumatra 22395, Indonesia","{'location': {'lat': 2.6722751, 'lng': 98.8612607}, 'viewport': {'northeast': {'lat': 2.673395879892722, 'lng': 98.86240982989271}, 'southwest': {'lat': 2.670696220107278, 'lng': 98.85971017010726}}}",https://maps.gstatic.com/mapfiles/place_api/icons/v1/png_71/lodging-71.png,#909CE1,https://maps.gstatic.com/mapfiles/place_api/icons/v2/hotel_pinlet,Hisar's Guest House,"[{'height': 2268, 'html_attributions': ['<a href=""https://maps.google.com/maps/contrib/112527573423223571572"">Bayu Arson</a>'], 'photo_reference': 'AUGGfZlv1PuV7Dnb1fa-WmpGcc-Cf7dm_GDIwluS_RKihM1lEhp6g8ugJDNmwwJb8uHhdbB1ikH--60nT0rY0mVL68hNLaz2hn4PuFLJ7jDFvCAg7uLTC1z9T9WURwufVLAWyrx5yCawK8-VQaxGhY-hGML1JZ1nj2Aaiymfxy5dtx1FvkMS', 'width': 4032}]",ChIJg3hYySPqMTAR2Jt6F9dzZ7s,,4.1,ChIJg3hYySPqMTAR2Jt6F9dzZ7s,"['lodging', 'point_of_interest', 'establishment']",28,,https://www.google.com/maps/place/?q=place_id:ChIJg3hYySPqMTAR2Jt6F9dzZ7s
OPERATIONAL,"Jl. Lkr. Tuktuk No.Desa, Tuktuk Siadong, Simanindo, Kabupaten Samosir, Sumatera Utara 22395, Indonesia","{'location': {'lat': 2.6629915, 'lng': 98.8485528}, 'viewport': {'northeast': {'lat': 2.664341579892722, 'lng': 98.84991252989272}, 'southwest': {'lat': 2.661641920107277, 'lng': 98.84721287010727}}}",https://maps.gstatic.com/mapfiles/place_api/icons/v1/png_71/lodging-71.png,#909CE1,https://maps.gstatic.com/mapfiles/place_api/icons/v2/hotel_pinlet,Marie'z villa,"[{'height': 3024, 'html_attributions': ['<a href=""https://maps.google.com/maps/contrib/106673477031875742691"">Adri Rian</a>'], 'photo_reference': 'AUGGfZlh6MrCY9uveg7pufQrm1UUBXWj_F3DIS2eU5OH9jdyyuSLep3uB3dhYURJzLyLWcg7vE2T6K5roNOcCFcgfBBNVzEXJaX8Uiimf-4j9d8uSEXdkZlAi4o3-Nd9taI6JDeKrD5rwp9FNAg1ux7dVOCKdQudB477GRJS6AXvnk7ltB5N', 'width': 4032}]",ChIJ3XS9p-XpMTAR7fcJ2idngmM,"{'compound_code': 'MR7X+59 Tuktuk Siadong, Samosir Regency, North Sumatra, Indonesia', 'global_code': '6MJWMR7X+59'}",4.4,ChIJ3XS9p-XpMTAR7fcJ2idngmM,"['lodging', 'point_of_interest', 'establishment']",7,{'open_now': True},https://www.google.com/maps/place/?q=place_id:ChIJ3XS9p-XpMTAR7fcJ2idngmM
OPERATIONAL,"Jl. Lkr. Tuktuk, Tuktuk Siadong, Simanindo, Kabupaten Samosir, Sumatera Utara 22395, Indonesia","{'location': {'lat': 2.6727926, 'lng': 98.85112529999999}, 'viewport': {'northeast': {'lat': 2.674103979892722, 'lng': 98.85246912989273}, 'southwest': {'lat': 2.671404320107277, 'lng': 98.84976947010728}}}",https://maps.gstatic.com/mapfiles/place_api/icons/v1/png_71/lodging-71.png,#909CE1,https://maps.gstatic.com/mapfiles/place_api/icons/v2/hotel_pinlet,Martha guest house,"[{'height': 3232, 'html_attributions': ['<a href=""https://maps.google.com/maps/contrib/116404892731069288691"">A Google User</a>'], 'photo_reference': 'AUGGfZlH-50m6h0A-zmuAnUsczBHqR0jaAMga_H3x-HuFJ0cJdpLclU8bqAlRBOoi1z6Wa45j57ytZTqX9lLnW1awZ7BRGKwEneo5booYrq2OOr8y2RncyVPS0ltWAuqku09liUUJUCZCEp1oJhQrPnYpzhAJBZo84kb5Ba_mtNdU6HCY5dh', 'width': 2424}]",ChIJoYhcwdzrMTARR3SXlDocZD4,"{'compound_code': 'MVF2+4C Tuktuk Siadong, Samosir Regency, North Sumatra, Indonesia', 'global_code': '6MJWMVF2+4C'}",4.3,ChIJoYhcwdzrMTARR3SXlDocZD4,"['lodging', 'point_of_interest', 'establishment']",14,,https://www.google.com/maps/place/?q=place_id:ChIJoYhcwdzrMTARR3SXlDocZD4
OPERATIONAL,"Jl. Lkr. Tuktuk No.Kelurahan, Tuktuk Siadong, Simanindo, Kabupaten Samosir, Sumatera Utara 22395, Indonesia","{'location': {'lat': 2.6699476, 'lng': 98.8550425}, 'viewport': {'northeast': {'lat': 2.671272879892723, 'lng': 98.85634682989273}, 'southwest': {'lat': 2.668573220107278, 'lng': 98.8536471701073}}}",https://maps.gstatic.com/mapfiles/place_api/icons/v1/png_71/lodging-71.png,#909CE1,https://maps.gstatic.com/mapfiles/place_api/icons/v2/hotel_pinlet,Bagus Bay Guest House,"[{'height': 2000, 'html_attributions': ['<a href=""https://maps.google.com/maps/contrib/117961199947305229298"">A Google User</a>'], 'photo_reference': 'AUGGfZnk5egStzL55q1WM_6RavUVj5SQ_NEFg8Tu3FLPoU6gZVj-I1rtf8P48SwbEV69s3C-qyp1ssADZcuSitWCG5mg03AA-_Ut-GA4GyRkXkHq1D-Pn5GCCQMgqVk8p8ewGgbl5nGbF7FkTLS8gjHMgXfgQgrSpKlhkuNZNcchyhMWBfpQ', 'width': 3000}]",ChIJ-Rsa9RvqMTARyznnFhyrm-w,"{'compound_code': 'MV94+X2 Tuktuk Siadong, Samosir Regency, North Sumatra, Indonesia', 'global_code': '6MJWMV94+X2'}",4.2,ChIJ-Rsa9RvqMTARyznnFhyrm-w,"['lodging', 'point_of_interest', 'establishment']",288,{'open_now': True},https://www.google.com/maps/place/?q=place_id:ChIJ-Rsa9RvqMTARyznnFhyrm-w
OPERATIONAL,"Jl. Lkr. Tuktuk No.10, Tuktuk Siadong, Sumatera Utara 22395, Indonesia","{'location': {'lat': 2.6761682, 'lng': 98.8570733}, 'viewport': {'northeast': {'lat': 2.677361229892722, 'lng': 98.85840292989272}, 'southwest': {'lat': 2.674661570107277, 'lng': 98.85570327010727}}}",https://maps.gstatic.com/mapfiles/place_api/icons/v1/png_71/lodging-71.png,#909CE1,https://maps.gstatic.com/mapfiles/place_api/icons/v2/hotel_pinlet,RedDoorz @ Tuktuk Danau Toba,"[{'height': 600, 'html_attributions': ['<a href=""https://maps.google.com/maps/contrib/105697454400779527313"">A Google User</a>'], 'photo_reference': 'AUGGfZl3Ixih-2dL1UAzMF2C2gkK12D3VkvyblGvfUhCYQKZZ1bPb3cDWBHBAh49Da3t3zhBKU5pM-0Fwpuo0GfqMl_D1nekzGoMFDERQ3hR9JQkaf5FVF3ONnJ8Vh4TabZ43ioZp2cS4x-Ub4lGj7KvEjH_TXn3OKUlzWwjU19uaqMlX-b1', 'width': 900}]",ChIJq0hBJ9brMTARBQniYMZaFgI,"{'compound_code': 'MVG4+FR Tuktuk Siadong, Samosir Regency, North Sumatra, Indonesia', 'global_code': '6MJWMVG4+FR'}",3.7,ChIJq0hBJ9brMTARBQniYMZaFgI,"['lodging', 'point_of_interest', 'establishment']",149,,https://www.google.com/maps/place/?q=place_id:ChIJq0hBJ9brMTARBQniYMZaFgI
OPERATIONAL,"Tuktuk Siadong, Simanindo, Samosir Regency, North Sumatra 22395, Indonesia","{'location': {'lat': 2.670538, 'lng': 98.8615456}, 'viewport': {'northeast': {'lat': 2.672064779892723, 'lng': 98.86291282989272}, 'southwest': {'lat': 2.669365120107278, 'lng': 98.86021317010729}}}",https://maps.gstatic.com/mapfiles/place_api/icons/v1/png_71/lodging-71.png,#909CE1,https://maps.gstatic.com/mapfiles/place_api/icons/v2/hotel_pinlet,HOTEL SILINTONG,"[{'height': 2448, 'html_attributions': ['<a href=""https://maps.google.com/maps/contrib/110906987700603088383"">A Google User</a>'], 'photo_reference': 'AUGGfZmHc4uZ8Nv0LUogg2_FVZpXJemFyCFhQjlhReewfZxTdjn1HQWKI6JMtqY16LyYC2nWa1b4qocz0YyfWjDdfKTCqG-AZeiP4X54p0zYT6tqOGnfNEiikkeoLiGyxzLyAMbfGgL-3E-awo9NDAVvAH73K4QleHxiFgrLN70dT8DdLXQK', 'width': 3264}]",ChIJ0VLwQiHqMTARlsvxUahbuaE,"{'compound_code': 'MVC6+6J Tuktuk Siadong, Samosir Regency, North Sumatra, Indonesia', 'global_code': '6MJWMVC6+6J'}",4.0,ChIJ0VLwQiHqMTARlsvxUahbuaE,"['lodging', 'point_of_interest', 'establishment']",334,,https://www.google.com/maps/place/?q=place_id:ChIJ0VLwQiHqMTARlsvxUahbuaE
OPERATIONAL,"Pandan, Tuktuk Siadong, Kabupaten Samosir, Sumatera Utara 22395, Indonesia","{'location': {'lat': 2.677421, 'lng': 98.8507506}, 'viewport': {'northeast': {'lat': 2.678765929892722, 'lng': 98.85213417989272}, 'southwest': {'lat': 2.676066270107277, 'lng': 98.84943452010728}}}",https://maps.gstatic.com/mapfiles/place_api/icons/v1/png_71/lodging-71.png,#909CE1,https://maps.gstatic.com/mapfiles/place_api/icons/v2/hotel_pinlet,Reggae Guesthouse and Restaurant,"[{'height': 1333, 'html_attributions': ['<a href=""https://maps.google.com/maps/contrib/105465335616758889233"">Reggae Guesthouse and Restaurant</a>'], 'photo_reference': 'AUGGfZkZ4Y3770wpj7BWB2aPk-f4Ry82qjgbZqRDAHhTfEV3CifZ6V7b8_0-cl5ajvGCq6_nG6X2aE_2ggMkoYsdipu86aWuHagr0ygZL2XzzKh7ltSudUXuryNLJm1GKMR9Y8GdufIMAA9cRKJM8H9buyYf1a63TkyyKLhmZESkUvOv4cr7', 'width': 2000}]",ChIJG7ja9K_uMTARQkH1OYImFSE,"{'compound_code': 'MVG2+X8 Tuktuk Siadong, Samosir Regency, North Sumatra, Indonesia', 'global_code': '6MJWMVG2+X8'}",4.4,ChIJG7ja9K_uMTARQkH1OYImFSE,"['lodging', 'point_of_interest', 'establishment']",119,,https://www.google.com/maps/place/?q=place_id:ChIJG7ja9K_uMTARQkH1OYImFSE
OPERATIONAL,"Ring roda, Ambarita, Desa Unjur, Kabupaten Samosir, Sumatera Utara, Indonesia","{'location': {'lat': 2.6943877, 'lng': 98.8180871}, 'viewport': {'northeast': {'lat': 2.695732629892722, 'lng': 98.81942487989272}, 'southwest': {'lat': 2.693032970107278, 'lng': 98.81672522010727}}}",https://maps.gstatic.com/mapfiles/place_api/icons/v1/png_71/lodging-71.png,#909CE1,https://maps.gstatic.com/mapfiles/place_api/icons/v2/hotel_pinlet,Sanggam Beach Hotel,"[{'height': 2248, 'html_attributions': ['<a href=""https://maps.google.com/maps/contrib/102711777649837435319"">Maud.Khan</a>'], 'photo_reference': 'AUGGfZmNL1bJFvGlFkoOPwWJ03nlGIWO_GdBE2b1Z4_NhwiB3KLXNXKCG2-g7cxP4Y3X58mBmO42KXFaaYyOyb4VzDmMMu1PFMEdXLYHj7uvKhJC-Impqq6j1jsFEKusDcvwfdBTdDiv6gNd0-QeB7NdjMTqcoYHdhb_oam8_HXuDH5VLOGA', 'width': 4000}]",ChIJ47zUDMbBMTARoIENJtxPGJA,"{'compound_code': 'MRV9+Q6 Ambarita, Samosir Regency, North Sumatra, Indonesia', 'global_code': '6MJWMRV9+Q6'}",3.9,ChIJ47zUDMbBMTARoIENJtxPGJA,"['lodging', 'point_of_interest', 'establishment']",101,,https://www.google.com/maps/place/?q=place_id:ChIJ47zUDMbBMTARoIENJtxPGJA
OPERATIONAL,"Jl. Lkr. Tuktuk, Kabupaten Samosir, Sumatera Utara 22395, Indonesia","{'location': {'lat': 2.6763702, 'lng': 98.85123870000001}, 'viewport': {'northeast': {'lat': 2.677683129892722, 'lng': 98.85254987989273}, 'southwest': {'lat': 2.674983470107278, 'lng': 98.84985022010729}}}",https://maps.gstatic.com/mapfiles/place_api/icons/v1/png_71/lodging-71.png,#909CE1,https://maps.gstatic.com/mapfiles/place_api/icons/v2/hotel_pinlet,TAMA VIEW Bed & Breakfast,"[{'height': 1280, 'html_attributions': ['<a href=""https://maps.google.com/maps/contrib/111245270942026256095"">A Google User</a>'], 'photo_reference': 'AUGGfZlaLzMqaYMu2WmdNs1futZtF3UTgMv_YmQuRtAVicPUxQfEF0r3wPuSwA-1653lPs8Q97ozf2w5lwhBNsFrQsaI1JBbHfJrnJ-EcZ-C2dPIxYAEVB_9Wgk72lx410tMIsEyCK39PqtOuP0i36SYwySr_Y3Fz3JPd_E22X6zSz3Tb2yA', 'width': 958}]",ChIJSbaOZGbrMTARyjNvN6DzAac,"{'compound_code': 'MVG2+GF Tuktuk Siadong, Samosir Regency, North Sumatra, Indonesia', 'global_code': '6MJWMVG2+GF'}",4.3,ChIJSbaOZGbrMTARyjNvN6DzAac,"['lodging', 'point_of_interest', 'establishment']",9,,https://www.google.com/maps/place/?q=place_id:ChIJSbaOZGbrMTARyjNvN6DzAac
OPERATIONAL,"JP32+96G, Jl. Putri Lopian, Pardomuan I, Kec. Pangururan, Kabupaten Samosir, Sumatera Utara 22392, Indonesia","{'location': {'lat': 2.6033945, 'lng': 98.70054239999999}, 'viewport': {'northeast': {'lat': 2.604680429892722, 'lng': 98.70177457989273}, 'southwest': {'lat': 2.601980770107277, 'lng': 98.69907492010728}}}",https://maps.gstatic.com/mapfiles/place_api/icons/v1/png_71/lodging-71.png,#909CE1,https://maps.gstatic.com/mapfiles/place_api/icons/v2/hotel_pinlet,Hotel Dainang,"[{'height': 4160, 'html_attributions': ['<a href=""https://maps.google.com/maps/contrib/115577409378985240902"">Rivai Mansur</a>'], 'photo_reference': 'AUGGfZnFuyf2WmLpA_-gySJm-9ffRpbkHig7p_cBeccDtmDY0A69s965Sw__Egid86Uc6b4wD0CdVfEuDAsMLtNZlJ3N1UY07SJRxvFbaJ4HDL6J_CN6CKww2QQCfk5aSR2yI6a9FWMuOSZQt23wfqttvNI3qqdj9jLMyGzs3FJet1F21OPq', 'width': 3120}]",ChIJScdQLB_FMTARlsVQ2sWpsBQ,,3.6,ChIJScdQLB_FMTARlsVQ2sWpsBQ,"['lodging', 'point_of_interest', 'establishment']",422,,https://www.google.com/maps/place/?q=place_id:ChIJScdQLB_FMTARlsVQ2sWpsBQ
OPERATIONAL,"MVC6+JFW, Jl. Lkr. Tuktuk, Tuktuk Siadong, Simanindo, Kabupaten Samosir, Sumatera Utara, Indonesia","{'location': {'lat': 2.6716327, 'lng': 98.8612115}, 'viewport': {'northeast': {'lat': 2.672916829892722, 'lng': 98.86250577989273}, 'southwest': {'lat': 2.670217170107278, 'lng': 98.8598061201073}}}",https://maps.gstatic.com/mapfiles/place_api/icons/v1/png_71/lodging-71.png,#909CE1,https://maps.gstatic.com/mapfiles/place_api/icons/v2/hotel_pinlet,Leokap Homestay,"[{'height': 1836, 'html_attributions': ['<a href=""https://maps.google.com/maps/contrib/106054971911826103604"">angfier sinaga</a>'], 'photo_reference': 'AUGGfZkHUnnPR1spPluxwYfgneZOuCVWmv4Gl4hvT18vmbHdsbwKWVeGZisGJCVcomVrrushaRkSyCoFQFmJPXkx1-z1N28MQ77VpQPSrLqFmYnrSSkgtG_zbf2qXw5p-ZbnAt4AOdvLLoQfRzCF0JJpN_dZUnHGzErtFRvmET6NE3evXzTS', 'width': 3264}]",ChIJwR6YhGHrMTARxupaQ_fWSDg,,4.6,ChIJwR6YhGHrMTARxupaQ_fWSDg,"['lodging', 'point_of_interest', 'establishment']",49,,https://www.google.com/maps/place/?q=place_id:ChIJwR6YhGHrMTARxupaQ_fWSDg
OPERATIONAL,"Jl. Lkr. Tuktuk Kelurahan No.10, Tuktuk Siadong, Simanindo, Kabupaten Samosir, Sumatera Utara 22395, Indonesia","{'location': {'lat': 2.6759582, 'lng': 98.85701809999999}, 'viewport': {'northeast': {'lat': 2.677256329892722, 'lng': 98.85838557989273}, 'southwest': {'lat': 2.674556670107277, 'lng': 98.85568592010728}}}",https://maps.gstatic.com/mapfiles/place_api/icons/v1/png_71/lodging-71.png,#909CE1,https://maps.gstatic.com/mapfiles/place_api/icons/v2/hotel_pinlet,Ambaroba Hotel,"[{'height': 3468, 'html_attributions': ['<a href=""https://maps.google.com/maps/contrib/115420501283806372894"">Chandra Simorangkir</a>'], 'photo_reference': 'AUGGfZmgLOFmM_T7AmNqOj2ZPhhs7diFFJ7h2H1EP2tAcIBuoQ8Mjl8ITZmzdS6WabXNjc4-d6dNVSQV6hTiqCwLyb9S0hUKAT5WYlZqBZwGfrsqrETmQqW5-QJHBKa2grVeE__gq0XjJGKxfBXnYKo6mOSdgUgb7I5zm_CcFiXNHHF904a8', 'width': 4624}]",ChIJ-Rsa9RvqMTARrNuv_CaNGD4,"{'compound_code': 'MVG4+9R Tuktuk Siadong, Samosir Regency, North Sumatra, Indonesia', 'global_code': '6MJWMVG4+9R'}",3.5,ChIJ-Rsa9RvqMTARrNuv_CaNGD4,"['lodging', 'point_of_interest', 'establishment']",179,{'open_now': True},https://www.google.com/maps/place/?q=place_id:ChIJ-Rsa9RvqMTARrNuv_CaNGD4
OPERATIONAL,"Jalan Lintas Samosir, Kabupaten Samosir, Sumatera Utara, Indonesia","{'location': {'lat': 2.6975394, 'lng': 98.8174203}, 'viewport': {'northeast': {'lat': 2.698655279892722, 'lng': 98.81865627989272}, 'southwest': {'lat': 2.695955620107277, 'lng': 98.81595662010727}}}",https://maps.gstatic.com/mapfiles/place_api/icons/v1/png_71/lodging-71.png,#909CE1,https://maps.gstatic.com/mapfiles/place_api/icons/v2/hotel_pinlet,Sarah's Cottage Lake Toba Samosir,"[{'height': 6000, 'html_attributions': ['<a href=""https://maps.google.com/maps/contrib/108707928111666286973"">A Google User</a>'], 'photo_reference': 'AUGGfZk8xp-odyikwyXAdRY1pUQdLmGIrAWAQwkJ_-vXN0tjwAfr_axlmAIpa1tDRbgYgfEl-pZwlMBEFG_FZOKE90cL_H0GIIJxtAnIe3wZ0NL0ZQUNbyBm-ikrG8ZYRjjS8-LJeo0LXOawwUHzmCFQdwCx2AjckD2ik80qtGKuujo07UMS', 'width': 8000}]",ChIJ7bhK9cjBMTARCBHz3W_CSvg,"{'compound_code': 'MRX8+2X Martoba, Samosir Regency, North Sumatra, Indonesia', 'global_code': '6MJWMRX8+2X'}",4.4,ChIJ7bhK9cjBMTARCBHz3W_CSvg,"['lodging', 'point_of_interest', 'establishment']",5,,https://www.google.com/maps/place/?q=place_id:ChIJ7bhK9cjBMTARCBHz3W_CSvg
OPERATIONAL,"Jl. Gereja, Tuktuk Siadong, Simanindo, Kabupaten Samosir, Sumatera Utara 22359, Indonesia","{'location': {'lat': 2.6735005, 'lng': 98.85075669999999}, 'viewport': {'northeast': {'lat': 2.674845529892722, 'lng': 98.85213957989272}, 'southwest': {'lat': 2.672145870107278, 'lng': 98.84943992010727}}}",https://maps.gstatic.com/mapfiles/place_api/icons/v1/png_71/lodging-71.png,#909CE1,https://maps.gstatic.com/mapfiles/place_api/icons/v2/hotel_pinlet,Juma Cottages,"[{'height': 4080, 'html_attributions': ['<a href=""https://maps.google.com/maps/contrib/106515401723818791917"">A Google User</a>'], 'photo_reference': 'AUGGfZk2qtNegU4sr0P68tQHJoigafZWk6JRoAqlNhtgG_9YuxUh40D4eB7Ia2kqAB0mWiUx6SkFc4BGe0Y9YvRsWKv8zehxfaE9SpXZGH-7z_vo3wid6HnmMAqSoA_iLSNrHCKSjh7kJx6Xs4LNjVHgGpL6y3KZk4YArazCiX-JygIalBMj', 'width': 1884}]",ChIJgXyo-RvqMTARkoMXgeWO9RQ,"{'compound_code': 'MVF2+C8 Tuktuk Siadong, Samosir Regency, North Sumatra, Indonesia', 'global_code': '6MJWMVF2+C8'}",4.7,ChIJgXyo-RvqMTARkoMXgeWO9RQ,"['lodging', 'point_of_interest', 'establishment']",129,,https://www.google.com/maps/place/?q=place_id:ChIJgXyo-RvqMTARkoMXgeWO9RQ
OPERATIONAL,"Tuktuk Siadong, Simanindo, Samosir Regency, North Sumatra, Indonesia","{'location': {'lat': 2.6727872, 'lng': 98.85129479999999}, 'viewport': {'northeast': {'lat': 2.674137629892722, 'lng': 98.85264802989272}, 'southwest': {'lat': 2.671437970107278, 'lng': 98.84994837010727}}}",https://maps.gstatic.com/mapfiles/place_api/icons/v1/png_71/lodging-71.png,#909CE1,https://maps.gstatic.com/mapfiles/place_api/icons/v2/hotel_pinlet,Toba Sunset,"[{'height': 3024, 'html_attributions': ['<a href=""https://maps.google.com/maps/contrib/109005923634637146193"">A Google User</a>'], 'photo_reference': 'AUGGfZmwrhpLMCJfVp8p-p6YMwH_bgywLyWWcuoiFLXvPYLkzbhl210EUu4VawQeQWhondpYVszH2CzJkXTaov1EVmi11kLMkGw0Iod4aGY_3XF6LycFfYk2AmChSWM1pi-RM6WzEkHAGeI_LigFoupvKtp-ZIwSDPJOOEZmrdvrv_8sK3SD', 'width': 4032}]",ChIJN67VtRvqMTARmYmgdVRp3yE,"{'compound_code': 'MVF2+4G Tuktuk Siadong, Samosir Regency, North Sumatra, Indonesia', 'global_code': '6MJWMVF2+4G'}",4.7,ChIJN67VtRvqMTARmYmgdVRp3yE,"['lodging', 'point_of_interest', 'establishment']",76,,https://www.google.com/maps/place/?q=place_id:ChIJN67VtRvqMTARmYmgdVRp3yE
OPERATIONAL,"Tuktuk Siadong, Samosir Regency, North Sumatra 22395, Indonesia","{'location': {'lat': 2.6754813, 'lng': 98.85151049999999}, 'viewport': {'northeast': {'lat': 2.676914179892722, 'lng': 98.85293837989272}, 'southwest': {'lat': 2.674214520107277, 'lng': 98.85023872010728}}}",https://maps.gstatic.com/mapfiles/place_api/icons/v1/png_71/lodging-71.png,#909CE1,https://maps.gstatic.com/mapfiles/place_api/icons/v2/hotel_pinlet,Laster Jony's Guesthouse Samosir RedPartner,"[{'height': 2160, 'html_attributions': ['<a href=""https://maps.google.com/maps/contrib/118233999681318706295"">Daniel de Guillermo</a>'], 'photo_reference': 'AUGGfZnTosEf3e9XNuCbyxitg_vDmUpOcduPE-888JHCwKvi8OA-t-NtLdhY1Q0inczpc_BgwLWq1bDkNFRrg1VZXgxQMVVe9nDxLN1GRD1ZkPpwyiBOOrIhkacFUB2Q6KWd85LUI43Ue8a6YzDL9xX_5cg-S7Dvdi2jeT60SQNCxF2CtGM2', 'width': 3840}]",ChIJIX98axrqMTAR1d7buKRi834,"{'compound_code': 'MVG2+5J Tuktuk Siadong, Samosir Regency, North Sumatra, Indonesia', 'global_code': '6MJWMVG2+5J'}",4.5,ChIJIX98axrqMTAR1d7buKRi834,"['lodging', 'point_of_interest', 'establishment']",174,{'open_now': True},https://www.google.com/maps/place/?q=place_id:ChIJIX98axrqMTAR1d7buKRi834
OPERATIONAL,"Jl. Lkr. Tuktuk, Tuktuk Siadong, Simanindo, Kabupaten Samosir, Sumatera Utara 22395, Indonesia","{'location': {'lat': 2.6767115, 'lng': 98.85534419999999}, 'viewport': {'northeast': {'lat': 2.678009029892722, 'lng': 98.85664267989273}, 'southwest': {'lat': 2.675309370107277, 'lng': 98.8539430201073}}}",https://maps.gstatic.com/mapfiles/place_api/icons/v1/png_71/lodging-71.png,#909CE1,https://maps.gstatic.com/mapfiles/place_api/icons/v2/hotel_pinlet,Gokhon Guest House,"[{'height': 3120, 'html_attributions': ['<a href=""https://maps.google.com/maps/contrib/113187819489892177490"">A Google User</a>'], 'photo_reference': 'AUGGfZkd8A5PBXwxBfGfVDplUFBXRnFAU--n_bYSqZHpSRTpQyBN-kQ_dtWkLGMt5GtVWfCzbZ4fJ0RjKXLMoUKge5TQHPhxqN5CcUTd6uf8YPTtAONleq11HECoiC460lObWTAeMwR_xUTGwGEXBGUYy912dIdwlmTaPBKx4enb_AJLNyX8', 'width': 4160}]",ChIJDUrfeRfqMTARauMD_WXx-aw,"{'compound_code': 'MVG4+M4 Tuktuk Siadong, Samosir Regency, North Sumatra, Indonesia', 'global_code': '6MJWMVG4+M4'}",4.6,ChIJDUrfeRfqMTARauMD_WXx-aw,"['lodging', 'point_of_interest', 'establishment']",124,{'open_now': True},https://www.google.com/maps/place/?q=place_id:ChIJDUrfeRfqMTARauMD_WXx-aw
OPERATIONAL,"Jl. Kejaksan No.42, Ps. Pangururan, Kec. Pangururan, Kabupaten Samosir, Sumatera Utara 22392, Indonesia","{'location': {'lat': 2.608156, 'lng': 98.6967226}, 'viewport': {'northeast': {'lat': 2.609557479892722, 'lng': 98.69813572989271}, 'southwest': {'lat': 2.606857820107277, 'lng': 98.69543607010728}}}",https://maps.gstatic.com/mapfiles/place_api/icons/v1/png_71/lodging-71.png,#909CE1,https://maps.gstatic.com/mapfiles/place_api/icons/v2/hotel_pinlet,OYO 2382 Wisata Hotel,"[{'height': 4656, 'html_attributions': ['<a href=""https://maps.google.com/maps/contrib/105050939153944953137"">Ludo Strait</a>'], 'photo_reference': 'AUGGfZnxNQ-q0yanD354hKLzt2HGBCK5mUSFGDXdinJe3v6GC433e7hrknWgBnNeKAdaA2r2hiInTKJQNnqonndWF-TxYZ3g-WtITTHmRyDV4xGTSVGGEzrAgiDVOpr0iZP10JbypxHy6TZOstYSnC44rIwvr0Y3HrJTOPWiWANdhNSs6gth', 'width': 3492}]",ChIJfdFpCyLFMTARmqYtX3imiHk,"{'compound_code': 'JM5W+7M Pasar Pangururan, Samosir Regency, North Sumatra, Indonesia', 'global_code': '6MJWJM5W+7M'}",3.9,ChIJfdFpCyLFMTARmqYtX3imiHk,"['lodging', 'point_of_interest', 'establishment']",380,,https://www.google.com/maps/place/?q=place_id:ChIJfdFpCyLFMTARmqYtX3imiHk
OPERATIONAL,"MVG2+7HW, Jl. Lkr. Tuktuk, Kabupaten Samosir, Sumatera Utara 22395, Indonesia","{'location': {'lat': 2.6757471, 'lng': 98.8514457}, 'viewport': {'northeast': {'lat': 2.677105079892722, 'lng': 98.85280612989271}, 'southwest': {'lat': 2.674405420107278, 'lng': 98.85010647010728}}}",https://maps.gstatic.com/mapfiles/place_api/icons/v1/png_71/lodging-71.png,#909CE1,https://maps.gstatic.com/mapfiles/place_api/icons/v2/hotel_pinlet,Aman's Guesthouse,"[{'height': 4160, 'html_attributions': ['<a href=""https://maps.google.com/maps/contrib/113309218618089237455"">A Google User</a>'], 'photo_reference': 'AUGGfZnw_9iyIOWrEekPCu04QZhZ56E0pdfJj3AGeeLs09X8ZvXweZ8gu6CQiHPWoc5KqlKUXxR_CRXldeWrkeRI7VNxbpW8GbkBYi8nf1CGgfKJobf8uxIhvIqjwaD2CqDCBCQPGGGj0nmJpab2zkxUUBLYAPsj8YbHbXeWVTBOEzi1TcpJ', 'width': 3120}]",ChIJvUSxEhrqMTARk9I9J2jTDwQ,,3.9,ChIJvUSxEhrqMTARk9I9J2jTDwQ,"['lodging', 'point_of_interest', 'establishment']",47,{'open_now': True},https://www.google.com/maps/place/?q=place_id:ChIJvUSxEhrqMTARk9I9J2jTDwQ
OPERATIONAL,"Tolping, Jl, Martoba, Kabupaten Samosir, Sumatera Utara 22395, Indonesia","{'location': {'lat': 2.696804, 'lng': 98.81688869999999}, 'viewport': {'northeast': {'lat': 2.698150029892722, 'lng': 98.81823142989273}, 'southwest': {'lat': 2.695450370107277, 'lng': 98.81553177010728}}}",https://maps.gstatic.com/mapfiles/place_api/icons/v1/png_71/lodging-71.png,#909CE1,https://maps.gstatic.com/mapfiles/place_api/icons/v2/hotel_pinlet,ASKARA TOBA,"[{'height': 1280, 'html_attributions': ['<a href=""https://maps.google.com/maps/contrib/109206240118385705987"">A Google User</a>'], 'photo_reference': 'AUGGfZlsvCkx0fPHCJYMobJetjA2Po_9Bk2njKncowMwjeFMunSUOoclBydAQjas1lDDXqKYDQnpUAIDsnPs0og73YawUuztgL86RLqonK9uR36TzpZIv4YYei04a1IPPSgiymVFU1VFPdEjgnQXxLFXwUCl07aDglF1xna7gtEyWElprkU8', 'width': 960}]",ChIJSdwWBFrBMTARTAfbfFuIDHA,"{'compound_code': 'MRW8+PQ Martoba, Samosir Regency, North Sumatra, Indonesia', 'global_code': '6MJWMRW8+PQ'}",5.0,ChIJSdwWBFrBMTARTAfbfFuIDHA,"['lodging', 'point_of_interest', 'establishment']",2,,https://www.google.com/maps/place/?q=place_id:ChIJSdwWBFrBMTARTAfbfFuIDHA
OPERATIONAL,"Lumban manurung,kelurahan tuk, Tuktuk Siadong, Simanindo, Kabupaten Samosir, Sumatera Utara 22395, Indonesia","{'location': {'lat': 2.6771176, 'lng': 98.8545056}, 'viewport': {'northeast': {'lat': 2.678431229892722, 'lng': 98.85586437989272}, 'southwest': {'lat': 2.675731570107277, 'lng': 98.85316472010727}}}",https://maps.gstatic.com/mapfiles/place_api/icons/v1/png_71/lodging-71.png,#909CE1,https://maps.gstatic.com/mapfiles/place_api/icons/v2/hotel_pinlet,Golden sunrise Guest House,"[{'height': 1280, 'html_attributions': ['<a href=""https://maps.google.com/maps/contrib/118039738798678984398"">A Google User</a>'], 'photo_reference': 'AUGGfZlDuibwLraV-MwnUbe40GJYQwucD7kgykY5kZrpHS44xmeAQpx9qK6PbXQcVBX8BYVJSl92-8n0lPCW82gr3RQi56W3nfmM--cIE7YJ9bDglUxdzv7PYd024HN5jtGTm8t0kP_McxO_uJ4YjU-MS5GeO4YI7-_1A826JHiTgU6YYK8l', 'width': 721}]",ChIJJQEx6p_rMTARLV-QN-cU2qk,"{'compound_code': 'MVG3+RR Tuktuk Siadong, Samosir Regency, North Sumatra, Indonesia', 'global_code': '6MJWMVG3+RR'}",3.1,ChIJJQEx6p_rMTARLV-QN-cU2qk,"['lodging', 'point_of_interest', 'establishment']",18,,https://www.google.com/maps/place/?q=place_id:ChIJJQEx6p_rMTARLV-QN-cU2qk
OPERATIONAL,"Jl. Lkr. Tuktuk No.Kelurahan, Tuktuk Siadong, Simanindo, Kabupaten Samosir, Sumatera Utara 22395, Indonesia","{'location': {'lat': 2.6767884, 'lng': 98.8552739}, 'viewport': {'northeast': {'lat': 2.678090879892722, 'lng': 98.85657672989271}, 'southwest': {'lat': 2.675391220107278, 'lng': 98.85387707010727}}}",https://maps.gstatic.com/mapfiles/place_api/icons/v1/png_71/lodging-71.png,#909CE1,https://maps.gstatic.com/mapfiles/place_api/icons/v2/hotel_pinlet,Hariara Guest House,"[{'height': 2256, 'html_attributions': ['<a href=""https://maps.google.com/maps/contrib/103613166521341583593"">A Google User</a>'], 'photo_reference': 'AUGGfZnau7PW7GppVwEqAHuz_uRmqcAmY4zQ0SOtkWN7lH7Y9IV1MvbSP7VpjmV7ssWJhV243zQ5H4H5FuQTBaacCqic5x3IZIbkvyUF2JrpwtDk27gl-r2kKNGkS6fePQ1XjhPiDRlfuzLyVCsC1gGYy9__O80N0NNWT8hHsKaJVmMY7eWD', 'width': 4000}]",ChIJ-Rsa9RvqMTARKP8trNTvxBA,"{'compound_code': 'MVG4+P4 Tuktuk Siadong, Samosir Regency, North Sumatra, Indonesia', 'global_code': '6MJWMVG4+P4'}",4.7,ChIJ-Rsa9RvqMTARKP8trNTvxBA,"['lodging', 'point_of_interest', 'establishment']",55,{'open_now': True},https://www.google.com/maps/place/?q=place_id:ChIJ-Rsa9RvqMTARKP8trNTvxBA
OPERATIONAL,"Tuktuk Siadong, Samosir island Tuktuk, 22395, Indonesia","{'location': {'lat': 2.6763224, 'lng': 98.8557563}, 'viewport': {'northeast': {'lat': 2.677747829892722, 'lng': 98.85713012989272}, 'southwest': {'lat': 2.675048170107278, 'lng': 98.85443047010729}}}",https://maps.gstatic.com/mapfiles/place_api/icons/v1/png_71/lodging-71.png,#909CE1,https://maps.gstatic.com/mapfiles/place_api/icons/v2/hotel_pinlet,Lekjon Cottage,"[{'height': 2592, 'html_attributions': ['<a href=""https://maps.google.com/maps/contrib/107786389414795925026"">A Google User</a>'], 'photo_reference': 'AUGGfZmlU7-1A-lQBf78VwZ7HDS-uxihFsp0N-EskbTMqb3F-vZ5g_8PqWRq8vo7IZkPPdP8iSU9dIuZgrFFAeaLq6ZgZy2Bt47UQkTT7m8rOXSkf-D8i6OsXR9s1aMhiusjhaG73Gcd-DFEwdgP-phgkYHnX96SN22iBa7wNHy1-Ro3YzRD', 'width': 4608}]",ChIJpQ_uyxDqMTARwLyjmXo_N2k,"{'compound_code': 'MVG4+H8 Tuktuk Siadong, Samosir Regency, North Sumatra, Indonesia', 'global_code': '6MJWMVG4+H8'}",4.0,ChIJpQ_uyxDqMTARwLyjmXo_N2k,"['lodging', 'point_of_interest', 'establishment']",405,,https://www.google.com/maps/place/?q=place_id:ChIJpQ_uyxDqMTARwLyjmXo_N2k
OPERATIONAL,"Dusun Silimatali, Jl. Horas Desa, Garoga, Simanindo, Kabupaten Samosir, Sumatera Utara 22395, Indonesia","{'location': {'lat': 2.6593376, 'lng': 98.8525573}, 'viewport': {'northeast': {'lat': 2.660772079892722, 'lng': 98.85393667989273}, 'southwest': {'lat': 2.658072420107277, 'lng': 98.85123702010728}}}",https://maps.gstatic.com/mapfiles/place_api/icons/v1/png_71/lodging-71.png,#909CE1,https://maps.gstatic.com/mapfiles/place_api/icons/v2/hotel_pinlet,Galatio Family Guest House,"[{'height': 1600, 'html_attributions': ['<a href=""https://maps.google.com/maps/contrib/117286210006831775276"">A Google User</a>'], 'photo_reference': 'AUGGfZlEoU4oaTBSUzhxFaS6ssHEcnSKhU78Vca1bvfOQReGRVJBQA-rW2caD1vWHa3qFVmbH4DIov7JyLM15-kLAeMSkCt65Dg6MknTRAgAXCHcwpBrtjsJ4qz3uZnl03nFWgLDwLLKvxJJDUN7I_1V0qxplhjF2OhG1s1p2PVKFoG_W-GX', 'width': 1200}]",ChIJXZhYfPHpMTAR4QwxdRKgh5Y,"{'compound_code': 'MV53+P2 Garoga, Samosir Regency, North Sumatra, Indonesia', 'global_code': '6MJWMV53+P2'}",4.6,ChIJXZhYfPHpMTAR4QwxdRKgh5Y,"['lodging', 'point_of_interest', 'establishment']",17,,https://www.google.com/maps/place/?q=place_id:ChIJXZhYfPHpMTAR4QwxdRKgh5Y
OPERATIONAL,"Jl. Lkr. Tuktuk, Siadong, Simanindo, Kabupaten Samosir, Sumatera Utara 22395, Indonesia","{'location': {'lat': 2.6694663, 'lng': 98.861722}, 'viewport': {'northeast': {'lat': 2.670833229892722, 'lng': 98.86306252989272}, 'southwest': {'lat': 2.668133570107277, 'lng': 98.86036287010727}}}",https://maps.gstatic.com/mapfiles/place_api/icons/v1/png_71/lodging-71.png,#909CE1,https://maps.gstatic.com/mapfiles/place_api/icons/v2/hotel_pinlet,Sibigo Cottage,"[{'height': 3456, 'html_attributions': ['<a href=""https://maps.google.com/maps/contrib/102428358276307533222"">A Google User</a>'], 'photo_reference': 'AUGGfZkiE4FOkk-HxyN41b-vG7fjxUM8H_cUcRP-qpY0KqtHOT72ewmDWIWPxhibvjFe8qd4PzBjngfN-iix8knmqWxdwICR9NTtDp8IN3lBjDgPloOFCM3fkich0xXfg0T0L-UAaDUT6u3bqRAWsQRY58aInSo6ycfngkYKjHBvd3rThj3R', 'width': 4608}]",ChIJL6mLryHrMTARraperkfr8bY,"{'compound_code': 'MV96+QM Tuktuk Siadong, Samosir Regency, North Sumatra, Indonesia', 'global_code': '6MJWMV96+QM'}",4.0,ChIJL6mLryHrMTARraperkfr8bY,"['lodging', 'point_of_interest', 'establishment']",220,{'open_now': True},https://www.google.com/maps/place/?q=place_id:ChIJL6mLryHrMTARraperkfr8bY
OPERATIONAL,"Jl. Lkr. Tuktuk, Tuktuk Siadong, Simanindo, Kabupaten Samosir, Sumatera Utara 22395, Indonesia","{'location': {'lat': 2.6703783, 'lng': 98.8550132}, 'viewport': {'northeast': {'lat': 2.671700329892722, 'lng': 98.85628832989273}, 'southwest': {'lat': 2.669000670107278, 'lng': 98.85358867010729}}}",https://maps.gstatic.com/mapfiles/place_api/icons/v1/png_71/lodging-71.png,#909CE1,https://maps.gstatic.com/mapfiles/place_api/icons/v2/hotel_pinlet,Horas Family Home,"[{'height': 2248, 'html_attributions': ['<a href=""https://maps.google.com/maps/contrib/113648054414487879886"">A Google User</a>'], 'photo_reference': 'AUGGfZk12TRddKyEyF4JhJq7S1od4TFZjCD2T13D0sKUSYZOvwLrRna8QRkCnEQvXlHiQRLd1ICEOhQBpNcGrom6Ug0UnLu8dMry136XHaTMN7xbo4JpIUx_2bCnzqJWd_cboUst1lDmxLaK98cVZZQ0XTQf3aGaNVY7IGxx-ehTh5Y35QqS', 'width': 4000}]",ChIJv_oE3B7qMTARyGISmuiTlB4,"{'compound_code': 'MVC4+52 Tuktuk Siadong, Samosir Regency, North Sumatra, Indonesia', 'global_code': '6MJWMVC4+52'}",4.8,ChIJv_oE3B7qMTARyGISmuiTlB4,"['lodging', 'point_of_interest', 'establishment']",224,{'open_now': True},https://www.google.com/maps/place/?q=place_id:ChIJv_oE3B7qMTARyGISmuiTlB4
OPERATIONAL,"Tuktuk; Siadong 36; RI-22395, Tuktuk Siadong, Simanindo, Kabupaten Samosir, Sumatera Utara 22395, Indonesia","{'location': {'lat': 2.6733776, 'lng': 98.8605608}, 'viewport': {'northeast': {'lat': 2.674589079892723, 'lng': 98.86169772989273}, 'southwest': {'lat': 2.671889420107278, 'lng': 98.85899807010728}}}",https://maps.gstatic.com/mapfiles/place_api/icons/v1/png_71/lodging-71.png,#909CE1,https://maps.gstatic.com/mapfiles/place_api/icons/v2/hotel_pinlet,Romlan Guesthouse,"[{'height': 368, 'html_attributions': ['<a href=""https://maps.google.com/maps/contrib/114909926484906503957"">Romlan Guesthouse</a>'], 'photo_reference': 'AUGGfZmKhK023BbIr9W1DwXmS1rUiMUjXBQtiOYnOBMkqE5YVf1Wnat4xyfusA6NMHI_2VH2BAbA8ggu66zKWsDax1YNfrPp7rhRvrAu5LEDVCyngU-GZv95cYVBDROWBAn2EzkVEO1H9w5aBvO1HAATpmxB_pn48SB1vXwUtzTGkgb8GtbW', 'width': 276}]",ChIJm0c6VyLqMTARJiYwTxmZomM,"{'compound_code': 'MVF6+96 Tuktuk Siadong, Samosir Regency, North Sumatra, Indonesia', 'global_code': '6MJWMVF6+96'}",4.5,ChIJm0c6VyLqMTARJiYwTxmZomM,"['lodging', 'restaurant', 'food', 'point_of_interest', 'establishment']",368,{'open_now': True},https://www.google.com/maps/place/?q=place_id:ChIJm0c6VyLqMTARJiYwTxmZomM
OPERATIONAL,"MV95+8JV, Jl. Lkr. Tuktuk, Tuktuk Siadong, Simanindo, Kabupaten Samosir, Sumatera Utara 22395, Indonesia","{'location': {'lat': 2.6683473, 'lng': 98.85900939999999}, 'viewport': {'northeast': {'lat': 2.669754779892722, 'lng': 98.86036507989272}, 'southwest': {'lat': 2.667055120107277, 'lng': 98.85766542010727}}}",https://maps.gstatic.com/mapfiles/place_api/icons/v1/png_71/lodging-71.png,#909CE1,https://maps.gstatic.com/mapfiles/place_api/icons/v2/hotel_pinlet,Vandu's View Guest House & Restaurant,"[{'height': 1600, 'html_attributions': ['<a href=""https://maps.google.com/maps/contrib/112865135957546017410"">A Google User</a>'], 'photo_reference': 'AUGGfZlulC3j5WiY1Vy__YxPLjFCaXdWynkJ6_pb7eYEUw3_4E6lzT091uM57ia_l2I5f_XMzZD8CkXeFxkNWAPjcdfS-ON1zASNHpAGUPS3l_o7p-zWssrU8g1L5-bMTQbH8iV2DLCIhDneLj4GKovP4E-aOw2mYWH2YHYgqfA8EJElZttu', 'width': 720}]",ChIJkzPpMSDqMTAR9HLEJH2DL9s,,4.4,ChIJkzPpMSDqMTAR9HLEJH2DL9s,"['lodging', 'point_of_interest', 'establishment']",37,,https://www.google.com/maps/place/?q=place_id:ChIJkzPpMSDqMTAR9HLEJH2DL9s
OPERATIONAL,"MRQC+VJW, Jl. Tomok Samosir Island, Ambarita, Pulau Samosir, Ambarita, Simanindo, Kabupaten Samosir, Sumatera Utara 22395, Indonesia","{'location': {'lat': 2.6897301, 'lng': 98.82157049999999}, 'viewport': {'northeast': {'lat': 2.691084679892722, 'lng': 98.82291402989271}, 'southwest': {'lat': 2.688385020107277, 'lng': 98.82021437010728}}}",https://maps.gstatic.com/mapfiles/place_api/icons/v1/png_71/lodging-71.png,#909CE1,https://maps.gstatic.com/mapfiles/place_api/icons/v2/hotel_pinlet,Sopo Toba Hotel,"[{'height': 2128, 'html_attributions': ['<a href=""https://maps.google.com/maps/contrib/117338563928859478816"">A Google User</a>'], 'photo_reference': 'AUGGfZl-joOMZyR_twRhzAmFo00Yaki57Ape2QiUaVrZsq9unLKtaGqJJp83JBTQseXGAsG9BH-Vr_ipsgC7UzETBqtvKbXFoeFiQQEJl3bEqdPCr4ttdu5K_GcxPWWbw7toedxVq2KXXYUMYtKTl5yVCW3XoPdoLzAvYH7T74CtuEwH6pTs', 'width': 4608}]",ChIJod7cofzBMTARDvKALQCB9Aw,,4.1,ChIJod7cofzBMTARDvKALQCB9Aw,"['lodging', 'point_of_interest', 'establishment']",93,,https://www.google.com/maps/place/?q=place_id:ChIJod7cofzBMTARDvKALQCB9Aw
OPERATIONAL,"Tuktuk Siadong, Simanindo, Samosir Regency, North Sumatra 22395, Indonesia","{'location': {'lat': 2.6746412, 'lng': 98.8579596}, 'viewport': {'northeast': {'lat': 2.675991829892722, 'lng': 98.85925642989272}, 'southwest': {'lat': 2.673292170107277, 'lng': 98.85655677010728}}}",https://maps.gstatic.com/mapfiles/place_api/icons/v1/png_71/lodging-71.png,#909CE1,https://maps.gstatic.com/mapfiles/place_api/icons/v2/hotel_pinlet,D'POS GUEST HOUSE,"[{'height': 1080, 'html_attributions': ['<a href=""https://maps.google.com/maps/contrib/113661394427711970776"">A Google User</a>'], 'photo_reference': 'AUGGfZkNA9vT0lzYMmmetsSrNRENbXL1JrQ4244zSy3lBPqcMSYHU98m4Tnqr1RnTe9vswskHVrCSn-0cOFiC6LeNaCwycVLnOGpwcA0J9_fWQuR_VhlgFFuVq73MSwc-l0fw8-AFZ7UP10EZ6uBspqMRmmKe5Qey3I_gb9Jj9bYsa6eawtr', 'width': 1080}]",ChIJyYV5dBjqMTAR35Y_8f7j6oM,"{'compound_code': 'MVF5+V6 Tuktuk Siadong, Samosir Regency, North Sumatra, Indonesia', 'global_code': '6MJWMVF5+V6'}",4.6,ChIJyYV5dBjqMTAR35Y_8f7j6oM,"['lodging', 'point_of_interest', 'establishment']",15,{'open_now': True},https://www.google.com/maps/place/?q=place_id:ChIJyYV5dBjqMTAR35Y_8f7j6oM
OPERATIONAL,"Desa Lumban Lintong Jln Lumban Lintong No 3, Pardomuan I, Kec. Pangururan, Kabupaten Samosir, Sumatera Utara 21174, Indonesia","{'location': {'lat': 2.6048034, 'lng': 98.7010938}, 'viewport': {'northeast': {'lat': 2.606084029892723, 'lng': 98.70236342989273}, 'southwest': {'lat': 2.603384370107278, 'lng': 98.69966377010728}}}",https://maps.gstatic.com/mapfiles/place_api/icons/v1/png_71/lodging-71.png,#909CE1,https://maps.gstatic.com/mapfiles/place_api/icons/v2/hotel_pinlet,Three Big Hotel,"[{'height': 4608, 'html_attributions': ['<a href=""https://maps.google.com/maps/contrib/104172325511426016047"">sempakata tarigan</a>'], 'photo_reference': 'AUGGfZnS3DGlZSiPL58VUM0CRatYEDF0m1GJpwuWwQvx5WbKwMnxdnc3rp_UpCkaCr6m6utdyG3kxnRnRa3oEZFZVVY-Pzt3vFV05jEQ3T6CjvWA9JXjMBW4jZan0k7L5r_LbWK86rWqjHZQNaSt7-ttsZjhrqtxnG0FHyVQMb3cJRSjCWJ3', 'width': 3456}]",ChIJScdQLB_FMTARNUs2A8xpSvU,"{'compound_code': 'JP32+WC Pardomuan I, Samosir Regency, North Sumatra, Indonesia', 'global_code': '6MJWJP32+WC'}",4.1,ChIJScdQLB_FMTARNUs2A8xpSvU,"['lodging', 'point_of_interest', 'establishment']",93,{'open_now': True},https://www.google.com/maps/place/?q=place_id:ChIJScdQLB_FMTARNUs2A8xpSvU
OPERATIONAL,"Jl. Lkr. Tuktuk, Tuktuk Siadong, Sumatera Utara 22395, Indonesia","{'location': {'lat': 2.6772535, 'lng': 98.8507059}, 'viewport': {'northeast': {'lat': 2.678619829892722, 'lng': 98.85212692989273}, 'southwest': {'lat': 2.675920170107278, 'lng': 98.84942727010728}}}",https://maps.gstatic.com/mapfiles/place_api/icons/v1/png_71/cafe-71.png,#FF9E67,https://maps.gstatic.com/mapfiles/place_api/icons/v2/cafe_pinlet,HuB Tata - Cafe & Guesthouse,"[{'height': 2448, 'html_attributions': ['<a href=""https://maps.google.com/maps/contrib/107678657176874606522"">A Google User</a>'], 'photo_reference': 'AUGGfZnXJ69Fm0GnwGK5pfacOx25nlivtnkCH3a6DuRpsQQ-iR5bGqfWyQQKJH5MLx-8MM6qgBimZxN_BR7GpDqYOtQVuRFBF8jcyKLXOzFGsGW8KhGCdybK7xzaf9-jGRyev3cd_lNZwIUQv_JO0QX0lSgKVO4lT_uhTS_Odoi5O4gBRLGd', 'width': 3264}]",ChIJJzONBCjrMTARlDq9mAHXfP0,"{'compound_code': 'MVG2+W8 Tuktuk Siadong, Samosir Regency, North Sumatra, Indonesia', 'global_code': '6MJWMVG2+W8'}",4.9,ChIJJzONBCjrMTARlDq9mAHXfP0,"['cafe', 'food', 'point_of_interest', 'establishment']",76,{'open_now': True},https://www.google.com/maps/place/?q=place_id:ChIJJzONBCjrMTARlDq9mAHXfP0
OPERATIONAL,"Unjur, Ambarita, Simanindo, Kabupaten Samosir, Sumatera Utara 22395, Indonesia","{'location': {'lat': 2.6931209, 'lng': 98.8208329}, 'viewport': {'northeast': {'lat': 2.694503729892723, 'lng': 98.82214627989273}, 'southwest': {'lat': 2.691804070107278, 'lng': 98.81944662010729}}}",https://maps.gstatic.com/mapfiles/place_api/icons/v1/png_71/lodging-71.png,#909CE1,https://maps.gstatic.com/mapfiles/place_api/icons/v2/hotel_pinlet,Hotel Barbara,"[{'height': 4000, 'html_attributions': ['<a href=""https://maps.google.com/maps/contrib/105333161630200146008"">A Google User</a>'], 'photo_reference': 'AUGGfZla2MpJS7UYW0iGGeEklqZjWK2rEr5cv-bCn7RASqe045IZ5oz3FQTRdDzXhXlzWiEatjcXxbFSoU2IqGFPiWiEtUo46XJiKu-HAivc8C473tqWiEJG8zCJBAhz9GaPrAlHNTCy4viRJAQsApKg1x9xH3Hoxf1O9IMZTZKO-uCiaHWm', 'width': 3000}]",ChIJ62UBNcTBMTARLv63GJr9HM8,"{'compound_code': 'MRVC+68 Ambarita, Samosir Regency, North Sumatra, Indonesia', 'global_code': '6MJWMRVC+68'}",3.8,ChIJ62UBNcTBMTARLv63GJr9HM8,"['lodging', 'point_of_interest', 'establishment']",63,,https://www.google.com/maps/place/?q=place_id:ChIJ62UBNcTBMTARLv63GJr9HM8
OPERATIONAL,"Jl. Lkr. Tuktuk No.Kelurahan, Tuktuk Siadong, Simanindo, Kabupaten Samosir, Sumatera Utara 22395, Indonesia","{'location': {'lat': 2.6684895, 'lng': 98.8518888}, 'viewport': {'northeast': {'lat': 2.669811779892722, 'lng': 98.85328827989272}, 'southwest': {'lat': 2.667112120107277, 'lng': 98.85058862010729}}}",https://maps.gstatic.com/mapfiles/place_api/icons/v1/png_71/lodging-71.png,#909CE1,https://maps.gstatic.com/mapfiles/place_api/icons/v2/hotel_pinlet,TOBA GUEST HOUSE,"[{'height': 2448, 'html_attributions': ['<a href=""https://maps.google.com/maps/contrib/112153214407024502680"">A Google User</a>'], 'photo_reference': 'AUGGfZmIMA5Bs93lKAtE25GhCdfq8fV0vxJ_DAXy_rTNQxJiPn8BQT1F6Ia__kHAg-BQMhHYNCSSnBotOID8rq5ftb4jYZwZPtED82yU05vb--Nc2YfqqkmVGpRGKAuwKSJv73Z1wCz9G5NrwBCboVSvsUVgJVrM75Z3Zt9siM_o4Hvf_Tcr', 'width': 3264}]",ChIJ3V408KPrMTARxdRbuIhR1Jg,"{'compound_code': 'MV92+9Q Tuktuk Siadong, Samosir Regency, North Sumatra, Indonesia', 'global_code': '6MJWMV92+9Q'}",0.0,ChIJ3V408KPrMTARxdRbuIhR1Jg,"['lodging', 'point_of_interest', 'establishment']",0,{'open_now': True},https://www.google.com/maps/place/?q=place_id:ChIJ3V408KPrMTARxdRbuIhR1Jg
OPERATIONAL,"Tuktuk Siadong, Simanindo, Samosir Regency, North Sumatra 22395, Indonesia","{'location': {'lat': 2.6759974, 'lng': 98.8512349}, 'viewport': {'northeast': {'lat': 2.677378729892723, 'lng': 98.85264732989272}, 'southwest': {'lat': 2.674679070107278, 'lng': 98.84994767010728}}}",https://maps.gstatic.com/mapfiles/place_api/icons/v1/png_71/lodging-71.png,#909CE1,https://maps.gstatic.com/mapfiles/place_api/icons/v2/hotel_pinlet,Sibayak Guest House (Tuktuk - Lake Toba),"[{'height': 1536, 'html_attributions': ['<a href=""https://maps.google.com/maps/contrib/100929611604497081467"">A Google User</a>'], 'photo_reference': 'AUGGfZkQiaFr47gxnN0uzmnnA-E5FYL8_xjk040Nr52mU3ziZrdypQ6Hpn8dpm9j6EujhnpQLfiq44IaGMEGfj2fvOxyhYFL0mTAW0sZHyeAEt0GExqHYq0oE2rSkF-y47lT4zgzyJzgSBAAI-CN7H_YAA6x5z8ML0d4j41jdVgwcIA40Ye3', 'width': 2048}]",ChIJRYavdRrqMTARxtIJnliSWYw,"{'compound_code': 'MVG2+9F Tuktuk Siadong, Samosir Regency, North Sumatra, Indonesia', 'global_code': '6MJWMVG2+9F'}",4.2,ChIJRYavdRrqMTARxtIJnliSWYw,"['lodging', 'point_of_interest', 'establishment']",160,{'open_now': True},https://www.google.com/maps/place/?q=place_id:ChIJRYavdRrqMTARxtIJnliSWYw
OPERATIONAL,"Jl. Lkr. Tuktuk, Ambarita, Siallagan, Kabupaten Samosir, Sumatera Utara 22395, Indonesia","{'location': {'lat': 2.6770176, 'lng': 98.8395019}, 'viewport': {'northeast': {'lat': 2.678371829892722, 'lng': 98.8408589798927}, 'southwest': {'lat': 2.675672170107278, 'lng': 98.83815932010727}}}",https://maps.gstatic.com/mapfiles/place_api/icons/v1/png_71/restaurant-71.png,#FF9E67,https://maps.gstatic.com/mapfiles/place_api/icons/v2/restaurant_pinlet,Oasis Samosir,"[{'height': 1080, 'html_attributions': ['<a href=""https://maps.google.com/maps/contrib/103723688383599098656"">A Google User</a>'], 'photo_reference': 'AUGGfZlvHWx9ksCsKj7-WSmMlNNVgygTXxWlHzOPrlzKbOTQJ2j0koDtJcHF30clFnHRKD0-yEE0DVxEdk8fW4Hm6yb5BXJzZbgpiyE4HfYj7rkf-itBtRJ4nf7MbtgfLSeo6csKmeIbmEXYycWa3TyObokSJkpSZmlfwlixHTgCBMrLTBUB', 'width': 1920}]",ChIJ5WjwtpTrMTARCePbmpWIAkE,"{'compound_code': 'MRGQ+RR Ambarita, Samosir Regency, North Sumatra, Indonesia', 'global_code': '6MJWMRGQ+RR'}",5.0,ChIJ5WjwtpTrMTARCePbmpWIAkE,"['store', 'food', 'point_of_interest', 'establishment']",9,{'open_now': True},https://www.google.com/maps/place/?q=place_id:ChIJ5WjwtpTrMTARCePbmpWIAkE
