business_status,formatted_address,geometry,icon,icon_background_color,icon_mask_base_uri,name,photos,place_id,rating,reference,types,user_ratings_total,opening_hours,plus_code,price_level,permanently_closed,url
OPERATIONAL,"RM3G+CW5, Jl. KH. Hasyim Ashari, RT.005/RW.002, Cipondoh, Kec. Cipondoh, Kota Tangerang, Banten 15148, Indonesia","{'location': {'lat': -6.196490799999999, 'lng': 106.6773441}, 'viewport': {'northeast': {'lat': -6.195076420107277, 'lng': 106.6787922298927}, 'southwest': {'lat': -6.197776079892721, 'lng': 106.6760925701073}}}",https://maps.gstatic.com/mapfiles/place_api/icons/v1/png_71/generic_business-71.png,#13B5C7,https://maps.gstatic.com/mapfiles/place_api/icons/v2/generic_pinlet,Taman Wisata Air Setu Cipondoh,"[{'height': 1080, 'html_attributions': ['<a href=""https://maps.google.com/maps/contrib/103775979095099875447"">Karsum Sumitro</a>'], 'photo_reference': 'AUGGfZmZYo_tJy2r2LvIu4HkXmGyCIq6XDnx6H8EF6PPQKRY_aLzaqizJf5sTDsCMLaZD_Dl1YEPOadXmUnvgWGGuTDms3Cnqn8VDQ7mpHFr1BKTtuL9c95AyTAHyQh7yKo1Q1p7EZGFb_b-vxu4SpQzzoY8C5pGWzuRDIbNGC65KZlYAOTT', 'width': 1920}]",ChIJV6ypEUH5aS4R26wfwvy7zW0,4.2,ChIJV6ypEUH5aS4R26wfwvy7zW0,"['tourist_attraction', 'point_of_interest', 'establishment']",141,,,,,https://www.google.com/maps/place/?q=place_id:ChIJV6ypEUH5aS4R26wfwvy7zW0
OPERATIONAL,"RM3G+RJJ, Jl. KH. Hasyim Ashari, Cipondoh, Kec. Cipondoh, Kota Tangerang, Banten 15148, Indonesia","{'location': {'lat': -6.195423799999999, 'lng': 106.6765283}, 'viewport': {'northeast': {'lat': -6.193972570107277, 'lng': 106.6780808798927}, 'southwest': {'lat': -6.196672229892721, 'lng': 106.6753812201073}}}",https://maps.gstatic.com/mapfiles/place_api/icons/v1/png_71/generic_business-71.png,#13B5C7,https://maps.gstatic.com/mapfiles/place_api/icons/v2/generic_pinlet,FLOATING MARKET SITU CIPONDOH,"[{'height': 3456, 'html_attributions': ['<a href=""https://maps.google.com/maps/contrib/105125561766462504900"">Rief AMD</a>'], 'photo_reference': 'AUGGfZkof9dpLGat_BX0k04L09cww16WtycDBR0IlnXH9XkVA-A_Zyv2gsD-qwXWW4g49tisRzP9sIaFnHzAhDpjyXWE-QKat8NZqO8BVsrJqRtw2HFK1MZ8k7G6Hn2qaIaZ3USZiUmnGAp-JkGTGba0aLa--xgNPwbxwyyVmFWA1tpN7RO7', 'width': 4608}]",ChIJjYwLKRX5aS4Rsybn0xIeBJU,2.6,ChIJjYwLKRX5aS4Rsybn0xIeBJU,"['tourist_attraction', 'point_of_interest', 'establishment']",7,,,,,https://www.google.com/maps/place/?q=place_id:ChIJjYwLKRX5aS4Rsybn0xIeBJU
OPERATIONAL,"RM67+8M9, RT.001/RW.004, Poris Plawad Indah, Cipondoh, Tangerang City, Banten 15141, Indonesia","{'location': {'lat': -6.189296, 'lng': 106.6643862}, 'viewport': {'northeast': {'lat': -6.187941720107277, 'lng': 106.6656953798927}, 'southwest': {'lat': -6.190641379892721, 'lng': 106.6629957201073}}}",https://maps.gstatic.com/mapfiles/place_api/icons/v1/png_71/generic_business-71.png,#13B5C7,https://maps.gstatic.com/mapfiles/place_api/icons/v2/generic_pinlet,Grafiti Pahlawan Cipondoh,,ChIJp0gbOGf5aS4RC4DDdigkAfo,0.0,ChIJp0gbOGf5aS4RC4DDdigkAfo,"['tourist_attraction', 'point_of_interest', 'establishment']",0,,,,,https://www.google.com/maps/place/?q=place_id:ChIJp0gbOGf5aS4RC4DDdigkAfo
OPERATIONAL,"Gg. Sadar II No.161, RT.004/RW.002, Kenanga, Kec. Cipondoh, Kota Tangerang, Banten 15148, Indonesia","{'location': {'lat': -6.1997928, 'lng': 106.6782927}, 'viewport': {'northeast': {'lat': -6.198437120107276, 'lng': 106.6797298298927}, 'southwest': {'lat': -6.20113677989272, 'lng': 106.6770301701073}}}",https://maps.gstatic.com/mapfiles/place_api/icons/v1/png_71/generic_business-71.png,#13B5C7,https://maps.gstatic.com/mapfiles/place_api/icons/v2/generic_pinlet,Taman Teratai Cipondoh,"[{'height': 4128, 'html_attributions': ['<a href=""https://maps.google.com/maps/contrib/116117472324108612746"">Muchlis Nur</a>'], 'photo_reference': 'AUGGfZkhxgnBVVqVNI5I3JamWA2WeEKt-ycgCFl4n65xq7jfpgVdeYYoa2uFCWacdCYdqMTR77hZG2mMso8OlZDEOactehHZISX7aTf4dnePtsf_PEtFLelhXm9CT1m2R-ZpAjeCr_8Le_KeV-1PJLFweGZJox7tYfdtebQkkmv9cT6PjP4B', 'width': 2322}]",ChIJ-QDsQYf5aS4RLjuP5OW0bs4,4.6,ChIJ-QDsQYf5aS4RLjuP5OW0bs4,"['tourist_attraction', 'point_of_interest', 'establishment']",122,{'open_now': False},"{'compound_code': 'RM2H+38 Kenanga, Tangerang City, Banten, Indonesia', 'global_code': '6P58RM2H+38'}",,,https://www.google.com/maps/place/?q=place_id:ChIJ-QDsQYf5aS4RLjuP5OW0bs4
OPERATIONAL,"RM3G+PQ4, Jl. Kh.Hasyim Ashari, RT.002/RW.001, Cipondoh, Kec. Cipondoh, Kota Tangerang, Banten 15148, Indonesia","{'location': {'lat': -6.1957304, 'lng': 106.676949}, 'viewport': {'northeast': {'lat': -6.194335770107277, 'lng': 106.6783920298927}, 'southwest': {'lat': -6.197035429892721, 'lng': 106.6756923701073}}}",https://maps.gstatic.com/mapfiles/place_api/icons/v1/png_71/generic_business-71.png,#13B5C7,https://maps.gstatic.com/mapfiles/place_api/icons/v2/generic_pinlet,Rekreasi danau cipondoh,"[{'height': 720, 'html_attributions': ['<a href=""https://maps.google.com/maps/contrib/117559696963518763404"">joyo santoso</a>'], 'photo_reference': 'AUGGfZm_jOBj3w83dbY8SYmeJQ80JDCp48lQQa8lqJsgqVTOmvsM4FFPDW03rj-IMyjnfK0t8jJAJ5C5B9esV3pGuhIeQ70L0DxJwRgi1dsXW0rrfG00gMtQfRdu_g_vFekm5_z-1BaMeT_bYE6q7EYqAIWUOaMk-vRWlzwVy41R6k_b6033', 'width': 1599}]",ChIJm_cmyeH5aS4RS2D58sr1RD0,3.8,ChIJm_cmyeH5aS4RS2D58sr1RD0,"['tourist_attraction', 'point_of_interest', 'establishment']",5,,,,,https://www.google.com/maps/place/?q=place_id:ChIJm_cmyeH5aS4RS2D58sr1RD0
OPERATIONAL,"RM7P+8RR, Jl. Raya Dongkal, RT.003/RW.003, Cipondoh Indah, Kec. Cipondoh, Kota Tangerang, Banten 15148, Indonesia","{'location': {'lat': -6.1866334, 'lng': 106.6870198}, 'viewport': {'northeast': {'lat': -6.185259320107278, 'lng': 106.6883389798927}, 'southwest': {'lat': -6.187958979892722, 'lng': 106.6856393201073}}}",https://maps.gstatic.com/mapfiles/place_api/icons/v1/png_71/generic_business-71.png,#13B5C7,https://maps.gstatic.com/mapfiles/place_api/icons/v2/generic_pinlet,Titik kumpul wong tulus,,ChIJW2uSNQD5aS4RPctgJwRYQzM,0.0,ChIJW2uSNQD5aS4RPctgJwRYQzM,"['tourist_attraction', 'point_of_interest', 'establishment']",0,,,,,https://www.google.com/maps/place/?q=place_id:ChIJW2uSNQD5aS4RPctgJwRYQzM
OPERATIONAL,"Jl. Galaxy 35 Blok F6, RT.008/RW.001, Cipondoh Indah, Kec. Cipondoh, Kota Tangerang, Banten 15148, Indonesia","{'location': {'lat': -6.1845466, 'lng': 106.6846657}, 'viewport': {'northeast': {'lat': -6.183256870107279, 'lng': 106.6860486798927}, 'southwest': {'lat': -6.185956529892723, 'lng': 106.6833490201073}}}",https://maps.gstatic.com/mapfiles/place_api/icons/v1/png_71/generic_business-71.png,#13B5C7,https://maps.gstatic.com/mapfiles/place_api/icons/v2/generic_pinlet,Kampung Saungkuriang,"[{'height': 3024, 'html_attributions': ['<a href=""https://maps.google.com/maps/contrib/107065534867617117258"">Sun King</a>'], 'photo_reference': 'AUGGfZmVk4s4dPo93D38ZzCzLWhe4bfWLKqc3boZZjwhD4W7xLolWVlQIv5ZFPB1CwSeb3lOjrNGmEaQcDHjY6-HWzjsTGVByOdlTUB8ND_PC3f1kiCz5cxvMmBPd_0WKdYIq9OT9MiTBNtQUTbSDB7e3M8WhZ2C0cHF3_wED6yrH4tTtl3k', 'width': 4032}]",ChIJtVG7vKn5aS4RPOQDvEw4Xmo,4.7,ChIJtVG7vKn5aS4RPOQDvEw4Xmo,"['tourist_attraction', 'point_of_interest', 'establishment']",160,{'open_now': False},"{'compound_code': 'RM8M+5V Cipondoh Indah, Tangerang City, Banten, Indonesia', 'global_code': '6P58RM8M+5V'}",,,https://www.google.com/maps/place/?q=place_id:ChIJtVG7vKn5aS4RPOQDvEw4Xmo
OPERATIONAL,"RM2G+526, Jl. Eretan, RT.001/RW.003, Kunciran Jaya, Kec. Pinang, Kota Tangerang, Banten 15144, Indonesia","{'location': {'lat': -6.1995802, 'lng': 106.6750296}, 'viewport': {'northeast': {'lat': -6.198215170107277, 'lng': 106.6763602298927}, 'southwest': {'lat': -6.200914829892721, 'lng': 106.6736605701073}}}",https://maps.gstatic.com/mapfiles/place_api/icons/v1/png_71/generic_business-71.png,#13B5C7,https://maps.gstatic.com/mapfiles/place_api/icons/v2/generic_pinlet,Pariwisata pinggir rawa cipondoh,"[{'height': 607, 'html_attributions': ['<a href=""https://maps.google.com/maps/contrib/102743777624200381864"">Haryo Dwi Saputro</a>'], 'photo_reference': 'AUGGfZmW7Jis3R6LfSylPmg6zEJXABhPiWym9q_ks09fbhUfqVRbj1siSW2_NMsu7rLwommMaabL7wlPyi3fVEw4UCcHwO9xTQpDMxTIhcZd4m_BJ9CTqy6elsm1I7UwlMlgKiJ7lO3F5QvS0jKkOPsEEUtIQnTWX4gMzvPiAEGeHM8hCGbk', 'width': 1080}]",ChIJS1cixyL5aS4R01xd7qRbwpk,4.4,ChIJS1cixyL5aS4R01xd7qRbwpk,"['tourist_attraction', 'point_of_interest', 'establishment']",40,{'open_now': False},,,,https://www.google.com/maps/place/?q=place_id:ChIJS1cixyL5aS4R01xd7qRbwpk
OPERATIONAL,"RM5J+P3W, RT.003/RW.1, Kenanga, Cipondoh, Tangerang City, Banten, Indonesia","{'location': {'lat': -6.190634999999999, 'lng': 106.680215}, 'viewport': {'northeast': {'lat': -6.189247970107278, 'lng': 106.6815347798927}, 'southwest': {'lat': -6.191947629892722, 'lng': 106.6788351201073}}}",https://maps.gstatic.com/mapfiles/place_api/icons/v1/png_71/generic_business-71.png,#13B5C7,https://maps.gstatic.com/mapfiles/place_api/icons/v2/generic_pinlet,Pemancingan saudara,,ChIJ7Vmg65n5aS4RdbONz1MsQrA,0.0,ChIJ7Vmg65n5aS4RdbONz1MsQrA,"['tourist_attraction', 'point_of_interest', 'establishment']",0,,,,,https://www.google.com/maps/place/?q=place_id:ChIJ7Vmg65n5aS4RdbONz1MsQrA
OPERATIONAL,"RMG9+95H, RT.001/RW.003, Poris Plawad, Cipondoh, Tangerang City, Banten 15141, Indonesia","{'location': {'lat': -6.173828100000001, 'lng': 106.66781}, 'viewport': {'northeast': {'lat': -6.172448920107279, 'lng': 106.6691650298927}, 'southwest': {'lat': -6.175148579892722, 'lng': 106.6664653701073}}}",https://maps.gstatic.com/mapfiles/place_api/icons/v1/png_71/generic_business-71.png,#13B5C7,https://maps.gstatic.com/mapfiles/place_api/icons/v2/generic_pinlet,Pemancingan Bang Akim,"[{'height': 4032, 'html_attributions': ['<a href=""https://maps.google.com/maps/contrib/106638308010464756926"">A Google User</a>'], 'photo_reference': 'AUGGfZnbIB8UXgf3X8LR4vysutWapKYPinAyrzptVZp3LCLimol0562gbwFijICNl9fFCzyFr-kY_D2WRy9gwF4ZybVAl9KcROF5LUBkQdqwS52ZjY_4sOCj6puG9SGgLxk0qy9weVp2H6QrSaZtJedWyQzMmzr3VusyHCEEBIGOk4O5rYjq', 'width': 3024}]",ChIJnRNNMIT5aS4R3uRlZOu1j9c,4.8,ChIJnRNNMIT5aS4R3uRlZOu1j9c,"['tourist_attraction', 'point_of_interest', 'establishment']",6,{'open_now': False},,,,https://www.google.com/maps/place/?q=place_id:ChIJnRNNMIT5aS4R3uRlZOu1j9c
OPERATIONAL,"RM2F+65M, Jl. H. Jali, RT.001/RW.003, Kunciran Jaya, Kec. Pinang, Kota Tangerang, Banten 15144, Indonesia","{'location': {'lat': -6.1987345, 'lng': 106.6731795}, 'viewport': {'northeast': {'lat': -6.197744020107278, 'lng': 106.6745582798927}, 'southwest': {'lat': -6.200443679892722, 'lng': 106.6718586201073}}}",https://maps.gstatic.com/mapfiles/place_api/icons/v1/png_71/generic_business-71.png,#13B5C7,https://maps.gstatic.com/mapfiles/place_api/icons/v2/generic_pinlet,Danau Cipondoh Tangerang,"[{'height': 3000, 'html_attributions': ['<a href=""https://maps.google.com/maps/contrib/115398892190302821625"">ruchyat firmansyah</a>'], 'photo_reference': 'AUGGfZmL7-8gdsyBsm71K5L5ODSTP_NAZO4IuHB_jZkeoRxQkSRwNlEAOcQeHAwuaWkP8DoUllt-wyRgFT6SPu7wLMys4ow7oKswpdk7FoznQnjFffEi2FkQgbLfBWZhaf_Td2qPFTe-04LwHTKPjRQkQsH-tKvogecTnD7rNOKwVUcEXKIv', 'width': 3000}]",ChIJ2y4aWVr5aS4RrU2QjEDTw3s,4.9,ChIJ2y4aWVr5aS4RrU2QjEDTw3s,"['tourist_attraction', 'point_of_interest', 'establishment']",10,,,,,https://www.google.com/maps/place/?q=place_id:ChIJ2y4aWVr5aS4RrU2QjEDTw3s
OPERATIONAL,"RM2F+3XM, Jl. Moh. Jali Jl. Eretan, RT.001/RW.003, Kunciran Jaya, Kec. Pinang, Kota Tangerang, Banten 15144, Indonesia","{'location': {'lat': -6.1997966, 'lng': 106.6749279}, 'viewport': {'northeast': {'lat': -6.198450620107278, 'lng': 106.6763138298927}, 'southwest': {'lat': -6.201150279892722, 'lng': 106.6736141701073}}}",https://maps.gstatic.com/mapfiles/place_api/icons/v1/png_71/generic_business-71.png,#13B5C7,https://maps.gstatic.com/mapfiles/place_api/icons/v2/generic_pinlet,Kampung Wisata Pinggir Rawa,"[{'height': 2250, 'html_attributions': ['<a href=""https://maps.google.com/maps/contrib/116165661823952395607"">Herman Syah</a>'], 'photo_reference': 'AUGGfZkvo_QKKgflX2MLBgnFmBKy-4gpFb3p3VDMhoek1KU-FB2sUgEbsi0-f9u5OISUKWXqI3kui0MGtbGNrKtJiStVlvRRfqdJ1ThLTiWg0RZLq4Rtf_k82BMhiYMhgWsMzeaznD-BPjzdVqfjAVLdcU0LBOpCzunpIP_985aF4hXjxGpV', 'width': 4000}]",ChIJ9WeYkgr5aS4RZcpLjv9MKlo,4.4,ChIJ9WeYkgr5aS4RZcpLjv9MKlo,"['tourist_attraction', 'point_of_interest', 'establishment']",268,{'open_now': False},,2.0,,https://www.google.com/maps/place/?q=place_id:ChIJ9WeYkgr5aS4RZcpLjv9MKlo
OPERATIONAL,"QMXG+GW8, RT.001/RW.003, Kunciran Jaya, Pinang, Tangerang City, Banten 15144, Indonesia","{'location': {'lat': -6.2009729, 'lng': 106.677029}, 'viewport': {'northeast': {'lat': -6.199577720107278, 'lng': 106.6778691298927}, 'southwest': {'lat': -6.202277379892722, 'lng': 106.6751694701073}}}",https://maps.gstatic.com/mapfiles/place_api/icons/v1/png_71/generic_business-71.png,#13B5C7,https://maps.gstatic.com/mapfiles/place_api/icons/v2/generic_pinlet,Situ gunung bukan situ cipondoh,,ChIJhZ7EH6v5aS4RmEihL138Adw,0.0,ChIJhZ7EH6v5aS4RmEihL138Adw,"['tourist_attraction', 'point_of_interest', 'establishment']",0,,,,,https://www.google.com/maps/place/?q=place_id:ChIJhZ7EH6v5aS4RmEihL138Adw
OPERATIONAL,"rompang, Jl. Utama Kp. Gn., Indonesia","{'location': {'lat': -6.189775399999999, 'lng': 106.6798652}, 'viewport': {'northeast': {'lat': -6.188417520107278, 'lng': 106.6811845298927}, 'southwest': {'lat': -6.191117179892722, 'lng': 106.6784848701073}}}",https://maps.gstatic.com/mapfiles/place_api/icons/v1/png_71/generic_business-71.png,#13B5C7,https://maps.gstatic.com/mapfiles/place_api/icons/v2/generic_pinlet,PUNCAK GELENDRUNG,,ChIJ-yBvNFn5aS4RwmQy29etI2Y,0.0,ChIJ-yBvNFn5aS4RwmQy29etI2Y,"['tourist_attraction', 'point_of_interest', 'establishment']",0,,,,,https://www.google.com/maps/place/?q=place_id:ChIJ-yBvNFn5aS4RwmQy29etI2Y
OPERATIONAL,"Jl. Panglima Polim, RT.003/RW.003, Poris Plawad Utara, Kec. Cipondoh, Kota Tangerang, Banten 15141, Indonesia","{'location': {'lat': -6.1737443, 'lng': 106.6674544}, 'viewport': {'northeast': {'lat': -6.172378520107277, 'lng': 106.6688074298927}, 'southwest': {'lat': -6.175078179892721, 'lng': 106.6661077701073}}}",https://maps.gstatic.com/mapfiles/place_api/icons/v1/png_71/generic_business-71.png,#13B5C7,https://maps.gstatic.com/mapfiles/place_api/icons/v2/generic_pinlet,pemancingan ikan mas AK JAYA,"[{'height': 1200, 'html_attributions': ['<a href=""https://maps.google.com/maps/contrib/111858330818844970224"">OMAH SPREI BEDCOVER</a>'], 'photo_reference': 'AUGGfZn6N1CYUWmkSmCLqrzAJQUU22Vj4MJ6n80qU47H5-ivRIN2IcejCCpJp8KTPK15Tlu8vOeI9OTJF9xKJ91l2ZxmlEx_qlgIrdVCdMNhEfj7ftHj27Ol-GPnQDBEBq_Qbvam2He9y68iQo6TceGK4C36Bh4CFd509qccjZH33G35dm7P', 'width': 1600}]",ChIJkTFLDuj5aS4RjcTSZ7KpSxo,4.3,ChIJkTFLDuj5aS4RjcTSZ7KpSxo,"['tourist_attraction', 'point_of_interest', 'establishment']",7,{'open_now': False},"{'compound_code': 'RMG8+GX North Poris Plawad, Tangerang City, Banten, Indonesia', 'global_code': '6P58RMG8+GX'}",,,https://www.google.com/maps/place/?q=place_id:ChIJkTFLDuj5aS4RjcTSZ7KpSxo
OPERATIONAL,"RM85+73R, Jl. KH. Hasyim Ashari, RT.001/RW.002, Poris Plawad Utara, Kec. Cipondoh, Kota Tangerang, Banten 15141, Indonesia","{'location': {'lat': -6.1843019, 'lng': 106.657638}, 'viewport': {'northeast': {'lat': -6.183023670107278, 'lng': 106.6589711798927}, 'southwest': {'lat': -6.185723329892721, 'lng': 106.6562715201073}}}",https://maps.gstatic.com/mapfiles/place_api/icons/v1/png_71/generic_business-71.png,#13B5C7,https://maps.gstatic.com/mapfiles/place_api/icons/v2/generic_pinlet,Mahmudin Caboel,,ChIJheCKsIT5aS4Ru4Sf-VL_Kis,0.0,ChIJheCKsIT5aS4Ru4Sf-VL_Kis,"['tourist_attraction', 'point_of_interest', 'establishment']",0,,,,,https://www.google.com/maps/place/?q=place_id:ChIJheCKsIT5aS4Ru4Sf-VL_Kis
OPERATIONAL,"RMG7+3MR, RT.003/RW.009, Poris Plawad, Cipondoh, Tangerang City, Banten 15141, Indonesia","{'location': {'lat': -6.174762299999999, 'lng': 106.6641546}, 'viewport': {'northeast': {'lat': -6.173242220107277, 'lng': 106.6654919798927}, 'southwest': {'lat': -6.175941879892722, 'lng': 106.6627923201073}}}",https://maps.gstatic.com/mapfiles/place_api/icons/v1/png_71/generic_business-71.png,#13B5C7,https://maps.gstatic.com/mapfiles/place_api/icons/v2/generic_pinlet,Gantangan burung new royal enterprise,"[{'height': 2604, 'html_attributions': ['<a href=""https://maps.google.com/maps/contrib/113344383625509460459"">A Google User</a>'], 'photo_reference': 'AUGGfZmIek6FP4zjy3Q8IOjYo-o_oVxYL3TSU_6fV4b3GyWgpRPmpOJaWSwjWOEdZQgwmGCAK6tKE1pquhYRir7VxImYW788SSFhooQCswyFv8R09IugKBPNCaiY80L2Xdkr9gBlmr47DIxzmRIK2tdBb3w-gCVGaMXqiQ8GPhsr6IYE9sxf', 'width': 4624}]",ChIJ6wXyDZH5aS4Rip1Eu4Zlbjw,5.0,ChIJ6wXyDZH5aS4Rip1Eu4Zlbjw,"['tourist_attraction', 'point_of_interest', 'establishment']",3,{'open_now': False},,,,https://www.google.com/maps/place/?q=place_id:ChIJ6wXyDZH5aS4Rip1Eu4Zlbjw
OPERATIONAL,"Gg. Sadar II No.163, RT.004/RW.002, Cipondoh, Kec. Cipondoh, Kota Tangerang, Banten 15148, Indonesia","{'location': {'lat': -6.2005398, 'lng': 106.6792484}, 'viewport': {'northeast': {'lat': -6.199321070107278, 'lng': 106.6807396798927}, 'southwest': {'lat': -6.202020729892721, 'lng': 106.6780400201073}}}",https://maps.gstatic.com/mapfiles/place_api/icons/v1/png_71/generic_business-71.png,#13B5C7,https://maps.gstatic.com/mapfiles/place_api/icons/v2/generic_pinlet,Pemancingan Bang Rudin,"[{'height': 4608, 'html_attributions': ['<a href=""https://maps.google.com/maps/contrib/106275442036040117071"">A Google User</a>'], 'photo_reference': 'AUGGfZnEtWAtTSh_FAikTYIMqtIWZjog01jp4uerVhxeIVV1pKUFpHct3N0ax7aazs6FoLytC5wcLA6mLlnh2gm-6IR1zo-t8XJ6OpD7VsklhaiuGCEctGkOAOz-nzKSR2hXe9M5YAef2JtQxcVgCZfARFpbeXaejpQ1ANydH_vKOSZzRbJ4', 'width': 3456}]",ChIJOTP_NzH5aS4R1b2r2yiu-Bk,4.4,ChIJOTP_NzH5aS4R1b2r2yiu-Bk,"['tourist_attraction', 'point_of_interest', 'establishment']",5,{'open_now': False},"{'compound_code': 'QMXH+QM Cipondoh, Tangerang City, Banten, Indonesia', 'global_code': '6P58QMXH+QM'}",,,https://www.google.com/maps/place/?q=place_id:ChIJOTP_NzH5aS4R1b2r2yiu-Bk
OPERATIONAL,"RP85+6QW Wall streeat a15, Jl. Green Lake City Boulevard, RT.008/RW.009, Petir, Kec. Cipondoh, Kota Tangerang, Banten 15147, Indonesia","{'location': {'lat': -6.1843878, 'lng': 106.7094658}, 'viewport': {'northeast': {'lat': -6.183042320107279, 'lng': 106.7108274298927}, 'southwest': {'lat': -6.185741979892723, 'lng': 106.7081277701073}}}",https://maps.gstatic.com/mapfiles/place_api/icons/v1/png_71/generic_business-71.png,#13B5C7,https://maps.gstatic.com/mapfiles/place_api/icons/v2/generic_pinlet,GREEN LAKE CITY PALET,,ChIJS9dujtH5aS4RN1gUyB-v47Y,0.0,ChIJS9dujtH5aS4RN1gUyB-v47Y,"['tourist_attraction', 'point_of_interest', 'establishment']",0,{'open_now': True},,,,https://www.google.com/maps/place/?q=place_id:ChIJS9dujtH5aS4RN1gUyB-v47Y
OPERATIONAL,"Jl. Benteng Betawi No.69, RT.003/RW.002, Poris Plawad, Kec. Cipondoh, Kota Tangerang, Banten 15141, Indonesia","{'location': {'lat': -6.169933599999999, 'lng': 106.6795548}, 'viewport': {'northeast': {'lat': -6.168673270107277, 'lng': 106.6809099798927}, 'southwest': {'lat': -6.171372929892721, 'lng': 106.6782103201073}}}",https://maps.gstatic.com/mapfiles/place_api/icons/v1/png_71/generic_business-71.png,#13B5C7,https://maps.gstatic.com/mapfiles/place_api/icons/v2/generic_pinlet,Perlintasan Kereta Api Poris Kab Tangerang,,ChIJDcZuRwD5aS4Rxo1yryEESfg,1.0,ChIJDcZuRwD5aS4Rxo1yryEESfg,"['tourist_attraction', 'point_of_interest', 'establishment']",1,{'open_now': True},"{'compound_code': 'RMJH+2R Poris Plawad, Tangerang City, Banten, Indonesia', 'global_code': '6P58RMJH+2R'}",,,https://www.google.com/maps/place/?q=place_id:ChIJDcZuRwD5aS4Rxo1yryEESfg
OPERATIONAL,"RM48+39V, Jl. Perumahan Alam Indah Bulevar Raya, RT.004/RW.006, Poris Plawad Indah, Kec. Cipondoh, Kota Tangerang, Banten 15141, Indonesia","{'location': {'lat': -6.1947499, 'lng': 106.6658353}, 'viewport': {'northeast': {'lat': -6.193415370107277, 'lng': 106.6672606298927}, 'southwest': {'lat': -6.196115029892721, 'lng': 106.6645609701073}}}",https://maps.gstatic.com/mapfiles/place_api/icons/v1/png_71/generic_business-71.png,#13B5C7,https://maps.gstatic.com/mapfiles/place_api/icons/v2/generic_pinlet,Taman Edukasi Kampung Iklim Rajawali 06,"[{'height': 4160, 'html_attributions': ['<a href=""https://maps.google.com/maps/contrib/103952586233477265451"">A Google User</a>'], 'photo_reference': 'AUGGfZkKyjENEoCSwfqplXjmJ4KKpRXY9w5kx4muV0MmmdEInNs2vBIZq5ujrKOMclpRCaAie4tlnC7OEKBz22ynN1Xyfzib6aHlrD3E_QTNoNYPcnjl6eqRoj5H6iLSH23LrC9yjkQH2sO9OenkL0NMVTKDD2sOE3YQHjkUc1FE_nnWhZ2r', 'width': 3120}]",ChIJX1LnW7L5aS4RHAEKC88ywgU,5.0,ChIJX1LnW7L5aS4RHAEKC88ywgU,"['tourist_attraction', 'point_of_interest', 'establishment']",4,{'open_now': True},,,,https://www.google.com/maps/place/?q=place_id:ChIJX1LnW7L5aS4RHAEKC88ywgU
CLOSED_TEMPORARILY,"Jl. Nurul Hikmah No.67, RT.005/RW.004, Kenanga, Kec. Cipondoh, Kota Tangerang, Banten 15146, Indonesia","{'location': {'lat': -6.192955500000001, 'lng': 106.6894491}, 'viewport': {'northeast': {'lat': -6.191591120107279, 'lng': 106.6907641798927}, 'southwest': {'lat': -6.194290779892722, 'lng': 106.6880645201073}}}",https://maps.gstatic.com/mapfiles/place_api/icons/v1/png_71/generic_business-71.png,#13B5C7,https://maps.gstatic.com/mapfiles/place_api/icons/v2/generic_pinlet,Rumah betawi,,ChIJm7EoPmr5aS4R1l54PAbL__M,0.0,ChIJm7EoPmr5aS4R1l54PAbL__M,"['tourist_attraction', 'point_of_interest', 'establishment']",0,,"{'compound_code': 'RM4Q+RQ Kenanga, Tangerang City, Banten, Indonesia', 'global_code': '6P58RM4Q+RQ'}",,True,https://www.google.com/maps/place/?q=place_id:ChIJm7EoPmr5aS4R1l54PAbL__M
OPERATIONAL,"RM4C+4Q9, Jl. Nusa Indah Raya, RT.004/RW.010, Sangiang Jaya, Kec. Cipondoh, Kota Tangerang, Banten, Indonesia","{'location': {'lat': -6.194712099999999, 'lng': 106.6719796}, 'viewport': {'northeast': {'lat': -6.193290070107278, 'lng': 106.6732557298927}, 'southwest': {'lat': -6.195989729892721, 'lng': 106.6705560701073}}}",https://maps.gstatic.com/mapfiles/place_api/icons/v1/png_71/generic_business-71.png,#13B5C7,https://maps.gstatic.com/mapfiles/place_api/icons/v2/generic_pinlet,Pemancingan cipluk rawa,"[{'height': 4160, 'html_attributions': ['<a href=""https://maps.google.com/maps/contrib/100278779894471235392"">A Google User</a>'], 'photo_reference': 'AUGGfZlVdSblcU9FXVyeN_1rpL4nQZuboI-5WLi9DDM9yYZlCG89l5gXmUuBc08TJ-BuWNsssDjx6zx3luv14W-C_JM5Z2J-ABlTtwfKPAru7tE7Xm_Yy0ZgMiajme9uhEJV2fMoXHDg2_MMKKHKEJJs3efI1e1HH09bL5b11UK9t4d5dgI1', 'width': 3120}]",ChIJYz6GQoj5aS4RemswhPvtKEk,4.5,ChIJYz6GQoj5aS4RemswhPvtKEk,"['tourist_attraction', 'point_of_interest', 'establishment']",2,,,,,https://www.google.com/maps/place/?q=place_id:ChIJYz6GQoj5aS4RemswhPvtKEk
OPERATIONAL,"Sukarasa, Tangerang, Tangerang City, Banten, Indonesia","{'location': {'lat': -6.1702634, 'lng': 106.6342947}, 'viewport': {'northeast': {'lat': -6.168944720107278, 'lng': 106.6356182798927}, 'southwest': {'lat': -6.171644379892721, 'lng': 106.6329186201073}}}",https://maps.gstatic.com/mapfiles/place_api/icons/v1/png_71/generic_business-71.png,#13B5C7,https://maps.gstatic.com/mapfiles/place_api/icons/v2/generic_pinlet,Wisata Kano Kota Tangerang,"[{'height': 441, 'html_attributions': ['<a href=""https://maps.google.com/maps/contrib/104721955844685644943"">Arie Abdillah</a>'], 'photo_reference': 'AUGGfZmVDB_BCmr0mNvXaJ9yf9Tbm3EpTW1QF369R9IFWdFp6Ym4wLCKlsaX6ngOeovs_c2sJPu8oXh-C-uwXcqP6j-G1NmHNJx7U5OV_e5sf0K3QnpFkp5CJC4pRS0L-Tmyeuafq7sfC5oOmekHawwStLL2r5rVwlyMNd-e1zF-5jezLsOy', 'width': 696}]",ChIJBwuAiyj5aS4RvnJVZiL-fZs,5.0,ChIJBwuAiyj5aS4RvnJVZiL-fZs,"['tourist_attraction', 'point_of_interest', 'establishment']",3,{'open_now': False},"{'compound_code': 'RJHM+VP Sukarasa, Tangerang City, Banten, Indonesia', 'global_code': '6P58RJHM+VP'}",,,https://www.google.com/maps/place/?q=place_id:ChIJBwuAiyj5aS4RvnJVZiL-fZs
CLOSED_TEMPORARILY,"RT.005/RW.002, Cipondoh, Tangerang City, Banten, Indonesia","{'location': {'lat': -6.195202399999999, 'lng': 106.6745646}, 'viewport': {'northeast': {'lat': -6.193560120107278, 'lng': 106.6760522298927}, 'southwest': {'lat': -6.196259779892721, 'lng': 106.6733525701073}}}",https://maps.gstatic.com/mapfiles/place_api/icons/v1/png_71/generic_business-71.png,#13B5C7,https://maps.gstatic.com/mapfiles/place_api/icons/v2/generic_pinlet,Wisata perahu JAGARAWA,"[{'height': 4160, 'html_attributions': ['<a href=""https://maps.google.com/maps/contrib/111461819867712076398"">Ope Adya</a>'], 'photo_reference': 'AUGGfZkF8WRhUdrzGY4lTyfePRKyYZv_l4E-dmZbiVROtUm6VxAX2fHxicfb4E7eI9E9pwVBlTdj_AC7V8wdbBj3llkyjXyk7aKzW1mBB2qgwQw5-8IQyk1Spd4CrTG1mcOb-Z-lr4dlpfI7XNmUMkeB2EIAIwsYyxH-pIMgQV9o3tgAwTrH', 'width': 1952}]",ChIJveZsOEP5aS4ROaRIBU0KgxE,4.4,ChIJveZsOEP5aS4ROaRIBU0KgxE,"['tourist_attraction', 'point_of_interest', 'establishment']",7,,"{'compound_code': 'RM3F+WR Cipondoh, Tangerang City, Banten, Indonesia', 'global_code': '6P58RM3F+WR'}",,True,https://www.google.com/maps/place/?q=place_id:ChIJveZsOEP5aS4ROaRIBU0KgxE
CLOSED_TEMPORARILY,"RJ8W+3J4, Ampera Raya Setu, RT.002/RW.008, Buaran Indah, Kec. Cipondoh, Kota Tangerang, Banten 15119, Indonesia","{'location': {'lat': -6.184866299999999, 'lng': 106.6465627}, 'viewport': {'northeast': {'lat': -6.183523920107278, 'lng': 106.6479847298927}, 'southwest': {'lat': -6.186223579892721, 'lng': 106.6452850701073}}}",https://maps.gstatic.com/mapfiles/place_api/icons/v1/png_71/generic_business-71.png,#13B5C7,https://maps.gstatic.com/mapfiles/place_api/icons/v2/generic_pinlet,Ampera Raya Setu Cipondoh Tangerang Banten Indonesia,"[{'height': 1200, 'html_attributions': ['<a href=""https://maps.google.com/maps/contrib/116270899596994601844"">A Google User</a>'], 'photo_reference': 'AUGGfZlIEsZqZApD08yWZ_Yv7FHXNPEL6YwQvf8W7Cr4XDE1MgJJaIAHQBIktfLSEbPMoNCuOj7UtHUWmIrzTGhli-BSSsugaFyMCiipZiSbxw9ZA4XbW0sQpb9M6593_Bkxc7ZvYsiXpgjag9C5qc3cpxdurMeEnauzxdcZlBuJrGgs2jqB', 'width': 1600}]",ChIJz8w-9Oj5aS4ROlgAa02qwfk,4.5,ChIJz8w-9Oj5aS4ROlgAa02qwfk,"['tourist_attraction', 'point_of_interest', 'establishment']",2,,,,True,https://www.google.com/maps/place/?q=place_id:ChIJz8w-9Oj5aS4ROlgAa02qwfk
CLOSED_TEMPORARILY,"Smpn 10, RT.004/RW.004, Poris Plawad Indah, Kec. Cipondoh, Kota Tangerang, Banten 15122, Indonesia","{'location': {'lat': -6.1915819, 'lng': 106.6657049}, 'viewport': {'northeast': {'lat': -6.190206770107277, 'lng': 106.6670430798927}, 'southwest': {'lat': -6.192906429892721, 'lng': 106.6643434201073}}}",https://maps.gstatic.com/mapfiles/place_api/icons/v1/png_71/generic_business-71.png,#13B5C7,https://maps.gstatic.com/mapfiles/place_api/icons/v2/generic_pinlet,Galatama bawal 88,"[{'height': 1080, 'html_attributions': ['<a href=""https://maps.google.com/maps/contrib/114386929359386888150"">Jesslyn N.R</a>'], 'photo_reference': 'AUGGfZmgK0_NznewN_fimSDVU60gfOQ3AqMm8hnSIdxt9-KDXCTmpOh6JMk0sHlubIOJ-KyDkiRRtpJHJuKjygXqGSZqPNn4a7N8cWkN1qBujRcdGkaAY3pnlLBFepw1gg8G2C2CViwnE4prYYEqaq6sbtum2sgwj3dxOkNaLYfAxyffLLYk', 'width': 1920}]",ChIJ8xAn_q_5aS4RJmNSI-P8dps,5.0,ChIJ8xAn_q_5aS4RJmNSI-P8dps,"['tourist_attraction', 'point_of_interest', 'establishment']",5,,"{'compound_code': 'RM58+97 Poris Plawad Indah, Tangerang City, Banten, Indonesia', 'global_code': '6P58RM58+97'}",,True,https://www.google.com/maps/place/?q=place_id:ChIJ8xAn_q_5aS4RJmNSI-P8dps
CLOSED_TEMPORARILY,"RM7M+82X, Cipondoh Indah, Cipondoh, Tangerang City, Banten, Indonesia","{'location': {'lat': -6.1866281, 'lng': 106.6825964}, 'viewport': {'northeast': {'lat': -6.185266870107278, 'lng': 106.6839766298927}, 'southwest': {'lat': -6.187966529892722, 'lng': 106.6812769701073}}}",https://maps.gstatic.com/mapfiles/place_api/icons/v1/png_71/generic_business-71.png,#13B5C7,https://maps.gstatic.com/mapfiles/place_api/icons/v2/generic_pinlet,LUMUT PAK ATIP,"[{'height': 1920, 'html_attributions': ['<a href=""https://maps.google.com/maps/contrib/106181078387043901390"">alexnataniel tobing</a>'], 'photo_reference': 'AUGGfZmqiCxOTncgnF8NyQzUxGNxFZHJciVpxw5ZZqJ8vGWiYd8MfIwglPX4JvCMR5ABY3hHM6LGrK9HUJAMFdE48tPoxamDbUArMW7SczTEd_dXkfQnZ469VJopJoBu6iooNql5T7s9POrI1eS_jCZUmWtunI5x00e_DR8blAKmv0K9mYIL', 'width': 1080}]",ChIJYQuzv3T5aS4RBRVZqI-yzK0,0.0,ChIJYQuzv3T5aS4RBRVZqI-yzK0,"['tourist_attraction', 'point_of_interest', 'establishment']",0,,,,True,https://www.google.com/maps/place/?q=place_id:ChIJYQuzv3T5aS4RBRVZqI-yzK0
CLOSED_TEMPORARILY,"RM47+2M4, Jl. Sasak, RT.004/RW.008, Poris Plawad Indah, Kec. Cipondoh, Kota Tangerang, Banten 15122, Indonesia","{'location': {'lat': -6.194953099999999, 'lng': 106.6642142}, 'viewport': {'northeast': {'lat': -6.193580470107278, 'lng': 106.6655763298927}, 'southwest': {'lat': -6.196280129892722, 'lng': 106.6628766701073}}}",https://maps.gstatic.com/mapfiles/place_api/icons/v1/png_71/generic_business-71.png,#13B5C7,https://maps.gstatic.com/mapfiles/place_api/icons/v2/generic_pinlet,Galatama Bawal 88,,ChIJhzcHN7z5aS4RwbWqcyQhrTI,5.0,ChIJhzcHN7z5aS4RwbWqcyQhrTI,"['tourist_attraction', 'point_of_interest', 'establishment']",2,,,,True,https://www.google.com/maps/place/?q=place_id:ChIJhzcHN7z5aS4RwbWqcyQhrTI
CLOSED_TEMPORARILY,"Kavling Cipondoh Jatinunggal No.09, RT.01, Cipondoh Indah, Kec. Cipondoh, Kota Tangerang, Banten, Indonesia","{'location': {'lat': -6.1866281, 'lng': 106.6825964}, 'viewport': {'northeast': {'lat': -6.185266870107278, 'lng': 106.6839766298927}, 'southwest': {'lat': -6.187966529892722, 'lng': 106.6812769701073}}}",https://maps.gstatic.com/mapfiles/place_api/icons/v1/png_71/generic_business-71.png,#13B5C7,https://maps.gstatic.com/mapfiles/place_api/icons/v2/generic_pinlet,Villa 022 (Mak Edjot),,ChIJL1mdbLT5aS4Rj-8v6Kqovfk,0.0,ChIJL1mdbLT5aS4Rj-8v6Kqovfk,"['tourist_attraction', 'point_of_interest', 'establishment']",0,,"{'compound_code': 'RM7M+82 Cipondoh Indah, Tangerang City, Banten, Indonesia', 'global_code': '6P58RM7M+82'}",,True,https://www.google.com/maps/place/?q=place_id:ChIJL1mdbLT5aS4Rj-8v6Kqovfk
CLOSED_TEMPORARILY,"RM5J+926, Jl. Utama Kp. Gn., RT.003/RW.002, Cipondoh, Kec. Cipondoh, Kota Tangerang, Banten 15148, Indonesia","{'location': {'lat': -6.1915873, 'lng': 106.6800154}, 'viewport': {'northeast': {'lat': -6.190241270107278, 'lng': 106.6813338798927}, 'southwest': {'lat': -6.192940929892722, 'lng': 106.6786342201073}}}",https://maps.gstatic.com/mapfiles/place_api/icons/v1/png_71/generic_business-71.png,#13B5C7,https://maps.gstatic.com/mapfiles/place_api/icons/v2/generic_pinlet,Sewa tenda asep,,ChIJS1irSln5aS4RwhxUMUx5V48,0.0,ChIJS1irSln5aS4RwhxUMUx5V48,"['tourist_attraction', 'point_of_interest', 'establishment']",0,,,,True,https://www.google.com/maps/place/?q=place_id:ChIJS1irSln5aS4RwhxUMUx5V48
