business_status,formatted_address,geometry,icon,icon_background_color,icon_mask_base_uri,name,opening_hours,place_id,plus_code,rating,reference,types,user_ratings_total,photos,url
OPERATIONAL,"Golambanua No.I, Hilisimaetano, Kec. Lahusa, Kabupaten Nias Selatan, Sumatera Utara 22865, Indonesia","{'location': {'lat': 0.7399684, 'lng': 97.8562633}, 'viewport': {'northeast': {'lat': 0.7415103298927221, 'lng': 97.85724150000001}, 'southwest': {'lat': 0.7388106701072776, 'lng': 97.8533287}}}",https://maps.gstatic.com/mapfiles/place_api/icons/v1/png_71/generic_business-71.png,#13B5C7,https://maps.gstatic.com/mapfiles/place_api/icons/v2/generic_pinlet,Batu Megalit,{},ChIJacWPBGyDKDAR9XiFZ6zKqkw,"{'compound_code': 'PVQ4+XG Hilisimaetano, South Nias Regency, North Sumatra, Indonesia', 'global_code': '6MGVPVQ4+XG'}",0.0,ChIJacWPBGyDKDAR9XiFZ6zKqkw,"['tourist_attraction', 'point_of_interest', 'establishment']",0.0,,https://www.google.com/maps/place/?q=place_id:ChIJacWPBGyDKDAR9XiFZ6zKqkw
OPERATIONAL,"PVXQ+PQ8, Jl. Nias, Bawootalua, Kec. Lahusa, Kabupaten Nias Selatan, Sumatera Utara, Indonesia","{'location': {'lat': 0.7492943, 'lng': 97.88945799999999}, 'viewport': {'northeast': {'lat': 0.7506809798927222, 'lng': 97.89078247989274}, 'southwest': {'lat': 0.7479813201072777, 'lng': 97.88808282010729}}}",https://maps.gstatic.com/mapfiles/place_api/icons/v1/png_71/generic_business-71.png,#13B5C7,https://maps.gstatic.com/mapfiles/place_api/icons/v2/generic_pinlet,Pantai Batu,,ChIJn2hNXgCbKDARKXazkAZycDE,,5.0,ChIJn2hNXgCbKDARKXazkAZycDE,"['tourist_attraction', 'point_of_interest', 'establishment']",1.0,"[{'height': 3072, 'html_attributions': ['<a href=""https://maps.google.com/maps/contrib/101622140628275007262"">Dejan Mamoto</a>'], 'photo_reference': 'AUGGfZlS2dWJt6hqhZYNRwlmplHAqcHYIHLglsKNm0foF44HBSch9Gceyr0t9NXMyVvaaK0KlOFUWrRT8XLstRxXPD9-PZEojhkT1sOVb1oYys3ggbxJwsH99N0jVUmkiW2FgexkGE9RB8lco5mROg_VLMC7MU9ZP_M0eewH73ErxeGXSc0G', 'width': 4080}]",https://www.google.com/maps/place/?q=place_id:ChIJn2hNXgCbKDARKXazkAZycDE
OPERATIONAL,"QV9R+3CV, Mogae, Desa Mogae, Tetezou, Kec. Lahusa, Kabupaten Nias Selatan, Sumatera Utara 22874, Indonesia","{'location': {'lat': 0.7677117999999999, 'lng': 97.8910444}, 'viewport': {'northeast': {'lat': 0.7685603000000002, 'lng': 97.8918245}, 'southwest': {'lat': 0.7652790999999998, 'lng': 97.88873330000001}}}",https://maps.gstatic.com/mapfiles/place_api/icons/v1/png_71/cafe-71.png,#FF9E67,https://maps.gstatic.com/mapfiles/place_api/icons/v2/cafe_pinlet,Pantai Mogae,{'open_now': True},ChIJCQMAjiObKDARrpRJlRun8e0,,3.7,ChIJCQMAjiObKDARrpRJlRun8e0,"['tourist_attraction', 'cafe', 'point_of_interest', 'store', 'food', 'establishment']",6.0,"[{'height': 3120, 'html_attributions': ['<a href=""https://maps.google.com/maps/contrib/112474535165024437712"">Lena Zega</a>'], 'photo_reference': 'AUGGfZnjnV8wcB_KA-B7HUi1Z8GJrsakDMPP_5zOOAAExwhRPBBSEu251HM98Gz62pTKsV-2c3WTwHBZ9nPLoMne1PIAQUUMDBK3YVUQwzEyqivdgwrpgG2EHmCREBd6Kbhw4f0lObXg8RPssHDILQqv4_kcTJKbxUJA5MGnMwCuCxtLaY90', 'width': 4160}]",https://www.google.com/maps/place/?q=place_id:ChIJCQMAjiObKDARrpRJlRun8e0
OPERATIONAL,"RRMH+2F9, Hilisao'oto, Sidua'ori, South Nias Regency, North Sumatra 22874, Indonesia","{'location': {'lat': 0.8325364, 'lng': 97.8287254}, 'viewport': {'northeast': {'lat': 0.8332192499999999, 'lng': 97.82989015}, 'southwest': {'lat': 0.8304878500000002, 'lng': 97.82523115000002}}}",https://maps.gstatic.com/mapfiles/place_api/icons/v1/png_71/generic_business-71.png,#13B5C7,https://maps.gstatic.com/mapfiles/place_api/icons/v2/generic_pinlet,Megaliths Site of Tetegewo,{'open_now': True},ChIJIyHsNXefKDARxlpIsr5aqVw,,4.6,ChIJIyHsNXefKDARxlpIsr5aqVw,"['tourist_attraction', 'point_of_interest', 'establishment']",31.0,"[{'height': 3456, 'html_attributions': ['<a href=""https://maps.google.com/maps/contrib/109167298072974272815"">Tuho Zend</a>'], 'photo_reference': 'AUGGfZmoPbaOkfTGxwDo4bk0K78xd3ESGCNQFaO4LrXk4jiiVxiTnPdygYnB_TllOKP6yttEeWx3ryGdt4WGmkgcRhe7Mm8e0gcD7-AweeR7s9Vezv2WgcgvS23zLREEqcv4YFUZ0pYcxzxYLrMVNMpiBJhmQ5YR_oMdGPCyB4cCdEdWAUY_', 'width': 4608}]",https://www.google.com/maps/place/?q=place_id:ChIJIyHsNXefKDARxlpIsr5aqVw
OPERATIONAL,"JQ7C+Q34, Desa, Bawomataluo, Kec. Fanayama, Kabupaten Nias Selatan, Sumatera Utara 22865, Indonesia","{'location': {'lat': 0.6143915, 'lng': 97.77021230000001}, 'viewport': {'northeast': {'lat': 0.6157302298927223, 'lng': 97.77156967989272}, 'southwest': {'lat': 0.6130305701072779, 'lng': 97.76887002010727}}}",https://maps.gstatic.com/mapfiles/place_api/icons/v1/png_71/generic_business-71.png,#13B5C7,https://maps.gstatic.com/mapfiles/place_api/icons/v2/generic_pinlet,Desa Bawomataluo (Lompat Batu),{'open_now': True},ChIJK_etjL0qJjAREJe8bEmBlw8,,4.7,ChIJK_etjL0qJjAREJe8bEmBlw8,"['tourist_attraction', 'point_of_interest', 'establishment']",912.0,"[{'height': 2252, 'html_attributions': ['<a href=""https://maps.google.com/maps/contrib/108621810288013419567"">Semut Medan</a>'], 'photo_reference': 'AUGGfZkJB49eVWefkIE9pHpUxjzxmoWV7jd1mRROVnbjgb_KPnUPZw45dFxXU9_6GQwON1JJBgxXiaQ0G8k9m065hDLtfaM-x4dRj4DT9usr7x22RohChem0THNj03ItQ3tQQPTLtfVH0EaOHQ1L0szBOr2L6LyEb52AKpkv8h3vXvy04sAC', 'width': 4000}]",https://www.google.com/maps/place/?q=place_id:ChIJK_etjL0qJjAREJe8bEmBlw8
OPERATIONAL,"Siwalubanua, Lahusa, South Nias Regency, North Sumatra, Indonesia","{'location': {'lat': 0.8058807, 'lng': 97.9076826}, 'viewport': {'northeast': {'lat': 0.8072210798927222, 'lng': 97.90869992989273}, 'southwest': {'lat': 0.8045214201072777, 'lng': 97.90600027010728}}}",https://maps.gstatic.com/mapfiles/place_api/icons/v1/png_71/generic_business-71.png,#13B5C7,https://maps.gstatic.com/mapfiles/place_api/icons/v2/generic_pinlet,BARAWANU BEACH,{'open_now': True},ChIJm_T9f5CbKDARTCY6gsOYzBw,"{'compound_code': 'RW45+93 Siwalubanua, South Nias Regency, North Sumatra, Indonesia', 'global_code': '6MGVRW45+93'}",5.0,ChIJm_T9f5CbKDARTCY6gsOYzBw,"['tourist_attraction', 'point_of_interest', 'establishment']",5.0,"[{'height': 3456, 'html_attributions': ['<a href=""https://maps.google.com/maps/contrib/105452721123297155393"">A Google User</a>'], 'photo_reference': 'AUGGfZmBGMVpWH4bSv3RdaN_0OFVSr1Vo99Gfo5peMukbdrurtt1Jm9o9nzhLc7NSZAdvv4_hqH03tHM0Fd1ZIzLuIyg7k5x8Hvhj4Iw6N922OkeSpwW5XhETVUmCTL1y4I9K08gwRyrtzq18HZkGcOIpBZDyMe4pzjhqSZpK6wtGOznqGT2', 'width': 4608}]",https://www.google.com/maps/place/?q=place_id:ChIJm_T9f5CbKDARTCY6gsOYzBw
OPERATIONAL,"RRJG+F83, Hilisao'oto, Sidua'ori, South Nias Regency, North Sumatra, Indonesia","{'location': {'lat': 0.8311318, 'lng': 97.8258008}, 'viewport': {'northeast': {'lat': 0.8324822298927222, 'lng': 97.82719047989274}, 'southwest': {'lat': 0.8297825701072777, 'lng': 97.82449082010729}}}",https://maps.gstatic.com/mapfiles/place_api/icons/v1/png_71/generic_business-71.png,#13B5C7,https://maps.gstatic.com/mapfiles/place_api/icons/v2/generic_pinlet,A.RITUS Telaumbanua,,ChIJNax0cNafKDARljivc4hOYOM,,0.0,ChIJNax0cNafKDARljivc4hOYOM,"['tourist_attraction', 'point_of_interest', 'establishment']",0.0,,https://www.google.com/maps/place/?q=place_id:ChIJNax0cNafKDARljivc4hOYOM
OPERATIONAL,"RW44+G8, Siwalubanua, Somambawa, South Nias Regency, North Sumatra, Indonesia","{'location': {'lat': 0.805995, 'lng': 97.9059304}, 'viewport': {'northeast': {'lat': 0.8073471298927223, 'lng': 97.90727397989271}, 'southwest': {'lat': 0.8046474701072779, 'lng': 97.90457432010727}}}",https://maps.gstatic.com/mapfiles/place_api/icons/v1/png_71/generic_business-71.png,#13B5C7,https://maps.gstatic.com/mapfiles/place_api/icons/v2/generic_pinlet,Wilayah IV,,ChIJQ_FwfgCbKDAR1Pr1arwA2ys,,0.0,ChIJQ_FwfgCbKDAR1Pr1arwA2ys,"['tourist_attraction', 'point_of_interest', 'establishment']",0.0,,https://www.google.com/maps/place/?q=place_id:ChIJQ_FwfgCbKDAR1Pr1arwA2ys
OPERATIONAL,"PV43+H4V, HILINAWALO MAZINO, Teluk Dalam, South Nias Regency, North Sumatra 22865, Indonesia","{'location': {'lat': 0.7064862, 'lng': 97.85278910000001}, 'viewport': {'northeast': {'lat': 0.7078465798927221, 'lng': 97.85418892989273}, 'southwest': {'lat': 0.7051469201072776, 'lng': 97.8514892701073}}}",https://maps.gstatic.com/mapfiles/place_api/icons/v1/png_71/generic_business-71.png,#13B5C7,https://maps.gstatic.com/mapfiles/place_api/icons/v2/generic_pinlet,Traditional Chief House of Hilinawalo Mazino,{'open_now': True},ChIJWXnWCbaDKDARKOI-gboaPh4,,3.0,ChIJWXnWCbaDKDARKOI-gboaPh4,"['tourist_attraction', 'point_of_interest', 'establishment']",3.0,"[{'height': 1836, 'html_attributions': ['<a href=""https://maps.google.com/maps/contrib/110599878745923471849"">Richard K</a>'], 'photo_reference': 'AUGGfZkaw48wnwz4hWdbvJMiFXnhME7kdiSkklAcJJ3gQ3WVAhEkEf2HeiDFXwvFshCucGnsBHesvnrOhlMNbYYE6FG9--wfx3mxr7hObk_QhbPrfNg3W5Zs3NGYopncoVQX6pjZj3GYFPpyu8WjnkrW-boTuFiaDrXc_WcuuMqcc_5_cj7l', 'width': 3264}]",https://www.google.com/maps/place/?q=place_id:ChIJWXnWCbaDKDARKOI-gboaPh4
OPERATIONAL,"JQ7C+Q5R, Bawomataluo, Fanayama, South Nias Regency, North Sumatra 22865, Indonesia","{'location': {'lat': 0.6144779, 'lng': 97.77038329999999}, 'viewport': {'northeast': {'lat': 0.6158367298927221, 'lng': 97.77172707989271}, 'southwest': {'lat': 0.6131370701072777, 'lng': 97.76902742010728}}}",https://maps.gstatic.com/mapfiles/place_api/icons/v1/png_71/generic_business-71.png,#13B5C7,https://maps.gstatic.com/mapfiles/place_api/icons/v2/generic_pinlet,Bawomataluo Village,,ChIJsQ2ci70qJjAR0A1oQTHjZCk,,4.5,ChIJsQ2ci70qJjAR0A1oQTHjZCk,"['tourist_attraction', 'point_of_interest', 'establishment']",205.0,"[{'height': 4000, 'html_attributions': ['<a href=""https://maps.google.com/maps/contrib/113793668895693463297"">Rifqi Irvansyah</a>'], 'photo_reference': 'AUGGfZk-_GzQT7y0Mhk_2MATYW4PT9Q46pG7Vzokk4axgMnF7_TiqXyrvIBME9eTmTOqOGkEPo0JrZEk-KyByO9jPar62WGRvG5iT_AeTMle_vEcz9hI28OLFtScGvFD4JUPGGrpHANnASXhJzSFCdHFiDtDNsgVrBNTgguNYpSxXxIjj-Na', 'width': 1800}]",https://www.google.com/maps/place/?q=place_id:ChIJsQ2ci70qJjAR0A1oQTHjZCk
OPERATIONAL,"MQ2H+PRF, Hilinawalo Fau, Teluk Dalam, South Nias Regency, North Sumatra 22865, Indonesia","{'location': {'lat': 0.6518012999999999, 'lng': 97.77956019999999}, 'viewport': {'northeast': {'lat': 0.6531505798927223, 'lng': 97.78090457989272}, 'southwest': {'lat': 0.6504509201072778, 'lng': 97.77820492010729}}}",https://maps.gstatic.com/mapfiles/place_api/icons/v1/png_71/generic_business-71.png,#13B5C7,https://maps.gstatic.com/mapfiles/place_api/icons/v2/generic_pinlet,Desa Hilinawalo Fau (Lompat Batu),{'open_now': True},ChIJm3pbT5ODKDAROcin2BCC9GU,,5.0,ChIJm3pbT5ODKDAROcin2BCC9GU,"['tourist_attraction', 'point_of_interest', 'establishment']",8.0,"[{'height': 540, 'html_attributions': ['<a href=""https://maps.google.com/maps/contrib/106382968024715662079"">A Google User</a>'], 'photo_reference': 'AUGGfZnYpbkuPgzbbBfvIfV4D-JrFkJdvozSxOzX3n4qf4046ulX2ylMlSqu5Vj87nHnUeEyM8Lx5BI36XDiJir0p9j3WXdo55vhTgxFM93ZbiRAKTmwxuayK825kViXKe9z5jg5w51uZ_rQyOduarp1k1fYe-VBc2eD5ztGy4IjwQdve9-X', 'width': 720}]",https://www.google.com/maps/place/?q=place_id:ChIJm3pbT5ODKDAROcin2BCC9GU
OPERATIONAL,"MVVW+FRX, Hilialawa, Toma, South Nias Regency, North Sumatra, Indonesia","{'location': {'lat': 0.6940932999999999, 'lng': 97.8971983}, 'viewport': {'northeast': {'lat': 0.6954466298927222, 'lng': 97.89857607989272}, 'southwest': {'lat': 0.6927469701072778, 'lng': 97.89587642010727}}}",https://maps.gstatic.com/mapfiles/place_api/icons/v1/png_71/generic_business-71.png,#13B5C7,https://maps.gstatic.com/mapfiles/place_api/icons/v2/generic_pinlet,Desa Hilialawa,,ChIJwy2-g76FKDARc458iaD3sZg,,0.0,ChIJwy2-g76FKDARc458iaD3sZg,"['tourist_attraction', 'point_of_interest', 'establishment']",0.0,,https://www.google.com/maps/place/?q=place_id:ChIJwy2-g76FKDARc458iaD3sZg
OPERATIONAL,"QJXQ+3M, Hilinamazihono, O'o'u, South Nias Regency, North Sumatra, Indonesia","{'location': {'lat': 0.7976883, 'lng': 97.63918509999999}, 'viewport': {'northeast': {'lat': 0.7991581798927221, 'lng': 97.64109937989271}, 'southwest': {'lat': 0.7964585201072777, 'lng': 97.63839972010726}}}",https://maps.gstatic.com/mapfiles/place_api/icons/v1/png_71/generic_business-71.png,#13B5C7,https://maps.gstatic.com/mapfiles/place_api/icons/v2/generic_pinlet,SPOT FOTO MOALE DARI KETINGGIAN,{'open_now': True},ChIJsdswbxQlJjARZHSOAsh8gLQ,,5.0,ChIJsdswbxQlJjARZHSOAsh8gLQ,"['tourist_attraction', 'point_of_interest', 'establishment']",2.0,"[{'height': 3008, 'html_attributions': ['<a href=""https://maps.google.com/maps/contrib/114292629627995629748"">Yoga Ilhamsyah</a>'], 'photo_reference': 'AUGGfZkfatT7IDokJr4KeewKF7_oD7bq2EfLvKQnj_iBoMeCFe88ee9zDY4iMWrhHXwyqvbmuTVq37y2fXCbdQtoaXF4UJ5XjC1PmOMIt1A1ro_B_GexpBaq4PSocpKXRPSOr5K5cdltBft7KVNuvJBkNVMxY-zvjRPGX7NU2ALClWk9d4uM', 'width': 6048}]",https://www.google.com/maps/place/?q=place_id:ChIJsdswbxQlJjARZHSOAsh8gLQ
OPERATIONAL,"VRQC+HXP, Unnamed Road, Hilimbowo, Kec. Gomo, Kabupaten Nias Selatan, Sumatera Utara 22873, Indonesia","{'location': {'lat': 0.8889714, 'lng': 97.82244999999999}, 'viewport': {'northeast': {'lat': 0.8903692298927222, 'lng': 97.82353037989272}, 'southwest': {'lat': 0.8876695701072778, 'lng': 97.82083072010727}}}",https://maps.gstatic.com/mapfiles/place_api/icons/v1/png_71/generic_business-71.png,#13B5C7,https://maps.gstatic.com/mapfiles/place_api/icons/v2/generic_pinlet,PONDOK TETEHILI WACU-WACU,,ChIJF_E-NUSfKDARLntLJ7yNVzY,,0.0,ChIJF_E-NUSfKDARLntLJ7yNVzY,"['tourist_attraction', 'point_of_interest', 'establishment']",0.0,,https://www.google.com/maps/place/?q=place_id:ChIJF_E-NUSfKDARLntLJ7yNVzY
OPERATIONAL,"Golambanua II, Somambawa, South Nias Regency, North Sumatra, Indonesia","{'location': {'lat': 0.8677680999999999, 'lng': 97.8998854}, 'viewport': {'northeast': {'lat': 0.86979625, 'lng': 97.90108445}, 'southwest': {'lat': 0.8670920499999998, 'lng': 97.89628824999998}}}",https://maps.gstatic.com/mapfiles/place_api/icons/v1/png_71/generic_business-71.png,#13B5C7,https://maps.gstatic.com/mapfiles/place_api/icons/v2/generic_pinlet,NARU'U BEACH DESA WISATA GOLAMBANUA II,{'open_now': True},ChIJvfkIkvyZKDAR8NRnSLAmcnE,"{'compound_code': 'VV9X+4X Golambanua II, South Nias Regency, North Sumatra, Indonesia', 'global_code': '6MGVVV9X+4X'}",4.5,ChIJvfkIkvyZKDAR8NRnSLAmcnE,"['tourist_attraction', 'point_of_interest', 'establishment']",28.0,"[{'height': 960, 'html_attributions': ['<a href=""https://maps.google.com/maps/contrib/107389278608254291085"">A Google User</a>'], 'photo_reference': 'AUGGfZmB_U7UVYloer3vyOde0WM99DVPuV5ehJ5HzX8FKHdthlvy73Asuh5QIAoNgCb1igf13zxBhno1Tc0lJwH7gEps8rPlJxe_6qY0QHRZGsaIkbTXC1Zy-tYnC_St4ymEvFyIDNU8LeOuTpYM_wZLytJJsnX8aXgvlP7ty6gzdzQXEUB4', 'width': 1280}]",https://www.google.com/maps/place/?q=place_id:ChIJvfkIkvyZKDAR8NRnSLAmcnE
OPERATIONAL,"VQ7C+MWG, Hilianaa Gomo, Gomo, South Nias Regency, North Sumatra 22873, Indonesia","{'location': {'lat': 0.8641954, 'lng': 97.7723279}, 'viewport': {'northeast': {'lat': 0.8673506499999999, 'lng': 97.77376607989271}, 'southwest': {'lat': 0.8631436499999999, 'lng': 97.77106642010727}}}",https://maps.gstatic.com/mapfiles/place_api/icons/v1/png_71/generic_business-71.png,#13B5C7,https://maps.gstatic.com/mapfiles/place_api/icons/v2/generic_pinlet,Helaowo Waterfall Gomo,,ChIJBdaUYmMgJjARR37vR_Ik1Qg,,4.6,ChIJBdaUYmMgJjARR37vR_Ik1Qg,"['tourist_attraction', 'point_of_interest', 'establishment']",31.0,"[{'height': 2340, 'html_attributions': ['<a href=""https://maps.google.com/maps/contrib/111748383631483327681"">redFOX Dronesia</a>'], 'photo_reference': 'AUGGfZkIu_haf3IncinR66Udx5Rw0tHx3oxa_JuF0hnR8zIl2fYeAgvBRjTFB8iln5rUZY7-qmM1I2Pp_IcRaG8tPLK5JvjLuesjmRfw8PFLU4z5PqvOZef-JQkqijcnKjNRoIppMIHGSVDDqn313tKPiefREe1Li-i0qIDDOP9d-ul1i2nK', 'width': 4160}]",https://www.google.com/maps/place/?q=place_id:ChIJBdaUYmMgJjARR37vR_Ik1Qg
OPERATIONAL,"PRX3+CW4, Sisarahililaza, Lahusa, South Nias Regency, North Sumatra 22874, Indonesia","{'location': {'lat': 0.7485033999999999, 'lng': 97.8048182}, 'viewport': {'northeast': {'lat': 0.7507787499999998, 'lng': 97.80598369999998}, 'southwest': {'lat': 0.7477449500000002, 'lng': 97.80132170000003}}}",https://maps.gstatic.com/mapfiles/place_api/icons/v1/png_71/generic_business-71.png,#13B5C7,https://maps.gstatic.com/mapfiles/place_api/icons/v2/generic_pinlet,Namozihono Waterfall,{'open_now': True},ChIJ8Vb8ZDadKDAR_W5xaRi_6Ww,,4.5,ChIJ8Vb8ZDadKDAR_W5xaRi_6Ww,"['tourist_attraction', 'point_of_interest', 'establishment']",2.0,"[{'height': 624, 'html_attributions': ['<a href=""https://maps.google.com/maps/contrib/110857459175038177451"">Harapan P Putra Ndruru</a>'], 'photo_reference': 'AUGGfZnfenfFPU6UpkX9RCcgikpFH0zYCrQNQxQAPrxVGV7zTfyosr2VEiMFnQc6TT5UGIv8azioT5LncuYEWBlXZ7aK2E2epdcpMaQpgZ662IOZ6Qed_tYwbW47wAM0LVXO4KqRxRLUrlxv0k3cX3EBR-f7cyWdL1YMUQMzdqz8fdnkVfds', 'width': 636}]",https://www.google.com/maps/place/?q=place_id:ChIJ8Vb8ZDadKDAR_W5xaRi_6Ww
OPERATIONAL,"JV8R+W32, Hilisataro, Toma, South Nias Regency, North Sumatra 22865, Indonesia","{'location': {'lat': 0.6172696, 'lng': 97.890148}, 'viewport': {'northeast': {'lat': 0.6186445298927222, 'lng': 97.89142747989274}, 'southwest': {'lat': 0.6159448701072778, 'lng': 97.88872782010729}}}",https://maps.gstatic.com/mapfiles/place_api/icons/v1/png_71/generic_business-71.png,#13B5C7,https://maps.gstatic.com/mapfiles/place_api/icons/v2/generic_pinlet,Spot Surfing Rockstar,{'open_now': True},ChIJXe6v5j6HKDAR3rTENEHDxXQ,,4.5,ChIJXe6v5j6HKDAR3rTENEHDxXQ,"['tourist_attraction', 'point_of_interest', 'establishment']",77.0,"[{'height': 1872, 'html_attributions': ['<a href=""https://maps.google.com/maps/contrib/105183001422043140016"">Dolin Wau</a>'], 'photo_reference': 'AUGGfZmw6BuRznJ_UkurlO2NbgvmQ3phBuqo7soinHAi5k1xjBrJT_JErR4Vc7J10CSL7WjR97V5vamgwXM42eu0RoPJ8Xj5fMBBKP_5kJNduC47iVP6uc8wRarp7KTLN-gzE7BLBWmJ_HnHYjv3OKy1pL9tt4RKRnq7-aZEthgWNlCvCOl1', 'width': 3328}]",https://www.google.com/maps/place/?q=place_id:ChIJXe6v5j6HKDAR3rTENEHDxXQ
OPERATIONAL,"VR57+3WG, Orahili Gomo, Gomo, South Nias Regency, North Sumatra 22873, Indonesia","{'location': {'lat': 0.8576847999999999, 'lng': 97.81482919999999}, 'viewport': {'northeast': {'lat': 0.86123665, 'lng': 97.81606002989271}, 'southwest': {'lat': 0.8565008499999999, 'lng': 97.81336037010728}}}",https://maps.gstatic.com/mapfiles/place_api/icons/v1/png_71/generic_business-71.png,#13B5C7,https://maps.gstatic.com/mapfiles/place_api/icons/v2/generic_pinlet,Puncak gomo,,ChIJ1QMfViafKDAREbVG9tj1ffs,,4.2,ChIJ1QMfViafKDAREbVG9tj1ffs,"['tourist_attraction', 'point_of_interest', 'establishment']",6.0,"[{'height': 1080, 'html_attributions': ['<a href=""https://maps.google.com/maps/contrib/101593830171163015877"">Tafonao577 Herman</a>'], 'photo_reference': 'AUGGfZniVO8EpO77548KVNj4mGGEQUVsK-UMO8t03ME_GufG4M6UgmzDNWfc_D6e7apmMIm4tiaxw3Cy3HaZFl65acrHrUSdDhjRRrRRdT_ezvAGsbh1AXXd3Uygy9kQjJcBB0M7ZpaVAe-DIpZVH4R5Vk2_frTsuItMHUAdH_LZtPfZSxs', 'width': 1920}]",https://www.google.com/maps/place/?q=place_id:ChIJ1QMfViafKDAREbVG9tj1ffs
OPERATIONAL,"QJ6Q+4M, Lolomoyo, O'o'u, South Nias Regency, North Sumatra 22866, Indonesia","{'location': {'lat': 0.7594375, 'lng': 97.64518749999999}, 'viewport': {'northeast': {'lat': 0.7607873298927222, 'lng': 97.64653732989272}, 'southwest': {'lat': 0.7580876701072777, 'lng': 97.64383767010727}}}",https://maps.gstatic.com/mapfiles/place_api/icons/v1/png_71/generic_business-71.png,#13B5C7,https://maps.gstatic.com/mapfiles/place_api/icons/v2/generic_pinlet,Pantai Sobawa,,ChIJ6YUWkTMlJjARPNmR8AWxBCc,,4.0,ChIJ6YUWkTMlJjARPNmR8AWxBCc,"['tourist_attraction', 'point_of_interest', 'establishment']",2.0,"[{'height': 3000, 'html_attributions': ['<a href=""https://maps.google.com/maps/contrib/101913113126894817068"">Rio Vicaldo</a>'], 'photo_reference': 'AUGGfZl39mgxIyV7GUNtQrN8m0NsUiIZFIPegf34yeXB10LHX4oC85su6MW2yjPJOcIWHiT7wYyRC096yQ8Q5q7eN456woyuyVN_xXZO9KsiMZmaQSsUc8g4eVxkN4Poe4Hm1j2rKHtxuChsAByS477MfMBZ2Ugtus_uiOhxbQ6LdCvdpyeH', 'width': 4000}]",https://www.google.com/maps/place/?q=place_id:ChIJ6YUWkTMlJjARPNmR8AWxBCc
OPERATIONAL,"Jl. Maniamolo Raya, Orahili Fau, Kec. Fanayama, Kabupaten Nias Selatan, Sumatera Utara 22865, Indonesia","{'location': {'lat': 0.6122626999999999, 'lng': 97.7649582}, 'viewport': {'northeast': {'lat': 0.6135960798927221, 'lng': 97.76631967989272}, 'southwest': {'lat': 0.6108964201072776, 'lng': 97.76362002010728}}}",https://maps.gstatic.com/mapfiles/place_api/icons/v1/png_71/generic_business-71.png,#13B5C7,https://maps.gstatic.com/mapfiles/place_api/icons/v2/generic_pinlet,Desa Adat & Wisata Orahili Fau,{'open_now': True},ChIJa5NQyDMrJjARmdJHWryPIeY,"{'compound_code': 'JQ67+WX Orahili Fau, South Nias Regency, North Sumatra, Indonesia', 'global_code': '6MGVJQ67+WX'}",5.0,ChIJa5NQyDMrJjARmdJHWryPIeY,"['tourist_attraction', 'point_of_interest', 'establishment']",2.0,"[{'height': 4000, 'html_attributions': ['<a href=""https://maps.google.com/maps/contrib/107771406183438791825"">A Google User</a>'], 'photo_reference': 'AUGGfZkfHOGAxww4o9BM2l19pIgwHbid7zaSSKt2TcGm6j9BxuEv790317BtDZZlke_5Y2JlV1hmyE_L6Acf78zGTNkiLOjusqZ80pnwd0vb4RQtey3k60zpN-M0obKMmc_kGGt_cU7ppTChchl-zVrPG89kGOwq0_mO9pMlRjCIvpagKadS', 'width': 6000}]",https://www.google.com/maps/place/?q=place_id:ChIJa5NQyDMrJjARmdJHWryPIeY
OPERATIONAL,"JPJX+CJR, Jl. Maniamolo Raya, Hilisimaetano, Kec. Tlk. Dalam, Kabupaten Nias Selatan, Sumatera Utara 22865, Indonesia","{'location': {'lat': 0.6311036999999999, 'lng': 97.7490066}, 'viewport': {'northeast': {'lat': 0.6324602798927224, 'lng': 97.75038477989271}, 'southwest': {'lat': 0.6297606201072778, 'lng': 97.74768512010726}}}",https://maps.gstatic.com/mapfiles/place_api/icons/v1/png_71/generic_business-71.png,#13B5C7,https://maps.gstatic.com/mapfiles/place_api/icons/v2/generic_pinlet,Samadaya,{'open_now': True},ChIJ1V4YLgArJjARxVn6A55Vxd8,,0.0,ChIJ1V4YLgArJjARxVn6A55Vxd8,"['tourist_attraction', 'point_of_interest', 'establishment']",0.0,,https://www.google.com/maps/place/?q=place_id:ChIJ1V4YLgArJjARxVn6A55Vxd8
OPERATIONAL,"MPGF+5X5, Jl. Maniamolo Raya, Hilisimaetano, Kec. Tlk. Dalam, Kabupaten Nias Selatan, Sumatera Utara 22866, Indonesia","{'location': {'lat': 0.6753924, 'lng': 97.7249806}, 'viewport': {'northeast': {'lat': 0.6763666798927223, 'lng': 97.72613442989272}, 'southwest': {'lat': 0.6736670201072777, 'lng': 97.72343477010727}}}",https://maps.gstatic.com/mapfiles/place_api/icons/v1/png_71/generic_business-71.png,#13B5C7,https://maps.gstatic.com/mapfiles/place_api/icons/v2/generic_pinlet,Puncak Lawelu,{'open_now': True},ChIJCShE3J8pJjARa445gY2j2UI,,3.5,ChIJCShE3J8pJjARa445gY2j2UI,"['tourist_attraction', 'point_of_interest', 'establishment']",8.0,"[{'height': 1937, 'html_attributions': ['<a href=""https://maps.google.com/maps/contrib/114292629627995629748"">Yoga Ilhamsyah</a>'], 'photo_reference': 'AUGGfZkny_bLNzoZVNy9JStORPWfKbJtAvUyP2l8dAj36DyxhrfxS_7N0eUssrznwWSESHL-DlcvkBk1vF5lPsJj2igwUSABYtqX3WuTFZWZjAAc8Pw3Yk-AQ--bpoxIl9Qod3M0Ih8VWNcigoebyizHxjWqFy-szMaSKgDAk7D7l9XbSbxj', 'width': 4096}]",https://www.google.com/maps/place/?q=place_id:ChIJCShE3J8pJjARa445gY2j2UI
OPERATIONAL,"JQWH+FHM, Ono Hondro, Fanayama, South Nias Regency, North Sumatra 22865, Indonesia","{'location': {'lat': 0.6462125, 'lng': 97.7789219}, 'viewport': {'northeast': {'lat': 0.6474857798927222, 'lng': 97.78013532989273}, 'southwest': {'lat': 0.6447861201072776, 'lng': 97.77743567010728}}}",https://maps.gstatic.com/mapfiles/place_api/icons/v1/png_71/generic_business-71.png,#13B5C7,https://maps.gstatic.com/mapfiles/place_api/icons/v2/generic_pinlet,Air Terjun Telaga Jumali,{'open_now': True},ChIJC87Vv44rJjARVQKaoBLRU-I,,5.0,ChIJC87Vv44rJjARVQKaoBLRU-I,"['tourist_attraction', 'point_of_interest', 'establishment']",4.0,"[{'height': 2592, 'html_attributions': ['<a href=""https://maps.google.com/maps/contrib/115823749884847635229"">Gilberd Arsenio</a>'], 'photo_reference': 'AUGGfZmSxzfxy-jm0bgXsH3dx9gtt7p5UZN4N9kOIpmvuYvMCpbXVzncdHYTGXY18sN05DG8GWTpLytWl8-qp7fAiXQMFEj4ucMIqfvFQjMMcJJkRASJNyHHeTb_ENPuZNS9oGdLlGH6itsrnZz1FUoi67IkRsBzQjL9KWanATDfEBrLNyig', 'width': 3872}]",https://www.google.com/maps/place/?q=place_id:ChIJC87Vv44rJjARVQKaoBLRU-I
OPERATIONAL,"Jl. Hilisimaetano, Hilisimaetano, Kec. Maniamolo, Kabupaten Nias Selatan, Sumatera Utara 22865, Indonesia","{'location': {'lat': 0.6420599, 'lng': 97.74729909999999}, 'viewport': {'northeast': {'lat': 0.6434378798927223, 'lng': 97.74866902989271}, 'southwest': {'lat': 0.6407382201072778, 'lng': 97.74596937010728}}}",https://maps.gstatic.com/mapfiles/place_api/icons/v1/png_71/generic_business-71.png,#13B5C7,https://maps.gstatic.com/mapfiles/place_api/icons/v2/generic_pinlet,Desa Adat & Wisata Hilisimaetanö,{'open_now': True},ChIJ02WjrNArJjAR__PXDRu3J5M,"{'compound_code': 'JPRW+RW Hilisimaetano, South Nias Regency, North Sumatra, Indonesia', 'global_code': '6MGVJPRW+RW'}",4.7,ChIJ02WjrNArJjAR__PXDRu3J5M,"['tourist_attraction', 'point_of_interest', 'establishment']",10.0,"[{'height': 688, 'html_attributions': ['<a href=""https://maps.google.com/maps/contrib/107998376887366490061"">A Google User</a>'], 'photo_reference': 'AUGGfZksJqJZ0A-wIQcbVsI8MNqE2-wJ3VUAZJ9yZK77e_8itb-7Ft6za2DVFedVhFpEO54Pwug-Uw_liTfzmw919eRNjv0Gz7b5vlT3Y9TsdUvrn_5ZHCDaQ1YfUylI1F9yUEkg9h9833KdG-X-Xb85kepd8Y6l0O8vDzvnmVQROJ8L-aF3', 'width': 1080}]",https://www.google.com/maps/place/?q=place_id:ChIJ02WjrNArJjAR__PXDRu3J5M
OPERATIONAL,"HVW6+QPR, Bawonifaoso, Teluk Dalam, South Nias Regency, North Sumatra 22865, Indonesia","{'location': {'lat': 0.5969814999999999, 'lng': 97.8617551}, 'viewport': {'northeast': {'lat': 0.5982524798927221, 'lng': 97.86283037989271}, 'southwest': {'lat': 0.5955528201072777, 'lng': 97.86013072010728}}}",https://maps.gstatic.com/mapfiles/place_api/icons/v1/png_71/generic_business-71.png,#13B5C7,https://maps.gstatic.com/mapfiles/place_api/icons/v2/generic_pinlet,Ikhsan ivan Telaumbanua,,ChIJhSwPJwCBKDARLItpjtgBUAc,,0.0,ChIJhSwPJwCBKDARLItpjtgBUAc,"['tourist_attraction', 'point_of_interest', 'establishment']",0.0,,https://www.google.com/maps/place/?q=place_id:ChIJhSwPJwCBKDARLItpjtgBUAc
OPERATIONAL,"JPRX+G8Q, Jl. Hilisimaetano, Hilisimaetano, Kec. Tlk. Dalam, Kabupaten Nias Selatan, Sumatera Utara 22865, Indonesia","{'location': {'lat': 0.6413658, 'lng': 97.7487409}, 'viewport': {'northeast': {'lat': 0.6426070798927223, 'lng': 97.75001322989272}, 'southwest': {'lat': 0.6399074201072777, 'lng': 97.74731357010728}}}",https://maps.gstatic.com/mapfiles/place_api/icons/v1/png_71/generic_business-71.png,#13B5C7,https://maps.gstatic.com/mapfiles/place_api/icons/v2/generic_pinlet,Hilisimaetano Village,,ChIJ4QbQuKcrJjARW6DoS15S8UM,,5.0,ChIJ4QbQuKcrJjARW6DoS15S8UM,"['tourist_attraction', 'point_of_interest', 'establishment']",2.0,"[{'height': 4624, 'html_attributions': ['<a href=""https://maps.google.com/maps/contrib/115780961764853988087"">Al</a>'], 'photo_reference': 'AUGGfZnNdvBeKtOzV-fQ64TVs0-2_JZegjfv7wMEO6a9rkRmTL3-nr4JpkWu_6KMPq0gfRGQyUS6QmH-C_8fb2nDM_17-dJ4I-zmcCe0g72sFVKqMglusV5V02bTCFHJE1HI_w2DO8DKmFtgCQbg-WrLF9L8YbHt8z4xYF0-BJQcdL5DmtAV', 'width': 3468}]",https://www.google.com/maps/place/?q=place_id:ChIJ4QbQuKcrJjARW6DoS15S8UM
OPERATIONAL,"QQ89+3X3, Sifalago Susua, Susua, South Nias Regency, North Sumatra, Indonesia","{'location': {'lat': 0.7651293, 'lng': 97.7699064}, 'viewport': {'northeast': {'lat': 0.7664982298927223, 'lng': 97.77126812989273}, 'southwest': {'lat': 0.7637985701072778, 'lng': 97.7685684701073}}}",https://maps.gstatic.com/mapfiles/place_api/icons/v1/png_71/generic_business-71.png,#13B5C7,https://maps.gstatic.com/mapfiles/place_api/icons/v2/generic_pinlet,Puncak susua,,ChIJzcLYCQAnJjARNHqwGETT5PY,,0.0,ChIJzcLYCQAnJjARNHqwGETT5PY,"['tourist_attraction', 'point_of_interest', 'establishment']",0.0,,https://www.google.com/maps/place/?q=place_id:ChIJzcLYCQAnJjARNHqwGETT5PY
OPERATIONAL,"VQ8C+FXH, Unnamed Road, Hilianaa Gomo, Kec. Gomo, Kabupaten Nias Selatan, Sumatera Utara 22873, Indonesia","{'location': {'lat': 0.8661882999999999, 'lng': 97.77247829999999}, 'viewport': {'northeast': {'lat': 0.8675934298927221, 'lng': 97.77384127989272}, 'southwest': {'lat': 0.8648937701072776, 'lng': 97.77114162010727}}}",https://maps.gstatic.com/mapfiles/place_api/icons/v1/png_71/generic_business-71.png,#13B5C7,https://maps.gstatic.com/mapfiles/place_api/icons/v2/generic_pinlet,Nias Selatan,,ChIJI_RiyTchJjARz3GfoIYIZ_w,,4.1,ChIJI_RiyTchJjARz3GfoIYIZ_w,"['tourist_attraction', 'point_of_interest', 'establishment']",8.0,"[{'height': 1224, 'html_attributions': ['<a href=""https://maps.google.com/maps/contrib/101617945344299948875"">A Google User</a>'], 'photo_reference': 'AUGGfZl0UuqFNkBTThuOnmeMM5jE9KP--d6zBWnqqFSKBm7vOcVIHBU_b-cImqLCFS5XtW-a9My3y8wm0idcQVDH26tRJ7RSbuqgz91SB7boP-w-BTUplNrWw5ZspdRoVEzTWjyESbziFCvah-M_23DXdcMDx0phSadbCZnvsc1r-ImMe2FC', 'width': 918}]",https://www.google.com/maps/place/?q=place_id:ChIJI_RiyTchJjARz3GfoIYIZ_w
OPERATIONAL,"Hilisimaetano, Teluk Dalam, South Nias Regency, North Sumatra 22865, Indonesia","{'location': {'lat': 0.6433103, 'lng': 97.74727709999999}, 'viewport': {'northeast': {'lat': 0.6443936798927222, 'lng': 97.74840067989273}, 'southwest': {'lat': 0.6416940201072777, 'lng': 97.74570102010729}}}",https://maps.gstatic.com/mapfiles/place_api/icons/v1/png_71/generic_business-71.png,#13B5C7,https://maps.gstatic.com/mapfiles/place_api/icons/v2/generic_pinlet,Desa Hilisimaetano (Lompat Batu),,ChIJ4cBnty8rJjARYclBz45Vq80,"{'compound_code': 'JPVW+8W Hilisimaetano, South Nias Regency, North Sumatra, Indonesia', 'global_code': '6MGVJPVW+8W'}",4.9,ChIJ4cBnty8rJjARYclBz45Vq80,"['tourist_attraction', 'point_of_interest', 'establishment']",13.0,"[{'height': 1080, 'html_attributions': ['<a href=""https://maps.google.com/maps/contrib/103204256675227377640"">dedy pranata</a>'], 'photo_reference': 'AUGGfZnhM0vz3z9JVFnxZIn7hbrVKgHI5L16xiqhcf0WxFruxL0w1HRt2wz0a6xq8JQHIyMamI-kK-BxyZuqMz2wSS3Mix5iqB78e2ACfgdd5HoXctW2bmq-Y_8qF2Of0PExHMT96-fw1GIQi_oYZxk2VTYygGjhQTf9fSEcHC1reRMcqOY', 'width': 1920}]",https://www.google.com/maps/place/?q=place_id:ChIJ4cBnty8rJjARYclBz45Vq80
OPERATIONAL,"VJGW+3M9, Dusun III Togihenu, Hiliwaebu, Kecamatan Ulunoyo, Kabupaten Nias Selatan, Sumatera Utara, Indonesia","{'location': {'lat': 0.8751721, 'lng': 97.6467248}, 'viewport': {'northeast': {'lat': 0.8765226798927221, 'lng': 97.64807537989273}, 'southwest': {'lat': 0.8738230201072776, 'lng': 97.64537572010728}}}",https://maps.gstatic.com/mapfiles/place_api/icons/v1/png_71/generic_business-71.png,#13B5C7,https://maps.gstatic.com/mapfiles/place_api/icons/v2/generic_pinlet,Dusun III Togihenu,{'open_now': True},ChIJyV0IOzAjJjARHTVLLxN5N3w,,4.0,ChIJyV0IOzAjJjARHTVLLxN5N3w,"['tourist_attraction', 'point_of_interest', 'establishment']",2.0,,https://www.google.com/maps/place/?q=place_id:ChIJyV0IOzAjJjARHTVLLxN5N3w
OPERATIONAL,"PMQ4+X9C, Lolozaria, Amandraya, South Nias Regency, North Sumatra 22866, Indonesia","{'location': {'lat': 0.7399287999999999, 'lng': 97.6558828}, 'viewport': {'northeast': {'lat': 0.7412328798927222, 'lng': 97.65752492989273}, 'southwest': {'lat': 0.7385332201072777, 'lng': 97.65482527010728}}}",https://maps.gstatic.com/mapfiles/place_api/icons/v1/png_71/generic_business-71.png,#13B5C7,https://maps.gstatic.com/mapfiles/place_api/icons/v2/generic_pinlet,David's Beach,,ChIJByYq42svJjARZMEu9nO1lfY,,3.7,ChIJByYq42svJjARZMEu9nO1lfY,"['tourist_attraction', 'point_of_interest', 'establishment']",6.0,"[{'height': 4160, 'html_attributions': ['<a href=""https://maps.google.com/maps/contrib/105422174488131792731"">David Ahlers</a>'], 'photo_reference': 'AUGGfZnHGoy3TD3jBj4f0J8Qp7_QTpGM2_HmEPibgNQSAB54f5CcmzpiLKlvPwUY_qj5OUTpmUUFT8kdUFNDYxwexxP0v6b1zG-MHN29-9acGuvtbmhY43b86Lt0ZGqjvMqxKl6AbZGsJml2G-HQEJhPa-kixRAbqW1CnOAGuOLvLhx_9Fc8', 'width': 6240}]",https://www.google.com/maps/place/?q=place_id:ChIJByYq42svJjARZMEu9nO1lfY
OPERATIONAL,"WWMH+8X7, Hiliganoita, Bawolato, Nias Regency, North Sumatra, Indonesia","{'location': {'lat': 0.9332763000000001, 'lng': 97.929907}, 'viewport': {'northeast': {'lat': 0.9346261298927222, 'lng': 97.93125682989273}, 'southwest': {'lat': 0.9319264701072779, 'lng': 97.92855717010728}}}",https://maps.gstatic.com/mapfiles/place_api/icons/v1/png_71/generic_business-71.png,#13B5C7,https://maps.gstatic.com/mapfiles/place_api/icons/v2/generic_pinlet,Tobaa Beach,,ChIJQWbkVACjKDARtpQjgOkGUR4,,5.0,ChIJQWbkVACjKDARtpQjgOkGUR4,"['tourist_attraction', 'point_of_interest', 'establishment']",1.0,,https://www.google.com/maps/place/?q=place_id:ChIJQWbkVACjKDARtpQjgOkGUR4
OPERATIONAL,"Jl. Desa Bawomaenamolo, Hilimaenamolo, Kecamatan Luahagundre Maniamolo, Kabupaten Nias Selatan, Sumatera Utara 22868, Indonesia","{'location': {'lat': 0.5982702999999999, 'lng': 97.69158}, 'viewport': {'northeast': {'lat': 0.5996201298927222, 'lng': 97.69292982989273}, 'southwest': {'lat': 0.5969204701072777, 'lng': 97.69023017010728}}}",https://maps.gstatic.com/mapfiles/place_api/icons/v1/png_71/generic_business-71.png,#13B5C7,https://maps.gstatic.com/mapfiles/place_api/icons/v2/generic_pinlet,Pantai NONAYA,{'open_now': True},ChIJd4KbvxYtJjAR8jSDTFruU6k,"{'compound_code': 'HMXR+8J Botohilitano, South Nias Regency, North Sumatra, Indonesia', 'global_code': '6MGVHMXR+8J'}",3.0,ChIJd4KbvxYtJjAR8jSDTFruU6k,"['tourist_attraction', 'point_of_interest', 'establishment']",4.0,"[{'height': 1006, 'html_attributions': ['<a href=""https://maps.google.com/maps/contrib/108948750561050202108"">A Google User</a>'], 'photo_reference': 'AUGGfZnz5CiL2B7XaNI5-i_vLjAH1LvAq-Df8rae2mhw2AfsSr8w8ZFxmrZWWYg1TtIVml9GQb4YAwQYaLlabgKZht1uImG-jqrPUQNdGGbWXWkDOU5F4L5G5n-GEEJdi8Jb0TtMChDgyoUDlPMs8UT3F9KJ8pnpfbdBO3zP7-qMJzo1S_Hz', 'width': 715}]",https://www.google.com/maps/place/?q=place_id:ChIJd4KbvxYtJjAR8jSDTFruU6k
OPERATIONAL,"MQ3M+GHJ, Unnamed Road, Lahusa Fau, Kec. Fanayama, Kabupaten Nias Selatan, Sumatera Utara 22865, Indonesia","{'location': {'lat': 0.6538252, 'lng': 97.7838809}, 'viewport': {'northeast': {'lat': 0.6546641500000001, 'lng': 97.78563975000002}, 'southwest': {'lat': 0.65130835, 'lng': 97.77860435}}}",https://maps.gstatic.com/mapfiles/place_api/icons/v1/png_71/generic_business-71.png,#13B5C7,https://maps.gstatic.com/mapfiles/place_api/icons/v2/generic_pinlet,Sihugu-hugu Waterfall,,ChIJb_zEHEwrJjARVPNzGszzWHY,,4.0,ChIJb_zEHEwrJjARVPNzGszzWHY,"['tourist_attraction', 'point_of_interest', 'establishment']",3.0,"[{'height': 3010, 'html_attributions': ['<a href=""https://maps.google.com/maps/contrib/113928050681852618423"">Adnan Photology</a>'], 'photo_reference': 'AUGGfZmd3BHcXzy2nL5hbZQM5ZMRlpUd_RCdkZjg7t8k9YcRo-l97mmJiTcSR_qw1C9mi-IDbQ_ffbUjOPy44MNNREifUw8CaurRBu9GlTaTFEc7fHkQFjXRj547SMgiIeZHRVYNeQSQaxC8M0Em7d1-wEIwQWUF5QPUkU72Lp0LoMIxI1zA', 'width': 4515}]",https://www.google.com/maps/place/?q=place_id:ChIJb_zEHEwrJjARVPNzGszzWHY
OPERATIONAL,"JV4P+H5G, Hiliamaetaluo, Nias, North Sumatra, Indonesia","{'location': {'lat': 0.6064417999999999, 'lng': 97.885438}, 'viewport': {'northeast': {'lat': 0.6081866298927222, 'lng': 97.88626467989272}, 'southwest': {'lat': 0.6054869701072777, 'lng': 97.88356502010728}}}",https://maps.gstatic.com/mapfiles/place_api/icons/v1/png_71/generic_business-71.png,#13B5C7,https://maps.gstatic.com/mapfiles/place_api/icons/v2/generic_pinlet,UKN Toma view,,ChIJIbXmlFKHKDARnFBL6zQmyyY,,0.0,ChIJIbXmlFKHKDARnFBL6zQmyyY,"['tourist_attraction', 'point_of_interest', 'establishment']",0.0,"[{'height': 1920, 'html_attributions': ['<a href=""https://maps.google.com/maps/contrib/103808411292773720824"">Unggul Suprayitno</a>'], 'photo_reference': 'AUGGfZlCOKkKLJtqvzXoggEPU8Y40nGfGYur6ZrzS3yONj0PlhQbMv61WWZrbkBoP4GuHt1eIqcY8BOvS8-Flo-_8vNDIUiXgRu_qkYToNd50gB-xQmeR3LedkyUJncOZoBe0Lc2N8QBAgOQ2vMjngOXc2p3DuqZVQcKvsp3TQlJKeZxhniV', 'width': 1080}]",https://www.google.com/maps/place/?q=place_id:ChIJIbXmlFKHKDARnFBL6zQmyyY
OPERATIONAL,"JMGR+JPP, Hilimbowo, Lolowau, South Nias Regency, North Sumatra 22864, Indonesia","{'location': {'lat': 0.6265874, 'lng': 97.6918268}, 'viewport': {'northeast': {'lat': 0.6300578, 'lng': 97.69636429999998}, 'southwest': {'lat': 0.6254306, 'lng': 97.69031430000003}}}",https://maps.gstatic.com/mapfiles/place_api/icons/v1/png_71/generic_business-71.png,#13B5C7,https://maps.gstatic.com/mapfiles/place_api/icons/v2/generic_pinlet,Slaparse Beach,,ChIJiSpxkIo7JjARE6YSSh5lBIA,,4.0,ChIJiSpxkIo7JjARE6YSSh5lBIA,"['tourist_attraction', 'point_of_interest', 'establishment']",3.0,"[{'height': 3264, 'html_attributions': ['<a href=""https://maps.google.com/maps/contrib/117744067206023444238"">A Google User</a>'], 'photo_reference': 'AUGGfZly6bsauhu2Tkg8PuwRuSoZhg1xR7JqvYuZhJJMg5Asuro2b4d3GBvQmVYcW2FtkY9V6-EO2wLSPEwmqrzV0Wd56mK7k8k27Oj4mGBo6fQklAqC7VmR0K3qimX7FES0U3lNTyVVlJPvFEnfjAGHBc027_2D3nwVkROu-lI5x8AXQN4d', 'width': 1472}]",https://www.google.com/maps/place/?q=place_id:ChIJiSpxkIo7JjARE6YSSh5lBIA
OPERATIONAL,"XW9V+7WM, Hilihoru, Bawolato, Nias Regency, North Sumatra, Indonesia","{'location': {'lat': 0.9682140999999999, 'lng': 97.9447895}, 'viewport': {'northeast': {'lat': 0.9695639298927222, 'lng': 97.94613932989272}, 'southwest': {'lat': 0.9668642701072779, 'lng': 97.94343967010728}}}",https://maps.gstatic.com/mapfiles/place_api/icons/v1/png_71/generic_business-71.png,#13B5C7,https://maps.gstatic.com/mapfiles/place_api/icons/v2/generic_pinlet,Pantai Balale,,ChIJ66y_A8KjKDARoMhJp79IAac,,5.0,ChIJ66y_A8KjKDARoMhJp79IAac,"['tourist_attraction', 'point_of_interest', 'establishment']",1.0,"[{'height': 1200, 'html_attributions': ['<a href=""https://maps.google.com/maps/contrib/117561574606439625355"">Eben Hura</a>'], 'photo_reference': 'AUGGfZnaDyIywUewsBwDnkcWFFRdGynaggEXmzjt3tAbYQk1-ZsV_t8ETg64Up5yTi6GYDOqGILXemQwOwYEHy-LJtCoWMnsgWhZd6uA0mL-xRIOVmNUJ-CBFgYdh9EMVrZpMadBUewSQL2kUa471pixubu6T1eBhDw1VOd7Hh81UmqmHDNd', 'width': 1600}]",https://www.google.com/maps/place/?q=place_id:ChIJ66y_A8KjKDARoMhJp79IAac
OPERATIONAL,"Desa Hilisalo,o, Kec. Amandraya, Kabupaten Nias Selatan, Sumatera Utara 22866, Indonesia","{'location': {'lat': 0.7119639, 'lng': 97.66008699999999}, 'viewport': {'northeast': {'lat': 0.7133137298927223, 'lng': 97.66143682989272}, 'southwest': {'lat': 0.7106140701072778, 'lng': 97.65873717010727}}}",https://maps.gstatic.com/mapfiles/place_api/icons/v1/png_71/generic_business-71.png,#13B5C7,https://maps.gstatic.com/mapfiles/place_api/icons/v2/generic_pinlet,Bram beach,,ChIJlzj-tRUvJjARhzCKmiD7qaw,"{'compound_code': 'PM66+Q2 Hilimbowo, South Nias Regency, North Sumatra, Indonesia', 'global_code': '6MGVPM66+Q2'}",5.0,ChIJlzj-tRUvJjARhzCKmiD7qaw,"['tourist_attraction', 'point_of_interest', 'establishment']",1.0,"[{'height': 1200, 'html_attributions': ['<a href=""https://maps.google.com/maps/contrib/114855705056852113192"">A Google User</a>'], 'photo_reference': 'AUGGfZkJaVRz1P3l_TSpStVh3tCax1_4ekjGgal9-nCP5iKV8368aMMuHLJPPBo4E82ZVV6OatRvs00POpHQSxtnam_ZoF1-HDQTQkzhsYYFS4IA0jwsrmJEpazaIEYvOtC-TQWIIwPQforT6z4g3aZFPYolvSFsgE8x8uZZijl7PzsWv7ev', 'width': 1600}]",https://www.google.com/maps/place/?q=place_id:ChIJlzj-tRUvJjARhzCKmiD7qaw
OPERATIONAL,"2VQQ+V4P, Tagaule, Bawolato, Nias Regency, North Sumatra 22876, Indonesia","{'location': {'lat': 1.0397157, 'lng': 97.8878271}, 'viewport': {'northeast': {'lat': 1.041054679892722, 'lng': 97.88915832989272}, 'southwest': {'lat': 1.038355020107278, 'lng': 97.88645867010729}}}",https://maps.gstatic.com/mapfiles/place_api/icons/v1/png_71/generic_business-71.png,#13B5C7,https://maps.gstatic.com/mapfiles/place_api/icons/v2/generic_pinlet,Desa Wisata Botohaenga,{'open_now': True},ChIJ0eq4CmWlKDARpXrUXSdrhm8,,0.0,ChIJ0eq4CmWlKDARpXrUXSdrhm8,"['tourist_attraction', 'point_of_interest', 'establishment']",0.0,"[{'height': 2944, 'html_attributions': ['<a href=""https://maps.google.com/maps/contrib/103313652976832552539"">A Google User</a>'], 'photo_reference': 'AUGGfZlSwC-Vm7_Kwln-HN67whlDH5zprzaDvtbj21j8Eceb0we6yUAkL5O31QoiPMoBoUIXFIzYMTXkFHmdI4dYkkDVibKEkDyE1nrX2qJckwitw3rFZRN17VMblAri8d04DYikl4iS-aaGUkksmMmQ9masqkuZl_iFRZSuileJuC2In3x-', 'width': 2944}]",https://www.google.com/maps/place/?q=place_id:ChIJ0eq4CmWlKDARpXrUXSdrhm8
OPERATIONAL,"HPCW+98F, Hiliamaetaniha, Teluk Dalam, South Nias Regency, North Sumatra 22865, Indonesia","{'location': {'lat': 0.570947, 'lng': 97.7458123}, 'viewport': {'northeast': {'lat': 0.5724164298927222, 'lng': 97.74736552989273}, 'southwest': {'lat': 0.5697167701072777, 'lng': 97.74466587010728}}}",https://maps.gstatic.com/mapfiles/place_api/icons/v1/png_71/generic_business-71.png,#13B5C7,https://maps.gstatic.com/mapfiles/place_api/icons/v2/generic_pinlet,villa baluze,{'open_now': True},ChIJazKm1qXVJzAR_qyxuywT5ZU,,3.9,ChIJazKm1qXVJzAR_qyxuywT5ZU,"['tourist_attraction', 'point_of_interest', 'establishment']",28.0,"[{'height': 1504, 'html_attributions': ['<a href=""https://maps.google.com/maps/contrib/104331421720155582104"">A Google User</a>'], 'photo_reference': 'AUGGfZmxYkgG_2a_cIWpLXlc75Wu-tP6K22pSTJ7avyZ89snKLZTAsTkRisfGFpU6iSZmqbpB1xvH_DdDh9_NLd_Iv2Kd1uEzryHWAyqCqfjOViNqvjSRmenrfq4Xdlevvjl7YBQCkQgt6m2W-pckXo4fqp5B6lhF2uNgAcFLGAffOlHQlg', 'width': 3264}]",https://www.google.com/maps/place/?q=place_id:ChIJazKm1qXVJzAR_qyxuywT5ZU
OPERATIONAL,"Unnamed Road, Hilisataro, Kec. Toma, Kabupaten Nias Selatan, Sumatera Utara 22865, Indonesia","{'location': {'lat': 0.6273502999999999, 'lng': 97.89296379999999}, 'viewport': {'northeast': {'lat': 0.6285908298927222, 'lng': 97.89397177989271}, 'southwest': {'lat': 0.6258911701072778, 'lng': 97.89127212010727}}}",https://maps.gstatic.com/mapfiles/place_api/icons/v1/png_71/generic_business-71.png,#13B5C7,https://maps.gstatic.com/mapfiles/place_api/icons/v2/generic_pinlet,Kawasan Wisata PUNCAK-KU,{'open_now': True},ChIJK3hOZhSHKDARVLw63HXPPMI,"{'compound_code': 'JVGV+W5 Hilisataro, South Nias Regency, North Sumatra, Indonesia', 'global_code': '6MGVJVGV+W5'}",4.4,ChIJK3hOZhSHKDARVLw63HXPPMI,"['tourist_attraction', 'point_of_interest', 'establishment']",62.0,"[{'height': 1080, 'html_attributions': ['<a href=""https://maps.google.com/maps/contrib/116145997670740465290"">ericd laia</a>'], 'photo_reference': 'AUGGfZmu8k67diq0Sy_bHolGRwT_Uy5Rk-fzzqFTLLg1NrcKYzeccSQDo4Y1Jd1CAiYRSXgc2aLczZ2Pk3ELpdWuD-3bmLUMSoN4YG2abof8V4uWIQjm_59Aqz0RPgV92phWLcKcMhzM8orl9VkNblPmq-G0UUd-Zk_GZI6nY17NFrJEEDsJ', 'width': 1920}]",https://www.google.com/maps/place/?q=place_id:ChIJK3hOZhSHKDARVLw63HXPPMI
OPERATIONAL,"MMM7+65, Hilihoru, Amandraya, South Nias Regency, North Sumatra, Indonesia","{'location': {'lat': 0.6830625, 'lng': 97.66293750000001}, 'viewport': {'northeast': {'lat': 0.6844123298927224, 'lng': 97.66428732989274}, 'southwest': {'lat': 0.6817126701072779, 'lng': 97.6615876701073}}}",https://maps.gstatic.com/mapfiles/place_api/icons/v1/png_71/generic_business-71.png,#13B5C7,https://maps.gstatic.com/mapfiles/place_api/icons/v2/generic_pinlet,Pantai Dendro,,ChIJJ-h8DxwvJjARylzBMeY5rGg,,0.0,ChIJJ-h8DxwvJjARylzBMeY5rGg,"['tourist_attraction', 'point_of_interest', 'establishment']",0.0,,https://www.google.com/maps/place/?q=place_id:ChIJJ-h8DxwvJjARylzBMeY5rGg
OPERATIONAL,"HVV5+CC9, Jl. Diponegoro, Bawonifaoso, Kec. Tlk. Dalam, Kabupaten Nias Selatan, Sumatera Utara 22865, Indonesia","{'location': {'lat': 0.5935417, 'lng': 97.85862259999999}, 'viewport': {'northeast': {'lat': 0.5949556798927221, 'lng': 97.85988757989271}, 'southwest': {'lat': 0.5922560201072777, 'lng': 97.85718792010728}}}",https://maps.gstatic.com/mapfiles/place_api/icons/v1/png_71/park-71.png,#4DB546,https://maps.gstatic.com/mapfiles/place_api/icons/v2/tree_pinlet,BATU ATOLA,,ChIJK5rvu3d_KDAR2Ua2i3wN5XY,,4.4,ChIJK5rvu3d_KDAR2Ua2i3wN5XY,"['park', 'point_of_interest', 'establishment']",24.0,"[{'height': 2268, 'html_attributions': ['<a href=""https://maps.google.com/maps/contrib/114087391239339513957"">eddy ginting</a>'], 'photo_reference': 'AUGGfZlgqwjRltHOP5FvUMrOp_54s6ifuBpFu3feBx3R-V3TRbEAzfK8q4IvisCQmuZPxGkj4_SfhxnlCl1IfLdbUpUO_V6nWytAb50vRA3gjo7K1xb0ERDGcQLxLhP_8VCBV16OTxeEC6lg-ErW-m67IqlY0V5xVmlm8gSI1QvN15yVkAaO', 'width': 4032}]",https://www.google.com/maps/place/?q=place_id:ChIJK5rvu3d_KDAR2Ua2i3wN5XY
,"Bawolato, Lahusa, South Nias Regency, North Sumatra, Indonesia","{'location': {'lat': 0.7721017, 'lng': 97.8639974}, 'viewport': {'northeast': {'lat': 0.7874439999999999, 'lng': 97.878107}, 'southwest': {'lat': 0.7554109, 'lng': 97.84831199999999}}}",https://maps.gstatic.com/mapfiles/place_api/icons/v1/png_71/geocode-71.png,#7B9EB0,https://maps.gstatic.com/mapfiles/place_api/icons/v2/generic_pinlet,Bawolato,,ChIJL5kWRZqcKDARBwACNOej_W4,,,ChIJL5kWRZqcKDARBwACNOej_W4,"['administrative_area_level_4', 'political']",,"[{'height': 2448, 'html_attributions': ['<a href=""https://maps.google.com/maps/contrib/110355212758347007265"">Agus Halawa</a>'], 'photo_reference': 'AUGGfZlTKifBEL1JP0tma-8KZjCk9VerIhbYtB_oFkPM_1FcfOI9q_B1_IsTsWwhbp7bkuS6_T0uJiZf1c4XeKbTU9gd5b1yNAOv-THXFhgaNruFEFHh5TkMPOzmFoD_jCW6vFisEL1XfA82WY9TE4NukMq61nH2C7ahxJ_dKNujWyKvkpoD', 'width': 3264}]",https://www.google.com/maps/place/?q=place_id:ChIJL5kWRZqcKDARBwACNOej_W4
OPERATIONAL,"JQ89+RJ8, Bawomataluo, Fanayama, South Nias Regency, North Sumatra 22865, Indonesia","{'location': {'lat': 0.6170496999999999, 'lng': 97.7690647}, 'viewport': {'northeast': {'lat': 0.6183995298927222, 'lng': 97.77041452989272}, 'southwest': {'lat': 0.6156998701072778, 'lng': 97.76771487010728}}}",https://maps.gstatic.com/mapfiles/place_api/icons/v1/png_71/park-71.png,#4DB546,https://maps.gstatic.com/mapfiles/place_api/icons/v2/tree_pinlet,Lewatö mbanua,,ChIJ0S6CqqsrJjARhaXASWbeGVY,,0.0,ChIJ0S6CqqsrJjARhaXASWbeGVY,"['park', 'point_of_interest', 'establishment']",0.0,,https://www.google.com/maps/place/?q=place_id:ChIJ0S6CqqsrJjARhaXASWbeGVY
OPERATIONAL,"RRJG+38G, Hilisao'oto, Lahusa, South Nias Regency, North Sumatra 22874, Indonesia","{'location': {'lat': 0.830178, 'lng': 97.825842}, 'viewport': {'northeast': {'lat': 0.8315310798927222, 'lng': 97.82722747989273}, 'southwest': {'lat': 0.8288314201072777, 'lng': 97.82452782010728}}}",https://maps.gstatic.com/mapfiles/place_api/icons/v1/png_71/camping-71.png,#4DB546,https://maps.gstatic.com/mapfiles/place_api/icons/v2/camping_pinlet,A Leni Telaumbanua,,ChIJTXWmAjKfKDARFbnHIx1F5Gw,,0.0,ChIJTXWmAjKfKDARFbnHIx1F5Gw,"['campground', 'lodging', 'park', 'point_of_interest', 'establishment']",0.0,,https://www.google.com/maps/place/?q=place_id:ChIJTXWmAjKfKDARFbnHIx1F5Gw
OPERATIONAL,"RRMG+5HJ, Hilisao'oto, Lahusa, South Nias Regency, North Sumatra 22874, Indonesia","{'location': {'lat': 0.8329582, 'lng': 97.82639619999999}, 'viewport': {'northeast': {'lat': 0.8342623298927222, 'lng': 97.82742657989272}, 'southwest': {'lat': 0.8315626701072778, 'lng': 97.82472692010728}}}",https://maps.gstatic.com/mapfiles/place_api/icons/v1/png_71/camping-71.png,#4DB546,https://maps.gstatic.com/mapfiles/place_api/icons/v2/camping_pinlet,A Tiba Telaumbanua,,ChIJYRtMh-ufKDAR92a7uKyFP50,,0.0,ChIJYRtMh-ufKDAR92a7uKyFP50,"['campground', 'lodging', 'park', 'point_of_interest', 'establishment']",0.0,,https://www.google.com/maps/place/?q=place_id:ChIJYRtMh-ufKDAR92a7uKyFP50
OPERATIONAL,"RRJG+R48, Hilisao'oto, Lahusa, South Nias Regency, North Sumatra 22874, Indonesia","{'location': {'lat': 0.8320472999999999, 'lng': 97.82533339999999}, 'viewport': {'northeast': {'lat': 0.8334428298927221, 'lng': 97.82671992989272}, 'southwest': {'lat': 0.8307431701072776, 'lng': 97.82402027010727}}}",https://maps.gstatic.com/mapfiles/place_api/icons/v1/png_71/camping-71.png,#4DB546,https://maps.gstatic.com/mapfiles/place_api/icons/v2/camping_pinlet,A Wiber Telaumbanua,,ChIJBxn6EYefKDARVVLdbG8X7L8,,0.0,ChIJBxn6EYefKDARVVLdbG8X7L8,"['campground', 'lodging', 'park', 'point_of_interest', 'establishment']",0.0,,https://www.google.com/maps/place/?q=place_id:ChIJBxn6EYefKDARVVLdbG8X7L8
OPERATIONAL,"RRGG+WMQ, Unnamed Road, Hilisao'oto, Kec. Sidua'ori, Kabupaten Nias Selatan, Sumatera Utara 22874, Indonesia","{'location': {'lat': 0.8273429, 'lng': 97.8267211}, 'viewport': {'northeast': {'lat': 0.8287144798927223, 'lng': 97.82809202989273}, 'southwest': {'lat': 0.8260148201072778, 'lng': 97.8253923701073}}}",https://maps.gstatic.com/mapfiles/place_api/icons/v1/png_71/camping-71.png,#4DB546,https://maps.gstatic.com/mapfiles/place_api/icons/v2/camping_pinlet,A Fandy Telaumbanua,,ChIJDyc0k4KfKDARBQr3084u09w,,0.0,ChIJDyc0k4KfKDARBQr3084u09w,"['campground', 'lodging', 'park', 'point_of_interest', 'establishment']",0.0,,https://www.google.com/maps/place/?q=place_id:ChIJDyc0k4KfKDARBQr3084u09w
OPERATIONAL,"QRPX+55R, Desa, Mondrowe, Kec. Sidua'ori, Kabupaten Nias Selatan, Sumatera Utara 22874, Indonesia","{'location': {'lat': 0.785816, 'lng': 97.84858709999999}, 'viewport': {'northeast': {'lat': 0.7871649798927222, 'lng': 97.84987922989272}, 'southwest': {'lat': 0.7844653201072778, 'lng': 97.84717957010727}}}",https://maps.gstatic.com/mapfiles/place_api/icons/v1/png_71/camping-71.png,#4DB546,https://maps.gstatic.com/mapfiles/place_api/icons/v2/camping_pinlet,Rumah Keluarga A.TINA LAIA,,ChIJQ7ZPHxKdKDARhTvcxDtfMHY,,0.0,ChIJQ7ZPHxKdKDARhTvcxDtfMHY,"['campground', 'lodging', 'park', 'point_of_interest', 'establishment']",0.0,,https://www.google.com/maps/place/?q=place_id:ChIJQ7ZPHxKdKDARhTvcxDtfMHY
OPERATIONAL,"RRGH+PFX, Unnamed Road, Hilisao'oto, Kec. Sidua'ori, Kabupaten Nias Selatan, Sumatera Utara 22874, Indonesia","{'location': {'lat': 0.8268677999999999, 'lng': 97.8287217}, 'viewport': {'northeast': {'lat': 0.8279630798927223, 'lng': 97.82980577989272}, 'southwest': {'lat': 0.8252634201072778, 'lng': 97.82710612010727}}}",https://maps.gstatic.com/mapfiles/place_api/icons/v1/png_71/camping-71.png,#4DB546,https://maps.gstatic.com/mapfiles/place_api/icons/v2/camping_pinlet,Ama Wilman Telaumbanua,,ChIJ_QXBF7KfKDAR7eKW-PN5100,,0.0,ChIJ_QXBF7KfKDAR7eKW-PN5100,"['campground', 'lodging', 'park', 'point_of_interest', 'establishment']",0.0,,https://www.google.com/maps/place/?q=place_id:ChIJ_QXBF7KfKDAR7eKW-PN5100
OPERATIONAL,"RRJG+28M, Hilisao'oto, Lahusa, South Nias Regency, North Sumatra 22874, Indonesia","{'location': {'lat': 0.8300837999999999, 'lng': 97.8257854}, 'viewport': {'northeast': {'lat': 0.8314398798927222, 'lng': 97.82720322989272}, 'southwest': {'lat': 0.8287402201072777, 'lng': 97.82450357010728}}}",https://maps.gstatic.com/mapfiles/place_api/icons/v1/png_71/camping-71.png,#4DB546,https://maps.gstatic.com/mapfiles/place_api/icons/v2/camping_pinlet,A Revo Telaumbanua,,ChIJq08EmYafKDARSoMFJ_UglFA,,0.0,ChIJq08EmYafKDARSoMFJ_UglFA,"['campground', 'lodging', 'park', 'point_of_interest', 'establishment']",0.0,,https://www.google.com/maps/place/?q=place_id:ChIJq08EmYafKDARSoMFJ_UglFA
OPERATIONAL,"Village, Jl. Hilisörömi, Indonesia","{'location': {'lat': 0.7175137, 'lng': 97.8955885}, 'viewport': {'northeast': {'lat': 0.7187154298927222, 'lng': 97.89648482989273}, 'southwest': {'lat': 0.7160157701072778, 'lng': 97.89378517010728}}}",https://maps.gstatic.com/mapfiles/place_api/icons/v1/png_71/generic_business-71.png,#13B5C7,https://maps.gstatic.com/mapfiles/place_api/icons/v2/generic_pinlet,UKN Hili Beach,{'open_now': True},ChIJO-0mDmuFKDARiBUrPRk0nHU,,0.0,ChIJO-0mDmuFKDARiBUrPRk0nHU,"['tourist_attraction', 'point_of_interest', 'establishment']",0.0,"[{'height': 4080, 'html_attributions': ['<a href=""https://maps.google.com/maps/contrib/103344069825495391544"">A Google User</a>'], 'photo_reference': 'AUGGfZm57p44_Xx0Oe2pzW7QYVoy0Gs21n1lCbIagmOhTqAOJm-lfvw7jFz1as462RbzILoYWOotgt6vpLZIVhxQK0iM1MVd9sO8T-f_h1UPwxgFR-sBJMmfSQhvmoWtrJXGfcEtyDJfWdryIsLZkOR0KwqkIfLCMG3uPssIIhXv31FTvjpb', 'width': 3060}]",https://www.google.com/maps/place/?q=place_id:ChIJO-0mDmuFKDARiBUrPRk0nHU
OPERATIONAL,"RRHG+X8H, Unnamed Road, Hilisao'oto, Kec. Sidua'ori, Kabupaten Nias Selatan, Sumatera Utara 22874, Indonesia","{'location': {'lat': 0.8299286, 'lng': 97.8258561}, 'viewport': {'northeast': {'lat': 0.8312821298927223, 'lng': 97.82724592989271}, 'southwest': {'lat': 0.8285824701072778, 'lng': 97.82454627010726}}}",https://maps.gstatic.com/mapfiles/place_api/icons/v1/png_71/camping-71.png,#4DB546,https://maps.gstatic.com/mapfiles/place_api/icons/v2/camping_pinlet,A Stoper Telaumbanua,,ChIJw1GfBcafKDARFO2ZB9cwskI,,0.0,ChIJw1GfBcafKDARFO2ZB9cwskI,"['campground', 'lodging', 'park', 'point_of_interest', 'establishment']",0.0,,https://www.google.com/maps/place/?q=place_id:ChIJw1GfBcafKDARFO2ZB9cwskI
OPERATIONAL,"RRMG+687, Hilisao'oto, Lahusa, South Nias Regency, North Sumatra 22874, Indonesia","{'location': {'lat': 0.8330375999999999, 'lng': 97.82579410000001}, 'viewport': {'northeast': {'lat': 0.8343290798927222, 'lng': 97.82710942989273}, 'southwest': {'lat': 0.8316294201072777, 'lng': 97.82440977010728}}}",https://maps.gstatic.com/mapfiles/place_api/icons/v1/png_71/camping-71.png,#4DB546,https://maps.gstatic.com/mapfiles/place_api/icons/v2/camping_pinlet,Ina Yari Telaumbanua,,ChIJmzxNyoOfKDARVYN2hg-1uI8,,0.0,ChIJmzxNyoOfKDARVYN2hg-1uI8,"['campground', 'lodging', 'park', 'point_of_interest', 'establishment']",0.0,,https://www.google.com/maps/place/?q=place_id:ChIJmzxNyoOfKDARVYN2hg-1uI8
OPERATIONAL,"RRMG+6CX, Hilisao'oto, Lahusa, South Nias Regency, North Sumatra 22874, Indonesia","{'location': {'lat': 0.833102, 'lng': 97.8260985}, 'viewport': {'northeast': {'lat': 0.8343342298927222, 'lng': 97.82727772989271}, 'southwest': {'lat': 0.8316345701072777, 'lng': 97.82457807010726}}}",https://maps.gstatic.com/mapfiles/place_api/icons/v1/png_71/camping-71.png,#4DB546,https://maps.gstatic.com/mapfiles/place_api/icons/v2/camping_pinlet,A Asalia Telaumbanua,,ChIJKTT4fvWfKDARuCkccj9_fGI,,0.0,ChIJKTT4fvWfKDARuCkccj9_fGI,"['campground', 'lodging', 'park', 'point_of_interest', 'establishment']",0.0,,https://www.google.com/maps/place/?q=place_id:ChIJKTT4fvWfKDARuCkccj9_fGI
OPERATIONAL,"RRJG+R98, Unnamed Road, Hilisao'oto, Kec. Sidua'ori, Kabupaten Nias Selatan, Sumatera Utara 22874, Indonesia","{'location': {'lat': 0.8320409, 'lng': 97.8259463}, 'viewport': {'northeast': {'lat': 0.8332922798927223, 'lng': 97.82717582989272}, 'southwest': {'lat': 0.8305926201072779, 'lng': 97.82447617010729}}}",https://maps.gstatic.com/mapfiles/place_api/icons/v1/png_71/camping-71.png,#4DB546,https://maps.gstatic.com/mapfiles/place_api/icons/v2/camping_pinlet,A Liati Telaumbanua,,ChIJr67rIgCfKDARMKsGgrF-dVU,,5.0,ChIJr67rIgCfKDARMKsGgrF-dVU,"['campground', 'lodging', 'park', 'point_of_interest', 'establishment']",1.0,"[{'height': 2560, 'html_attributions': ['<a href=""https://maps.google.com/maps/contrib/103583394670820926541"">A Google User</a>'], 'photo_reference': 'AUGGfZndId07ZUo2v6PlEK8w5CpwrcLOR1TK8GnRP1EmNss1U-7udhiPJjneh5fhX_5Xug_0B3pPyJfaF5enpWl12j0lbkKElc0TMht8XGhGLl-2XxAvh1j-RWfgkDCXvE9_6d0HrgIeJOgHrt_Qzwg533BJf6hSm2QH-28jFnzLoIXxwuwh', 'width': 1920}]",https://www.google.com/maps/place/?q=place_id:ChIJr67rIgCfKDARMKsGgrF-dVU
OPERATIONAL,"RRHG+FGG, Hilisao'oto, Lahusa, South Nias Regency, North Sumatra 22874, Indonesia","{'location': {'lat': 0.8286817999999999, 'lng': 97.8263339}, 'viewport': {'northeast': {'lat': 0.8300112798927222, 'lng': 97.82762257989272}, 'southwest': {'lat': 0.8273116201072778, 'lng': 97.82492292010727}}}",https://maps.gstatic.com/mapfiles/place_api/icons/v1/png_71/camping-71.png,#4DB546,https://maps.gstatic.com/mapfiles/place_api/icons/v2/camping_pinlet,Ama ifo Telaumbanua,,ChIJdc_c1Q6fKDARq3aRcmBtGkg,,0.0,ChIJdc_c1Q6fKDARq3aRcmBtGkg,"['campground', 'lodging', 'park', 'point_of_interest', 'establishment']",0.0,,https://www.google.com/maps/place/?q=place_id:ChIJdc_c1Q6fKDARq3aRcmBtGkg
OPERATIONAL,"RRGH+M72, Hilisao'oto, Lahusa, South Nias Regency, North Sumatra 22874, Indonesia","{'location': {'lat': 0.8266359, 'lng': 97.8281427}, 'viewport': {'northeast': {'lat': 0.8279106298927223, 'lng': 97.82944067989271}, 'southwest': {'lat': 0.8252109701072778, 'lng': 97.82674102010728}}}",https://maps.gstatic.com/mapfiles/place_api/icons/v1/png_71/camping-71.png,#4DB546,https://maps.gstatic.com/mapfiles/place_api/icons/v2/camping_pinlet,A Nelis Zebua,,ChIJZdmelRefKDARupNCA3IJjts,,0.0,ChIJZdmelRefKDARupNCA3IJjts,"['campground', 'lodging', 'park', 'point_of_interest', 'establishment']",0.0,,https://www.google.com/maps/place/?q=place_id:ChIJZdmelRefKDARupNCA3IJjts
