business_status,formatted_address,geometry,icon,icon_background_color,icon_mask_base_uri,name,opening_hours,photos,place_id,rating,reference,types,user_ratings_total,plus_code,price_level,url
OPERATIONAL,"F2XM+V5, Bongo, Batudaa Pantai, Gorontalo Regency, Gorontalo 96132, Indonesia","{'location': {'lat': 0.4996729999999999, 'lng': 123.0329417}, 'viewport': {'northeast': {'lat': 0.5009825298927222, 'lng': 123.0343047298927}, 'southwest': {'lat': 0.4982828701072778, 'lng': 123.0316050701072}}}",https://maps.gstatic.com/mapfiles/place_api/icons/v1/png_71/generic_business-71.png,#13B5C7,https://maps.gstatic.com/mapfiles/place_api/icons/v2/generic_pinlet,Desa Wisata Religi Bubohu Bongo,{'open_now': False},"[{'height': 5328, 'html_attributions': ['<a href=""https://maps.google.com/maps/contrib/117531299032851843831"">A Google User</a>'], 'photo_reference': 'AUGGfZlF7aXpL0VY-o7naIEpq0qHg6slAATfkiGz6aAzhJbZtJo2cXCLTc1VH2qtTexNGm_tuXBG7U_7Y2yQcJklOuuw6ddxbepvGivuNfjNZ274jU6udEGPvvYpJSitbA0sRZlDNHzwJr4s71yWE_wy5VPsSOrcYTtpqqnZeuuM_e4jKG4p', 'width': 4000}]",ChIJRRXyF-TVeDIRPwm7P5N4mWI,4.5,ChIJRRXyF-TVeDIRPwm7P5N4mWI,"['tourist_attraction', 'point_of_interest', 'establishment']",34,,,https://www.google.com/maps/place/?q=place_id:ChIJRRXyF-TVeDIRPwm7P5N4mWI
OPERATIONAL,"HW7M+739, Unnamed Road, Tabongo Tim., Kec. Tabongo, Kabupaten Gorontalo, Gorontalo 96271, Indonesia","{'location': {'lat': 0.5631636, 'lng': 122.9327242}, 'viewport': {'northeast': {'lat': 0.5645510298927221, 'lng': 122.9340937298927}, 'southwest': {'lat': 0.5618513701072776, 'lng': 122.9313940701073}}}",https://maps.gstatic.com/mapfiles/place_api/icons/v1/png_71/generic_business-71.png,#13B5C7,https://maps.gstatic.com/mapfiles/place_api/icons/v2/generic_pinlet,Wisata JatiLodungga,,"[{'height': 3264, 'html_attributions': ['<a href=""https://maps.google.com/maps/contrib/107993981551022619590"">septian tian</a>'], 'photo_reference': 'AUGGfZmQomTi6Xh-3fCDKNm0avg-NMF40rQ9vmIGKn4auwIkhpQEkIK5bxFhGt4hjGeyg-iXUk4a-8Cs_D-0TJgz8spf9ML1g7wtzRi_yH1PkooVnWaYTG2LzipsmplPVZDeHBYOLfnAeADGem4I5N1gjbh_8MICn_E9w1DxBNfL8_irrepN', 'width': 2448}]",ChIJI1SNBdIpeTIR2gUpfaCzJRc,3.9,ChIJI1SNBdIpeTIR2gUpfaCzJRc,"['tourist_attraction', 'point_of_interest', 'establishment']",8,,,https://www.google.com/maps/place/?q=place_id:ChIJI1SNBdIpeTIR2gUpfaCzJRc
OPERATIONAL,"F2WH+3G4, Bongo, Batudaa Pantai, Gorontalo Regency, Gorontalo 96132, Indonesia","{'location': {'lat': 0.4945251000000001, 'lng': 123.0287939}, 'viewport': {'northeast': {'lat': 0.4960319798927222, 'lng': 123.0301115798927}, 'southwest': {'lat': 0.4933323201072778, 'lng': 123.0274119201073}}}",https://maps.gstatic.com/mapfiles/place_api/icons/v1/png_71/generic_business-71.png,#13B5C7,https://maps.gstatic.com/mapfiles/place_api/icons/v2/generic_pinlet,Dulanga Beach,{'open_now': True},"[{'height': 3472, 'html_attributions': ['<a href=""https://maps.google.com/maps/contrib/116822259424643872919"">stevan salhabom</a>'], 'photo_reference': 'AUGGfZnlz16ObkzZUbWrNni8Aq44TaqpOmoxFuhL5iY_5aHRSgA_uhhLdc-WBdr9UQsGn9CBg6LV84VvR3CzF0xBYLXLGRogLo-UHlJsiMntwTRE0ARtF7h-kTqRC88RH7gVx3ZxgY8pQnNAAKRiO5ducBAXyBddSXIxc-KNkDI5jnAlXv5n', 'width': 4640}]",ChIJ9yG7GazVeDIRZTHRUer5M9w,4.4,ChIJ9yG7GazVeDIRZTHRUer5M9w,"['tourist_attraction', 'point_of_interest', 'establishment']",441,,,https://www.google.com/maps/place/?q=place_id:ChIJ9yG7GazVeDIRZTHRUer5M9w
OPERATIONAL,"F2WM+R7C, Unnamed Road, Bongo, Kec. Batudaa Pantai, Kabupaten Gorontalo, Gorontalo 96132, Indonesia","{'location': {'lat': 0.4989780999999999, 'lng': 123.0331749}, 'viewport': {'northeast': {'lat': 0.5003239798927221, 'lng': 123.0344913298927}, 'southwest': {'lat': 0.4976243201072778, 'lng': 123.0317916701073}}}",https://maps.gstatic.com/mapfiles/place_api/icons/v1/png_71/generic_business-71.png,#13B5C7,https://maps.gstatic.com/mapfiles/place_api/icons/v2/generic_pinlet,Taman Wisata Religius Bubohu,{'open_now': False},"[{'height': 3120, 'html_attributions': ['<a href=""https://maps.google.com/maps/contrib/107001104719429174631"">Reza Maha</a>'], 'photo_reference': 'AUGGfZlCdA14ey14Nbe69GVrSuGG-QkuB1PxZxKJQoaz2ZLmkHaVsTEQ1dtd9ccDXXZGAK-qtv5PjjiqtD1wwU5yT0JHKzeSTcrgI3VhXyffJmjcz6dDc6VOvxq4RY_6YwJspyq80GQ4a5aI-H8ZRnN9pHHjj_pWYTG0cvmyi8RmGAbm0Hos', 'width': 4160}]",ChIJac4rFFXVeDIR_LEix89qktw,4.6,ChIJac4rFFXVeDIR_LEix89qktw,"['tourist_attraction', 'point_of_interest', 'establishment']",297,,,https://www.google.com/maps/place/?q=place_id:ChIJac4rFFXVeDIR_LEix89qktw
OPERATIONAL,"H23R+2MG, Jl. Palma, Libuo, Kec. Dungingi, Kota Gorontalo, Gorontalo 96136, Indonesia","{'location': {'lat': 0.5534781, 'lng': 123.040694}, 'viewport': {'northeast': {'lat': 0.5547420798927223, 'lng': 123.0421408798927}, 'southwest': {'lat': 0.5520424201072778, 'lng': 123.0394412201073}}}",https://maps.gstatic.com/mapfiles/place_api/icons/v1/png_71/generic_business-71.png,#13B5C7,https://maps.gstatic.com/mapfiles/place_api/icons/v2/generic_pinlet,Bandhayo Pongayilo,,"[{'height': 1080, 'html_attributions': ['<a href=""https://maps.google.com/maps/contrib/110258399011245556591"">A Google User</a>'], 'photo_reference': 'AUGGfZmQ_PbeN7E0e3jtFjA41oOr_6Cn8vVOeaBnhs4rkPtsPN2I0K2Lqygxi9nPQv-g7TS0aZkJyuYOnFwdC9szJ6lTAKG0iuohfzuL_zxSMxSALoRb5RGkK5epsE5P3skDDmBlsALMZNojf6IoLvghK2pt8HUcmPrr6wKO7JQQ_OwdKJC8', 'width': 1920}]",ChIJ4SHcpV4reTIRrhOuDbbqS7I,4.5,ChIJ4SHcpV4reTIRrhOuDbbqS7I,"['tourist_attraction', 'point_of_interest', 'establishment']",2,,,https://www.google.com/maps/place/?q=place_id:ChIJ4SHcpV4reTIRrhOuDbbqS7I
OPERATIONAL,"East Biluhu, Batudaa Pantai, Gorontalo Regency, Gorontalo 96272, Indonesia","{'location': {'lat': 0.4884746, 'lng': 122.942183}, 'viewport': {'northeast': {'lat': 0.4901388298927221, 'lng': 122.9434452298927}, 'southwest': {'lat': 0.4874391701072776, 'lng': 122.9407455701073}}}",https://maps.gstatic.com/mapfiles/place_api/icons/v1/png_71/generic_business-71.png,#13B5C7,https://maps.gstatic.com/mapfiles/place_api/icons/v2/generic_pinlet,Tilalohe Beach Resort,{'open_now': False},"[{'height': 3000, 'html_attributions': ['<a href=""https://maps.google.com/maps/contrib/115720186618050167346"">fangki adiko</a>'], 'photo_reference': 'AUGGfZkBDtGdwvw8J6mxLUJNOAuYneXgK6GXky_vCCLgWjyONK10eCkJAsmv7YEknYTKNvDSpc6TTgjj698iNBeUC3r9VMEhy06AHKuPVaMhwY6pgU7UJgnnDWr-rn09wDGzlUqea2TdGq5eDThz_mVHJmAC14OR83ksu6Q3NQqahUm53b4W', 'width': 4000}]",ChIJ_xdXnW3XeDIR_sTWcugSj7I,4.4,ChIJ_xdXnW3XeDIR_sTWcugSj7I,"['tourist_attraction', 'point_of_interest', 'establishment']",125,"{'compound_code': 'FWQR+9V East Biluhu, Gorontalo Regency, Gorontalo, Indonesia', 'global_code': '6QG4FWQR+9V'}",,https://www.google.com/maps/place/?q=place_id:ChIJ_xdXnW3XeDIR_sTWcugSj7I
OPERATIONAL,"HVJ4+MVV, Upomela, Bongomeme, Gorontalo Regency, Gorontalo 96271, Indonesia","{'location': {'lat': 0.5817342999999999, 'lng': 122.8571691}, 'viewport': {'northeast': {'lat': 0.5830222798927223, 'lng': 122.8586320798927}, 'southwest': {'lat': 0.5803226201072778, 'lng': 122.8559324201073}}}",https://maps.gstatic.com/mapfiles/place_api/icons/v1/png_71/generic_business-71.png,#13B5C7,https://maps.gstatic.com/mapfiles/place_api/icons/v2/generic_pinlet,Dutula Lo Upomela,{'open_now': True},"[{'height': 540, 'html_attributions': ['<a href=""https://maps.google.com/maps/contrib/110285249079668825740"">A Google User</a>'], 'photo_reference': 'AUGGfZkxtxQLFUaaTyAe7j7NKnNDD1RMOiJbe1FULGdw1uFVuuNLgVj66PzvEh0E2Oqnc9wBpa5Mjk3rtdaKynTovHkKE6BcWo6PwfMEWOl0ZlXwHgAbSl76LWp5i3Zjq-3M7Oy2URU9-0lAImWt8yGUyX5-_ZCsfWkPrq9qWonrt_Jl-B9e', 'width': 720}]",ChIJQbp3dtIleTIR-8V2mmb-MbM,5.0,ChIJQbp3dtIleTIR-8V2mmb-MbM,"['tourist_attraction', 'point_of_interest', 'establishment']",4,,,https://www.google.com/maps/place/?q=place_id:ChIJQbp3dtIleTIR-8V2mmb-MbM
OPERATIONAL,"Dunggala, Tapa, Bone Bolango Regency, Gorontalo, Indonesia","{'location': {'lat': 0.6162474, 'lng': 123.0913454}, 'viewport': {'northeast': {'lat': 0.6172514798927223, 'lng': 123.0925302298927}, 'southwest': {'lat': 0.6145518201072778, 'lng': 123.0898305701072}}}",https://maps.gstatic.com/mapfiles/place_api/icons/v1/png_71/generic_business-71.png,#13B5C7,https://maps.gstatic.com/mapfiles/place_api/icons/v2/generic_pinlet,Rumah Alam Dunggala,{'open_now': False},"[{'height': 2448, 'html_attributions': ['<a href=""https://maps.google.com/maps/contrib/115310910295722840312"">A Google User</a>'], 'photo_reference': 'AUGGfZnKzwV2O4QDkZ7o5JfdcPI54WxhBtslRn_vGs4GrKVWcuN_P3zFJ2-UuFZmYvtsAkl1dDv2c8MEBFMHTs_4cxE7rDWQLigYIDhaXUAw6b3iHAOymzBYLd13oTe8WkepNWqpvJr4rjte-kWF5ADzZjf4oatYj4PxMG1Ii-QjRd0jaaRm', 'width': 3264}]",ChIJ0YYKuoTTfjIRuJthyMkTlzY,4.7,ChIJ0YYKuoTTfjIRuJthyMkTlzY,"['tourist_attraction', 'point_of_interest', 'establishment']",54,"{'compound_code': 'J38R+FG Dunggala, Bone Bolango Regency, Gorontalo, Indonesia', 'global_code': '6QG5J38R+FG'}",,https://www.google.com/maps/place/?q=place_id:ChIJ0YYKuoTTfjIRuJthyMkTlzY
OPERATIONAL,"FQPC+4J, Lobuto, Biluhu, Gorontalo Regency, Gorontalo 96272, Indonesia","{'location': {'lat': 0.4853278, 'lng': 122.7715097}, 'viewport': {'northeast': {'lat': 0.4865978298927222, 'lng': 122.7729266798927}, 'southwest': {'lat': 0.4838981701072777, 'lng': 122.7702270201073}}}",https://maps.gstatic.com/mapfiles/place_api/icons/v1/png_71/generic_business-71.png,#13B5C7,https://maps.gstatic.com/mapfiles/place_api/icons/v2/generic_pinlet,"Wisata Maleu, DesaLobuto, Kec. Biluhu",,"[{'height': 1200, 'html_attributions': ['<a href=""https://maps.google.com/maps/contrib/107100580204920663743"">A Google User</a>'], 'photo_reference': 'AUGGfZmE8vqVLDY4RtiWXCWqsudaoB-ys2EfZOAXur5wyTlOIrVbuDxwQMNpJ8mkNbj7eDRQ6jRX-z6c0-7vu4hmBlIbh4ZfFn8zxolAXN0FUYIFTArZiS_VSd9BvHIucQOSO7hngOSs27cZEROVcy1gdi3sxIK38GIYDjcRlOdMqlxfAXw6', 'width': 1600}]",ChIJKdUz0frfeDIRckfciVdDZW4,4.8,ChIJKdUz0frfeDIRckfciVdDZW4,"['tourist_attraction', 'point_of_interest', 'establishment']",4,,,https://www.google.com/maps/place/?q=place_id:ChIJKdUz0frfeDIRckfciVdDZW4
OPERATIONAL,"FXRF+59J, East Biluhu, Batudaa Pantai, Gorontalo Regency, Gorontalo, Indonesia","{'location': {'lat': 0.4904571, 'lng': 122.9734002}, 'viewport': {'northeast': {'lat': 0.4918069298927222, 'lng': 122.9747500298927}, 'southwest': {'lat': 0.4891072701072778, 'lng': 122.9720503701073}}}",https://maps.gstatic.com/mapfiles/place_api/icons/v1/png_71/generic_business-71.png,#13B5C7,https://maps.gstatic.com/mapfiles/place_api/icons/v2/generic_pinlet,Pantai Biluhu Timur,{'open_now': True},"[{'height': 774, 'html_attributions': ['<a href=""https://maps.google.com/maps/contrib/104834018129826833650"">Hendrix YF</a>'], 'photo_reference': 'AUGGfZms8U48kK_NJetT1Y4-GVhMFQ4ORA2huHLdLXApw-Qtcuqr-C7AfGe6bcxpfq3nBefOBVUV5SRtWgYHlRgohLCycteXZgQKQDeZHxnTS3P-SO8arOz5oW4BWhThHkk3PUWZDihkgPhgTvbCp8tD0YTGXOJThe_tdzLdQ5fO5XDHQAVp', 'width': 1032}]",ChIJ-3JZCxPWeDIR3HVsypuyqCw,4.5,ChIJ-3JZCxPWeDIR3HVsypuyqCw,"['tourist_attraction', 'point_of_interest', 'establishment']",156,,,https://www.google.com/maps/place/?q=place_id:ChIJ-3JZCxPWeDIR3HVsypuyqCw
OPERATIONAL,"FXQV+73H, Kayubulan, Batudaa Pantai, Gorontalo Regency, Gorontalo 96272, Indonesia","{'location': {'lat': 0.488187, 'lng': 122.9927346}, 'viewport': {'northeast': {'lat': 0.4894812298927222, 'lng': 122.9941467298927}, 'southwest': {'lat': 0.4867815701072777, 'lng': 122.9914470701073}}}",https://maps.gstatic.com/mapfiles/place_api/icons/v1/png_71/generic_business-71.png,#13B5C7,https://maps.gstatic.com/mapfiles/place_api/icons/v2/generic_pinlet,LENTADU PADENGO,,"[{'height': 1920, 'html_attributions': ['<a href=""https://maps.google.com/maps/contrib/110523073166715393124"">A Google User</a>'], 'photo_reference': 'AUGGfZmz8_eRcjF6j8r59PTWdoNUosfyDFut0lnevpfGrlTsMg_ZvVayAjvcT0JwLBi07QZ9hoKx4OBcKXngvRF320RK8dFPfqErRXi96lgTsYzFTI5g_py_AGy2Q8mD6wBKNwQGRCKmIQTdeoyfV6BrtWQ_7tpAp_651iiG2N37ovFUv-aS', 'width': 2560}]",ChIJtZayL8XVeDIRpnbQpqkKODM,5.0,ChIJtZayL8XVeDIRpnbQpqkKODM,"['tourist_attraction', 'point_of_interest', 'establishment']",2,,,https://www.google.com/maps/place/?q=place_id:ChIJtZayL8XVeDIRpnbQpqkKODM
OPERATIONAL,"FXX5+V6, East Biluhu, Batudaa Pantai, Gorontalo Regency, Gorontalo, Indonesia","{'location': {'lat': 0.4996946, 'lng': 122.95812}, 'viewport': {'northeast': {'lat': 0.5010444298927222, 'lng': 122.9594698298927}, 'southwest': {'lat': 0.4983447701072778, 'lng': 122.9567701701073}}}",https://maps.gstatic.com/mapfiles/place_api/icons/v1/png_71/generic_business-71.png,#13B5C7,https://maps.gstatic.com/mapfiles/place_api/icons/v2/generic_pinlet,Embung Biluhu Timur,,,ChIJh75xTQDXeDIRjX4ordkw8-s,2.0,ChIJh75xTQDXeDIRjX4ordkw8-s,"['tourist_attraction', 'point_of_interest', 'establishment']",2,,,https://www.google.com/maps/place/?q=place_id:ChIJh75xTQDXeDIRjX4ordkw8-s
OPERATIONAL,"ex agussalim, Jl. Prof. Dr. H.B. Jassin, Tomulabutao Sel., Kec. Dungingi, Kota Gorontalo, Gorontalo 96128, Indonesia","{'location': {'lat': 0.5653787, 'lng': 123.0474125}, 'viewport': {'northeast': {'lat': 0.5667280798927222, 'lng': 123.0487983798927}, 'southwest': {'lat': 0.5640284201072777, 'lng': 123.0460987201072}}}",https://maps.gstatic.com/mapfiles/place_api/icons/v1/png_71/generic_business-71.png,#13B5C7,https://maps.gstatic.com/mapfiles/place_api/icons/v2/generic_pinlet,indonesian tourism(GORONTALO),{'open_now': True},"[{'height': 411, 'html_attributions': ['<a href=""https://maps.google.com/maps/contrib/114272224149231479934"">A Google User</a>'], 'photo_reference': 'AUGGfZkTKGY_e_n2iXSdHg5MjRuVRrLwmwE_9byCG0rMzD-f6ZhGiGw5AG9eUXkGKd_MRxAggGBAZf91L9Wkt2SrzAsmFx9qiuuGSEgU03A8d53LRhlRCLBdVhoZAfRVl1GCkVWl87CLCYRmrgtrMXtTBA_0nKFYQM_HSD2YUT7_q626CSQQ', 'width': 730}]",ChIJK2AdK1kreTIRiYxBKH_ZgLc,5.0,ChIJK2AdK1kreTIRiYxBKH_ZgLc,"['tourist_attraction', 'point_of_interest', 'establishment']",1,"{'compound_code': 'H28W+5X South Tomulabutao, Gorontalo Regency, Gorontalo, Indonesia', 'global_code': '6QG5H28W+5X'}",,https://www.google.com/maps/place/?q=place_id:ChIJK2AdK1kreTIRiYxBKH_ZgLc
OPERATIONAL,"FXQH+GH2, Kayubulan, Batudaa Pantai, Gorontalo Regency, Gorontalo 96272, Indonesia","{'location': {'lat': 0.4885172, 'lng': 122.9789474}, 'viewport': {'northeast': {'lat': 0.4898670298927223, 'lng': 122.9802972298927}, 'southwest': {'lat': 0.4871673701072778, 'lng': 122.9775975701073}}}",https://maps.gstatic.com/mapfiles/place_api/icons/v1/png_71/generic_business-71.png,#13B5C7,https://maps.gstatic.com/mapfiles/place_api/icons/v2/generic_pinlet,buotanga,,,ChIJ9T8lDADXeDIR_15f59F7Rdo,0.0,ChIJ9T8lDADXeDIR_15f59F7Rdo,"['tourist_attraction', 'point_of_interest', 'establishment']",0,,,https://www.google.com/maps/place/?q=place_id:ChIJ9T8lDADXeDIR_15f59F7Rdo
OPERATIONAL,"MRGX+P5F, Botumoputi, Tibawa, Gorontalo Regency, Gorontalo, Indonesia","{'location': {'lat': 0.6768062, 'lng': 122.8479358}, 'viewport': {'northeast': {'lat': 0.6784018798927223, 'lng': 122.84902715}, 'southwest': {'lat': 0.6757022201072778, 'lng': 122.84466175}}}",https://maps.gstatic.com/mapfiles/place_api/icons/v1/png_71/generic_business-71.png,#13B5C7,https://maps.gstatic.com/mapfiles/place_api/icons/v2/generic_pinlet,Dusun karlota,,,ChIJ599PGQA7eTIRqo-D7eK9VTc,0.0,ChIJ599PGQA7eTIRqo-D7eK9VTc,"['tourist_attraction', 'point_of_interest', 'establishment']",0,,,https://www.google.com/maps/place/?q=place_id:ChIJ599PGQA7eTIRqo-D7eK9VTc
OPERATIONAL,"P29P+JH2, Dulamayo Utara, Telaga Biru, Gorontalo Regency, Gorontalo 96181, Indonesia","{'location': {'lat': 0.7190089, 'lng': 123.0363859}, 'viewport': {'northeast': {'lat': 0.7203587298927222, 'lng': 123.0377357298927}, 'southwest': {'lat': 0.7176590701072777, 'lng': 123.0350360701073}}}",https://maps.gstatic.com/mapfiles/place_api/icons/v1/png_71/park-71.png,#4DB546,https://maps.gstatic.com/mapfiles/place_api/icons/v2/tree_pinlet,Camping Area - Dulamayo,{'open_now': True},"[{'height': 3024, 'html_attributions': ['<a href=""https://maps.google.com/maps/contrib/108704121279281330938"">faisal abubakar lubis</a>'], 'photo_reference': 'AUGGfZk7P6_YBFne1W_oiY6R2f4zl9GGhUepb91yDIp5fD-q-MJjWczgJsEzFJybv2B1QDg7bWCwRoaUwONvLrf_t87KTSF7RU2CUuERPcrH9CyEGVKbxK4X_HHkHooUaSCrUHSIB54goqqDlbhJs8CXpFw7hBv5taP7r2GjghD7_xJWJk8E', 'width': 4032}]",ChIJU7VakPc0eTIRnFtWMT1r9Zw,4.6,ChIJU7VakPc0eTIRnFtWMT1r9Zw,"['park', 'tourist_attraction', 'point_of_interest', 'establishment']",307,,,https://www.google.com/maps/place/?q=place_id:ChIJU7VakPc0eTIRnFtWMT1r9Zw
OPERATIONAL,"FXR9+G4Q, Unnamed Road, Biluhu Tim., Kec. Batudaa Pantai, Kabupaten Gorontalo, Gorontalo 96272, Indonesia","{'location': {'lat': 0.4913395, 'lng': 122.9678581}, 'viewport': {'northeast': {'lat': 0.4927537298927223, 'lng': 122.9692793298927}, 'southwest': {'lat': 0.4900540701072778, 'lng': 122.9665796701073}}}",https://maps.gstatic.com/mapfiles/place_api/icons/v1/png_71/generic_business-71.png,#13B5C7,https://maps.gstatic.com/mapfiles/place_api/icons/v2/generic_pinlet,Kampoeng Haeda Dive,{'open_now': True},"[{'height': 1080, 'html_attributions': ['<a href=""https://maps.google.com/maps/contrib/112237075985644695793"">Oyan Koya</a>'], 'photo_reference': 'AUGGfZlFYI-kQ4dbgyGuGaTcsOKXD2AquK-zWV1bsDWnf5ike8daTqZ3f5MY741hCBxxnPklqg06lhrOmI9bc-uaBaltF05eDXrFDkpGsReQMyhJq_jljz6h9ho0e51BNvfI7hmYBq5ymqAR7euBc6eycYEzwSe94Csh7av3Lz38kpLUX6zM', 'width': 1920}]",ChIJyzYMA-DXeDIR02GG-OSpWxQ,3.5,ChIJyzYMA-DXeDIR02GG-OSpWxQ,"['tourist_attraction', 'point_of_interest', 'establishment']",2,,,https://www.google.com/maps/place/?q=place_id:ChIJyzYMA-DXeDIR02GG-OSpWxQ
OPERATIONAL,"GX56+F73, East Biluhu, Batudaa Pantai, Gorontalo Regency, Gorontalo, Indonesia","{'location': {'lat': 0.5086400999999999, 'lng': 122.9606685}, 'viewport': {'northeast': {'lat': 0.5099899298927222, 'lng': 122.9620183298927}, 'southwest': {'lat': 0.5072902701072777, 'lng': 122.9593186701073}}}",https://maps.gstatic.com/mapfiles/place_api/icons/v1/png_71/generic_business-71.png,#13B5C7,https://maps.gstatic.com/mapfiles/place_api/icons/v2/generic_pinlet,Tilalohe Beach & Resort,,,ChIJS9LIlOIpeTIRZYOPMWwgBNw,5.0,ChIJS9LIlOIpeTIRZYOPMWwgBNw,"['tourist_attraction', 'point_of_interest', 'establishment']",1,,,https://www.google.com/maps/place/?q=place_id:ChIJS9LIlOIpeTIRZYOPMWwgBNw
OPERATIONAL,"GX27+CC2, East Biluhu, Batudaa Pantai, Gorontalo Regency, Gorontalo 96272, Indonesia","{'location': {'lat': 0.5010098, 'lng': 122.9635227}, 'viewport': {'northeast': {'lat': 0.5026115500000001, 'lng': 122.9655498}, 'southwest': {'lat': 0.49620455, 'lng': 122.962847}}}",https://maps.gstatic.com/mapfiles/place_api/icons/v1/png_71/generic_business-71.png,#13B5C7,https://maps.gstatic.com/mapfiles/place_api/icons/v2/generic_pinlet,Air Terjun Bongoda'a,{'open_now': True},"[{'height': 3264, 'html_attributions': ['<a href=""https://maps.google.com/maps/contrib/111166390421538997692"">Angki Putra</a>'], 'photo_reference': 'AUGGfZlSHjNW8vBWaM1PxfwdotHvvRdHhvuCN5S_UXT6tERAGtHYP99AOj8vIchDO6oYlKF_4ivSNAGz0Kwdgt9JFPlCdPdWW_FVuWj7C7LtwGiZfuYZTQPIGlNhIZ-CqZ66JVMAmdubp657gzJiww494rckJPby9csZ5YXZ4RiuWXA5EAN0', 'width': 2448}]",ChIJN4tlRGHXeDIRCyZPVmN2e_8,5.0,ChIJN4tlRGHXeDIRCyZPVmN2e_8,"['tourist_attraction', 'point_of_interest', 'establishment']",4,,,https://www.google.com/maps/place/?q=place_id:ChIJN4tlRGHXeDIRCyZPVmN2e_8
OPERATIONAL,"JJX7+MXJ, Sido Mulyo, Boliyohuto, Gorontalo Regency, Gorontalo 96264, Indonesia","{'location': {'lat': 0.6492184999999999, 'lng': 122.6148964}, 'viewport': {'northeast': {'lat': 0.6505445298927222, 'lng': 122.6162254798927}, 'southwest': {'lat': 0.6478448701072778, 'lng': 122.6135258201072}}}",https://maps.gstatic.com/mapfiles/place_api/icons/v1/png_71/generic_business-71.png,#13B5C7,https://maps.gstatic.com/mapfiles/place_api/icons/v2/generic_pinlet,Sigit P KAMPOENG,,,ChIJ69wPG5IReTIRZi7jv-IBJFA,5.0,ChIJ69wPG5IReTIRZi7jv-IBJFA,"['tourist_attraction', 'point_of_interest', 'establishment']",1,,,https://www.google.com/maps/place/?q=place_id:ChIJ69wPG5IReTIRZi7jv-IBJFA
OPERATIONAL,"Jl. Baso Bobihoe No.308, Kayubulan, Kec. Limboto, Kabupaten Gorontalo, Gorontalo 96214, Indonesia","{'location': {'lat': 0.6269984, 'lng': 122.9798882}, 'viewport': {'northeast': {'lat': 0.6283487298927222, 'lng': 122.9812343298927}, 'southwest': {'lat': 0.6256490701072777, 'lng': 122.9785346701073}}}",https://maps.gstatic.com/mapfiles/place_api/icons/v1/png_71/generic_business-71.png,#13B5C7,https://maps.gstatic.com/mapfiles/place_api/icons/v2/generic_pinlet,Limboto Tower,{'open_now': False},"[{'height': 4000, 'html_attributions': ['<a href=""https://maps.google.com/maps/contrib/103283304421644132169"">Helmy Duta Saputra</a>'], 'photo_reference': 'AUGGfZmcuuox-TcfXYq7ebRoJX5V4otSP9mGyeOb7b_i2B8csD_MH8NULY9Dze45G5TvlHzbB-YPJujhPSYOM7ZGHPo3eMBpV6p1KiMbqDPGpxANDjM1byrUZZPela2Ni2KF4QL5AbpmpSO581Tud5SdktbIL1pl-Q3V-07P83Aq4GEQCTkY', 'width': 3000}]",ChIJXeflmUcreTIRThXj-qplVcA,4.6,ChIJXeflmUcreTIRThXj-qplVcA,"['tourist_attraction', 'travel_agency', 'point_of_interest', 'establishment']",5697,"{'compound_code': 'JXGH+QX Kayubulan, Gorontalo Regency, Gorontalo, Indonesia', 'global_code': '6QG4JXGH+QX'}",,https://www.google.com/maps/place/?q=place_id:ChIJXeflmUcreTIRThXj-qplVcA
OPERATIONAL,"FXV7+P95, East Biluhu, Batudaa Pantai, Gorontalo Regency, Gorontalo 96272, Indonesia","{'location': {'lat': 0.496124, 'lng': 122.9643578}, 'viewport': {'northeast': {'lat': 0.4974759798927221, 'lng': 122.9657013798927}, 'southwest': {'lat': 0.4947763201072777, 'lng': 122.9630017201073}}}",https://maps.gstatic.com/mapfiles/place_api/icons/v1/png_71/generic_business-71.png,#13B5C7,https://maps.gstatic.com/mapfiles/place_api/icons/v2/generic_pinlet,Desa Cahaya Biluhu Timur,,"[{'height': 4000, 'html_attributions': ['<a href=""https://maps.google.com/maps/contrib/110733215740327582631"">Melawati Rizki Hawa</a>'], 'photo_reference': 'AUGGfZm1lytbJ5KmLtbhlJ6LcXRiM9h-37QFbevXRfpr97to-t8eyzrgC3Kx19i3qL-wpMsM_VWW0FKmtA7sTuaaOmUbOxjd5BU4L7OOv7UvOsu5-3RlJ_KAF09PtXjIJj2nk8Q_UVW8j732qYK11_MAJi7_wGYVTfAAmpF5dkxqCCV6x498', 'width': 3000}]",ChIJ4dlfFwDXeDIR-R26pRCY8nU,5.0,ChIJ4dlfFwDXeDIR-R26pRCY8nU,"['tourist_attraction', 'point_of_interest', 'establishment']",3,,,https://www.google.com/maps/place/?q=place_id:ChIJ4dlfFwDXeDIR-R26pRCY8nU
OPERATIONAL,"RR5R+FHH, Tolongio, Anggrek, North Gorontalo Regency, Gorontalo, Indonesia","{'location': {'lat': 0.8086844, 'lng': 122.8414731}, 'viewport': {'northeast': {'lat': 0.8101479298927222, 'lng': 122.8422981298927}, 'southwest': {'lat': 0.8074482701072777, 'lng': 122.8395984701073}}}",https://maps.gstatic.com/mapfiles/place_api/icons/v1/png_71/generic_business-71.png,#13B5C7,https://maps.gstatic.com/mapfiles/place_api/icons/v2/generic_pinlet,Wisata Tracking mangrove,,"[{'height': 4160, 'html_attributions': ['<a href=""https://maps.google.com/maps/contrib/117599025114008196600"">Abiko Fahrizalow</a>'], 'photo_reference': 'AUGGfZnCEyP8CeaIr6xX2mCB3Ogo75oovi5dzh-icnBQN--YzHKTWpOUSLPJSiqBDGfoKAb44EBoFIGsLMxgwwfphAbg1rkioZRY80-JTZlDVBmxBCsAYTV6c34aSHc1hOD1Dn0sZWC1PQbomNZ3-vNDaCLjcCHdMKodAicF9f4vOiOCqvAn', 'width': 3120}]",ChIJ8RGPY5lHeTIRPeu6Ss_dQa4,4.7,ChIJ8RGPY5lHeTIRPeu6Ss_dQa4,"['tourist_attraction', 'point_of_interest', 'establishment']",24,,,https://www.google.com/maps/place/?q=place_id:ChIJ8RGPY5lHeTIRPeu6Ss_dQa4
OPERATIONAL,"G3G3+2G9, Siendeng, Hulonthalangi, Kota Gorontalo, Gorontalo 96133, Indonesia","{'location': {'lat': 0.5250445, 'lng': 123.0538719}, 'viewport': {'northeast': {'lat': 0.5264083798927223, 'lng': 123.0551980298927}, 'southwest': {'lat': 0.5237087201072779, 'lng': 123.0524983701073}}}",https://maps.gstatic.com/mapfiles/place_api/icons/v1/png_71/generic_business-71.png,#13B5C7,https://maps.gstatic.com/mapfiles/place_api/icons/v2/generic_pinlet,Wisata Gunung Layang,{'open_now': True},"[{'height': 853, 'html_attributions': ['<a href=""https://maps.google.com/maps/contrib/108544703113054322661"">Fatra Ligawa</a>'], 'photo_reference': 'AUGGfZk8NYHX3PBwC9Z4q21M2V6QLWJ2zPOznamat76bg6IXPX_vt51mDcSPwGhYwofJOa4t37CqMqffoRqkQVQ4JuLbNgU0182yAMkrxpagz5iCwTnIe8FFHxeFPke-6o41yaC8Eg3eyJINS-hjBuRY6XGBHkaiO-HiWwjXE5Bb_aEwvf5P', 'width': 1280}]",ChIJ8RqToekqeTIRiwMnfziJ0nE,4.1,ChIJ8RqToekqeTIRiwMnfziJ0nE,"['tourist_attraction', 'point_of_interest', 'establishment']",51,,,https://www.google.com/maps/place/?q=place_id:ChIJ8RqToekqeTIRiwMnfziJ0nE
OPERATIONAL,"Molowahu, Tibawa, Gorontalo Regency, Gorontalo 96231, Indonesia","{'location': {'lat': 0.6095733999999999, 'lng': 122.8526737}, 'viewport': {'northeast': {'lat': 0.610910629892722, 'lng': 122.8539978298927}, 'southwest': {'lat': 0.6082109701072776, 'lng': 122.8512981701073}}}",https://maps.gstatic.com/mapfiles/place_api/icons/v1/png_71/generic_business-71.png,#13B5C7,https://maps.gstatic.com/mapfiles/place_api/icons/v2/generic_pinlet,Villa Desaku,{'open_now': False},"[{'height': 6000, 'html_attributions': ['<a href=""https://maps.google.com/maps/contrib/116526010329298955964"">A Google User</a>'], 'photo_reference': 'AUGGfZnPWM0EgmFIdRtNnJNuLvrRmExlIVYAprKfKDJ0sqpBe_gWh06iphzR-bo6oSQgJ_jrL1PdUEI52Q2SRSLM0pfHdUOLkSqfF06kz6_gpYUWqfHvqeFF5khNwhr57o4RT6MJYeUOeTXDfsrpc8y2FHf63UoZgb70AlNlBzLXl0XSpiNk', 'width': 8000}]",ChIJ-07-cVwleTIRKW5KRzYJFIw,4.3,ChIJ-07-cVwleTIRKW5KRzYJFIw,"['tourist_attraction', 'point_of_interest', 'establishment']",145,"{'compound_code': 'JV53+R3 Molowahu, Gorontalo Regency, Gorontalo, Indonesia', 'global_code': '6QG4JV53+R3'}",,https://www.google.com/maps/place/?q=place_id:ChIJ-07-cVwleTIRKW5KRzYJFIw
OPERATIONAL,"Jl. R. Atje Slamet, Leato Utara, Kec. Kota Tim., Kota Gorontalo, Gorontalo, Indonesia","{'location': {'lat': 0.5002305000000001, 'lng': 123.0674662}, 'viewport': {'northeast': {'lat': 0.5016081798927222, 'lng': 123.0688343798927}, 'southwest': {'lat': 0.4989085201072778, 'lng': 123.0661347201073}}}",https://maps.gstatic.com/mapfiles/place_api/icons/v1/png_71/restaurant-71.png,#FF9E67,https://maps.gstatic.com/mapfiles/place_api/icons/v2/restaurant_pinlet,WISATA TAMENDAO BEACH,{'open_now': False},"[{'height': 2604, 'html_attributions': ['<a href=""https://maps.google.com/maps/contrib/103849080592020617355"">Akhmad Susanto</a>'], 'photo_reference': 'AUGGfZmzRAVyIs6dBLyw0V7awa8ZEbLfyN59CmmfzfIhkiK524emzcKoN46clnDDEHJFB4Ro2xhz3zmJIUm0lKY9XRhY2Jvk8YsKGWd5lMfyFa5WWVRzK3CR09XBYnav-5nLch2l4MrrLWVFCqEdklPkYkh3bf6OauQA8iNGox1bMXDJCU5g', 'width': 4624}]",ChIJQyUDZ53VeDIRm2mp-Ohmsuo,4.4,ChIJQyUDZ53VeDIRm2mp-Ohmsuo,"['tourist_attraction', 'food', 'point_of_interest', 'establishment']",787,"{'compound_code': 'G328+3X North Leato, Kota Gorontalo, Gorontalo, Indonesia', 'global_code': '6QG5G328+3X'}",,https://www.google.com/maps/place/?q=place_id:ChIJQyUDZ53VeDIRm2mp-Ohmsuo
OPERATIONAL,"G2XH+FJG, Tualango, Tilango, Gorontalo Regency, Gorontalo 96136, Indonesia","{'location': {'lat': 0.5484484, 'lng': 123.0291922}, 'viewport': {'northeast': {'lat': 0.5497982298927222, 'lng': 123.0305420298927}, 'southwest': {'lat': 0.5470985701072778, 'lng': 123.0278423701073}}}",https://maps.gstatic.com/mapfiles/place_api/icons/v1/png_71/generic_business-71.png,#13B5C7,https://maps.gstatic.com/mapfiles/place_api/icons/v2/generic_pinlet,Pohon Asam Tuwawu,,,ChIJJZ0dfwAreTIRcKqwJiAxdeQ,5.0,ChIJJZ0dfwAreTIRcKqwJiAxdeQ,"['tourist_attraction', 'point_of_interest', 'establishment']",1,,,https://www.google.com/maps/place/?q=place_id:ChIJJZ0dfwAreTIRcKqwJiAxdeQ
OPERATIONAL,"J2FG+JWM, Jl. Gorontalo Outer Ring Road, Timuato, Kec. Telaga Biru, Kabupaten Gorontalo, Gorontalo 96181, Indonesia","{'location': {'lat': 0.6240829999999999, 'lng': 123.0272959}, 'viewport': {'northeast': {'lat': 0.6253812798927222, 'lng': 123.0285886798927}, 'southwest': {'lat': 0.6226816201072777, 'lng': 123.0258890201073}}}",https://maps.gstatic.com/mapfiles/place_api/icons/v1/png_71/generic_business-71.png,#13B5C7,https://maps.gstatic.com/mapfiles/place_api/icons/v2/generic_pinlet,BUKIT GORESAN TIMUATO,,"[{'height': 1080, 'html_attributions': ['<a href=""https://maps.google.com/maps/contrib/108872847179439189870"">faruk bachmid</a>'], 'photo_reference': 'AUGGfZnQmXNS9rHX_nRQhh59xIlw3dcGcsAe9SOpAcU6qYtjDPLz1C_SCOTvtHbPMo1dFnR-QyjbeYB10LeMzScxcfSkVukMHLY1KtvgAKgRgqxOvUQV8MS_7EF6koo1eN_6I2rIGNL1c0JjpAzulsIwVFTxut-sggQecIH1S2oSt80WYuZL', 'width': 1920}]",ChIJ-4YvyU4teTIRieyNRO-Zpy0,5.0,ChIJ-4YvyU4teTIRieyNRO-Zpy0,"['tourist_attraction', 'point_of_interest', 'establishment']",10,,,https://www.google.com/maps/place/?q=place_id:ChIJ-4YvyU4teTIRieyNRO-Zpy0
OPERATIONAL,"P28C+W26, Unnamed Road, Dulamayo Utara, Kec. Telaga Biru, Kabupaten Gorontalo, Gorontalo 96181, Indonesia","{'location': {'lat': 0.7172864, 'lng': 123.020017}, 'viewport': {'northeast': {'lat': 0.7219782499999998, 'lng': 123.02126145}, 'southwest': {'lat': 0.7157224500000001, 'lng': 123.01628365}}}",https://maps.gstatic.com/mapfiles/place_api/icons/v1/png_71/generic_business-71.png,#13B5C7,https://maps.gstatic.com/mapfiles/place_api/icons/v2/generic_pinlet,Puncak Lestari,,"[{'height': 2736, 'html_attributions': ['<a href=""https://maps.google.com/maps/contrib/100542601405494796245"">A Google User</a>'], 'photo_reference': 'AUGGfZkPHnpYXDAr__TUtlPVFaQI9E_lIdW5p-p-f9licVU68hNMQfGJv1kIlfn4eFfgm2EB_Nked-al4QiKcuTzJtX6SQ2fvSMLtS9uM7iojXoPDedMku2FthbFRojUCq3O3Eth7Puxd54siDqNg-Meuyd9XfHJuRvqqlnxLXD6kHypkj9o', 'width': 4864}]",ChIJUwaxdz81eTIRFm9XbsyUeTM,4.4,ChIJUwaxdz81eTIRFm9XbsyUeTM,"['tourist_attraction', 'point_of_interest', 'establishment']",43,,,https://www.google.com/maps/place/?q=place_id:ChIJUwaxdz81eTIRFm9XbsyUeTM
OPERATIONAL,"Dembe I, Kota Barat, Kota Gorontalo, Gorontalo 96181, Indonesia","{'location': {'lat': 0.5482328, 'lng': 123.0084128}, 'viewport': {'northeast': {'lat': 0.549685179892722, 'lng': 123.0097963298928}, 'southwest': {'lat': 0.5469855201072776, 'lng': 123.0070966701073}}}",https://maps.gstatic.com/mapfiles/place_api/icons/v1/png_71/generic_business-71.png,#7B9EB0,https://maps.gstatic.com/mapfiles/place_api/icons/v2/generic_pinlet,Benteng Otanaha,{'open_now': False},"[{'height': 657, 'html_attributions': ['<a href=""https://maps.google.com/maps/contrib/108689699470324140821"">Bambang Priyo Cahyono</a>'], 'photo_reference': 'AUGGfZnk3JTCGsAX2uDQNa9388bOslLjVjDZiKK5mTOxeQg7TQmmLQpkeVZ-uVRR_IK8jLiIfjfmf_ggHJmYNUqAIRJVK7BnIWUDrsm5cWhq_3HVPzPP0lpiQfAO_0qFLCToW25wEPZ3UuWspKFusJavxBNIfFFH5ushubjGrfUlBxBx8kmD', 'width': 684}]",ChIJ9wzSa8EreTIR0KtoqpUEzCM,4.4,ChIJ9wzSa8EreTIR0KtoqpUEzCM,"['tourist_attraction', 'point_of_interest', 'establishment']",1932,"{'compound_code': 'G2X5+79 Dembe I, Gorontalo Regency, Gorontalo, Indonesia', 'global_code': '6QG5G2X5+79'}",,https://www.google.com/maps/place/?q=place_id:ChIJ9wzSa8EreTIR0KtoqpUEzCM
OPERATIONAL,"GXRH+XJC, Barakati, Batudaa, Gorontalo Regency, Gorontalo 96271, Indonesia","{'location': {'lat': 0.5424424999999999, 'lng': 122.9790054}, 'viewport': {'northeast': {'lat': 0.5439759798927223, 'lng': 122.9803453298927}, 'southwest': {'lat': 0.5412763201072778, 'lng': 122.9776456701073}}}",https://maps.gstatic.com/mapfiles/place_api/icons/v1/png_71/generic_business-71.png,#13B5C7,https://maps.gstatic.com/mapfiles/place_api/icons/v2/generic_pinlet,Wisata Pemandian Barakati,{'open_now': True},"[{'height': 2080, 'html_attributions': ['<a href=""https://maps.google.com/maps/contrib/113450080139601821918"">Mukhtar Puluhulawa</a>'], 'photo_reference': 'AUGGfZmhRRikorKyZ5iYHPTx_CunR4pIvTRk7IQe3qUm7wTkkSQkX08QvF_QUcZP_j8-tnl1jS41ygfiycoOkI0FC5fCMKeFEG1691f1taOF-qZSsrOwtJIUTw3QTTE_73MnjwaLSDoZ-kEaNKDzsVnUqrRHWRs_UaXQ3Qn7GNc9SUhVCg46', 'width': 4624}]",ChIJmTSvfnApeTIRh2LzGcbFpbI,3.9,ChIJmTSvfnApeTIRh2LzGcbFpbI,"['tourist_attraction', 'point_of_interest', 'establishment']",59,,,https://www.google.com/maps/place/?q=place_id:ChIJmTSvfnApeTIRh2LzGcbFpbI
OPERATIONAL,"Botubarani, Kabila Bone, Bone Bolango Regency, Gorontalo 96111, Indonesia","{'location': {'lat': 0.4782589999999999, 'lng': 123.08986}, 'viewport': {'northeast': {'lat': 0.4796180798927223, 'lng': 123.0912040798927}, 'southwest': {'lat': 0.4769184201072778, 'lng': 123.0885044201073}}}",https://maps.gstatic.com/mapfiles/place_api/icons/v1/png_71/generic_business-71.png,#13B5C7,https://maps.gstatic.com/mapfiles/place_api/icons/v2/generic_pinlet,Kurenai Beach Resort,{'open_now': True},"[{'height': 3120, 'html_attributions': ['<a href=""https://maps.google.com/maps/contrib/115243693048968070855"">Dheny Hadi Sundoro</a>'], 'photo_reference': 'AUGGfZkdykUtdtBAW5B3GYrjofHgvjIbMu_X6zmb1FPTPOM-37zj__2MeMUlS5-CAe3JG4rOyb1_S1Q2yVdQZvO3oK-fIIPc6XlywQ6kguWMa0LIofdXMd5GqGRgZkaJ1PYGZ__R0yP7JAtTHZcjggRIt2aHe1c8S9JQCpx9Id8m_eWUKQfH', 'width': 4160}]",ChIJAYhjftAqfzIRQW65iMl5F0A,4.4,ChIJAYhjftAqfzIRQW65iMl5F0A,"['tourist_attraction', 'point_of_interest', 'establishment']",1394,"{'compound_code': 'F3HQ+8W Botubarani, Bone Bolango Regency, Gorontalo, Indonesia', 'global_code': '6QG5F3HQ+8W'}",,https://www.google.com/maps/place/?q=place_id:ChIJAYhjftAqfzIRQW65iMl5F0A
OPERATIONAL,"FXR4+FH, East Biluhu, Batudaa Pantai, Gorontalo Regency, Gorontalo, Indonesia","{'location': {'lat': 0.4911333000000001, 'lng': 122.956394}, 'viewport': {'northeast': {'lat': 0.4930240298927222, 'lng': 122.9575962298927}, 'southwest': {'lat': 0.4903243701072778, 'lng': 122.9548965701073}}}",https://maps.gstatic.com/mapfiles/place_api/icons/v1/png_71/generic_business-71.png,#13B5C7,https://maps.gstatic.com/mapfiles/place_api/icons/v2/generic_pinlet,Amarilis beach Camping Ground,,"[{'height': 2252, 'html_attributions': ['<a href=""https://maps.google.com/maps/contrib/109411470288529157092"">A Google User</a>'], 'photo_reference': 'AUGGfZkSX6zPIAEtYUKfSXw3yxWPn8uhTx25ZKOKPCQs_3ZiUVJg5RtwF-j19NiDwmMelrd54SNM14cTEXv3ryF7A_XYjWdSnbCOYnsWcqBV5GI1XRoN5alBh28TJLfAcGnjkmzL6zKQQtBMlY_OgpcSXeB7KCh-Dd2dG8GIDKGOGyXqrlrP', 'width': 4000}]",ChIJG5vrDwDXeDIRl_qa3RAcF5o,5.0,ChIJG5vrDwDXeDIRl_qa3RAcF5o,"['tourist_attraction', 'point_of_interest', 'establishment']",2,,,https://www.google.com/maps/place/?q=place_id:ChIJG5vrDwDXeDIRl_qa3RAcF5o
OPERATIONAL,"FWQQ+J9R, Unnamed Road, Tontayuo, Kec. Batudaa Pantai, Kabupaten Gorontalo, Gorontalo 96272, Indonesia","{'location': {'lat': 0.4891103, 'lng': 122.938385}, 'viewport': {'northeast': {'lat': 0.4904618798927222, 'lng': 122.9397332798927}, 'southwest': {'lat': 0.4877622201072777, 'lng': 122.9370336201073}}}",https://maps.gstatic.com/mapfiles/place_api/icons/v1/png_71/generic_business-71.png,#13B5C7,https://maps.gstatic.com/mapfiles/place_api/icons/v2/generic_pinlet,Buton Beach,,"[{'height': 1241, 'html_attributions': ['<a href=""https://maps.google.com/maps/contrib/110834520604508777130"">rolyraseda001</a>'], 'photo_reference': 'AUGGfZme3ttcmuhUHhoxn9gRErNIfsH8FGu_ho3PqdYsmqeHe6TsgDni7F-bCtmSN1DiDunt1sgJmo6UkEn2YsW-sbgnAUtZfStgXiePk5SEofF1nXdJqaUELurder5XwUqOT67iRYcR5e_d4qjOTYGOXz8kqIBt6uWPwStWMSbBIo4POSHx', 'width': 827}]",ChIJvQBpAcrXeDIRv8s1ew9mX9Y,4.3,ChIJvQBpAcrXeDIRv8s1ew9mX9Y,"['tourist_attraction', 'point_of_interest', 'establishment']",3,,,https://www.google.com/maps/place/?q=place_id:ChIJvQBpAcrXeDIRv8s1ew9mX9Y
OPERATIONAL,"J34H+Q5V, Lorong Brigade, Talulobutu, Kec. Tapa, Kabupaten Bone Bolango, Gorontalo 96126, Indonesia","{'location': {'lat': 0.6069871, 'lng': 123.0779357}, 'viewport': {'northeast': {'lat': 0.6083653798927222, 'lng': 123.0792835298927}, 'southwest': {'lat': 0.6056657201072777, 'lng': 123.0765838701072}}}",https://maps.gstatic.com/mapfiles/place_api/icons/v1/png_71/generic_business-71.png,#13B5C7,https://maps.gstatic.com/mapfiles/place_api/icons/v2/generic_pinlet,Objek Wisata Air Toino Desa Talulobutu,,"[{'height': 3456, 'html_attributions': ['<a href=""https://maps.google.com/maps/contrib/103100101406429219405"">muhammad</a>'], 'photo_reference': 'AUGGfZmOIAOHCC_Ob8tDEHypYlHcZez4Jz9dGzJhgv0lvNsoy1-XBnzGLkZ7Nd5b5U16meP6DehStBOK-cBoKmYftjkb_YIEKhcguFrQa27KCT0aOu4GAq5WDCMiAIH18Ae4DjZBwCwf4kN8TDYySIdu0DxhoFdufBgFHxnQHVn5elN8ZHm-', 'width': 4608}]",ChIJv-PNyroteTIR4nM9-bY-DXg,4.2,ChIJv-PNyroteTIR4nM9-bY-DXg,"['tourist_attraction', 'point_of_interest', 'establishment']",59,,,https://www.google.com/maps/place/?q=place_id:ChIJv-PNyroteTIR4nM9-bY-DXg
OPERATIONAL,"H2G6+3VX, Unnamed Road, Hutadaa, Kec. Telaga Jaya, Kabupaten Gorontalo, Gorontalo 96181, Indonesia","{'location': {'lat': 0.5752417, 'lng': 123.0122309}, 'viewport': {'northeast': {'lat': 0.5765915298927222, 'lng': 123.0135807298927}, 'southwest': {'lat': 0.5738918701072778, 'lng': 123.0108810701073}}}",https://maps.gstatic.com/mapfiles/place_api/icons/v1/png_71/generic_business-71.png,#13B5C7,https://maps.gstatic.com/mapfiles/place_api/icons/v2/generic_pinlet,"Embung Hutadaa, Talaga Jaya",{'open_now': False},"[{'height': 4000, 'html_attributions': ['<a href=""https://maps.google.com/maps/contrib/100757889585366159671"">ebhie Febriani</a>'], 'photo_reference': 'AUGGfZlpDQm3SFdxKJ3eSf4x5f_p13NyXHuxP5DE9QBZNUpy-fFvXfflqw51wGZL7LWuBSTy2eKZ-PyG6IC3-dQFkMvWjnq-8KBC6v0cHrReR1G99y_OsWlmdqTU8b-Xtsyep22O1L21CdoynrSKmu7z6L2oMpREJSsA0TqjJoLMu7OOcNSH', 'width': 3000}]",ChIJ4a_svAEteTIRlT4NE69-g8o,4.4,ChIJ4a_svAEteTIRlT4NE69-g8o,"['tourist_attraction', 'point_of_interest', 'establishment']",121,,,https://www.google.com/maps/place/?q=place_id:ChIJ4a_svAEteTIRlT4NE69-g8o
OPERATIONAL,"F2W2+553, Kayubulan, Batudaa Pantai, Gorontalo Regency, Gorontalo 96272, Indonesia","{'location': {'lat': 0.4953823, 'lng': 123.0004346}, 'viewport': {'northeast': {'lat': 0.4967751798927223, 'lng': 123.0018393798927}, 'southwest': {'lat': 0.4940755201072778, 'lng': 122.9991397201072}}}",https://maps.gstatic.com/mapfiles/place_api/icons/v1/png_71/generic_business-71.png,#13B5C7,https://maps.gstatic.com/mapfiles/place_api/icons/v2/generic_pinlet,Pantai Kayubulan,,"[{'height': 975, 'html_attributions': ['<a href=""https://maps.google.com/maps/contrib/110834520604508777130"">rolyraseda001</a>'], 'photo_reference': 'AUGGfZkZF0i4vT_F9FbYIPyAA8gA8zgPN88TtFJd01Fq1WexEVu8h8pVIEB9HYblAMez5oLxvF9D1C43Tcl2t6fOhVoBk-oFZQ09tpnNPfJFVH954y1_VtbcqNSnLPveuTnBNa8BuWdQ7co0C4CKHy72gbGkVEnYCHB0GxpX9mlG5uJut3VJ', 'width': 650}]",ChIJq35_i-_VeDIRZYjn8nD_U4Q,4.5,ChIJq35_i-_VeDIRZYjn8nD_U4Q,"['tourist_attraction', 'point_of_interest', 'establishment']",57,,,https://www.google.com/maps/place/?q=place_id:ChIJq35_i-_VeDIRZYjn8nD_U4Q
OPERATIONAL,"G2VG+PWJ Bar, Pilolodaa, Kec. Kota Bar., Kabupaten Gorontalo, Gorontalo 96181, Indonesia","{'location': {'lat': 0.5443437999999999, 'lng': 123.0272694}, 'viewport': {'northeast': {'lat': 0.5457502298927223, 'lng': 123.0286768798927}, 'southwest': {'lat': 0.5430505701072778, 'lng': 123.0259772201073}}}",https://maps.gstatic.com/mapfiles/place_api/icons/v1/png_71/generic_business-71.png,#13B5C7,https://maps.gstatic.com/mapfiles/place_api/icons/v2/generic_pinlet,Wisata Pemandian Potanga,{'open_now': True},"[{'height': 2560, 'html_attributions': ['<a href=""https://maps.google.com/maps/contrib/109041125214362495643"">Ramdan Mohamad</a>'], 'photo_reference': 'AUGGfZnNLzgObSswkx62bJckZk0gDPF7DoRlr78Nm7UDfOyEH9aT3Rs530lgQ39PVXmIfgJYN40UhJYtcn4SQk9stmzn_Jl7kb8u-hKpKGXmd1TnyXe_Lh3uHTZthTg52yBuHOX4Lrq_aiT2Gf8ou3eC05Y-afvkIe3fFl4EliLChSHfi9Rx', 'width': 1536}]",ChIJL4gM86UreTIRsTBZKgHCnlo,4.2,ChIJL4gM86UreTIRsTBZKgHCnlo,"['tourist_attraction', 'point_of_interest', 'establishment']",90,,,https://www.google.com/maps/place/?q=place_id:ChIJL4gM86UreTIRsTBZKgHCnlo
OPERATIONAL,"MHFC+FRF, Tolite,, Diloniyohu, Kec. Boliyohuto, Kabupaten Gorontalo, Gorontalo 96264, Indonesia","{'location': {'lat': 0.6736753, 'lng': 122.5720339}, 'viewport': {'northeast': {'lat': 0.6750949298927222, 'lng': 122.5733462298927}, 'southwest': {'lat': 0.6723952701072777, 'lng': 122.5706465701073}}}",https://maps.gstatic.com/mapfiles/place_api/icons/v1/png_71/generic_business-71.png,#13B5C7,https://maps.gstatic.com/mapfiles/place_api/icons/v2/generic_pinlet,Wisata Air Panas Desa Tolite,,,ChIJh5Ic_hEReTIRqz-iEoeofzg,4.6,ChIJh5Ic_hEReTIRqz-iEoeofzg,"['tourist_attraction', 'point_of_interest', 'establishment']",5,,,https://www.google.com/maps/place/?q=place_id:ChIJh5Ic_hEReTIRqz-iEoeofzg
OPERATIONAL,"G345+Q3F, Pohe, Hulonthalangi, Gorontalo Regency, Gorontalo 96133, Indonesia","{'location': {'lat': 0.5069393, 'lng': 123.0576773}, 'viewport': {'northeast': {'lat': 0.5083858798927222, 'lng': 123.0590321298927}, 'southwest': {'lat': 0.5056862201072777, 'lng': 123.0563324701073}}}",https://maps.gstatic.com/mapfiles/place_api/icons/v1/png_71/generic_business-71.png,#13B5C7,https://maps.gstatic.com/mapfiles/place_api/icons/v2/generic_pinlet,Tangga 2000 Park,{'open_now': True},"[{'height': 3190, 'html_attributions': ['<a href=""https://maps.google.com/maps/contrib/107285502371378890736"">farandika andiatma</a>'], 'photo_reference': 'AUGGfZkjStrU2DsuhiibbiVE4Oj500SBMVyl8jUvrFFJtpOg4xRqFlSBk8gmy2wsBI0DOPlj5A7d7EoztgyDwDx2ueaImNsPq_jPb4aIaoVlcFrbeV0GaSShcFs-00tr1suH5Bk0-4XB38btp9gCNHm6UlpQFqyn-ugPCJaUbgykxRboAgc8', 'width': 5669}]",ChIJR03wwKEqeTIR3q4KVLC5JCY,4.2,ChIJR03wwKEqeTIR3q4KVLC5JCY,"['tourist_attraction', 'point_of_interest', 'establishment']",1015,,1.0,https://www.google.com/maps/place/?q=place_id:ChIJR03wwKEqeTIR3q4KVLC5JCY
OPERATIONAL,"MX8H+7R, Biyonga, Limboto, Gorontalo Regency, Gorontalo, Indonesia","{'location': {'lat': 0.6656362, 'lng': 122.9795727}, 'viewport': {'northeast': {'lat': 0.6670379798927223, 'lng': 122.9813478798927}, 'southwest': {'lat': 0.6643383201072778, 'lng': 122.9786482201073}}}",https://maps.gstatic.com/mapfiles/place_api/icons/v1/png_71/generic_business-71.png,#13B5C7,https://maps.gstatic.com/mapfiles/place_api/icons/v2/generic_pinlet,Embung Dumati,,,ChIJm2NsegAxeTIRZiURqvolte4,0.0,ChIJm2NsegAxeTIRZiURqvolte4,"['tourist_attraction', 'point_of_interest', 'establishment']",0,,,https://www.google.com/maps/place/?q=place_id:ChIJm2NsegAxeTIRZiURqvolte4
OPERATIONAL,"RR55+4PG, Hiyalo, oyile, Kabupaten Gorontalo Utara, Gorontalo, Indonesia","{'location': {'lat': 0.8077679999999999, 'lng': 122.8093223}, 'viewport': {'northeast': {'lat': 0.8090756798927223, 'lng': 122.8106541298927}, 'southwest': {'lat': 0.8063760201072778, 'lng': 122.8079544701073}}}",https://maps.gstatic.com/mapfiles/place_api/icons/v1/png_71/generic_business-71.png,#13B5C7,https://maps.gstatic.com/mapfiles/place_api/icons/v2/generic_pinlet,embung hiyalo oyile,,"[{'height': 3072, 'html_attributions': ['<a href=""https://maps.google.com/maps/contrib/101716158924525026271"">A Google User</a>'], 'photo_reference': 'AUGGfZmM5gla2e7WrTUH127eC6eSUPZ8WGnvlKKSKx4r3O219jUOBZYcGCditau34Z-33ji5wERhCURGiZ-Ye6rbz4Eo6XGHIzJ2VuYkhXtaOly81G9QnZ5-IO93N3T13XSXDFMdGPLtMfouI6kDrpoX3p4P_gRCnMk31MG1MTl0Zuhzm3Tw', 'width': 4096}]",ChIJO1I0NmNHeTIRDIiKMOtbEEc,5.0,ChIJO1I0NmNHeTIRDIiKMOtbEEc,"['tourist_attraction', 'point_of_interest', 'establishment']",1,,,https://www.google.com/maps/place/?q=place_id:ChIJO1I0NmNHeTIRDIiKMOtbEEc
OPERATIONAL,"MW28+2Q5, Ombulo, Limboto Barat, Gorontalo Regency, Gorontalo, Indonesia","{'location': {'lat': 0.6499119999999999, 'lng': 122.9163327}, 'viewport': {'northeast': {'lat': 0.6513995798927221, 'lng': 122.9177698298927}, 'southwest': {'lat': 0.6486999201072777, 'lng': 122.9150701701073}}}",https://maps.gstatic.com/mapfiles/place_api/icons/v1/png_71/generic_business-71.png,#13B5C7,https://maps.gstatic.com/mapfiles/place_api/icons/v2/generic_pinlet,Kandang Broiler Ombulo Dusun I,,"[{'height': 2608, 'html_attributions': ['<a href=""https://maps.google.com/maps/contrib/114942741214275704777"">A Google User</a>'], 'photo_reference': 'AUGGfZm7cKkvjz_390w8TgR8tEQ6q0HGVarTGOYaOQ2lpteOjHQ9NcsjXiWjNLwiK-m63kCAm_F73Mou1890a0oN5rOhs0a126-1VXVIj1npJaBWU4qn6wR3-uNij7B7DX4mxIC6DNaJTV0PAMnYq6D5sTG0Oxr5_OhHGJqoP0qwi1nvuug9', 'width': 4624}]",ChIJqU9YNdExeTIRqLabTr1c6Ic,3.0,ChIJqU9YNdExeTIRqLabTr1c6Ic,"['tourist_attraction', 'point_of_interest', 'establishment']",2,,,https://www.google.com/maps/place/?q=place_id:ChIJqU9YNdExeTIRqLabTr1c6Ic
OPERATIONAL,"FXR4+8GG Pantai Biluhu, Biluhu Tim., Kec. Batudaa Pantai, Kabupaten Gorontalo, Gorontalo 96272, Indonesia","{'location': {'lat': 0.4908232, 'lng': 122.9563261}, 'viewport': {'northeast': {'lat': 0.4928507499999997, 'lng': 122.9574893798927}, 'southwest': {'lat': 0.49014735, 'lng': 122.9547897201073}}}",https://maps.gstatic.com/mapfiles/place_api/icons/v1/png_71/generic_business-71.png,#13B5C7,https://maps.gstatic.com/mapfiles/place_api/icons/v2/generic_pinlet,Pantai Biluhu,{'open_now': True},"[{'height': 1872, 'html_attributions': ['<a href=""https://maps.google.com/maps/contrib/114497002252658148766"">A Google User</a>'], 'photo_reference': 'AUGGfZnjMIlRZ3HUfF5xp3fEzmuzCl3gsBvZApoIdsqu9avUIh0fZFQ_S70J-w9izNkQ776OG0Vau57XX3Te4nABOXPyQukcNFqHzH_B-mjpxVpVePDFpv9oQ7ZLysKhB9kdWMjcRO33psFItJNCscHiRMkZBa087F-zGkQCVSNEikrKM25c', 'width': 4160}]",ChIJzzux0tDXeDIRGqGPUjTpVic,0.0,ChIJzzux0tDXeDIRGqGPUjTpVic,"['tourist_attraction', 'point_of_interest', 'establishment']",0,,,https://www.google.com/maps/place/?q=place_id:ChIJzzux0tDXeDIRGqGPUjTpVic
OPERATIONAL,"FPPP+F5F, West Biluhu, Biluhu, Gorontalo Regency, Gorontalo 96272, Indonesia","{'location': {'lat': 0.4861962, 'lng': 122.7354085}, 'viewport': {'northeast': {'lat': 0.4879161798927222, 'lng': 122.7366805798927}, 'southwest': {'lat': 0.4852165201072778, 'lng': 122.7339809201073}}}",https://maps.gstatic.com/mapfiles/place_api/icons/v1/png_71/generic_business-71.png,#13B5C7,https://maps.gstatic.com/mapfiles/place_api/icons/v2/generic_pinlet,Pantai LOBUTO,,"[{'height': 473, 'html_attributions': ['<a href=""https://maps.google.com/maps/contrib/110834520604508777130"">rolyraseda001</a>'], 'photo_reference': 'AUGGfZl7KUNJg7Up_ZO_ZVi3h-vY95oT10TIAoNBXL39WE7lZT0v4rrrZkExqJDRu-aTjnibVfevclCRADPzhF_Cc2wRHp-2zxRfW37wJLG6OF3afkXKu8LAtYtXH5ebSGvE4AovVYXJoxVfCTIy7Z5za_7WS4lT_TInJcMzMg5gDMyd0snP', 'width': 709}]",ChIJc1N3VMHfeDIRIo2yAJ9MCSY,4.3,ChIJc1N3VMHfeDIRIo2yAJ9MCSY,"['tourist_attraction', 'point_of_interest', 'establishment']",6,,,https://www.google.com/maps/place/?q=place_id:ChIJc1N3VMHfeDIRIo2yAJ9MCSY
OPERATIONAL,"FPM9+85X, Unnamed Road, Huwongo, Kec. Biluhu, Kabupaten Gorontalo, Gorontalo 96272, Indonesia","{'location': {'lat': 0.4833549999999999, 'lng': 122.717985}, 'viewport': {'northeast': {'lat': 0.4846714798927224, 'lng': 122.7193288798927}, 'southwest': {'lat': 0.4819718201072779, 'lng': 122.7166292201073}}}",https://maps.gstatic.com/mapfiles/place_api/icons/v1/png_71/generic_business-71.png,#13B5C7,https://maps.gstatic.com/mapfiles/place_api/icons/v2/generic_pinlet,Pantai HUWONGO,,"[{'height': 2256, 'html_attributions': ['<a href=""https://maps.google.com/maps/contrib/110535192954672167208"">A Google User</a>'], 'photo_reference': 'AUGGfZkYfsiPA9ncJYJHtLgN29tWwg3bKTRIRZ4FhJ5krUHuC0PBWWEBooDNqw6Eaw7Cjhgfg7xj2-vakHH7yoqc-mCcq11uOy7iY154kfe-tQeMJMo9rhm70PUfy7Cby-_jY3uIPC9aH3xXL9La1hOdT5unFLVDXyIVKF-e_KNexJg6g5vC', 'width': 4000}]",ChIJxcUM4I3heDIRA_Ig2qOftPI,4.7,ChIJxcUM4I3heDIRA_Ig2qOftPI,"['tourist_attraction', 'point_of_interest', 'establishment']",3,,,https://www.google.com/maps/place/?q=place_id:ChIJxcUM4I3heDIRA_Ig2qOftPI
OPERATIONAL,"MRF2+WW9, Molalahu, Pulubala, Gorontalo Regency, Gorontalo, Indonesia","{'location': {'lat': 0.6747856, 'lng': 122.8023568}, 'viewport': {'northeast': {'lat': 0.6776624499999999, 'lng': 122.80455565}, 'southwest': {'lat': 0.67382665, 'lng': 122.80162385}}}",https://maps.gstatic.com/mapfiles/place_api/icons/v1/png_71/generic_business-71.png,#13B5C7,https://maps.gstatic.com/mapfiles/place_api/icons/v2/generic_pinlet,Kolam Ria Mas Sugeng,{'open_now': True},"[{'height': 4000, 'html_attributions': ['<a href=""https://maps.google.com/maps/contrib/106964421626808247481"">Sis Dwiminarto</a>'], 'photo_reference': 'AUGGfZk7OvlPaVqjUCkXoxDUjhVKvbmo5lZ5-fwfKP_ERI2L31qk1vliLAKdXQs-dBj867IHjfw9aARa9oWelI4YkO1QE1O4LEkhCkscCRMM2JL0BhS0-T0cK1lBH14ozXXjhUi727nizjZQuzY7weQ3LGd66al6XDbnM7v4-Iuhz1vtmpXt', 'width': 3000}]",ChIJu4g4dKg9eTIRINDzTLblstQ,5.0,ChIJu4g4dKg9eTIRINDzTLblstQ,"['tourist_attraction', 'point_of_interest', 'establishment']",1,,,https://www.google.com/maps/place/?q=place_id:ChIJu4g4dKg9eTIRINDzTLblstQ
OPERATIONAL,"M279+7Q2, Talumelito, Telaga Biru, Gorontalo Regency, Gorontalo, Indonesia","{'location': {'lat': 0.6631408999999999, 'lng': 123.0194024}, 'viewport': {'northeast': {'lat': 0.6644149798927221, 'lng': 123.0208678298927}, 'southwest': {'lat': 0.6617153201072776, 'lng': 123.0181681701072}}}",https://maps.gstatic.com/mapfiles/place_api/icons/v1/png_71/generic_business-71.png,#13B5C7,https://maps.gstatic.com/mapfiles/place_api/icons/v2/generic_pinlet,Saung Ekologi Korpala Nusantara,{'open_now': True},"[{'height': 2250, 'html_attributions': ['<a href=""https://maps.google.com/maps/contrib/114685775950749784729"">Novi Massa</a>'], 'photo_reference': 'AUGGfZnRQoRvTx-JmzXx5Y6MqNZGodgIigD2CfmUjxDoC9AvxT_hljuMjR5amv-RwnsDBFYwG9r1qz4hoxTFz-bqew5TL6Sh7WZ9PeLPJzWyuD39yW_pOd9RSaKIhm8FpUt2a5mVTHYep3EaY4foRUiqP5xNicwBEU2xZ6SY0W5NaYrNUlq-', 'width': 4000}]",ChIJXz8--qczeTIRWEp3EqiWxRI,5.0,ChIJXz8--qczeTIRWEp3EqiWxRI,"['tourist_attraction', 'point_of_interest', 'establishment']",2,,,https://www.google.com/maps/place/?q=place_id:ChIJXz8--qczeTIRWEp3EqiWxRI
OPERATIONAL,"H3M9+388, East Bulotada, Sipatana, Gorontalo Regency, Gorontalo 96139, Indonesia","{'location': {'lat': 0.5829462, 'lng': 123.0682455}, 'viewport': {'northeast': {'lat': 0.5843030798927222, 'lng': 123.0695760798927}, 'southwest': {'lat': 0.5816034201072777, 'lng': 123.0668764201073}}}",https://maps.gstatic.com/mapfiles/place_api/icons/v1/png_71/generic_business-71.png,#13B5C7,https://maps.gstatic.com/mapfiles/place_api/icons/v2/generic_pinlet,Rumah le iki,,,ChIJTZYY87steTIR0Ut5bbH2308,3.0,ChIJTZYY87steTIR0Ut5bbH2308,"['tourist_attraction', 'point_of_interest', 'establishment']",2,,,https://www.google.com/maps/place/?q=place_id:ChIJTZYY87steTIR0Ut5bbH2308
OPERATIONAL,"QVJ9+5R, Molingkapoto, Kwandang, North Gorontalo Regency, Gorontalo, Indonesia","{'location': {'lat': 0.780393, 'lng': 122.869522}, 'viewport': {'northeast': {'lat': 0.7831541999999999, 'lng': 122.8707743298927}, 'southwest': {'lat': 0.7794726000000001, 'lng': 122.8680746701073}}}",https://maps.gstatic.com/mapfiles/place_api/icons/v1/png_71/generic_business-71.png,#13B5C7,https://maps.gstatic.com/mapfiles/place_api/icons/v2/generic_pinlet,Embung Molsel,,"[{'height': 810, 'html_attributions': ['<a href=""https://maps.google.com/maps/contrib/113780702788611476247"">A Google User</a>'], 'photo_reference': 'AUGGfZmBxjSVYdbHQnrQdJAjLl3inWG5VVACcR_GCkYyR28TMu1Q4V44fcDoSIXbPhAvD9FdgFc8SUeBWYsxfXDkWIXG5vCUmrnerigThE3LvPkKaULscyjBYj5nzM7rckDdr6-2GLEJU5O4e9IlwOHP-D-_8wwZQd5RzaElSEO9XZ7kVset', 'width': 1080}]",ChIJ58Xs0XFHeTIRu_WUfKWBrUc,4.7,ChIJ58Xs0XFHeTIRu_WUfKWBrUc,"['tourist_attraction', 'point_of_interest', 'establishment']",3,,,https://www.google.com/maps/place/?q=place_id:ChIJ58Xs0XFHeTIRu_WUfKWBrUc
OPERATIONAL,"H2GR+6FV, Jl. Raja Wadipalapa, Bulila, Kec. Telaga, Kabupaten Gorontalo, Gorontalo, Indonesia","{'location': {'lat': 0.5755987, 'lng': 123.0411669}, 'viewport': {'northeast': {'lat': 0.5769271798927222, 'lng': 123.0424585298927}, 'southwest': {'lat': 0.5742275201072777, 'lng': 123.0397588701073}}}",https://maps.gstatic.com/mapfiles/place_api/icons/v1/png_71/generic_business-71.png,#13B5C7,https://maps.gstatic.com/mapfiles/place_api/icons/v2/generic_pinlet,Rumah Kompos Masaro,,"[{'height': 2322, 'html_attributions': ['<a href=""https://maps.google.com/maps/contrib/110587926547971012799"">A Google User</a>'], 'photo_reference': 'AUGGfZmwfTHzqBoCpLL-_2m2Ctw5vB_ch48svnII7LYxKk7qbYqpX-FcFomeWfl2b-A7WTk5xqYVyovj_JDpH2ro3bwSehvFrCK49AXDot_Mv1gIiEIYI3IgHTG0XZQX-HPhNbceJpU3wDKCr6hcClUMxr2wmwr_WkMigm_n9aWLIepLJmCj', 'width': 4128}]",ChIJ2XPy7woteTIREOCImH484Q0,5.0,ChIJ2XPy7woteTIREOCImH484Q0,"['tourist_attraction', 'point_of_interest', 'establishment']",2,,,https://www.google.com/maps/place/?q=place_id:ChIJ2XPy7woteTIREOCImH484Q0
OPERATIONAL,"HVV7+WWP, Huntulohulawa, Bongomeme, Gorontalo Regency, Gorontalo 96271, Indonesia","{'location': {'lat': 0.5942763, 'lng': 122.864875}, 'viewport': {'northeast': {'lat': 0.5959854298927222, 'lng': 122.8662642798927}, 'southwest': {'lat': 0.5932857701072777, 'lng': 122.8635646201073}}}",https://maps.gstatic.com/mapfiles/place_api/icons/v1/png_71/generic_business-71.png,#13B5C7,https://maps.gstatic.com/mapfiles/place_api/icons/v2/generic_pinlet,Bukit Kayangan,,"[{'height': 1280, 'html_attributions': ['<a href=""https://maps.google.com/maps/contrib/105006151839516610350"">A Google User</a>'], 'photo_reference': 'AUGGfZmd36eVqKD9CqmghBAYv58PwUEQEdG5_aXPFYwyWyDAPVvuSqc3SSGRoaYkyzvs-6G5ql765mxrHy0ICARv35J1eJoZbQBHbb2fKZuZ4DnVkniMEgNIPRGmycFN_aDJdQ9Wy0nX8RL6yOfr50cK3IqOCdyZk9TrWRmwDPmQ2ESrSwkz', 'width': 720}]",ChIJpQuQamcleTIRM56OtKPnUzg,4.2,ChIJpQuQamcleTIRM56OtKPnUzg,"['tourist_attraction', 'point_of_interest', 'establishment']",9,,,https://www.google.com/maps/place/?q=place_id:ChIJpQuQamcleTIRM56OtKPnUzg
OPERATIONAL,"M3X2+V2X, Dumati, Kec. Telaga Biru, Kabupaten Gorontalo, Gorontalo, Indonesia","{'location': {'lat': 0.6997323999999999, 'lng': 123.0501165}, 'viewport': {'northeast': {'lat': 0.7010261798927222, 'lng': 123.0515129798927}, 'southwest': {'lat': 0.6983265201072778, 'lng': 123.0488133201073}}}",https://maps.gstatic.com/mapfiles/place_api/icons/v1/png_71/generic_business-71.png,#13B5C7,https://maps.gstatic.com/mapfiles/place_api/icons/v2/generic_pinlet,Rifly Villas,,,ChIJywcDVAA1eTIRLEpdpxvsPDg,0.0,ChIJywcDVAA1eTIRLEpdpxvsPDg,"['tourist_attraction', 'point_of_interest', 'establishment']",0,,,https://www.google.com/maps/place/?q=place_id:ChIJywcDVAA1eTIRLEpdpxvsPDg
OPERATIONAL,"FXR8+F8, East Biluhu, Gorontalo Regency, Gorontalo, Indonesia","{'location': {'lat': 0.4912033, 'lng': 122.9657741}, 'viewport': {'northeast': {'lat': 0.49324285, 'lng': 122.9670936798927}, 'southwest': {'lat': 0.49052345, 'lng': 122.9643940201072}}}",https://maps.gstatic.com/mapfiles/place_api/icons/v1/png_71/generic_business-71.png,#13B5C7,https://maps.gstatic.com/mapfiles/place_api/icons/v2/generic_pinlet,ATOL tihu,,,ChIJS6TkQQDXeDIRc2BoiFwDbg4,3.0,ChIJS6TkQQDXeDIRc2BoiFwDbg4,"['tourist_attraction', 'point_of_interest', 'establishment']",1,,,https://www.google.com/maps/place/?q=place_id:ChIJS6TkQQDXeDIRc2BoiFwDbg4
OPERATIONAL,"MXC2+Q7, Huidu Utara, Limboto Barat, Gorontalo Regency, Gorontalo 96211, Indonesia","{'location': {'lat': 0.671993, 'lng': 122.9507051}, 'viewport': {'northeast': {'lat': 0.6736092298927222, 'lng': 122.9526315798927}, 'southwest': {'lat': 0.6709095701072778, 'lng': 122.9499319201073}}}",https://maps.gstatic.com/mapfiles/place_api/icons/v1/png_71/generic_business-71.png,#13B5C7,https://maps.gstatic.com/mapfiles/place_api/icons/v2/generic_pinlet,Kolam Tombong,,,ChIJwaXm2wQxeTIRBmDrQ_SiZ1s,0.0,ChIJwaXm2wQxeTIRBmDrQ_SiZ1s,"['tourist_attraction', 'point_of_interest', 'establishment']",0,,,https://www.google.com/maps/place/?q=place_id:ChIJwaXm2wQxeTIRBmDrQ_SiZ1s
OPERATIONAL,"JWV5+9J2, Padengo, Limboto Barat, Gorontalo Regency, Gorontalo, Indonesia","{'location': {'lat': 0.643384, 'lng': 122.9090153}, 'viewport': {'northeast': {'lat': 0.6445584298927223, 'lng': 122.9103056298927}, 'southwest': {'lat': 0.6418587701072779, 'lng': 122.9076059701073}}}",https://maps.gstatic.com/mapfiles/place_api/icons/v1/png_71/generic_business-71.png,#13B5C7,https://maps.gstatic.com/mapfiles/place_api/icons/v2/generic_pinlet,KAMPAI FARM,,,ChIJ-2q6cNoxeTIR9rcRpAK7wGM,0.0,ChIJ-2q6cNoxeTIR9rcRpAK7wGM,"['tourist_attraction', 'point_of_interest', 'establishment']",0,,,https://www.google.com/maps/place/?q=place_id:ChIJ-2q6cNoxeTIR9rcRpAK7wGM
OPERATIONAL,"HX92+H62, Teratai, Tabongo, Gorontalo Regency, Gorontalo 96271, Indonesia","{'location': {'lat': 0.5688959, 'lng': 122.9505136}, 'viewport': {'northeast': {'lat': 0.5702870798927223, 'lng': 122.9516400298927}, 'southwest': {'lat': 0.5675874201072779, 'lng': 122.9489403701073}}}",https://maps.gstatic.com/mapfiles/place_api/icons/v1/png_71/generic_business-71.png,#13B5C7,https://maps.gstatic.com/mapfiles/place_api/icons/v2/generic_pinlet,Kebun Bunga CELOSIA,{'open_now': False},"[{'height': 1836, 'html_attributions': ['<a href=""https://maps.google.com/maps/contrib/117319287859233613072"">A Google User</a>'], 'photo_reference': 'AUGGfZnBOkJjxQA-81A-Xa3oM4YLyw5AmYgRQRStVZlYbOrGFemXkbLagFrxswLFV36HMsHeGqBwlIHD6AVzym5xQctoxiv7x2o9vMgLzAtO6AzrNHiqxUOB7MXH8QRudR9-l0aWwJzy06qOfhkmDxlMbrENPmVP6pV2S_QDC51T3RMBmiEi', 'width': 4080}]",ChIJk-n4MIYveTIRc1EUYCPws50,4.3,ChIJk-n4MIYveTIRc1EUYCPws50,"['tourist_attraction', 'point_of_interest', 'establishment']",3,,,https://www.google.com/maps/place/?q=place_id:ChIJk-n4MIYveTIRc1EUYCPws50
OPERATIONAL,"F2W9+H6V, Bongo, Batudaa Pantai, Gorontalo Regency, Gorontalo 96131, Indonesia","{'location': {'lat': 0.4964945, 'lng': 123.0180513}, 'viewport': {'northeast': {'lat': 0.4979519298927221, 'lng': 123.0193511298927}, 'southwest': {'lat': 0.4952522701072777, 'lng': 123.0166514701073}}}",https://maps.gstatic.com/mapfiles/place_api/icons/v1/png_71/generic_business-71.png,#13B5C7,https://maps.gstatic.com/mapfiles/place_api/icons/v2/generic_pinlet,Pantai Lopo,,"[{'height': 2250, 'html_attributions': ['<a href=""https://maps.google.com/maps/contrib/116748086135983865615"">A Google User</a>'], 'photo_reference': 'AUGGfZmXoBUwOd0y2jj7TWUiZD5zxR2sBcBF1vvk1NiWEPKMb-4oVMB5bWJSNqVUEZLbrMZ86tjX18Cr7AbiZSavPM40cnL02vCxY2NkkJqxAdIrAKomTX7j8KM3wFA2kKIXUsSaWsnxhgJxLIA705B_2f6aL5lIjFrLqAuVv33CiIys1PUU', 'width': 4000}]",ChIJg9zJzIvVeDIRcBKueBJbVhs,5.0,ChIJg9zJzIvVeDIRcBKueBJbVhs,"['tourist_attraction', 'point_of_interest', 'establishment']",2,,,https://www.google.com/maps/place/?q=place_id:ChIJg9zJzIvVeDIRcBKueBJbVhs
OPERATIONAL,"Jalan Dulamayo, Tupa, Kec. Bulango Utara, Kabupaten Bone Bolango, Gorontalo 96182, Indonesia","{'location': {'lat': 0.6522114999999999, 'lng': 123.0764756}, 'viewport': {'northeast': {'lat': 0.6535876298927221, 'lng': 123.0778662798927}, 'southwest': {'lat': 0.6508879701072777, 'lng': 123.0751666201073}}}",https://maps.gstatic.com/mapfiles/place_api/icons/v1/png_71/generic_business-71.png,#13B5C7,https://maps.gstatic.com/mapfiles/place_api/icons/v2/generic_pinlet,BUKIT TELEBALATA,{'open_now': False},"[{'height': 900, 'html_attributions': ['<a href=""https://maps.google.com/maps/contrib/103218662171933931651"">A Google User</a>'], 'photo_reference': 'AUGGfZnthUkkqJUKTBML1IzmQdY070KtQuLoqa-HwmIOGZyFlpgDfr7qlj_lGQ2N9z3V2ykhjhUKxnUl6xk1-r2RKFvoOaxvePZHReFN70cysyY5-HFRsxJVV4XYhif-eRgH3KNTEwfaOh8Tga9xLMKx7cXMDeg3qBMq7hoMYXFocN0qApj6', 'width': 1600}]",ChIJczcUva8zeTIRxZtg36MD1dY,5.0,ChIJczcUva8zeTIRxZtg36MD1dY,"['tourist_attraction', 'point_of_interest', 'establishment']",1,"{'compound_code': 'M32G+VH Tupa, Bone Bolango Regency, Gorontalo, Indonesia', 'global_code': '6QG5M32G+VH'}",,https://www.google.com/maps/place/?q=place_id:ChIJczcUva8zeTIRxZtg36MD1dY
OPERATIONAL,"JHMJ+6G, Sosial, Paguyaman, Boalemo Regency, Gorontalo, Indonesia","{'location': {'lat': 0.6330532, 'lng': 122.581275}, 'viewport': {'northeast': {'lat': 0.6344721298927222, 'lng': 122.5822668298927}, 'southwest': {'lat': 0.6317724701072778, 'lng': 122.5795671701073}}}",https://maps.gstatic.com/mapfiles/place_api/icons/v1/png_71/generic_business-71.png,#13B5C7,https://maps.gstatic.com/mapfiles/place_api/icons/v2/generic_pinlet,Kolam Renang Sosial,{'open_now': True},,ChIJLSs9MAAbeTIRorn28n-HmzU,0.0,ChIJLSs9MAAbeTIRorn28n-HmzU,"['tourist_attraction', 'point_of_interest', 'establishment']",0,,,https://www.google.com/maps/place/?q=place_id:ChIJLSs9MAAbeTIRorn28n-HmzU
