business_status,formatted_address,geometry,icon,icon_background_color,icon_mask_base_uri,name,place_id,rating,reference,types,user_ratings_total,opening_hours,photos,plus_code,url
OPERATIONAL,"4WG7+4M2, Kmp.tarikolot, RT.03/RW.02, Sukamaju, Kec. Kadudampit, Kabupaten Sukabumi, Jawa Barat 43153, Indonesia","{'location': {'lat': -6.8747297, 'lng': 106.9141267}, 'viewport': {'northeast': {'lat': -6.873272020107278, 'lng': 106.9155113298927}, 'southwest': {'lat': -6.875971679892722, 'lng': 106.9128116701073}}}",https://maps.gstatic.com/mapfiles/place_api/icons/v1/png_71/generic_business-71.png,#13B5C7,https://maps.gstatic.com/mapfiles/place_api/icons/v2/generic_pinlet,Poetra Randu,ChIJ4yw0xsJJaC4R9CYA-wso7Xc,0.0,ChIJ4yw0xsJJaC4R9CYA-wso7Xc,"['tourist_attraction', 'point_of_interest', 'establishment']",0,,,,https://www.google.com/maps/place/?q=place_id:ChIJ4yw0xsJJaC4R9CYA-wso7Xc
OPERATIONAL,"4XQ4+9PR, Sudajaya Girang, Sukabumi, Sukabumi Regency, West Java 43151, Indonesia","{'location': {'lat': -6.8615879, 'lng': 106.9567531}, 'viewport': {'northeast': {'lat': -6.860301070107278, 'lng': 106.9581758298927}, 'southwest': {'lat': -6.863000729892722, 'lng': 106.9554761701073}}}",https://maps.gstatic.com/mapfiles/place_api/icons/v1/png_71/generic_business-71.png,#13B5C7,https://maps.gstatic.com/mapfiles/place_api/icons/v2/generic_pinlet,NATURA SELABINTANA,ChIJzcj9EwBLaC4RgNpcqKSus18,4.3,ChIJzcj9EwBLaC4RgNpcqKSus18,"['tourist_attraction', 'point_of_interest', 'establishment']",21,{'open_now': False},"[{'height': 2250, 'html_attributions': ['<a href=""https://maps.google.com/maps/contrib/104183932384306843674"">Devi Alanuari</a>'], 'photo_reference': 'AUGGfZmSyMMOGKGrVEWCRE-M6cjDEA8SCnQXCtn2-g3M1Ka9tPNWFrtLO9y5WFqd21PFHakRGaRLfa8TBhIq56H0GiQ3L368j1I2UV1xFIwom5QKao0nZnGFgOf9wNsGb-ZKQRkN2b7ds7jcfBn31lUI-IOsWWkjX_DjacFEYGrS12cxi1Dl', 'width': 4000}]",,https://www.google.com/maps/place/?q=place_id:ChIJzcj9EwBLaC4RgNpcqKSus18
OPERATIONAL,"4WXX+Q7, Undrus Binangun, Kadudampit, Sukabumi Regency, West Java, Indonesia","{'location': {'lat': -6.8505667, 'lng': 106.9482347}, 'viewport': {'northeast': {'lat': -6.849199420107278, 'lng': 106.9496941798927}, 'southwest': {'lat': -6.851899079892722, 'lng': 106.9469945201073}}}",https://maps.gstatic.com/mapfiles/place_api/icons/v1/png_71/generic_business-71.png,#13B5C7,https://maps.gstatic.com/mapfiles/place_api/icons/v2/generic_pinlet,"Saung Jambu, Kawasan Wisata Agro",ChIJ21ScJflLaC4RKe9f6yIu46U,0.0,ChIJ21ScJflLaC4RKe9f6yIu46U,"['tourist_attraction', 'point_of_interest', 'establishment']",0,,"[{'height': 2992, 'html_attributions': ['<a href=""https://maps.google.com/maps/contrib/103805084981048228056"">A Google User</a>'], 'photo_reference': 'AUGGfZkQ6GvBmTWJ2oF5YikTUc7emiMTwEVrpomlAdwLk6CpnXs1WPKqfq_A7nm_FKsjIksPYaGk0MM8r-VVTDtJ0SxS7B8SH9zhTy77_tgJL64kScCItFTcj-7cl7hovPgmbNtjObyZqZQ-bMGlh-ucTvZ7VN8HG8vNlueTB1Iku-a8ooro', 'width': 4000}]",,https://www.google.com/maps/place/?q=place_id:ChIJ21ScJflLaC4RKe9f6yIu46U
OPERATIONAL,"4WHQ+RR6, Karawang, Sukabumi, Sukabumi Regency, West Java 43151, Indonesia","{'location': {'lat': -6.870627, 'lng': 106.940012}, 'viewport': {'northeast': {'lat': -6.869150520107278, 'lng': 106.9413714798927}, 'southwest': {'lat': -6.871850179892722, 'lng': 106.9386718201073}}}",https://maps.gstatic.com/mapfiles/place_api/icons/v1/png_71/generic_business-71.png,#13B5C7,https://maps.gstatic.com/mapfiles/place_api/icons/v2/generic_pinlet,Kebon awi,ChIJwyeQsHNJaC4RIGMStv_Fwz0,4.0,ChIJwyeQsHNJaC4RIGMStv_Fwz0,"['tourist_attraction', 'point_of_interest', 'establishment']",1,,"[{'height': 1000, 'html_attributions': ['<a href=""https://maps.google.com/maps/contrib/104778272103460468675"">benz benzema</a>'], 'photo_reference': 'AUGGfZldevksjMkoS4Psc3AWfl20pKFntjegqwijzYIuqvgWd8sGoQuPimKuzt3hRmQ1xSR44LYSzb3ELgqNM-M5sNp8W4dsr8tnASIriY6BPWow5vcVj9Ty0g224NU9SFXpyGvnTbHPhwx7SswpzgDQsaAcwtYjf9QNZmKC-Ky4RW6a4E_H', 'width': 750}]",,https://www.google.com/maps/place/?q=place_id:ChIJwyeQsHNJaC4RIGMStv_Fwz0
OPERATIONAL,"4WGQ+GX2, Jl. Perbawati, Perbawati, Kab. Sukabumi, Kabupaten Sukabumi, Jawa Barat 43151, Indonesia","{'location': {'lat': -6.873899499999999, 'lng': 106.9406977}, 'viewport': {'northeast': {'lat': -6.872340370107278, 'lng': 106.9418878798927}, 'southwest': {'lat': -6.875040029892721, 'lng': 106.9391882201073}}}",https://maps.gstatic.com/mapfiles/place_api/icons/v1/png_71/generic_business-71.png,#13B5C7,https://maps.gstatic.com/mapfiles/place_api/icons/v2/generic_pinlet,Sumber Mata Air Cisara,ChIJ5QMxNDJJaC4R6XKPjLujZAI,0.0,ChIJ5QMxNDJJaC4R6XKPjLujZAI,"['tourist_attraction', 'point_of_interest', 'establishment']",0,,"[{'height': 4608, 'html_attributions': ['<a href=""https://maps.google.com/maps/contrib/105653525693521886717"">Ahmad Albantani</a>'], 'photo_reference': 'AUGGfZlvITKjURu3ZnHX8wtEzg7tp4GFQmI7GFlwKvvj-i2FtbAzBSeq8qJrZU6_A7jIJ3xdpsP-TuSmkHEP_0e1LgHKF2CTXlPbELDZyy338FxPmNSsNhNTYTXHd93diDMvSs4Hubidey4jhJ6ct9NSVjq8faoILFicy9C5x8WcovU-CeR2', 'width': 2128}]",,https://www.google.com/maps/place/?q=place_id:ChIJ5QMxNDJJaC4R6XKPjLujZAI
OPERATIONAL,"4W5X+M4R, Sudajaya Girang, Sukabumi, Sukabumi Regency, West Java, Indonesia","{'location': {'lat': -6.890770799999999, 'lng': 106.9477663}, 'viewport': {'northeast': {'lat': -6.889423120107278, 'lng': 106.9491291298927}, 'southwest': {'lat': -6.892122779892722, 'lng': 106.9464294701073}}}",https://maps.gstatic.com/mapfiles/place_api/icons/v1/png_71/generic_business-71.png,#13B5C7,https://maps.gstatic.com/mapfiles/place_api/icons/v2/generic_pinlet,Tanah danden,ChIJwfEhrTJJaC4RvNMPKhaoDXo,0.0,ChIJwfEhrTJJaC4RvNMPKhaoDXo,"['tourist_attraction', 'point_of_interest', 'establishment']",0,,,,https://www.google.com/maps/place/?q=place_id:ChIJwfEhrTJJaC4RvNMPKhaoDXo
OPERATIONAL,"4XR4+3WV, Sudajaya Girang, Sukabumi, Sukabumi Regency, West Java 43151, Indonesia","{'location': {'lat': -6.859768799999999, 'lng': 106.9573116}, 'viewport': {'northeast': {'lat': -6.858420870107278, 'lng': 106.9586641798927}, 'southwest': {'lat': -6.861120529892721, 'lng': 106.9559645201073}}}",https://maps.gstatic.com/mapfiles/place_api/icons/v1/png_71/generic_business-71.png,#13B5C7,https://maps.gstatic.com/mapfiles/place_api/icons/v2/generic_pinlet,Rumah Marsya,ChIJH2q5ajFLaC4R8Xud3CX1e7Y,0.0,ChIJH2q5ajFLaC4R8Xud3CX1e7Y,"['tourist_attraction', 'point_of_interest', 'establishment']",0,,,,https://www.google.com/maps/place/?q=place_id:ChIJH2q5ajFLaC4R8Xud3CX1e7Y
OPERATIONAL,"4XP6+WV, Sudajaya Girang, Sukabumi, Sukabumi Regency, West Java 43151, Indonesia","{'location': {'lat': -6.8626875, 'lng': 106.9621875}, 'viewport': {'northeast': {'lat': -6.861003020107278, 'lng': 106.9635993798927}, 'southwest': {'lat': -6.863702679892723, 'lng': 106.9608997201073}}}",https://maps.gstatic.com/mapfiles/place_api/icons/v1/png_71/generic_business-71.png,#13B5C7,https://maps.gstatic.com/mapfiles/place_api/icons/v2/generic_pinlet,Kebon Mang Ele,ChIJNYTsx-JLaC4RYFUo72V81Ao,0.0,ChIJNYTsx-JLaC4RYFUo72V81Ao,"['tourist_attraction', 'point_of_interest', 'establishment']",0,{'open_now': False},"[{'height': 899, 'html_attributions': ['<a href=""https://maps.google.com/maps/contrib/109906479567667752072"">A Google User</a>'], 'photo_reference': 'AUGGfZnoLkg9JvvDUtS9bfVD1EKCWFpw0fM6aIqK043hGwwbJGyQ1TMhn2t0WGnJkwSywdlPpSAh08T-IrdRV1Z-kIjYqxS_ta1aAmjLZyYVLaa-85abF1H1PYBTd4nssLcN0kDz5sM4UfVRvHAz6uHjEBBLeiieKSfXXgaiZCqq-e3suqWC', 'width': 1599}]",,https://www.google.com/maps/place/?q=place_id:ChIJNYTsx-JLaC4RYFUo72V81Ao
OPERATIONAL,"Selabintana St No.7, Sudajaya Girang, Sukabumi, Sukabumi Regency, West Java 43151, Indonesia","{'location': {'lat': -6.8720306, 'lng': 106.9521394}, 'viewport': {'northeast': {'lat': -6.870568820107278, 'lng': 106.9531864798927}, 'southwest': {'lat': -6.873268479892721, 'lng': 106.9504868201073}}}",https://maps.gstatic.com/mapfiles/place_api/icons/v1/png_71/generic_business-71.png,#13B5C7,https://maps.gstatic.com/mapfiles/place_api/icons/v2/generic_pinlet,Mini Camp,ChIJJctVBqRJaC4R_Q78qMRHEYQ,5.0,ChIJJctVBqRJaC4R_Q78qMRHEYQ,"['tourist_attraction', 'point_of_interest', 'establishment']",1,{'open_now': True},"[{'height': 2448, 'html_attributions': ['<a href=""https://maps.google.com/maps/contrib/111250431669724140344"">A Google User</a>'], 'photo_reference': 'AUGGfZkInCJ1xS2keOK-9aAbT8tSiCvQS0fUBgJyxGs5_J85-ffLH7Ts8wBUXOsLE1Aq0FFhOMBExpyWXefNXzdlfgl_P6Jnvvlgetvy53BksGiGzeJx2-7PAhnZTOyixgfAumt2bjM2D1OEBbtxPvlt9FUbgD_W6n8aLwlZk3JF-ZDS40pc', 'width': 3264}]","{'compound_code': '4XH2+5V Sudajaya Girang, Sukabumi Regency, West Java, Indonesia', 'global_code': '6P584XH2+5V'}",https://www.google.com/maps/place/?q=place_id:ChIJJctVBqRJaC4R_Q78qMRHEYQ
OPERATIONAL,"4XQ3+22F kp.Reuma, Jl. Perbawati, Perbawati, Sukabumi, Sukabumi Regency, West Java 43151, Indonesia","{'location': {'lat': -6.862633499999999, 'lng': 106.952596}, 'viewport': {'northeast': {'lat': -6.861276720107278, 'lng': 106.9539013798927}, 'southwest': {'lat': -6.863976379892722, 'lng': 106.9512017201073}}}",https://maps.gstatic.com/mapfiles/place_api/icons/v1/png_71/generic_business-71.png,#13B5C7,https://maps.gstatic.com/mapfiles/place_api/icons/v2/generic_pinlet,Saung jalu,ChIJv-D_pKlLaC4RqNJjOrJNXvk,5.0,ChIJv-D_pKlLaC4RqNJjOrJNXvk,"['tourist_attraction', 'point_of_interest', 'establishment']",5,,"[{'height': 3472, 'html_attributions': ['<a href=""https://maps.google.com/maps/contrib/108893744458853226073"">Lutfi Kasyaefi</a>'], 'photo_reference': 'AUGGfZmyDj0pZF9AReEwh3s_W6u0lWJ6WshHUDV80k0yw8g32YGY8owYvrCaXKW-nuzKx9AYh_uaLZ-U-lElnbxFcOZduRTU0aL2-frG9rAcqWaXJDUEOoyVGs6ROGtFszeVjJONHjHUMIwwvjf11zhg4K1-Dcc9GAZWr8zDxT9cBB2ZEueQ', 'width': 4624}]",,https://www.google.com/maps/place/?q=place_id:ChIJv-D_pKlLaC4RqNJjOrJNXvk
OPERATIONAL,"5WCJ+7X, Gede Pangrango, Kadudampit, Sukabumi Regency, West Java, Indonesia","{'location': {'lat': -6.8292835, 'lng': 106.9324475}, 'viewport': {'northeast': {'lat': -6.828214999999999, 'lng': 106.9335619798927}, 'southwest': {'lat': -6.832489000000001, 'lng': 106.9308623201073}}}",https://maps.gstatic.com/mapfiles/place_api/icons/v1/png_71/generic_business-71.png,#13B5C7,https://maps.gstatic.com/mapfiles/place_api/icons/v2/generic_pinlet,Posko Ekspedisi Lembah Purba,ChIJj3mvbN9LaC4R3ganD0eJHdA,4.7,ChIJj3mvbN9LaC4R3ganD0eJHdA,"['tourist_attraction', 'point_of_interest', 'establishment']",9,,"[{'height': 5712, 'html_attributions': ['<a href=""https://maps.google.com/maps/contrib/101071797387979115507"">Aaron Lisandrio</a>'], 'photo_reference': 'AUGGfZn1ollluQeru4QKAal5Ql7t1eC7PGzvO1jNQPHRnDNRyXmI60zZWaIPXpcVpHpJrqzbZZG8JXjiToynk3pFKU6zLkoen7-NuVuZNyZL5tspzXEIs3GUk2py0bctHA5FSJRU01_3IOPrWi2CDdE4Hy5Icv4NFYt4w1V5RagRvp1IwV51', 'width': 4284}]",,https://www.google.com/maps/place/?q=place_id:ChIJj3mvbN9LaC4R3ganD0eJHdA
OPERATIONAL,"4XW5+Q4, Perbawati, Sukabumi, Sukabumi Regency, West Java, Indonesia","{'location': {'lat': -6.8530599, 'lng': 106.9578548}, 'viewport': {'northeast': {'lat': -6.851850770107278, 'lng': 106.9591411798927}, 'southwest': {'lat': -6.854550429892722, 'lng': 106.9564415201073}}}",https://maps.gstatic.com/mapfiles/place_api/icons/v1/png_71/generic_business-71.png,#13B5C7,https://maps.gstatic.com/mapfiles/place_api/icons/v2/generic_pinlet,Spot selfi kebun teh-Ibu Runti,ChIJg3sxyXNLaC4RhEcyvYYZRrg,4.5,ChIJg3sxyXNLaC4RhEcyvYYZRrg,"['tourist_attraction', 'point_of_interest', 'establishment']",2,,"[{'height': 720, 'html_attributions': ['<a href=""https://maps.google.com/maps/contrib/103017089712755779368"">Wahyudi Yudi</a>'], 'photo_reference': 'AUGGfZnJFxFZLcEWBfiJy8XztR2iCnz3MkISjb8hwusqKP-ZAKhb2Q5x8Ty81VsjP1glHtNi5KyrdOF0xHN953Foh0xa5rtpP6jtLidsnXRnw4Tu2hw71gAm6qhF4AK5KvcIdILNj-tCvSoa6-jB6HrovWJg9-YHGPGdMjZcZIuGgXKdklKi', 'width': 720}]",,https://www.google.com/maps/place/?q=place_id:ChIJg3sxyXNLaC4RhEcyvYYZRrg
OPERATIONAL,"Selabintana St No.432, Warnasari, Sukabumi, Sukabumi Regency, West Java 43151, Indonesia","{'location': {'lat': -6.879775, 'lng': 106.948171}, 'viewport': {'northeast': {'lat': -6.878474720107278, 'lng': 106.9495044798927}, 'southwest': {'lat': -6.881174379892721, 'lng': 106.9468048201073}}}",https://maps.gstatic.com/mapfiles/place_api/icons/v1/png_71/generic_business-71.png,#13B5C7,https://maps.gstatic.com/mapfiles/place_api/icons/v2/generic_pinlet,Saung kotabe,ChIJsa3S8IBJaC4RaXQg3HCALQ8,0.0,ChIJsa3S8IBJaC4RaXQg3HCALQ8,"['tourist_attraction', 'point_of_interest', 'establishment']",0,,,"{'compound_code': '4WCX+37 Warnasari, Sukabumi Regency, West Java, Indonesia', 'global_code': '6P584WCX+37'}",https://www.google.com/maps/place/?q=place_id:ChIJsa3S8IBJaC4RaXQg3HCALQ8
OPERATIONAL,"5X27+HPP, Jl. Pd. Halimun, Perbawati, Kab. Sukabumi, Kabupaten Sukabumi, Jawa Barat 43151, Indonesia","{'location': {'lat': -6.8485334, 'lng': 106.9643249}, 'viewport': {'northeast': {'lat': -6.847178770107279, 'lng': 106.9657421798927}, 'southwest': {'lat': -6.849878429892723, 'lng': 106.9630425201073}}}",https://maps.gstatic.com/mapfiles/place_api/icons/v1/png_71/generic_business-71.png,#13B5C7,https://maps.gstatic.com/mapfiles/place_api/icons/v2/generic_pinlet,POKTAN GANDA RESMI,ChIJG0M5T8FLaC4RC48H5l_HQFw,5.0,ChIJG0M5T8FLaC4RC48H5l_HQFw,"['tourist_attraction', 'point_of_interest', 'establishment']",7,,"[{'height': 1518, 'html_attributions': ['<a href=""https://maps.google.com/maps/contrib/102037358530677379598"">Alfa Nuurun</a>'], 'photo_reference': 'AUGGfZnmMN6HF7BU1J95miWd_MItTw6NBrGX7HRIJJZHz9uUyjVZWbH9r52d08mOCwYWoSqOZyg1d_IiFaGPiqMXNrsTloNkXNoi1lFnKoEY1_Z1J4BdRf2jhUYohsAc3SRedkxrdNzR8MYQrIIJmF6gjDo3vbj73w_FYt4hbiGIez_TU99a', 'width': 2048}]",,https://www.google.com/maps/place/?q=place_id:ChIJG0M5T8FLaC4RC48H5l_HQFw
OPERATIONAL,"4W5F+2GH, Jl. Parungseah, Parungseah, Kab. Sukabumi, Kabupaten Sukabumi, Jawa Barat 43151, Indonesia","{'location': {'lat': -6.892430099999999, 'lng': 106.923845}, 'viewport': {'northeast': {'lat': -6.891074770107278, 'lng': 106.9251771298927}, 'southwest': {'lat': -6.893774429892722, 'lng': 106.9224774701073}}}",https://maps.gstatic.com/mapfiles/place_api/icons/v1/png_71/generic_business-71.png,#13B5C7,https://maps.gstatic.com/mapfiles/place_api/icons/v2/generic_pinlet,Turunan View,ChIJoZQMBBJJaC4RQwJR_lgAe7U,5.0,ChIJoZQMBBJJaC4RQwJR_lgAe7U,"['tourist_attraction', 'point_of_interest', 'establishment']",1,,"[{'height': 1152, 'html_attributions': ['<a href=""https://maps.google.com/maps/contrib/115911430967649772095"">pangestu adji</a>'], 'photo_reference': 'AUGGfZkjKnnMXM_WG-MPTw5gI3C8mpDsy9cduBozT7WpUKlJmt1aKbGbr-U_nfoHhMeerM22X5dByRolmeslDAyxWBI0mGvreX0UhS1eGKv3FvsO0eS8y0K-rPd5lS35SwPiMqgEnglQPjoP8NnpOslbZwpitQyYgw5SoxGXOZUZ3kPpNnie', 'width': 2048}]",,https://www.google.com/maps/place/?q=place_id:ChIJoZQMBBJJaC4RQwJR_lgAe7U
OPERATIONAL,"Jl. Mayor Mahmud No.16, Sukajaya, Kab. Sukabumi, Kota Sukabumi, Jawa Barat 43115, Indonesia","{'location': {'lat': -6.9048238, 'lng': 106.9425372}, 'viewport': {'northeast': {'lat': -6.903645620107278, 'lng': 106.9440411298927}, 'southwest': {'lat': -6.906345279892722, 'lng': 106.9413414701073}}}",https://maps.gstatic.com/mapfiles/place_api/icons/v1/png_71/generic_business-71.png,#13B5C7,https://maps.gstatic.com/mapfiles/place_api/icons/v2/generic_pinlet,Djoemiril Family base,ChIJ7Yt3guJJaC4RjtqjLcQvvww,4.7,ChIJ7Yt3guJJaC4RjtqjLcQvvww,"['tourist_attraction', 'point_of_interest', 'establishment']",3,,"[{'height': 2250, 'html_attributions': ['<a href=""https://maps.google.com/maps/contrib/115911430967649772095"">pangestu adji</a>'], 'photo_reference': 'AUGGfZlsMtgKkuPqd2_UDp8HHlW9mq9xlztqJfT8flmov2Vtb7agxAU5ahYfyXu6ey5MYf1_qN9HLYsAHRUK--PIVO5aiduEi61Z2kxU2MX2ORxNuYsttBlIX0Cl2XQn9-UzCjlXzNY11ebWZaPTGcz8A62sfi5mtaq88BvaR5JMocox5dta', 'width': 4000}]","{'compound_code': '3WWV+32 Sukajaya, Sukabumi Regency, West Java, Indonesia', 'global_code': '6P583WWV+32'}",https://www.google.com/maps/place/?q=place_id:ChIJ7Yt3guJJaC4RjtqjLcQvvww
OPERATIONAL,"3WVQ+FWW, Jl. Mayor Mahmud, Sukajaya, Kec. Cikole, Kabupaten Sukabumi, Jawa Barat, Indonesia","{'location': {'lat': -6.9051845, 'lng': 106.9394625}, 'viewport': {'northeast': {'lat': -6.903679470107277, 'lng': 106.9409427298927}, 'southwest': {'lat': -6.906379129892721, 'lng': 106.9382430701073}}}",https://maps.gstatic.com/mapfiles/place_api/icons/v1/png_71/generic_business-71.png,#13B5C7,https://maps.gstatic.com/mapfiles/place_api/icons/v2/generic_pinlet,Wisata Alam OASIS Sukabumi,ChIJcTOnsClJaC4Rc4Ce2iCol2M,4.5,ChIJcTOnsClJaC4Rc4Ce2iCol2M,"['tourist_attraction', 'point_of_interest', 'establishment']",727,{'open_now': False},"[{'height': 2610, 'html_attributions': ['<a href=""https://maps.google.com/maps/contrib/114962221232478727533"">A Google User</a>'], 'photo_reference': 'AUGGfZl1wd4gTCcCDE1IL3jBcwv92wxgYFRGzBS4v8nEtVPJtSOT6Ew3LAeg7rQEkFYnrBaIVNSgvXV8yyDOFn4w9h2tjNvUrkGxKV_2d1FtSghtPpfXiN205DHNTyFOD8Ktqyz-1Ugd431ulh24jzZSxq3u9D08W08ImALjsnFuxd5JfWGB', 'width': 4640}]",,https://www.google.com/maps/place/?q=place_id:ChIJcTOnsClJaC4Rc4Ce2iCol2M
OPERATIONAL,"4XGF+9CW, Jl. Goalpara, Sukaraja, Kec. Sukaraja, Kabupaten Sukabumi, Jawa Barat 43192, Indonesia","{'location': {'lat': -6.8740061, 'lng': 106.9735726}, 'viewport': {'northeast': {'lat': -6.872644570107278, 'lng': 106.9748922798927}, 'southwest': {'lat': -6.875344229892722, 'lng': 106.9721926201073}}}",https://maps.gstatic.com/mapfiles/place_api/icons/v1/png_71/generic_business-71.png,#13B5C7,https://maps.gstatic.com/mapfiles/place_api/icons/v2/generic_pinlet,Rumah Rijal MTC,ChIJk9m2MABJaC4R2pvSIEkYiUI,5.0,ChIJk9m2MABJaC4R2pvSIEkYiUI,"['tourist_attraction', 'point_of_interest', 'establishment']",2,,"[{'height': 3024, 'html_attributions': ['<a href=""https://maps.google.com/maps/contrib/113731869541193207446"">A Google User</a>'], 'photo_reference': 'AUGGfZkPWXbVRZ3yxUDWg3ohDypUr1Yp_PEpdPZCScmXDyGuHkzcuw3_3fKbQMBfLc2w56ta9E8sSERASwvZgnI2fY9tgFrbLV7P4zccnCkN1Tay-iluN7SNd7EBV5EyOC6M9hYp5H4VckFy9sh2Vz1fHx2jN20hCu0uiY6YX2wS59zz7tFA', 'width': 4032}]",,https://www.google.com/maps/place/?q=place_id:ChIJk9m2MABJaC4R2pvSIEkYiUI
OPERATIONAL,"Jl. Pd. Halimun, Gg. Masjid Assholihiin kp.Nagrog No.08, Perbawati, Kab. Sukabumi, Kabupaten Sukabumi, Jawa Barat 43151, Indonesia","{'location': {'lat': -6.8696698, 'lng': 106.944441}, 'viewport': {'northeast': {'lat': -6.868341870107278, 'lng': 106.9458248798927}, 'southwest': {'lat': -6.871041529892722, 'lng': 106.9431252201073}}}",https://maps.gstatic.com/mapfiles/place_api/icons/v1/png_71/generic_business-71.png,#13B5C7,https://maps.gstatic.com/mapfiles/place_api/icons/v2/generic_pinlet,HALIMUN VILLAGE,ChIJAZffvctLaC4RmwCMRyKWPyE,0.0,ChIJAZffvctLaC4RmwCMRyKWPyE,"['tourist_attraction', 'point_of_interest', 'establishment']",0,{'open_now': True},"[{'height': 1032, 'html_attributions': ['<a href=""https://maps.google.com/maps/contrib/112433371840422867177"">A Google User</a>'], 'photo_reference': 'AUGGfZkDoQrespfU0kHFVB1bJIATltH62tkm4u0wykmx0qkjmoEQ9QyCZeFMioxvU_a9Q4kmil6R84NENOreTcSPfAil4sqy99FkIbVHiHo_YUxEGnCvs6-R68G4LxJzzTwxekSAuLkP4pIWFpV-2bdgR-VY4hkg5-loa87HOW8DhmCvRhax', 'width': 580}]","{'compound_code': '4WJV+4Q Perbawati, Sukabumi Regency, West Java, Indonesia', 'global_code': '6P584WJV+4Q'}",https://www.google.com/maps/place/?q=place_id:ChIJAZffvctLaC4RmwCMRyKWPyE
OPERATIONAL,"5X26+F9V, Batu Rea Camp pondok halimun, Pondok Halimun, Jl. Selabintana, Perbawati, Kab. Sukabumi, Kabupaten Sukabumi, Jawa Barat 43151, Indonesia","{'location': {'lat': -6.848751399999999, 'lng': 106.960937}, 'viewport': {'northeast': {'lat': -6.847323020107277, 'lng': 106.9623119798927}, 'southwest': {'lat': -6.850022679892721, 'lng': 106.9596123201073}}}",https://maps.gstatic.com/mapfiles/place_api/icons/v1/png_71/generic_business-71.png,#13B5C7,https://maps.gstatic.com/mapfiles/place_api/icons/v2/generic_pinlet,Camping Ground Batu Rea,ChIJryuK0bJLaC4R8Q6LHzaTY3I,4.6,ChIJryuK0bJLaC4R8Q6LHzaTY3I,"['tourist_attraction', 'point_of_interest', 'establishment']",19,{'open_now': True},"[{'height': 3072, 'html_attributions': ['<a href=""https://maps.google.com/maps/contrib/117757745667565585738"">Yuli Nuriskandar</a>'], 'photo_reference': 'AUGGfZlCkadBo7Pgx2yFm7c9IzAu3SOuT5HnSXeN2-h3XqnMvz0QeG_yMDQvw_gHJ6gLmCp99pu11CJK-8ZFHAJDgTAjC07Dw47ee2ZUeYQd1MYoBC7lIUdHSnrkY_orPUoDOAuqDeAWgOvyOaqpFbR9zrz1nrVO38YA1gTQ0b0kmTOwqyUx', 'width': 4080}]",,https://www.google.com/maps/place/?q=place_id:ChIJryuK0bJLaC4R8Q6LHzaTY3I
OPERATIONAL,"5X22+56C, Jl. Cipetir-Sudajaya, Undrus Binangun, Kec. Kadudampit, Kabupaten Sukabumi, Jawa Barat 43153, Indonesia","{'location': {'lat': -6.8495655, 'lng': 106.9505169}, 'viewport': {'northeast': {'lat': -6.848227070107279, 'lng': 106.9518573298927}, 'southwest': {'lat': -6.850926729892723, 'lng': 106.9491576701073}}}",https://maps.gstatic.com/mapfiles/place_api/icons/v1/png_71/generic_business-71.png,#13B5C7,https://maps.gstatic.com/mapfiles/place_api/icons/v2/generic_pinlet,Langit Firdaus,ChIJc2xO_sFLaC4RFqcCl0ZG6-8,5.0,ChIJc2xO_sFLaC4RFqcCl0ZG6-8,"['tourist_attraction', 'point_of_interest', 'establishment']",3,,"[{'height': 2304, 'html_attributions': ['<a href=""https://maps.google.com/maps/contrib/106221758732804659053"">Rahman Hakim</a>'], 'photo_reference': 'AUGGfZnJLKy27ACNZq1B-ZqgjvFDFhn8x1CML2GwzXlvB49prU_jTjZzGUKH0c_cKphCHZN8Qo-KR-Jx_9tgxwDHvL4DUeh85tIevCeGCHM78eTLNmxPXf3RZv8E5W_JdC9VkOuFKOr7c50gP2F4m6Q_UPA6_GnisR7AkHKcEY1kniwUBtiL', 'width': 4080}]",,https://www.google.com/maps/place/?q=place_id:ChIJc2xO_sFLaC4RFqcCl0ZG6-8
OPERATIONAL,"5W9M+G2W, Gede Pangrango, Kadudampit, Sukabumi Regency, West Java 43153, Indonesia","{'location': {'lat': -6.8311323, 'lng': 106.9325843}, 'viewport': {'northeast': {'lat': -6.829926220107279, 'lng': 106.9336306798927}, 'southwest': {'lat': -6.832625879892722, 'lng': 106.9309310201073}}}",https://maps.gstatic.com/mapfiles/place_api/icons/v1/png_71/generic_business-71.png,#13B5C7,https://maps.gstatic.com/mapfiles/place_api/icons/v2/generic_pinlet,Curug Sawer,ChIJi-XG-GRKaC4R7tol6YQnj1E,4.6,ChIJi-XG-GRKaC4R7tol6YQnj1E,"['tourist_attraction', 'park', 'point_of_interest', 'establishment']",5829,{'open_now': False},"[{'height': 3008, 'html_attributions': ['<a href=""https://maps.google.com/maps/contrib/115101736754872739593"">om madison</a>'], 'photo_reference': 'AUGGfZkDlkIcwNbAKHSKNdCF-l1JT2fRtNnJTFEJsHaCUNXMwg5p21hryQVm4dNw6HDQJ7n33yNv0orLadzLx0DJ_h8vLLmVBRyzStMOej44tc4vbuar6_ozRdIE_pzQN9CmC72GUi-5K4CPgXfO2ydKRPDnPXjU_YOW-nX8zvT6MF3h5g2d', 'width': 4012}]",,https://www.google.com/maps/place/?q=place_id:ChIJi-XG-GRKaC4R7tol6YQnj1E
OPERATIONAL,"5W9G+CG4, Sukamanis, Kadudampit, Sukabumi Regency, West Java 43153, Indonesia","{'location': {'lat': -6.8320064, 'lng': 106.9268625}, 'viewport': {'northeast': {'lat': -6.82995485, 'lng': 106.9284776298927}, 'southwest': {'lat': -6.838161050000001, 'lng': 106.9257779701073}}}",https://maps.gstatic.com/mapfiles/place_api/icons/v1/png_71/generic_business-71.png,#13B5C7,https://maps.gstatic.com/mapfiles/place_api/icons/v2/generic_pinlet,Flying Fox Situ Gunung (keren),ChIJ6yB9WgBLaC4Re8TRuzuEFAs,4.4,ChIJ6yB9WgBLaC4Re8TRuzuEFAs,"['tourist_attraction', 'point_of_interest', 'establishment']",7,,"[{'height': 1476, 'html_attributions': ['<a href=""https://maps.google.com/maps/contrib/113839367240909486467"">A Google User</a>'], 'photo_reference': 'AUGGfZnvpG4ee30Z5k6nDggVLObwDI63Qu-Aloqq_WiDX7qusJnN5E8a2-jr-2upceT34sYvZzhi3CYLBylqXqbTgzQ6Rw1IuLUGuEYs0iDc-4cmgy9HuGrt0ckRmIO25ixBL4cPE624xxhUw8etGBh3kwoMOm4Fdrju6HmSUapz24NQfZTs', 'width': 2215}]",,https://www.google.com/maps/place/?q=place_id:ChIJ6yB9WgBLaC4Re8TRuzuEFAs
OPERATIONAL,"4V8J+3FC, Kutasirna, Cisaat, Sukabumi Regency, West Java, Indonesia","{'location': {'lat': -6.885000100000001, 'lng': 106.8815607}, 'viewport': {'northeast': {'lat': -6.883522370107278, 'lng': 106.8826548798927}, 'southwest': {'lat': -6.886222029892722, 'lng': 106.8799552201073}}}",https://maps.gstatic.com/mapfiles/place_api/icons/v1/png_71/generic_business-71.png,#13B5C7,https://maps.gstatic.com/mapfiles/place_api/icons/v2/generic_pinlet,Lapak heay jibon,ChIJ679a6FI3aC4RmzQv0a8T1fY,0.0,ChIJ679a6FI3aC4RmzQv0a8T1fY,"['tourist_attraction', 'point_of_interest', 'establishment']",0,,"[{'height': 4160, 'html_attributions': ['<a href=""https://maps.google.com/maps/contrib/101024689134335311698"">A Google User</a>'], 'photo_reference': 'AUGGfZkDOvJnJ0QwRIDnVXKYtsl-ZQxpPN1Yu3yNXC0jGO__kwq9gG2es8c4jHsGRx1qyByKFEk1jSqM6-p4M5f9HNNI5kKbUxw1558jCl8ajK_2MxYZXiIsGBUcBxohsGoQGtQtFgqvtqg1rFYysjtecwO0_dudydQznSdFtel4cuzvXAsf', 'width': 3120}]",,https://www.google.com/maps/place/?q=place_id:ChIJ679a6FI3aC4RmzQv0a8T1fY
OPERATIONAL,"4XF8+R2W, Jl. Pamoyanan, Sukamekar, Kec. Sukaraja, Kabupaten Sukabumi, Jawa Barat 43192, Indonesia","{'location': {'lat': -6.8753939, 'lng': 106.9650564}, 'viewport': {'northeast': {'lat': -6.874043620107278, 'lng': 106.9664095798927}, 'southwest': {'lat': -6.876743279892722, 'lng': 106.9637099201073}}}",https://maps.gstatic.com/mapfiles/place_api/icons/v1/png_71/generic_business-71.png,#13B5C7,https://maps.gstatic.com/mapfiles/place_api/icons/v2/generic_pinlet,Azmi fadillah,ChIJ9fbaxHBJaC4RfVcTWYHB8QU,5.0,ChIJ9fbaxHBJaC4RfVcTWYHB8QU,"['tourist_attraction', 'point_of_interest', 'establishment']",1,,"[{'height': 3264, 'html_attributions': ['<a href=""https://maps.google.com/maps/contrib/105383857455379488056"">A Google User</a>'], 'photo_reference': 'AUGGfZmAWm22I7M1OBYRQQ4UCVsNI9Co-7h8gjdvu2_PeuFwA423xSCEXhXVdxEfp3-bgbKjgdPyJ6a-qdsee7WDZtbzX8BP9z-tXilN9vK_DnPq9eHv_VsR26528a1PKeZweF-MOjHmR5LpGoi0Owa6VtefJubZrpamtRKnYJf6_d7DZuqd', 'width': 2448}]",,https://www.google.com/maps/place/?q=place_id:ChIJ9fbaxHBJaC4RfVcTWYHB8QU
OPERATIONAL,"4WVG+H3G, Gg. Tanawin, Gede Pangrango, Kec. Kadudampit, Kabupaten Sukabumi, Jawa Barat 43153, Indonesia","{'location': {'lat': -6.855594200000001, 'lng': 106.926189}, 'viewport': {'northeast': {'lat': -6.853934320107277, 'lng': 106.9271737298927}, 'southwest': {'lat': -6.856633979892721, 'lng': 106.9244740701073}}}",https://maps.gstatic.com/mapfiles/place_api/icons/v1/png_71/generic_business-71.png,#13B5C7,https://maps.gstatic.com/mapfiles/place_api/icons/v2/generic_pinlet,Legok Icak,ChIJZaaXsRtLaC4RB54Ipp93ExA,5.0,ChIJZaaXsRtLaC4RB54Ipp93ExA,"['tourist_attraction', 'point_of_interest', 'establishment']",5,{'open_now': True},"[{'height': 728, 'html_attributions': ['<a href=""https://maps.google.com/maps/contrib/103861527239434685493"">A Google User</a>'], 'photo_reference': 'AUGGfZleGbsURrEdAyZotYDYagz9xhhK_-oF-PDuArs0BbWwHHBbf9KTN4fN-yP2zYOwxLjoheWbsGIneSyH_fhWDGAryXjrPPBKCvqzstjIoR9OdOxwyHF-f691LX2x6aW52ik0wxYbiYXKQvwqYcV2l3NryhtnbSzIAc6Fd605EVwaDPM', 'width': 1452}]",,https://www.google.com/maps/place/?q=place_id:ChIJZaaXsRtLaC4RB54Ipp93ExA
OPERATIONAL,"4WMP+4GV, Undrus Binangun, Kadudampit, Sukabumi Regency, West Java, Indonesia","{'location': {'lat': -6.8671266, 'lng': 106.9362935}, 'viewport': {'northeast': {'lat': -6.865832570107279, 'lng': 106.93705685}, 'southwest': {'lat': -6.868532229892723, 'lng': 106.93400345}}}",https://maps.gstatic.com/mapfiles/place_api/icons/v1/png_71/generic_business-71.png,#13B5C7,https://maps.gstatic.com/mapfiles/place_api/icons/v2/generic_pinlet,Spot canyoning wisata coblong,ChIJtUbNKABLaC4RxBn-iXXIocM,0.0,ChIJtUbNKABLaC4RxBn-iXXIocM,"['tourist_attraction', 'point_of_interest', 'establishment']",0,,,,https://www.google.com/maps/place/?q=place_id:ChIJtUbNKABLaC4RxBn-iXXIocM
OPERATIONAL,"5X32+35, Undrus Binangun, Kadudampit, Sukabumi Regency, West Java, Indonesia","{'location': {'lat': -6.847296399999999, 'lng': 106.9504971}, 'viewport': {'northeast': {'lat': -6.845939870107277, 'lng': 106.9518459298927}, 'southwest': {'lat': -6.848639529892721, 'lng': 106.9491462701073}}}",https://maps.gstatic.com/mapfiles/place_api/icons/v1/png_71/generic_business-71.png,#13B5C7,https://maps.gstatic.com/mapfiles/place_api/icons/v2/generic_pinlet,AGRO WISATA (KEBUN BUAH JAMBU),ChIJPYmDNBZLaC4RKql3BJQYDeQ,3.0,ChIJPYmDNBZLaC4RKql3BJQYDeQ,"['tourist_attraction', 'point_of_interest', 'establishment']",2,{'open_now': False},"[{'height': 3120, 'html_attributions': ['<a href=""https://maps.google.com/maps/contrib/100406898869768671641"">A Google User</a>'], 'photo_reference': 'AUGGfZnhEciTQjw0qvMud-19jhGZPN7gq5YzSx3GFBUvdpiHEz_AKnogIeMQASn7kz_g0S15jlljhcHtHMWeFzDHZ6k-k5769LfOOsdv5B49LxEsKiXuOvJQCA1GxU4AS-2qTj0oN9b8HY19DQh5x5jqbf8mJYnFZLz-ktnb9lnmcbWzxXQ4', 'width': 4160}]",,https://www.google.com/maps/place/?q=place_id:ChIJPYmDNBZLaC4RKql3BJQYDeQ
OPERATIONAL,"4WJ7+73R, Sukamaju, Kadudampit, Sukabumi Regency, West Java 43153, Indonesia","{'location': {'lat': -6.869252, 'lng': 106.9126284}, 'viewport': {'northeast': {'lat': -6.867746070107278, 'lng': 106.9137215298927}, 'southwest': {'lat': -6.870445729892722, 'lng': 106.9110218701073}}}",https://maps.gstatic.com/mapfiles/place_api/icons/v1/png_71/generic_business-71.png,#13B5C7,https://maps.gstatic.com/mapfiles/place_api/icons/v2/generic_pinlet,ISTC Water Park,ChIJO2ml6q1LaC4RYHDHhENhyiY,4.4,ChIJO2ml6q1LaC4RYHDHhENhyiY,"['tourist_attraction', 'point_of_interest', 'establishment']",97,,"[{'height': 1973, 'html_attributions': ['<a href=""https://maps.google.com/maps/contrib/110304076138726980962"">Agus Wiyono</a>'], 'photo_reference': 'AUGGfZmjS_YU5mmtZa9LbdIyJjNOGbqszAewuGJlw_auk7Aviz5_AY1Aw7Bv67FLHOIekqPw_kkxHq93fSNTFWhPfT4p3nKZfoW2em-A6UF2EWlVBZCinN0Xb8EUVgyChUl1pvgV0I2AbtqPXktALhy1rKDD_O-jKyQFRdjre3tvlRou80uP', 'width': 3507}]",,https://www.google.com/maps/place/?q=place_id:ChIJO2ml6q1LaC4RYHDHhENhyiY
OPERATIONAL,"Loseng 2 Jl. Pd. Halimun, Perbawati, Kab. Sukabumi, Kabupaten Sukabumi, Jawa Barat 43151, Indonesia","{'location': {'lat': -6.853411200000001, 'lng': 106.9570654}, 'viewport': {'northeast': {'lat': -6.852072020107278, 'lng': 106.9584462298927}, 'southwest': {'lat': -6.854771679892722, 'lng': 106.9557465701073}}}",https://maps.gstatic.com/mapfiles/place_api/icons/v1/png_71/generic_business-71.png,#13B5C7,https://maps.gstatic.com/mapfiles/place_api/icons/v2/generic_pinlet,CAMP GROUND GEDE PANENJOAN,ChIJuzdkhQ9JaC4RoNuwWeLDojE,4.7,ChIJuzdkhQ9JaC4RoNuwWeLDojE,"['tourist_attraction', 'point_of_interest', 'establishment']",13,{'open_now': True},"[{'height': 2304, 'html_attributions': ['<a href=""https://maps.google.com/maps/contrib/114976120270851883101"">arsyi askiya</a>'], 'photo_reference': 'AUGGfZl3xYjX9zB63Th7mkiCd3vadc-pnHsBnYMXPaIyTT-bEKJR1of8UJ_VzfOXrFwWbFqe5EJgQVBD20lXdGoM3FyAxdG_EcCbPT8RWeaHHD182v5UQc1N9Xprv7nlAF0kQZkM61j63iR1ojjZgP2LQhkrJNKY6paiMisevRqxXSW9KCdi', 'width': 4096}]","{'compound_code': '4XW4+JR Perbawati, Sukabumi Regency, West Java, Indonesia', 'global_code': '6P584XW4+JR'}",https://www.google.com/maps/place/?q=place_id:ChIJuzdkhQ9JaC4RoNuwWeLDojE
OPERATIONAL,"3WV4+8JM, Jl. Kh. Oim Abdurochim Gang Pertiwi, Bobojong, Sukaresmi, Kec. Cisaat, Kabupaten Sukabumi, Jawa Barat, Indonesia","{'location': {'lat': -6.9066845, 'lng': 106.9065302}, 'viewport': {'northeast': {'lat': -6.905558870107278, 'lng': 106.9079806298927}, 'southwest': {'lat': -6.908258529892722, 'lng': 106.9052809701073}}}",https://maps.gstatic.com/mapfiles/place_api/icons/v1/png_71/generic_business-71.png,#13B5C7,https://maps.gstatic.com/mapfiles/place_api/icons/v2/generic_pinlet,Pemancingan Eloy Sukabumi,ChIJEbEQfgA3aC4RAZn25dwJc9Q,0.0,ChIJEbEQfgA3aC4RAZn25dwJc9Q,"['tourist_attraction', 'point_of_interest', 'establishment']",0,,,,https://www.google.com/maps/place/?q=place_id:ChIJEbEQfgA3aC4RAZn25dwJc9Q
OPERATIONAL,"Perbawati, Sukabumi, Sukabumi Regency, West Java 43151, Indonesia","{'location': {'lat': -6.8689297, 'lng': 106.9516669}, 'viewport': {'northeast': {'lat': -6.867677420107277, 'lng': 106.9530070298927}, 'southwest': {'lat': -6.87037707989272, 'lng': 106.9503073701073}}}",https://maps.gstatic.com/mapfiles/place_api/icons/v1/png_71/generic_business-71.png,#13B5C7,https://maps.gstatic.com/mapfiles/place_api/icons/v2/generic_pinlet,Di Bawah Langit Selabintana,ChIJA2ho3h9JaC4R_u0ImE0_yK0,4.4,ChIJA2ho3h9JaC4R_u0ImE0_yK0,"['tourist_attraction', 'point_of_interest', 'establishment']",4362,{'open_now': False},"[{'height': 3468, 'html_attributions': ['<a href=""https://maps.google.com/maps/contrib/100843637797772694207"">Aftoni Arpan</a>'], 'photo_reference': 'AUGGfZm81qPwIqzn-0jfyuB7C4C7iOB_FHgOY03Wx19zYQc0WHd2FWoHPQBNEyGSf4q1-FtuBldcK5rGzD1UMftIf4oXhfWEzXdV0ePKE-yNGhxOpS5LINTqMLWP_VaCviTkEgHHO9WVgHpT3QrxJhOdd_dZrbs5BtXLmtftzlleTgTHY1p6', 'width': 4624}]","{'compound_code': '4XJ2+CM Perbawati, Sukabumi Regency, West Java, Indonesia', 'global_code': '6P584XJ2+CM'}",https://www.google.com/maps/place/?q=place_id:ChIJA2ho3h9JaC4R_u0ImE0_yK0
OPERATIONAL,"5W3H+X3C, Cinumpang, Sukamaju, Kec. Kadudampit, Kabupaten Sukabumi, Jawa Barat 43153, Indonesia","{'location': {'lat': -6.845066099999999, 'lng': 106.9276327}, 'viewport': {'northeast': {'lat': -6.843698320107278, 'lng': 106.9291625298927}, 'southwest': {'lat': -6.846397979892722, 'lng': 106.9264628701073}}}",https://maps.gstatic.com/mapfiles/place_api/icons/v1/png_71/generic_business-71.png,#13B5C7,https://maps.gstatic.com/mapfiles/place_api/icons/v2/generic_pinlet,Lembah Uyut,ChIJH59GkJdLaC4RJDybiSSXv6M,5.0,ChIJH59GkJdLaC4RJDybiSSXv6M,"['tourist_attraction', 'point_of_interest', 'establishment']",1,,"[{'height': 1600, 'html_attributions': ['<a href=""https://maps.google.com/maps/contrib/111348907503279004963"">A Google User</a>'], 'photo_reference': 'AUGGfZkFvJstDX_AFcI2cMSBQTZV845rx35b9ltZ7yPApR3_RBKzbWN2Vk4HIlwGr3YeE-6fyCwz4_uGk0MmLf8rzpZBYvkTQq3RMOJgsQpNrgDT36lRsyKr2AVb3y5vb5o0QGJ9_d-_6BYoaDzV810M1LqfOUi7ll0JmfQfAVuxinOx0ERe', 'width': 1197}]",,https://www.google.com/maps/place/?q=place_id:ChIJH59GkJdLaC4RJDybiSSXv6M
OPERATIONAL,"Situgunung, Jl. Kadudampit No.KM 6, Kadudampit, Kec. Kadudampit, Kabupaten Sukabumi, Jawa Barat 43152, Indonesia","{'location': {'lat': -6.865739199999999, 'lng': 106.9148958}, 'viewport': {'northeast': {'lat': -6.864383920107277, 'lng': 106.9162377798927}, 'southwest': {'lat': -6.867083579892721, 'lng': 106.9135381201073}}}",https://maps.gstatic.com/mapfiles/place_api/icons/v1/png_71/generic_business-71.png,#13B5C7,https://maps.gstatic.com/mapfiles/place_api/icons/v2/generic_pinlet,Bumi Mandiri Sukabumi,ChIJXTk_LnZLaC4RnANO_yof9iQ,4.6,ChIJXTk_LnZLaC4RnANO_yof9iQ,"['tourist_attraction', 'point_of_interest', 'establishment']",134,{'open_now': False},"[{'height': 2992, 'html_attributions': ['<a href=""https://maps.google.com/maps/contrib/115310600527376325957"">Trisman Sunandar</a>'], 'photo_reference': 'AUGGfZlheRyZUJyTZjQjzLegpm7sNvcRu9vhbmUn4kbvpKZKhKLDymOPKCJXrKBGfyZgqtVJPorAEjOwjvADi7sKvGSwen5wOW866hF5vNSudId9Jd3gQdCiGTv8b4lhNUgFObdXiawXziT8WhDJkrXUvK6FKU7RjPzoTK_tJR8nLCR8MdcB', 'width': 2992}]","{'compound_code': '4WM7+PX Kadudampit, Sukabumi Regency, West Java, Indonesia', 'global_code': '6P584WM7+PX'}",https://www.google.com/maps/place/?q=place_id:ChIJXTk_LnZLaC4RnANO_yof9iQ
OPERATIONAL,"5X7J+69V, Cisarua, Sukaraja, Sukabumi Regency, West Java, Indonesia","{'location': {'lat': -6.8368953, 'lng': 106.9809181}, 'viewport': {'northeast': {'lat': -6.835545470107277, 'lng': 106.9822679298927}, 'southwest': {'lat': -6.838245129892721, 'lng': 106.9795682701073}}}",https://maps.gstatic.com/mapfiles/place_api/icons/v1/png_71/generic_business-71.png,#13B5C7,https://maps.gstatic.com/mapfiles/place_api/icons/v2/generic_pinlet,Curug Tangga,ChIJCe8Vx7NLaC4RJg0bymPm_Do,5.0,ChIJCe8Vx7NLaC4RJg0bymPm_Do,"['tourist_attraction', 'point_of_interest', 'establishment']",3,,"[{'height': 1040, 'html_attributions': ['<a href=""https://maps.google.com/maps/contrib/106079315464631065369"">Diego Ramadhan</a>'], 'photo_reference': 'AUGGfZklgULXXMmlXVIoUGZTEIR4TEFzS-ymL94hbSX2xImV05b-bwgOZIPO0XZZlt40p5otMQXm5TwM69eNbAIc99AtLWe5f26-rOevR2Ezlq_XR7SzHx2nwj8H_DOVwA2wyToQ6KEH-LbeuZ8zij_6tpuvHZi5VkNeGsj-EM2iveyKtS44', 'width': 780}]",,https://www.google.com/maps/place/?q=place_id:ChIJCe8Vx7NLaC4RJg0bymPm_Do
OPERATIONAL,"Jl. Kavling No.8, Kadudampit, Kab. Sukabumi, Kabupaten Sukabumi, Jawa Barat 43153, Indonesia","{'location': {'lat': -6.8751979, 'lng': 106.9063274}, 'viewport': {'northeast': {'lat': -6.873826770107279, 'lng': 106.9077005798927}, 'southwest': {'lat': -6.876526429892722, 'lng': 106.9050009201073}}}",https://maps.gstatic.com/mapfiles/place_api/icons/v1/png_71/generic_business-71.png,#13B5C7,https://maps.gstatic.com/mapfiles/place_api/icons/v2/generic_pinlet,Bukit Permai,ChIJkS3ySFU3aC4R3fVcX3W0x3s,5.0,ChIJkS3ySFU3aC4R3fVcX3W0x3s,"['tourist_attraction', 'point_of_interest', 'establishment']",4,{'open_now': True},"[{'height': 5056, 'html_attributions': ['<a href=""https://maps.google.com/maps/contrib/110975460201270747122"">A Google User</a>'], 'photo_reference': 'AUGGfZlY_2kHUuxF0g8ISm2Yr2-ZojYVTHlPcz40zCNsS8reYj1JGw25lvr0Zp6zc_d1LaIu_dB5VCaguc8YO9fW-Tyvi45DBuR4cyLD2mXycZkJSuV0FQ1lVAAyy_L_4-c11NeX1sAYWGfgyAwH2rBVkVlTyfrJQQIEhmSdVupg0MQMTF2_', 'width': 3792}]","{'compound_code': '4WF4+WG Kadudampit, Sukabumi Regency, West Java, Indonesia', 'global_code': '6P584WF4+WG'}",https://www.google.com/maps/place/?q=place_id:ChIJkS3ySFU3aC4R3fVcX3W0x3s
OPERATIONAL,"4WF8+P5X, Jl. Kramat-Cipetir, Sukamaju, Kec. Kadudampit, Kabupaten Sukabumi, Jawa Barat 43153, Indonesia","{'location': {'lat': -6.876704999999999, 'lng': 106.9163567}, 'viewport': {'northeast': {'lat': -6.875778270107278, 'lng': 106.9174735298927}, 'southwest': {'lat': -6.878477929892722, 'lng': 106.9147738701073}}}",https://maps.gstatic.com/mapfiles/place_api/icons/v1/png_71/generic_business-71.png,#13B5C7,https://maps.gstatic.com/mapfiles/place_api/icons/v2/generic_pinlet,Pemancingan Cibodas Indah,ChIJ4Sr2Vj5JaC4RUo5HJTAu4Kw,5.0,ChIJ4Sr2Vj5JaC4RUo5HJTAu4Kw,"['tourist_attraction', 'point_of_interest', 'establishment']",7,{'open_now': True},"[{'height': 1600, 'html_attributions': ['<a href=""https://maps.google.com/maps/contrib/113243708288487957715"">teddy permana</a>'], 'photo_reference': 'AUGGfZnCUvn13O3prrsfCWHFnri7Ztnl9AR96EHjQBXQdCh4V6H0d1roS2BobFZgfb0B5ApuUJCUIIHQ-sga5i5b6bC69aYUuJfKB_F4Qz70LyaTI2L_bXNqfePuXdHjrOM0w7qPv_TIYmH35RGHPYRQHWZGSi8cMtk0UdybPhcaH7pBkArJ', 'width': 1200}]",,https://www.google.com/maps/place/?q=place_id:ChIJ4Sr2Vj5JaC4RUo5HJTAu4Kw
OPERATIONAL,"4WG7+7CP, Jl. Kramat-Cipetir, Sukamaju, Kec. Kadudampit, Kabupaten Sukabumi, Jawa Barat 43153, Indonesia","{'location': {'lat': -6.8744434, 'lng': 106.9135514}, 'viewport': {'northeast': {'lat': -6.873030070107278, 'lng': 106.9149242298927}, 'southwest': {'lat': -6.875729729892722, 'lng': 106.9122245701073}}}",https://maps.gstatic.com/mapfiles/place_api/icons/v1/png_71/generic_business-71.png,#13B5C7,https://maps.gstatic.com/mapfiles/place_api/icons/v2/generic_pinlet,Villa Greysha,ChIJn5fU_5NJaC4RQwWiCyVljHw,0.0,ChIJn5fU_5NJaC4RQwWiCyVljHw,"['tourist_attraction', 'point_of_interest', 'establishment']",0,,,,https://www.google.com/maps/place/?q=place_id:ChIJn5fU_5NJaC4RQwWiCyVljHw
OPERATIONAL,"4X76+CQG, Situ Jeruk, Sukamekar, Kec. Sukaraja, Kabupaten Sukabumi, Jawa Barat 43192, Indonesia","{'location': {'lat': -6.8864347, 'lng': 106.9619519}, 'viewport': {'northeast': {'lat': -6.885087820107277, 'lng': 106.9630756798927}, 'southwest': {'lat': -6.887787479892721, 'lng': 106.9603760201073}}}",https://maps.gstatic.com/mapfiles/place_api/icons/v1/png_71/generic_business-71.png,#13B5C7,https://maps.gstatic.com/mapfiles/place_api/icons/v2/generic_pinlet,Situ Cijeruk Limbangan Goalpara,ChIJVS92fuxJaC4RXkibML4uuFw,4.4,ChIJVS92fuxJaC4RXkibML4uuFw,"['tourist_attraction', 'point_of_interest', 'establishment']",167,,"[{'height': 2873, 'html_attributions': ['<a href=""https://maps.google.com/maps/contrib/103067592458833574950"">Titik Asa</a>'], 'photo_reference': 'AUGGfZk8U66jpL-Swt9PueNwwpfypqdaxTROGHmjbh6NxQtmCleIHEeY3gQE95PrA6E9L14c3B-k14BLl1jGBYbVcyNq0SYkggYRqHBTvDyH5zMPOHXXGnLz2Xo-I1jZC2FpEGpJnO1LefC3nNBcmU16jTLawMgIa2FdHKhwopwx23Ukz94v', 'width': 3837}]",,https://www.google.com/maps/place/?q=place_id:ChIJVS92fuxJaC4RXkibML4uuFw
OPERATIONAL,"4WXG+Q64, Jl. Kadudampit, Gede Pangrango, Kec. Kadudampit, Kabupaten Sukabumi, Jawa Barat, Indonesia","{'location': {'lat': -6.8506176, 'lng': 106.9255682}, 'viewport': {'northeast': {'lat': -6.849267770107278, 'lng': 106.9269180298927}, 'southwest': {'lat': -6.851967429892722, 'lng': 106.9242183701073}}}",https://maps.gstatic.com/mapfiles/place_api/icons/v1/png_71/generic_business-71.png,#13B5C7,https://maps.gstatic.com/mapfiles/place_api/icons/v2/generic_pinlet,Gede,ChIJg4Y_yx5LaC4R0TKVFhSndjc,0.0,ChIJg4Y_yx5LaC4R0TKVFhSndjc,"['tourist_attraction', 'point_of_interest', 'establishment']",0,,,,https://www.google.com/maps/place/?q=place_id:ChIJg4Y_yx5LaC4R0TKVFhSndjc
OPERATIONAL,"3XR3+W4H, Jl. Cikaret, Subangjaya, Kec. Cikole, Kota Sukabumi, Jawa Barat 43151, Indonesia","{'location': {'lat': -6.9070857, 'lng': 106.9518208}, 'viewport': {'northeast': {'lat': -6.905837320107278, 'lng': 106.9537636798927}, 'southwest': {'lat': -6.908536979892722, 'lng': 106.9510640201073}}}",https://maps.gstatic.com/mapfiles/place_api/icons/v1/png_71/generic_business-71.png,#13B5C7,https://maps.gstatic.com/mapfiles/place_api/icons/v2/generic_pinlet,Ade guru farmer,ChIJH3y7QKxJaC4RNEEy42nGvvs,0.0,ChIJH3y7QKxJaC4RNEEy42nGvvs,"['tourist_attraction', 'point_of_interest', 'establishment']",0,,,,https://www.google.com/maps/place/?q=place_id:ChIJH3y7QKxJaC4RNEEy42nGvvs
OPERATIONAL,"Kp Jl. Sungapan No.Rt11/04, Cikembang, Kec. Caringin, Kabupaten Sukabumi, Jawa Barat 43154, Indonesia","{'location': {'lat': -6.866096, 'lng': 106.8769617}, 'viewport': {'northeast': {'lat': -6.865236170107279, 'lng': 106.8785339298927}, 'southwest': {'lat': -6.867935829892723, 'lng': 106.8758342701073}}}",https://maps.gstatic.com/mapfiles/place_api/icons/v1/png_71/generic_business-71.png,#13B5C7,https://maps.gstatic.com/mapfiles/place_api/icons/v2/generic_pinlet,Irigasi cipantun,ChIJSW8MMwA1aC4R7RHQpN3VKLc,5.0,ChIJSW8MMwA1aC4R7RHQpN3VKLc,"['tourist_attraction', 'point_of_interest', 'establishment']",1,,,"{'compound_code': '4VMG+HQ Cikembang, Sukabumi Regency, West Java, Indonesia', 'global_code': '6P584VMG+HQ'}",https://www.google.com/maps/place/?q=place_id:ChIJSW8MMwA1aC4R7RHQpN3VKLc
OPERATIONAL,"4WVF+3HX, Gede Pangrango, Kadudampit, Sukabumi Regency, West Java 43153, Indonesia","{'location': {'lat': -6.857250199999999, 'lng': 106.9239818}, 'viewport': {'northeast': {'lat': -6.855807370107278, 'lng': 106.9252233298927}, 'southwest': {'lat': -6.858507029892722, 'lng': 106.9225236701073}}}",https://maps.gstatic.com/mapfiles/place_api/icons/v1/png_71/generic_business-71.png,#13B5C7,https://maps.gstatic.com/mapfiles/place_api/icons/v2/generic_pinlet,Lembah saung gede purapala,ChIJc6cLAgBLaC4Rq2QEJczsGdg,5.0,ChIJc6cLAgBLaC4Rq2QEJczsGdg,"['tourist_attraction', 'point_of_interest', 'establishment']",2,{'open_now': True},"[{'height': 2250, 'html_attributions': ['<a href=""https://maps.google.com/maps/contrib/103892734469788417762"">Lutfi Fauzi</a>'], 'photo_reference': 'AUGGfZlHRUVvyFTbeS5Apzr9dYm6X_pCSgHwQbTRRZPXYF8zP248GHDQDzUSqnazhbM7FZhhrG1lF_HUiS4qY7_FtfMc41Na_lGnJMqyvo0uAHnnJOUQpSXa9qYL3d5sWR0kV6DeFNvAey0_QJDtIO9VZKLb3eOmayc6X0u6-NBoX8tQY84q', 'width': 4000}]",,https://www.google.com/maps/place/?q=place_id:ChIJc6cLAgBLaC4Rq2QEJczsGdg
OPERATIONAL,"4XWH+FH, Cisarua, Sukaraja, Sukabumi Regency, West Java, Indonesia","{'location': {'lat': -6.8537517, 'lng': 106.9789064}, 'viewport': {'northeast': {'lat': -6.852385870107278, 'lng': 106.9802192798927}, 'southwest': {'lat': -6.855085529892722, 'lng': 106.9775196201073}}}",https://maps.gstatic.com/mapfiles/place_api/icons/v1/png_71/generic_business-71.png,#13B5C7,https://maps.gstatic.com/mapfiles/place_api/icons/v2/generic_pinlet,Saung Mas Pri,ChIJwWUTzKlLaC4RT3qtoepOggw,5.0,ChIJwWUTzKlLaC4RT3qtoepOggw,"['tourist_attraction', 'point_of_interest', 'establishment']",1,,"[{'height': 2268, 'html_attributions': ['<a href=""https://maps.google.com/maps/contrib/116038173814689760352"">Kendil Kendil</a>'], 'photo_reference': 'AUGGfZmo0zZ6NC_Y4MVdBPIGhIpMYwXfUutm0KSZLFGYjUTNShog2K5AXiTXPc8xbaqLSrwszlR_OiIdInfIPfesRXpDm_jLiBivl-nAKHNAf-aJBDuQg4wqkTWlWku0yuoQuXwFZEyouK7xX1w41UxiKHEngN6-OKG_7a8qCjExN6Vco1YB', 'width': 4032}]",,https://www.google.com/maps/place/?q=place_id:ChIJwWUTzKlLaC4RT3qtoepOggw
OPERATIONAL,"5W5G+5FW, kampung pasanggrahan, RT.33/RW.08, Gede Pangrango, Kec. Kadudampit, Kabupaten Sukabumi, Jawa Barat 43153, Indonesia","{'location': {'lat': -6.8420212, 'lng': 106.9262158}, 'viewport': {'northeast': {'lat': -6.840671370107277, 'lng': 106.9275656298927}, 'southwest': {'lat': -6.843371029892721, 'lng': 106.9248659701073}}}",https://maps.gstatic.com/mapfiles/place_api/icons/v1/png_71/generic_business-71.png,#13B5C7,https://maps.gstatic.com/mapfiles/place_api/icons/v2/generic_pinlet,Samsul hidayat,ChIJadB1QRRLaC4ReJ_-JB_2eiw,0.0,ChIJadB1QRRLaC4ReJ_-JB_2eiw,"['tourist_attraction', 'point_of_interest', 'establishment']",0,,,,https://www.google.com/maps/place/?q=place_id:ChIJadB1QRRLaC4ReJ_-JB_2eiw
OPERATIONAL,"5W4H+W57, Sukamaju, Kadudampit, Sukabumi Regency, West Java 43153, Indonesia","{'location': {'lat': -6.8427109, 'lng': 106.92793}, 'viewport': {'northeast': {'lat': -6.841375770107279, 'lng': 106.9292366298927}, 'southwest': {'lat': -6.844075429892722, 'lng': 106.9265369701073}}}",https://maps.gstatic.com/mapfiles/place_api/icons/v1/png_71/generic_business-71.png,#13B5C7,https://maps.gstatic.com/mapfiles/place_api/icons/v2/generic_pinlet,WISATA MADU CINUMPANG,ChIJbeXY0ulLaC4Rehk67xda8sg,5.0,ChIJbeXY0ulLaC4Rehk67xda8sg,"['tourist_attraction', 'point_of_interest', 'establishment']",5,{'open_now': False},"[{'height': 1200, 'html_attributions': ['<a href=""https://maps.google.com/maps/contrib/103627604587237675675"">Olie Andro21</a>'], 'photo_reference': 'AUGGfZkgCQXnWLjRNsUDk94u8FNsd0E1BQIUPLtSg6oI_29b0P8mRByXWgikQwJ0ljrlDT7mYgRV0kI_mTy6EQBXrXTY-Z4GKby34ozrRdLqMn6_zM_d1n5MefunqaRx4yYVTlMruKnhcRD97UkB3aUOvYWsOD3HwGVq7aWNG-kx8HWVmMPf', 'width': 1600}]",,https://www.google.com/maps/place/?q=place_id:ChIJbeXY0ulLaC4Rehk67xda8sg
OPERATIONAL,"4WC3+RP7, Gunungjaya, Cisaat, Sukabumi Regency, West Java 43153, Indonesia","{'location': {'lat': -6.8779644, 'lng': 106.9042944}, 'viewport': {'northeast': {'lat': -6.876705320107278, 'lng': 106.9055660298927}, 'southwest': {'lat': -6.879404979892722, 'lng': 106.9028663701073}}}",https://maps.gstatic.com/mapfiles/place_api/icons/v1/png_71/generic_business-71.png,#13B5C7,https://maps.gstatic.com/mapfiles/place_api/icons/v2/generic_pinlet,Rumah Linda,ChIJNVG8OkI3aC4RLxOS_Ygghj0,0.0,ChIJNVG8OkI3aC4RLxOS_Ygghj0,"['tourist_attraction', 'point_of_interest', 'establishment']",0,,,,https://www.google.com/maps/place/?q=place_id:ChIJNVG8OkI3aC4RLxOS_Ygghj0
OPERATIONAL,"4WRG+Q9X, Sukamaju, Kadudampit, Sukabumi Regency, West Java 43153, Indonesia","{'location': {'lat': -6.8580182, 'lng': 106.9259992}, 'viewport': {'northeast': {'lat': -6.856699770107276, 'lng': 106.9273452798927}, 'southwest': {'lat': -6.85939942989272, 'lng': 106.9246456201073}}}",https://maps.gstatic.com/mapfiles/place_api/icons/v1/png_71/generic_business-71.png,#13B5C7,https://maps.gstatic.com/mapfiles/place_api/icons/v2/generic_pinlet,Saung purapala sanjaya,ChIJjSyHb3ZLaC4R07y-Kvrp3kw,5.0,ChIJjSyHb3ZLaC4R07y-Kvrp3kw,"['tourist_attraction', 'point_of_interest', 'establishment']",1,{'open_now': True},"[{'height': 2250, 'html_attributions': ['<a href=""https://maps.google.com/maps/contrib/112869457641719379588"">A Google User</a>'], 'photo_reference': 'AUGGfZnzGWJ2eHOkbIiua9YACWRvCNp8gDpd8vWrIkL2hQzLvGdBUnY-NcDgdAxHZSWunXmBs-D_06_NYHNEAeqs9xlz_Zy980ZINKdMzybZmQmmBd3FAa3ddQHLSl5UApzarg0Gh4acduJsKXaW6052nZuVDI1ndpXKOlh-CC3R2hyfvMMp', 'width': 4000}]",,https://www.google.com/maps/place/?q=place_id:ChIJjSyHb3ZLaC4R07y-Kvrp3kw
OPERATIONAL,"4WGP+H78, Karawang, Sukabumi, Sukabumi Regency, West Java, Indonesia","{'location': {'lat': -6.873578900000001, 'lng': 106.9356897}, 'viewport': {'northeast': {'lat': -6.872353520107279, 'lng': 106.9375352798927}, 'southwest': {'lat': -6.875053179892722, 'lng': 106.9348356201073}}}",https://maps.gstatic.com/mapfiles/place_api/icons/v1/png_71/generic_business-71.png,#13B5C7,https://maps.gstatic.com/mapfiles/place_api/icons/v2/generic_pinlet,Curug cipeteuy (spot canyoning),ChIJOaSNQwBJaC4Rykpr_JHSnI8,0.0,ChIJOaSNQwBJaC4Rykpr_JHSnI8,"['tourist_attraction', 'point_of_interest', 'establishment']",0,,,,https://www.google.com/maps/place/?q=place_id:ChIJOaSNQwBJaC4Rykpr_JHSnI8
OPERATIONAL,"5X27+RRP Pondok Halimun, Sudajaya Girang, Kab. Sukabumi, Kabupaten Sukabumi, Jawa Barat 43151, Indonesia","{'location': {'lat': -6.847907699999999, 'lng': 106.9645857}, 'viewport': {'northeast': {'lat': -6.846561970107278, 'lng': 106.9658532798927}, 'southwest': {'lat': -6.849261629892721, 'lng': 106.9631536201073}}}",https://maps.gstatic.com/mapfiles/place_api/icons/v1/png_71/generic_business-71.png,#13B5C7,https://maps.gstatic.com/mapfiles/place_api/icons/v2/generic_pinlet,Silveroak farming & camping,ChIJp_AR9WRLaC4RN8zhDoJPxFo,5.0,ChIJp_AR9WRLaC4RN8zhDoJPxFo,"['tourist_attraction', 'point_of_interest', 'establishment']",1,{'open_now': True},"[{'height': 720, 'html_attributions': ['<a href=""https://maps.google.com/maps/contrib/110954973598800523131"">Nadya Sundayana</a>'], 'photo_reference': 'AUGGfZlIiMoZDakINhFP2p_u9yPqrGkVwYPtFKP8H7xqnVFOBFSB3-y3XO5IRqMZup0BY65y6izVRaVkVFXV4n_FUEBXO-e_FdnFldU-xQ6QTjOzbfDSW4AmJZCMtFUb9MKygilHVBd_PpgB9cpGqbiqBRIjRhYycSr8nk3Yj-IESCREegwD', 'width': 1280}]",,https://www.google.com/maps/place/?q=place_id:ChIJp_AR9WRLaC4RN8zhDoJPxFo
OPERATIONAL,"4XHC+7J4, Cisarua, Sukaraja, Sukabumi Regency, West Java 43192, Indonesia","{'location': {'lat': -6.872056, 'lng': 106.970719}, 'viewport': {'northeast': {'lat': -6.870769370107277, 'lng': 106.9720797298927}, 'southwest': {'lat': -6.873469029892721, 'lng': 106.9693800701073}}}",https://maps.gstatic.com/mapfiles/place_api/icons/v1/png_71/generic_business-71.png,#13B5C7,https://maps.gstatic.com/mapfiles/place_api/icons/v2/generic_pinlet,Gayatri orchid,ChIJtUe-FQ5JaC4R1vw9sP6s_H4,5.0,ChIJtUe-FQ5JaC4R1vw9sP6s_H4,"['tourist_attraction', 'point_of_interest', 'establishment']",1,{'open_now': False},"[{'height': 3024, 'html_attributions': ['<a href=""https://maps.google.com/maps/contrib/102901371427814171615"">A Google User</a>'], 'photo_reference': 'AUGGfZlV8RhGgXLj7SoB0W6mF5pUnZrF8-ricLhzX8mZDOfEA2l04FdU8yHSPknXeSk6MHHoJtEA4V19wce5WmFc9ZgkwAttGSgH_G-ZpJ43QR1FeaUo4UveofW_Wzz2ZnnzvNw2V5Wfv29ljJIxk7dqf89V0-21ZD3SDnin2eNL_UakDgCb', 'width': 4032}]",,https://www.google.com/maps/place/?q=place_id:ChIJtUe-FQ5JaC4R1vw9sP6s_H4
OPERATIONAL,"4XXH+CX9, Jl. Goalpara, Cisarua, Kec. Sukaraja, Kabupaten Sukabumi, Jawa Barat 43192, Indonesia","{'location': {'lat': -6.8514591, 'lng': 106.9799726}, 'viewport': {'northeast': {'lat': -6.849887720107278, 'lng': 106.9814184298927}, 'southwest': {'lat': -6.852587379892721, 'lng': 106.9787187701073}}}",https://maps.gstatic.com/mapfiles/place_api/icons/v1/png_71/generic_business-71.png,#13B5C7,https://maps.gstatic.com/mapfiles/place_api/icons/v2/generic_pinlet,Lembah LO (Lamping Oray),ChIJJ4LAO3lLaC4R3rA4hMQ7kRI,5.0,ChIJJ4LAO3lLaC4R3rA4hMQ7kRI,"['tourist_attraction', 'point_of_interest', 'establishment']",4,{'open_now': False},"[{'height': 3264, 'html_attributions': ['<a href=""https://maps.google.com/maps/contrib/106216424384975459006"">A Google User</a>'], 'photo_reference': 'AUGGfZnFpl-kIdC944m1bRkI4zAx5XZXsmyFs-C-gDtvmpLKO5gJwhhEt4OU1d0zi6yeZvsWYxXstLOPJAC35f89OiFN9Z5Ms3YREzI6HmMM0Ob-V9TSy-BNqV7kPZPeEBfOAMEgLvSz8ckZbF7Lu2SLSzmdfVx5A3OWEwK2QOIKuT1sPk4r', 'width': 2448}]",,https://www.google.com/maps/place/?q=place_id:ChIJJ4LAO3lLaC4R3rA4hMQ7kRI
OPERATIONAL,"4W4F+4XC Des, Kp Gg. Pasir Angin, RT.03/RW.01, Parungseah, Kab. Sukabumi, Kabupaten Sukabumi, Jawa Barat 43151, Indonesia","{'location': {'lat': -6.8946793, 'lng': 106.9248868}, 'viewport': {'northeast': {'lat': -6.893350920107277, 'lng': 106.9262596298927}, 'southwest': {'lat': -6.896050579892721, 'lng': 106.9235599701073}}}",https://maps.gstatic.com/mapfiles/place_api/icons/v1/png_71/generic_business-71.png,#13B5C7,https://maps.gstatic.com/mapfiles/place_api/icons/v2/generic_pinlet,Balai Sawala,ChIJN-bgbclJaC4RG1sI9Gz-4cQ,5.0,ChIJN-bgbclJaC4RG1sI9Gz-4cQ,"['tourist_attraction', 'point_of_interest', 'establishment']",3,{'open_now': False},"[{'height': 562, 'html_attributions': ['<a href=""https://maps.google.com/maps/contrib/117745085740594334807"">A Google User</a>'], 'photo_reference': 'AUGGfZk2wi49FPsZ4k4kglmglJh8mJxfNIm8wcKk9RqQy1DBRyqPuWfpS0fNHNzcRdRIZUEW4mIhUWPvmr6SdlfmhX0xXnbcrJioWdoBPAMcWGh97JWAlLVaU1BlEypjMxkOUQgyw3GDk-vrde0NFgAw-UMZmRXAfDZ94UeLu4KyqQc0emc6', 'width': 507}]",,https://www.google.com/maps/place/?q=place_id:ChIJN-bgbclJaC4RG1sI9Gz-4cQ
OPERATIONAL,"Sukamaju, Kadudampit, Sukabumi Regency, West Java 43153, Indonesia","{'location': {'lat': -6.8203004, 'lng': 106.9473898}, 'viewport': {'northeast': {'lat': -6.818950570107278, 'lng': 106.9487396298927}, 'southwest': {'lat': -6.821650229892722, 'lng': 106.9460399701073}}}",https://maps.gstatic.com/mapfiles/place_api/icons/v1/png_71/generic_business-71.png,#13B5C7,https://maps.gstatic.com/mapfiles/place_api/icons/v2/generic_pinlet,Air Terjun Kembar Lembah Purba,ChIJiYykuYZLaC4RsZJXnPEUGFY,4.6,ChIJiYykuYZLaC4RsZJXnPEUGFY,"['tourist_attraction', 'point_of_interest', 'establishment']",219,{'open_now': False},"[{'height': 6000, 'html_attributions': ['<a href=""https://maps.google.com/maps/contrib/112651712394845556347"">A Google User</a>'], 'photo_reference': 'AUGGfZmdUXT_vsW8laaKC9DEQd9k67oLJ9Wx0lerYZ_Vopq8L6vmv43ogFJQPpkVxmd5EqOJVxiZPHzBtChKyq6JnIwor2NOrkPjknXeH4s_pjpXR6dupXNr0eDaxyjrYkwJiDAIsEb2_KW3eSL9gt_Sr3BsDHEquduACGvfKW5k1u_vtmFP', 'width': 8000}]","{'compound_code': '5WHW+VX Sukamaju, Sukabumi Regency, West Java, Indonesia', 'global_code': '6P585WHW+VX'}",https://www.google.com/maps/place/?q=place_id:ChIJiYykuYZLaC4RsZJXnPEUGFY
OPERATIONAL,"3WR8+G4F, Jl. Merbabu, Karang Tengah, Kec. Gunungpuyuh, Kota Sukabumi, Jawa Barat 43121, Indonesia","{'location': {'lat': -6.908678999999999, 'lng': 106.915301}, 'viewport': {'northeast': {'lat': -6.907153720107278, 'lng': 106.9162563298927}, 'southwest': {'lat': -6.909853379892722, 'lng': 106.9135566701073}}}",https://maps.gstatic.com/mapfiles/place_api/icons/v1/png_71/generic_business-71.png,#13B5C7,https://maps.gstatic.com/mapfiles/place_api/icons/v2/generic_pinlet,Bendungan Cipelang,ChIJt9LvfC5JaC4R_8YzOK80nf4,4.7,ChIJt9LvfC5JaC4R_8YzOK80nf4,"['tourist_attraction', 'point_of_interest', 'establishment']",3,,"[{'height': 3000, 'html_attributions': ['<a href=""https://maps.google.com/maps/contrib/105259154122571888768"">arie dwi argana</a>'], 'photo_reference': 'AUGGfZldzRjFwXDXFkk1IaqDz6p4JlUKPGqkFMJD2p8Kl7QbCmPpklhZDIS8AIofV8KNk00qyGTQEkavDh_GAHuxmQAT6L1e7asVaoEKLCDIkvXxoJmuGd9iLO_zw6A-ptJdvO2osdHL9y4aSfoX0WYxUWjRRBlGTUvFHx2GLdzbfkvdYRKx', 'width': 4000}]",,https://www.google.com/maps/place/?q=place_id:ChIJt9LvfC5JaC4R_8YzOK80nf4
OPERATIONAL,"3WJG+CM6, Jl. Veteran 1, sebelah atas, Lapdek, Kota Sukabumi, Jawa Barat 43111, Indonesia","{'location': {'lat': -6.9189664, 'lng': 106.9266459}, 'viewport': {'northeast': {'lat': -6.917616570107278, 'lng': 106.9279957298927}, 'southwest': {'lat': -6.920316229892721, 'lng': 106.9252960701073}}}",https://maps.gstatic.com/mapfiles/place_api/icons/v1/png_71/generic_business-71.png,#13B5C7,https://maps.gstatic.com/mapfiles/place_api/icons/v2/generic_pinlet,Titik Juara Lapang Merdeka Kota Sukabumi,ChIJ9XaFczxJaC4RAZtSdTLybBU,4.8,ChIJ9XaFczxJaC4RAZtSdTLybBU,"['tourist_attraction', 'point_of_interest', 'establishment']",8,{'open_now': False},"[{'height': 2250, 'html_attributions': ['<a href=""https://maps.google.com/maps/contrib/101504095243683764080"">Faisal Sangaji</a>'], 'photo_reference': 'AUGGfZl3eskvbcNp_vuOnnnUnjqQ9UTP2b_Dvwt_X8NlRtBYm0tRI8svJ3wwAjc3YkqvhzvonqB2kSfrJMcBFXTYnESc1-hzIVWJWbNJVYGTh9QcKMJaxxLf9Dt9rYroe6moMHyNPPD91fwYln5kFPu6LC4OYDWoBRgWNJrYizevNIUlgshQ', 'width': 4000}]",,https://www.google.com/maps/place/?q=place_id:ChIJ9XaFczxJaC4RAZtSdTLybBU
OPERATIONAL,"4VCX+C4F, Gunungjaya, Cisaat, Sukabumi Regency, West Java 43152, Indonesia","{'location': {'lat': -6.878620799999999, 'lng': 106.8978544}, 'viewport': {'northeast': {'lat': -6.877438670107278, 'lng': 106.8993071298927}, 'southwest': {'lat': -6.880138329892722, 'lng': 106.8966074701073}}}",https://maps.gstatic.com/mapfiles/place_api/icons/v1/png_71/generic_business-71.png,#13B5C7,https://maps.gstatic.com/mapfiles/place_api/icons/v2/generic_pinlet,PD. PJM BROILER BATU GEDE,ChIJlWAaTNE3aC4Rw7HpkwlcQTs,0.0,ChIJlWAaTNE3aC4Rw7HpkwlcQTs,"['tourist_attraction', 'point_of_interest', 'establishment']",0,,,,https://www.google.com/maps/place/?q=place_id:ChIJlWAaTNE3aC4Rw7HpkwlcQTs
OPERATIONAL,"Jalan kadudampit sukamanis, gunung, Gede Pangrango, Kabupaten Sukabumi, Jawa Barat 43153, Indonesia","{'location': {'lat': -6.8379942, 'lng': 106.9236454}, 'viewport': {'northeast': {'lat': -6.836659920107278, 'lng': 106.9250189298927}, 'southwest': {'lat': -6.839359579892722, 'lng': 106.9223192701073}}}",https://maps.gstatic.com/mapfiles/place_api/icons/v1/png_71/generic_business-71.png,#13B5C7,https://maps.gstatic.com/mapfiles/place_api/icons/v2/generic_pinlet,Situ Gunung Sukabumi,ChIJZ-JwV00ce40RjGQFWy4pvSw,4.7,ChIJZ-JwV00ce40RjGQFWy4pvSw,"['tourist_attraction', 'point_of_interest', 'establishment']",29,{'open_now': False},"[{'height': 3000, 'html_attributions': ['<a href=""https://maps.google.com/maps/contrib/103281972046817164920"">A Google User</a>'], 'photo_reference': 'AUGGfZntQDvQYFw0EwJPT_-PPdUZhkgv4LoTSsLGZMuLPKanT1JPZJhebc-GPm2Z-BSM-t8zKQCeEdmvnUUyKiu9V4RPkAdlZzwDO1Fy0jnf-P8CqyKBygs657HVi0Cjl-fiTJXN-nKOUCBF7rR7dRPD6P4Jl87dvSFaBbrWMIyahiaEYEFa', 'width': 4000}]","{'compound_code': '5W6F+RF Gede Pangrango, Sukabumi Regency, West Java, Indonesia', 'global_code': '6P585W6F+RF'}",https://www.google.com/maps/place/?q=place_id:ChIJZ-JwV00ce40RjGQFWy4pvSw
OPERATIONAL,"5W3H+X25, Nagrak utara, Kec. Kadudampit, Kabupaten Sukabumi, Jawa Barat 43356, Indonesia","{'location': {'lat': -6.845161699999999, 'lng': 106.92736}, 'viewport': {'northeast': {'lat': -6.843820320107278, 'lng': 106.9285002298927}, 'southwest': {'lat': -6.846519979892721, 'lng': 106.9258005701073}}}",https://maps.gstatic.com/mapfiles/place_api/icons/v1/png_71/generic_business-71.png,#13B5C7,https://maps.gstatic.com/mapfiles/place_api/icons/v2/generic_pinlet,Jembatan eMHa,ChIJt2P029tLaC4RJ27TGJuKacM,4.8,ChIJt2P029tLaC4RJ27TGJuKacM,"['tourist_attraction', 'point_of_interest', 'establishment']",8,,"[{'height': 4080, 'html_attributions': ['<a href=""https://maps.google.com/maps/contrib/112590079271098427471"">asep munawar</a>'], 'photo_reference': 'AUGGfZk5BQ6qWP6PJmSzu0-qY-ez5WOqqhzx6LWyozyf2ZLft4Y9ClcP2nSDEShFXiYYaRe8WqhQ94UvrA1EZ9hlml-6KPYMqb4hecvAhI--Gb_2QI8LnQWsNpN7GZf90Khoj1oQGj7odMDBy251Y2arbWvmbxeZUJVI9ZtvK_nWkvqJhXVc', 'width': 3072}]",,https://www.google.com/maps/place/?q=place_id:ChIJt2P029tLaC4RJ27TGJuKacM
OPERATIONAL,"Ponpes Dzikir Al Fath, Jl. Merbabu Perum Gading Kencana Asri, Komplek, Kelurahan Karangtengah, Kec. Gunungpuyuh, Kota Sukabumi, Jawa Barat 43121, Indonesia","{'location': {'lat': -6.9066474, 'lng': 106.91335}, 'viewport': {'northeast': {'lat': -6.905215620107278, 'lng': 106.9146914798927}, 'southwest': {'lat': -6.907915279892721, 'lng': 106.9119918201073}}}",https://maps.gstatic.com/mapfiles/place_api/icons/v1/png_71/museum-71.png,#13B5C7,https://maps.gstatic.com/mapfiles/place_api/icons/v2/museum_pinlet,Museum Islam Prabu Siliwangi,ChIJf3itPdZJaC4R3j6gYTN4qI8,4.7,ChIJf3itPdZJaC4R3j6gYTN4qI8,"['tourist_attraction', 'museum', 'point_of_interest', 'establishment']",280,{'open_now': False},"[{'height': 3000, 'html_attributions': ['<a href=""https://maps.google.com/maps/contrib/112597361010983391405"">A Google User</a>'], 'photo_reference': 'AUGGfZkp_Ky_d-Av-4Lb0uP5KOKTvP5_qoSsp3bulILtg8UwBcb8hGBFM4gXMBczx6pEcDr5_iAG2nVhKlT-1bf8lfiUw9TIhsGAOcbp3tYaw7Kwby8CJZl2f_R9_CTiEzdEux58d78kUA-AsAxyAkLAf9vXXmZ-4OrR3BTz3H_SMQ34qdBB', 'width': 4000}]","{'compound_code': '3WV7+88 Central Karang, Sukabumi City, West Java, Indonesia', 'global_code': '6P583WV7+88'}",https://www.google.com/maps/place/?q=place_id:ChIJf3itPdZJaC4R3j6gYTN4qI8
