business_status,formatted_address,geometry,icon,icon_background_color,icon_mask_base_uri,name,photos,place_id,rating,reference,types,user_ratings_total,plus_code,opening_hours,permanently_closed,url
OPERATIONAL,"6FWV+8P8, Unnamed Road, Tlogo Kidul, Tlogo, Kec. Prambanan, Kabupaten Klaten, Jawa Tengah 57454, Indonesia","{'location': {'lat': -7.7542133, 'lng': 110.49433}, 'viewport': {'northeast': {'lat': -7.752863820107279, 'lng': 110.4956480298927}, 'southwest': {'lat': -7.755563479892722, 'lng': 110.4929483701073}}}",https://maps.gstatic.com/mapfiles/place_api/icons/v1/png_71/generic_business-71.png,#13B5C7,https://maps.gstatic.com/mapfiles/place_api/icons/v2/generic_pinlet,Kawasan Candi Prambanan,"[{'height': 4000, 'html_attributions': ['<a href=""https://maps.google.com/maps/contrib/115063478158232058437"">Muhammad Nur Adnan</a>'], 'photo_reference': 'AUGGfZmjX7I6e7YftjTCe5tbruVnA9f1I8E0IBvGMAMUpJHz--rogSUczBpd7wFUV1GfNAPAH9EJSX6FsTHS0I5Xc05x5VUuqhnPF-RZ2gchwXC-JxXvbauoDP7pBKE8tmaaCFkkv78bEulchaCxBEAhV1By6xecRIPUvK83OeKfzeqJKFyC', 'width': 6000}]",ChIJr-5ruBNbei4R4YJJP_2uFsI,4.6,ChIJr-5ruBNbei4R4YJJP_2uFsI,"['tourist_attraction', 'point_of_interest', 'establishment']",38,,,,https://www.google.com/maps/place/?q=place_id:ChIJr-5ruBNbei4R4YJJP_2uFsI
OPERATIONAL,"6FQW+R6M, Kwaron, Kb. Dalem Kidul, Kec. Prambanan, Kabupaten Klaten, Jawa Tengah 57454, Indonesia","{'location': {'lat': -7.7604197, 'lng': 110.4955436}, 'viewport': {'northeast': {'lat': -7.759076170107278, 'lng': 110.4970067298927}, 'southwest': {'lat': -7.761775829892722, 'lng': 110.4943070701073}}}",https://maps.gstatic.com/mapfiles/place_api/icons/v1/png_71/generic_business-71.png,#13B5C7,https://maps.gstatic.com/mapfiles/place_api/icons/v2/generic_pinlet,Taman Wisata Candi Sojiwan,"[{'height': 3024, 'html_attributions': ['<a href=""https://maps.google.com/maps/contrib/108048844809529012351"">Cipto Ariono</a>'], 'photo_reference': 'AUGGfZn9rgLRLve-_o-CKkNDThtLfRANG-p18UiXWmRZaxFKXsltC5nxuYkewUBN1FEqw2OI-5rsc7ViT6px8mnvhs4qqLhQco10db18URV2nwPFzVMBsYeu8h76KJ22-GP8RhopzW-IKQgCpPeGfGFzB1GPTTUOWcPbDkXvy85nyD2ZHqAI', 'width': 4032}]",ChIJ0-Sx3CRbei4RXI9cgmGweP8,4.6,ChIJ0-Sx3CRbei4RXI9cgmGweP8,"['tourist_attraction', 'park', 'point_of_interest', 'establishment']",233,,,,https://www.google.com/maps/place/?q=place_id:ChIJ0-Sx3CRbei4RXI9cgmGweP8
OPERATIONAL,"Jl. Candi Sewu No.26, Candi Prambanan, Tlogo, Kec. Prambanan, Kabupaten Klaten, Jawa Tengah 57454, Indonesia","{'location': {'lat': -7.751195999999999, 'lng': 110.4947242}, 'viewport': {'northeast': {'lat': -7.749798220107279, 'lng': 110.4962859298927}, 'southwest': {'lat': -7.752497879892723, 'lng': 110.4935862701073}}}",https://maps.gstatic.com/mapfiles/place_api/icons/v1/png_71/generic_business-71.png,#13B5C7,https://maps.gstatic.com/mapfiles/place_api/icons/v2/generic_pinlet,Penangkaran Rusa Prambanan,"[{'height': 2448, 'html_attributions': ['<a href=""https://maps.google.com/maps/contrib/109151075355836923620"">Salsabiila Istislisa</a>'], 'photo_reference': 'AUGGfZmtw6avE9A15gAftjrg7SLTBya875GdnJySh509jj8a08ePzTRBSN9A6YPyIXPxEvCzpEXfwbcfk10FYyy6OIsVEKmh4CTpOOWFyEphbwpVuUUuBBJwjj5WfxJd545ajuu2xvRkCQ_oj7vjyDyh5Y-8hsAy1NI8y3AJWgLvWtw-sUjn', 'width': 3264}]",ChIJ1z4qAOFaei4RzjCexv_OLws,4.1,ChIJ1z4qAOFaei4RzjCexv_OLws,"['tourist_attraction', 'point_of_interest', 'establishment']",49,"{'compound_code': '6FXV+GV Tlogo, Klaten Regency, Central Java, Indonesia', 'global_code': '6P4G6FXV+GV'}",,,https://www.google.com/maps/place/?q=place_id:ChIJ1z4qAOFaei4RzjCexv_OLws
OPERATIONAL,"No., Jl. Candi Sewu No.587, Bener, Bugisan, Kec. Prambanan, Kabupaten Klaten, Jawa Tengah 57454, Indonesia","{'location': {'lat': -7.7439087, 'lng': 110.4962179}, 'viewport': {'northeast': {'lat': -7.742559070107278, 'lng': 110.4975736798927}, 'southwest': {'lat': -7.745258729892722, 'lng': 110.4948740201073}}}",https://maps.gstatic.com/mapfiles/place_api/icons/v1/png_71/worship_dharma-71.png,#7B9EB0,https://maps.gstatic.com/mapfiles/place_api/icons/v2/generic_pinlet,Candi Gana,"[{'height': 3000, 'html_attributions': ['<a href=""https://maps.google.com/maps/contrib/102529451887483141806"">Achmad NK</a>'], 'photo_reference': 'AUGGfZnUWB710EJH6-HlwJVaWgluhfKenNJ3ITl1a2nnfX5W7L2rgbjPKCfxUGco-c9a3ZUOLQTYNVlt3oXswEyJzCIvv8GSRRjl8gfuCYxny7XJ5NUY1yIF0Jwu1l4e7thJlJWq4iAXZBqm7zHzZ5-OPYhvXOIG3RrQ97nFRcCsjpJk6tJ-', 'width': 4000}]",ChIJA4gdOB9bei4R0SY7YCfZYeI,4.2,ChIJA4gdOB9bei4R0SY7YCfZYeI,"['tourist_attraction', 'place_of_worship', 'point_of_interest', 'establishment']",152,"{'compound_code': '7F4W+CF Bugisan, Klaten Regency, Central Java, Indonesia', 'global_code': '6P4G7F4W+CF'}",{'open_now': True},,https://www.google.com/maps/place/?q=place_id:ChIJA4gdOB9bei4R0SY7YCfZYeI
OPERATIONAL,"Unnamed Road, Pereng Wetan, Pereng, Kec. Prambanan, Kabupaten Klaten, Jawa Tengah 57454, Indonesia","{'location': {'lat': -7.766184399999999, 'lng': 110.5041116}, 'viewport': {'northeast': {'lat': -7.764811820107278, 'lng': 110.5054708798927}, 'southwest': {'lat': -7.767511479892722, 'lng': 110.5027712201073}}}",https://maps.gstatic.com/mapfiles/place_api/icons/v1/png_71/generic_business-71.png,#13B5C7,https://maps.gstatic.com/mapfiles/place_api/icons/v2/generic_pinlet,Galpentjil Heritage Prambanan,"[{'height': 3096, 'html_attributions': ['<a href=""https://maps.google.com/maps/contrib/101352493214482623678"">A Google User</a>'], 'photo_reference': 'AUGGfZmtUMqvwUQuuyFgzIj2ZcolbrP1oxMI2DjYvnPvCCucMb79ilPaiT4AWfPMqT_OTuYZd_KAUbZCCin74Ofn7bb1Htio_0CslTXVlz536SD2155SUhie8MDM_s60cgyQ9CgFfJMKuoPx7rFSYzQmku5so_RzQCS9i1HVibAAquSk9YJc', 'width': 4128}]",ChIJa7AxzVpbei4Rkx2Ub-NfuEc,4.5,ChIJa7AxzVpbei4Rkx2Ub-NfuEc,"['tourist_attraction', 'point_of_interest', 'establishment']",92,"{'compound_code': '6GM3+GJ Pereng, Klaten Regency, Central Java, Indonesia', 'global_code': '6P4G6GM3+GJ'}",,,https://www.google.com/maps/place/?q=place_id:ChIJa7AxzVpbei4Rkx2Ub-NfuEc
OPERATIONAL,"Jl. Candi Plaosan, Plaosan Lor, Bugisan, Kec. Prambanan, Kabupaten Klaten, Jawa Tengah 57454, Indonesia","{'location': {'lat': -7.740780699999998, 'lng': 110.5046772}, 'viewport': {'northeast': {'lat': -7.739836220107277, 'lng': 110.5059100798927}, 'southwest': {'lat': -7.742535879892721, 'lng': 110.5032104201073}}}",https://maps.gstatic.com/mapfiles/place_api/icons/v1/png_71/worship_dharma-71.png,#7B9EB0,https://maps.gstatic.com/mapfiles/place_api/icons/v2/generic_pinlet,Plaosan Temple,"[{'height': 3000, 'html_attributions': ['<a href=""https://maps.google.com/maps/contrib/117350378041338006623"">A Google User</a>'], 'photo_reference': 'AUGGfZl1RE80Z2zu22D0xfknvXkYXbGUMPMpOJh720uCVWl438pcthwl1Z7ePA9rwcPBINVyDll_QcqL3_lmFT36xmVyymnqRjUWr_XiaTDkGEy6aYDQvOqOfcxeRChAv03E6xulm6OvjvY2f7DFr-8JboNWSAIynTWE4FuVJNPJeKDonpFP', 'width': 4000}]",ChIJ____v2xbei4RRUDQm8ST8_I,4.6,ChIJ____v2xbei4RRUDQm8ST8_I,"['tourist_attraction', 'place_of_worship', 'point_of_interest', 'establishment']",10732,"{'compound_code': '7G53+MV Bugisan, Klaten Regency, Central Java, Indonesia', 'global_code': '6P4G7G53+MV'}",{'open_now': False},,https://www.google.com/maps/place/?q=place_id:ChIJ____v2xbei4RRUDQm8ST8_I
OPERATIONAL,"7F2V+CW6, Jl. Candi Sewu, Nngangrukbaru, Tlogo, Kec. Prambanan, Kabupaten Klaten, Jawa Tengah 57454, Indonesia","{'location': {'lat': -7.7489722, 'lng': 110.4947587}, 'viewport': {'northeast': {'lat': -7.747628820107278, 'lng': 110.4960760798927}, 'southwest': {'lat': -7.750328479892722, 'lng': 110.4933764201073}}}",https://maps.gstatic.com/mapfiles/place_api/icons/v1/png_71/generic_business-71.png,#13B5C7,https://maps.gstatic.com/mapfiles/place_api/icons/v2/generic_pinlet,Mandala Wisata,"[{'height': 2512, 'html_attributions': ['<a href=""https://maps.google.com/maps/contrib/101201547000750006444"">Darno Bege</a>'], 'photo_reference': 'AUGGfZlgUpzy0_H6lRNFk7pxc8F2IuB9lC9UOTceNNOzHKmudcn6QjvIgy-KGLumpk1g9uthCimfd35JlVi8JiSKZH6Pee1ZypclENDM99TJwPO5Btsj2YD2JQySSCNcxaLSCkI00AW4TkZaSTYEKIWR-aPK2tB_9X1sYr7mfcTNW3gZapNO', 'width': 3728}]",ChIJ5YRCLuBaei4Rx17xW0isZd4,3.9,ChIJ5YRCLuBaei4Rx17xW0isZd4,"['tourist_attraction', 'point_of_interest', 'establishment']",58,,,,https://www.google.com/maps/place/?q=place_id:ChIJ5YRCLuBaei4Rx17xW0isZd4
OPERATIONAL,"Tlogo Kidul, Tlogo, Prambanan, Klaten Regency, Central Java 57454, Indonesia","{'location': {'lat': -7.754069299999999, 'lng': 110.494891}, 'viewport': {'northeast': {'lat': -7.752687970107277, 'lng': 110.4962403798927}, 'southwest': {'lat': -7.755387629892721, 'lng': 110.4935407201073}}}",https://maps.gstatic.com/mapfiles/place_api/icons/v1/png_71/generic_business-71.png,#13B5C7,https://maps.gstatic.com/mapfiles/place_api/icons/v2/generic_pinlet,Jip Wisata Prambanan,"[{'height': 3264, 'html_attributions': ['<a href=""https://maps.google.com/maps/contrib/100874580286076220648"">A Google User</a>'], 'photo_reference': 'AUGGfZnmgqW_fSlKgMjV8nLPn5rGAP1XnOstksqZ4Sf-NrQ9K1EmFPfbzfauqVD3ITDjzlPHJ1yCPjLRN12n7xs1-iN2Esr93Isy8rm6yf5aPj1HBFtPVQlV1QolTfFSt5uIUidmmVeq2wtjeG5T7IVbD9XNOqX-jyrY3e1-SFlpIlPB4wJs', 'width': 1836}]",ChIJ5ZphBgBbei4RL-CLdxmcaag,5.0,ChIJ5ZphBgBbei4RL-CLdxmcaag,"['tourist_attraction', 'point_of_interest', 'establishment']",3,"{'compound_code': '6FWV+9X Tlogo, Klaten Regency, Central Java, Indonesia', 'global_code': '6P4G6FWV+9X'}",{'open_now': False},,https://www.google.com/maps/place/?q=place_id:ChIJ5ZphBgBbei4RL-CLdxmcaag
OPERATIONAL,"Jl. Raya Piyungan - Prambanan No.2, Gatak, Bokoharjo, Kec. Prambanan, Kabupaten Sleman, Daerah Istimewa Yogyakarta 5572, Indonesia","{'location': {'lat': -7.7705416, 'lng': 110.4894158}, 'viewport': {'northeast': {'lat': -7.769170070107279, 'lng': 110.4911794}, 'southwest': {'lat': -7.771869729892723, 'lng': 110.484125}}}",https://maps.gstatic.com/mapfiles/place_api/icons/v1/png_71/generic_business-71.png,#13B5C7,https://maps.gstatic.com/mapfiles/place_api/icons/v2/generic_pinlet,Ratu Boko Temple,"[{'height': 3000, 'html_attributions': ['<a href=""https://maps.google.com/maps/contrib/100727823844236732898"">Lukito Henry</a>'], 'photo_reference': 'AUGGfZmDNbmFycdIN8RuVo3TtoMTPv7sQ0C2alRrX4ksQZZzQLFhWE32GPhdT04MWCA8WIcf7iYurYUWyrZtBxt-iTH8kye8-NQsWZZKQM83JGyCql0yK7CqsgMWjwZDzv7-dljefXZEd7pKKj058ZRN1xtZ57FfusHapNFJCYgd8RShdPc', 'width': 4000}]",ChIJRf5U05Jaei4RW_l2RPFEPxU,4.7,ChIJRf5U05Jaei4RW_l2RPFEPxU,"['tourist_attraction', 'point_of_interest', 'establishment']",14756,"{'compound_code': '6FHQ+QQ Bokoharjo, Sleman Regency, Special Region of Yogyakarta, Indonesia', 'global_code': '6P4G6FHQ+QQ'}",{'open_now': False},,https://www.google.com/maps/place/?q=place_id:ChIJRf5U05Jaei4RW_l2RPFEPxU
OPERATIONAL,"6GCC+GX2, Ringin Kembar, Gendong, Sengon, Kec. Prambanan, Kabupaten Klaten, Jawa Tengah 57454, Indonesia","{'location': {'lat': -7.778734, 'lng': 110.5225559}, 'viewport': {'northeast': {'lat': -7.777383920107279, 'lng': 110.5239057298927}, 'southwest': {'lat': -7.780083579892723, 'lng': 110.5212060701073}}}",https://maps.gstatic.com/mapfiles/place_api/icons/v1/png_71/generic_business-71.png,#13B5C7,https://maps.gstatic.com/mapfiles/place_api/icons/v2/generic_pinlet,Sawah View,,ChIJb24oSQBFei4R6NT9k-zRNi4,0.0,ChIJb24oSQBFei4R6NT9k-zRNi4,"['tourist_attraction', 'point_of_interest', 'establishment']",0,,,,https://www.google.com/maps/place/?q=place_id:ChIJb24oSQBFei4R6NT9k-zRNi4
OPERATIONAL,"6GC9+7XH, Gendong, Sengon, Kec. Prambanan, Kabupaten Klaten, Jawa Tengah 57454, Indonesia","{'location': {'lat': -7.779312399999999, 'lng': 110.5199973}, 'viewport': {'northeast': {'lat': -7.777904870107277, 'lng': 110.5213736798927}, 'southwest': {'lat': -7.780604529892721, 'lng': 110.5186740201073}}}",https://maps.gstatic.com/mapfiles/place_api/icons/v1/png_71/generic_business-71.png,#13B5C7,https://maps.gstatic.com/mapfiles/place_api/icons/v2/generic_pinlet,OCULA FARM,"[{'height': 4624, 'html_attributions': ['<a href=""https://maps.google.com/maps/contrib/112917569677353072226"">Iqbal Iqbal</a>'], 'photo_reference': 'AUGGfZmspUhuXLB_nGGiKKLQwhA7c6lenxc8674YH_ElRXeGNfA1CGR32jywdhm1oXl5ljbl5kG-oCFK6GWV29mw1tFcYjTk7YY2PtoQsTnF9DK_Pcn19RGCPzaBCQF2m8nHxNrtzXCsd1bUM5MzGJpNN2WemzNxChxgi6Ju8q8tD0HeUK8q', 'width': 2604}]",ChIJjaqsI_Jbei4RBWkBvOz5Zxo,5.0,ChIJjaqsI_Jbei4RBWkBvOz5Zxo,"['tourist_attraction', 'point_of_interest', 'establishment']",2,,,,https://www.google.com/maps/place/?q=place_id:ChIJjaqsI_Jbei4RBWkBvOz5Zxo
OPERATIONAL,"7G79+W35, Kadipaten, Brajan, Prambanan, Klaten Regency, Central Java 57454, Indonesia","{'location': {'lat': -7.7343504, 'lng': 110.5181684}, 'viewport': {'northeast': {'lat': -7.733181520107277, 'lng': 110.5197679298927}, 'southwest': {'lat': -7.735881179892721, 'lng': 110.5170682701073}}}",https://maps.gstatic.com/mapfiles/place_api/icons/v1/png_71/generic_business-71.png,#13B5C7,https://maps.gstatic.com/mapfiles/place_api/icons/v2/generic_pinlet,Umbul Plumpung Randusari,"[{'height': 1040, 'html_attributions': ['<a href=""https://maps.google.com/maps/contrib/109691889492980465412"">A Google User</a>'], 'photo_reference': 'AUGGfZmnT2X6rptvfK5Um9nwO2MwYCMLAThdYI2DNVRM_AJtJkPQxapN6hcf8ChZh4nrWIFe0JjGfr3h0oqVZUORUhZj1cwCMG69_mmIqeO7ZixR6XPJweSKQeWFp4EMXMcp0OUTzyx60mB81FwkUQVUGLmJXlp-yywhBySsm2YVLlc2fyNy', 'width': 780}]",ChIJbax_M1Vbei4ROeMAl4ozjnE,5.0,ChIJbax_M1Vbei4ROeMAl4ozjnE,"['tourist_attraction', 'point_of_interest', 'establishment']",1,,,,https://www.google.com/maps/place/?q=place_id:ChIJbax_M1Vbei4ROeMAl4ozjnE
OPERATIONAL,"Jl. Kemudo, Tegalsari, Kemudo, Kec. Prambanan, Kabupaten Klaten, Jawa Tengah 57454, Indonesia","{'location': {'lat': -7.740353400000001, 'lng': 110.5192192}, 'viewport': {'northeast': {'lat': -7.739018520107279, 'lng': 110.5205665798927}, 'southwest': {'lat': -7.741718179892723, 'lng': 110.5178669201073}}}",https://maps.gstatic.com/mapfiles/place_api/icons/v1/png_71/generic_business-71.png,#13B5C7,https://maps.gstatic.com/mapfiles/place_api/icons/v2/generic_pinlet,umbul plumpung,"[{'height': 3248, 'html_attributions': ['<a href=""https://maps.google.com/maps/contrib/103400861196570884824"">Irwan To</a>'], 'photo_reference': 'AUGGfZnI8JIcyrhMtTACfejRayLZ6Pdo1Wv2CWQoGpA4LgYAKoKSq-RHNM_vlewvxAQOGJdyrvgGySdTYYI_RuU6FFdQf9BMYn3rexraI84VQ2OMooBc4nxdsuh25lj44QG_-UVY9SWxnH_5j8-lYQ5WOw98y84pkfk72h6drKVQpQh9-iyd', 'width': 2432}]",ChIJJ5oI3jxbei4ROZnoPggZl28,0.0,ChIJJ5oI3jxbei4ROZnoPggZl28,"['tourist_attraction', 'point_of_interest', 'establishment']",0,"{'compound_code': '7G59+VM Kemudo, Klaten Regency, Central Java, Indonesia', 'global_code': '6P4G7G59+VM'}",{'open_now': False},,https://www.google.com/maps/place/?q=place_id:ChIJJ5oI3jxbei4ROZnoPggZl28
OPERATIONAL,"6GF8+6W5, Area Sawah, Sengon, Kec. Prambanan, Kabupaten Klaten, Jawa Tengah 57454, Indonesia","{'location': {'lat': -7.7770267, 'lng': 110.5174023}, 'viewport': {'northeast': {'lat': -7.775667420107276, 'lng': 110.5187193798927}, 'southwest': {'lat': -7.778367079892719, 'lng': 110.5160197201073}}}",https://maps.gstatic.com/mapfiles/place_api/icons/v1/png_71/generic_business-71.png,#13B5C7,https://maps.gstatic.com/mapfiles/place_api/icons/v2/generic_pinlet,Ambatron homestay,,ChIJ8TObKwBbei4RIcjioLgrkeU,0.0,ChIJ8TObKwBbei4RIcjioLgrkeU,"['tourist_attraction', 'point_of_interest', 'establishment']",0,,,,https://www.google.com/maps/place/?q=place_id:ChIJ8TObKwBbei4RIcjioLgrkeU
OPERATIONAL,"7F7R+MXG, Jl. Raya Prambanan, Tugurejo, Kokosan, Kec. Prambanan, Kabupaten Klaten, Jawa Tengah 57454, Indonesia","{'location': {'lat': -7.735806299999999, 'lng': 110.4924628}, 'viewport': {'northeast': {'lat': -7.734418770107278, 'lng': 110.4938134298927}, 'southwest': {'lat': -7.737118429892722, 'lng': 110.4911137701073}}}",https://maps.gstatic.com/mapfiles/place_api/icons/v1/png_71/generic_business-71.png,#13B5C7,https://maps.gstatic.com/mapfiles/place_api/icons/v2/generic_pinlet,GERBANG PERBATASAN KLATEN,,ChIJ9Z73DWVbei4RV_SaK_a4Gzs,0.0,ChIJ9Z73DWVbei4RV_SaK_a4Gzs,"['tourist_attraction', 'point_of_interest', 'establishment']",0,,,,https://www.google.com/maps/place/?q=place_id:ChIJ9Z73DWVbei4RV_SaK_a4Gzs
OPERATIONAL,"Tegalsari, Pereng, Prambanan, Klaten Regency, Central Java 57454, Indonesia","{'location': {'lat': -7.765745899999999, 'lng': 110.5041563}, 'viewport': {'northeast': {'lat': -7.76456392010728, 'lng': 110.5054362798927}, 'southwest': {'lat': -7.767263579892724, 'lng': 110.5027366201073}}}",https://maps.gstatic.com/mapfiles/place_api/icons/v1/png_71/generic_business-71.png,#13B5C7,https://maps.gstatic.com/mapfiles/place_api/icons/v2/generic_pinlet,Gunung cilik bf,"[{'height': 4032, 'html_attributions': ['<a href=""https://maps.google.com/maps/contrib/103724062635206921931"">A Google User</a>'], 'photo_reference': 'AUGGfZkGeDNGOtUS9szlbFL0AGGvPNO8Y0HYz5Xrkq9-SCe6kf6bdr75BmMqbreyU6DczXZKHTE4woL_-ydLxm8-rSHW_-SmjON5dZoM7YHoGhZ-ZFig1_OImXJP4jKMnGTZBQ6Zzcdd_ujKgBKkPXmKxNOzXig5KBLSURV7NGJK_UIeYDbH', 'width': 2268}]",ChIJCTjFQvRbei4R-J7dxilNH4c,0.0,ChIJCTjFQvRbei4R-J7dxilNH4c,"['tourist_attraction', 'point_of_interest', 'establishment']",0,"{'compound_code': '6GM3+PM Pereng, Klaten Regency, Central Java, Indonesia', 'global_code': '6P4G6GM3+PM'}",{'open_now': True},,https://www.google.com/maps/place/?q=place_id:ChIJCTjFQvRbei4R-J7dxilNH4c
OPERATIONAL,"6FPX+RX4, Sojiwan, Kb. Dalem Kidul, Kec. Prambanan, Kabupaten Klaten, Jawa Tengah 57454, Indonesia","{'location': {'lat': -7.762995, 'lng': 110.4999453}, 'viewport': {'northeast': {'lat': -7.761670420107279, 'lng': 110.5016087798927}, 'southwest': {'lat': -7.764370079892723, 'lng': 110.4989091201073}}}",https://maps.gstatic.com/mapfiles/place_api/icons/v1/png_71/generic_business-71.png,#13B5C7,https://maps.gstatic.com/mapfiles/place_api/icons/v2/generic_pinlet,Gantangan Sojiwan BC,"[{'height': 1080, 'html_attributions': ['<a href=""https://maps.google.com/maps/contrib/107012987843659314443"">wisnutama zarenka</a>'], 'photo_reference': 'AUGGfZm2S_U0vPaPnS3qESDN0Gi9meEXbjUUP2BLQS5yBjpFzyK2UJqsnT7AkjOwQRCLNVCgr9NYtU9W6T24iofcrWj5vX4-ArwuRwiHlUrBXcTjD1g1fQmz_jSHbErHJOG901v_WWpe_Uu2yF625OKtzPeUiWxQuqE15k-Y0-pJQ5flHOgh', 'width': 1080}]",ChIJ3-qMIwBbei4RVG_Y-Lyzo5Q,5.0,ChIJ3-qMIwBbei4RVG_Y-Lyzo5Q,"['tourist_attraction', 'point_of_interest', 'establishment']",1,,,,https://www.google.com/maps/place/?q=place_id:ChIJ3-qMIwBbei4RVG_Y-Lyzo5Q
OPERATIONAL,"Sanggrahan, Prambanan, Klaten Regency, Central Java 57454, Indonesia","{'location': {'lat': -7.749239900000001, 'lng': 110.5173117}, 'viewport': {'northeast': {'lat': -7.747899820107278, 'lng': 110.5186582798927}, 'southwest': {'lat': -7.750599479892721, 'lng': 110.5159586201073}}}",https://maps.gstatic.com/mapfiles/place_api/icons/v1/png_71/generic_business-71.png,#13B5C7,https://maps.gstatic.com/mapfiles/place_api/icons/v2/generic_pinlet,Padepokan 37 kulon SGM,"[{'height': 2604, 'html_attributions': ['<a href=""https://maps.google.com/maps/contrib/105933500898605853282"">A Google User</a>'], 'photo_reference': 'AUGGfZkftEPGjOrm1R7Mi9lVXw2cZt1t8Bxl0g1QODXbFLqhB9nj3U_Ut95CLPdAorhg7ikkdYaOLE7BKm060ijx4xsnKz2wHbS62cv-u3SCnLi5DMF_oaSQmVmeMpMysYfn0BULizurExFwH7wgfwokQlHSboy53EqYbqe1JTmHV_vhuu8p', 'width': 4624}]",ChIJn9ROCoJbei4RBg__J92WoFw,4.6,ChIJn9ROCoJbei4RBg__J92WoFw,"['tourist_attraction', 'point_of_interest', 'establishment']",19,"{'compound_code': '7G28+8W Sanggrahan, Klaten Regency, Central Java, Indonesia', 'global_code': '6P4G7G28+8W'}",,,https://www.google.com/maps/place/?q=place_id:ChIJn9ROCoJbei4RBg__J92WoFw
OPERATIONAL,"6GH5+63R, Dawangsari, Dowang Sari, Sambirejo, Kec. Prambanan, Kabupaten Sleman, Daerah Istimewa Yogyakarta 55572, Indonesia","{'location': {'lat': -7.771886599999998, 'lng': 110.5076526}, 'viewport': {'northeast': {'lat': -7.770536770107277, 'lng': 110.5090024298927}, 'southwest': {'lat': -7.77323642989272, 'lng': 110.5063027701073}}}",https://maps.gstatic.com/mapfiles/place_api/icons/v1/png_71/generic_business-71.png,#13B5C7,https://maps.gstatic.com/mapfiles/place_api/icons/v2/generic_pinlet,Miri Temple,"[{'height': 2250, 'html_attributions': ['<a href=""https://maps.google.com/maps/contrib/104977263501373984034"">muhammad abdhu</a>'], 'photo_reference': 'AUGGfZnsUawbWiSGOue5QemLWDu3j_Gt4fLk7Io9NLAFOHWqys_SsWzFK2bD17ewYleqTsUQTShx9OyFb5yHw79OMsxwd9p7NYbg1wsu3NpWzJCNFxpcOQSplK5trYGT6ajW1EzWPDdq0rzFQZtryZvWfu5MrzYFXbuzfVCu7ThCMnyg2rps', 'width': 4000}]",ChIJt9iLu7laei4RhTLw8Sou7NY,4.6,ChIJt9iLu7laei4RhTLw8Sou7NY,"['tourist_attraction', 'point_of_interest', 'establishment']",53,,{'open_now': True},,https://www.google.com/maps/place/?q=place_id:ChIJt9iLu7laei4RhTLw8Sou7NY
OPERATIONAL,"Jetis.03/02, Area Sawah, Sengon, Prambanan, Klaten Regency, Central Java 57454, Indonesia","{'location': {'lat': -7.776895199999999, 'lng': 110.5283028}, 'viewport': {'northeast': {'lat': -7.775611570107277, 'lng': 110.5296419798927}, 'southwest': {'lat': -7.77831122989272, 'lng': 110.5269423201073}}}",https://maps.gstatic.com/mapfiles/place_api/icons/v1/png_71/generic_business-71.png,#13B5C7,https://maps.gstatic.com/mapfiles/place_api/icons/v2/generic_pinlet,Sedulur Selawase,,ChIJLV1ewcZFei4RkmBF9ddRyno,5.0,ChIJLV1ewcZFei4RkmBF9ddRyno,"['tourist_attraction', 'point_of_interest', 'establishment']",1,"{'compound_code': '6GFH+68 Sengon, Klaten Regency, Central Java, Indonesia', 'global_code': '6P4G6GFH+68'}",,,https://www.google.com/maps/place/?q=place_id:ChIJLV1ewcZFei4RkmBF9ddRyno
OPERATIONAL,"6GF7+WF8, Dukuh, Sengon, Kec. Prambanan, Kabupaten Klaten, Jawa Tengah 57454, Indonesia","{'location': {'lat': -7.775298599999999, 'lng': 110.5137073}, 'viewport': {'northeast': {'lat': -7.773941520107278, 'lng': 110.5150624798927}, 'southwest': {'lat': -7.776641179892722, 'lng': 110.5123628201073}}}",https://maps.gstatic.com/mapfiles/place_api/icons/v1/png_71/museum-71.png,#13B5C7,https://maps.gstatic.com/mapfiles/place_api/icons/v2/museum_pinlet,Monumen Lindhu Gedhe,"[{'height': 2250, 'html_attributions': ['<a href=""https://maps.google.com/maps/contrib/102116495727799912578"">Aji Irawan</a>'], 'photo_reference': 'AUGGfZkuLoawEQ1a2-erZsUVLK-nV0d4jj6tuMEmqqCee0O4vwJIISod7QI9NCBe3IQ1uEigNZ_o36P68GyyYzhgkZhDN6pNU36yYZ-l05aL0BL7c35vVM9TvUfyIejeDnVBrDzgApwgbcyNeuRMQeLrFEfDQs-v1VqWvhr3DGkNktiqjIzj', 'width': 4000}]",ChIJR7kADrFaei4RjojPh5RWYA8,4.5,ChIJR7kADrFaei4RjojPh5RWYA8,"['museum', 'tourist_attraction', 'point_of_interest', 'establishment']",214,,{'open_now': False},,https://www.google.com/maps/place/?q=place_id:ChIJR7kADrFaei4RjojPh5RWYA8
OPERATIONAL,"Jl. Manisrenggo No.KM 1, Pemuktibaru, Tlogo, Kec. Prambanan, Kabupaten Klaten, Jawa Tengah 57454, Indonesia","{'location': {'lat': -7.7486717, 'lng': 110.501144}, 'viewport': {'northeast': {'lat': -7.747313770107279, 'lng': 110.5022535298927}, 'southwest': {'lat': -7.750013429892722, 'lng': 110.4995538701073}}}",https://maps.gstatic.com/mapfiles/place_api/icons/v1/png_71/generic_business-71.png,#7B9EB0,https://maps.gstatic.com/mapfiles/place_api/icons/v2/generic_pinlet,Tirtonirmolo Water Park Galuh,"[{'height': 3120, 'html_attributions': ['<a href=""https://maps.google.com/maps/contrib/116295016297251971078"">Widi Widex</a>'], 'photo_reference': 'AUGGfZkh4UV3yrre_fS_STIsG73Kk1zi0D5ezAyb0GMiJYp7VVlbZwz46gG-yD7kUB0JYD90WJMrHdkRwxD5JC8hVzNV-MIjqgDXA_yGGL9Q_v8xZV_xcJ1Iu8vua62F7y7udm2kTvoB92lymA9VVwr7AvS6OTLsxcAG210no3yXwMPl67Zw', 'width': 4160}]",ChIJfyMxet9aei4RG7oqrG8Aq98,4.3,ChIJfyMxet9aei4RG7oqrG8Aq98,"['amusement_park', 'tourist_attraction', 'point_of_interest', 'establishment']",2516,"{'compound_code': '7G22+GF Tlogo, Klaten Regency, Central Java, Indonesia', 'global_code': '6P4G7G22+GF'}",{'open_now': False},,https://www.google.com/maps/place/?q=place_id:ChIJfyMxet9aei4RG7oqrG8Aq98
OPERATIONAL,"Jl. Raya Solo - Yogyakarta No.16, Kranggan, Bokoharjo, Kec. Prambanan, Kabupaten Sleman, Daerah Istimewa Yogyakarta 55571, Indonesia","{'location': {'lat': -7.752020600000001, 'lng': 110.4914674}, 'viewport': {'northeast': {'lat': -7.750927899999999, 'lng': 110.49731185}, 'southwest': {'lat': -7.755233099999998, 'lng': 110.48951925}}}",https://maps.gstatic.com/mapfiles/place_api/icons/v1/png_71/worship_hindu-71.png,#7B9EB0,https://maps.gstatic.com/mapfiles/place_api/icons/v2/worship_hindu_pinlet,Prambanan Temple,"[{'height': 408, 'html_attributions': ['<a href=""https://maps.google.com/maps/contrib/116748140913428042618"">A Google User</a>'], 'photo_reference': 'AUGGfZn79riIBVPhBYhq8xqVfpa6E8N2AGIU2fXxhR5_KuG4YLznzZeaFoe0txmw2KmHaRQChtjxwLAuL4v8KYfTyvF_i67jx8iroLxmIiI4lzivxBJ6GRZLat15X3AKLAERQUx8W7iMjsbgV1hOpF5m8QyitCU-OV6EMEQe8m_wl9xpLoV9', 'width': 612}]",ChIJ0VnY2-Naei4RLVqVJTug5xk,4.7,ChIJ0VnY2-Naei4RLVqVJTug5xk,"['hindu_temple', 'tourist_attraction', 'place_of_worship', 'point_of_interest', 'establishment']",92759,"{'compound_code': '6FXR+5H Bokoharjo, Sleman Regency, Special Region of Yogyakarta, Indonesia', 'global_code': '6P4G6FXR+5H'}",{'open_now': False},,https://www.google.com/maps/place/?q=place_id:ChIJ0VnY2-Naei4RLVqVJTug5xk
OPERATIONAL,"padan jero, Pandanjero, Joho, Kec. Prambanan, Kabupaten Klaten, Jawa Tengah 57454, Indonesia","{'location': {'lat': -7.7223992, 'lng': 110.5116387}, 'viewport': {'northeast': {'lat': -7.720990670107279, 'lng': 110.5132272798927}, 'southwest': {'lat': -7.723690329892722, 'lng': 110.5105276201073}}}",https://maps.gstatic.com/mapfiles/place_api/icons/v1/png_71/generic_business-71.png,#7B9EB0,https://maps.gstatic.com/mapfiles/place_api/icons/v2/generic_pinlet,Wonderful jolontoro,"[{'height': 598, 'html_attributions': ['<a href=""https://maps.google.com/maps/contrib/109800976412270011234"">A Google User</a>'], 'photo_reference': 'AUGGfZl4rCN_kp8hEn7aMk0shYgyEJ1_0RCmwkl3ojQaK8UrnQ7FALRy8C8jkaqpzjfeUtkhgk0S85uK9lDDjkngRdMVNIq7S8oTfxckrBqUUo2aWeJ6kry_jRYqimSvLW1evL_c2hy-ND_htXOphwqJo_gPcaXQhHBCpVXgD4gtP2MrYkwB', 'width': 1067}]",ChIJpamHffRbei4RuoYepgOB-8g,4.9,ChIJpamHffRbei4RuoYepgOB-8g,"['tourist_attraction', 'point_of_interest', 'establishment']",8,"{'compound_code': '7GH6+2M Joho, Klaten Regency, Central Java, Indonesia', 'global_code': '6P4G7GH6+2M'}",{'open_now': True},,https://www.google.com/maps/place/?q=place_id:ChIJpamHffRbei4RuoYepgOB-8g
CLOSED_TEMPORARILY,"6GMC+J2C, Area Sawah, Cucukan, Kec. Prambanan, Kabupaten Klaten, Jawa Tengah 57454, Indonesia","{'location': {'lat': -7.765925999999999, 'lng': 110.5200168}, 'viewport': {'northeast': {'lat': -7.764577020107279, 'lng': 110.5213770798927}, 'southwest': {'lat': -7.767276679892722, 'lng': 110.5186774201073}}}",https://maps.gstatic.com/mapfiles/place_api/icons/v1/png_71/generic_business-71.png,#13B5C7,https://maps.gstatic.com/mapfiles/place_api/icons/v2/generic_pinlet,Rumah paman,"[{'height': 1920, 'html_attributions': ['<a href=""https://maps.google.com/maps/contrib/101748408291498896623"">A Google User</a>'], 'photo_reference': 'AUGGfZnRKk1Q9PTi0K-xdpWuWjBQeHBFi1aS1XM98PP6F3jocJEvvhXPqcyuAfqfAGWl67AXUrqEyLyDFzg9l-Q-BVAMd2xkl_5KAJ5a5Y0s5KZxQ4AWC2NSbspBW-awkYnS9Jx7IGrSypRAzobYPfa-mFh76_l4ZQPjGe12YKdnOP3IqI-b', 'width': 1080}]",ChIJWZ00wKBbei4R0qNcFK4Cvos,5.0,ChIJWZ00wKBbei4R0qNcFK4Cvos,"['tourist_attraction', 'point_of_interest', 'establishment']",1,,,True,https://www.google.com/maps/place/?q=place_id:ChIJWZ00wKBbei4R0qNcFK4Cvos
OPERATIONAL,"6G93+3V7, Gn. Sari, Sambirejo, Kec. Prambanan, Kabupaten Sleman, Daerah Istimewa Yogyakarta 55572, Indonesia","{'location': {'lat': -7.782346400000001, 'lng': 110.5046635}, 'viewport': {'northeast': {'lat': -7.781095270107278, 'lng': 110.5060958298927}, 'southwest': {'lat': -7.783794929892723, 'lng': 110.5033961701073}}}",https://maps.gstatic.com/mapfiles/place_api/icons/v1/png_71/generic_business-71.png,#13B5C7,https://maps.gstatic.com/mapfiles/place_api/icons/v2/generic_pinlet,Breksi Amphitheater,"[{'height': 1365, 'html_attributions': ['<a href=""https://maps.google.com/maps/contrib/108099435792571586612"">Kawi Boedisetio</a>'], 'photo_reference': 'AUGGfZn4BstUkJHgCV53sb_3CZm8WSIn9AZSVmKXzAlLDJ5tivE60RlP8fMy4v52BaDzmM7dKTLdiowTqL4XTgQpWeplt6dSKA8pulTnnd45UOHWbCq0BOU0vFY-In6YziAonT1brAK6jhikWsJvwzSpa6qiw3EKN7bgnQPSinEcKd1DfXx_', 'width': 2048}]",ChIJsVp9Wpxbei4RujdxI-o1mVQ,4.5,ChIJsVp9Wpxbei4RujdxI-o1mVQ,"['tourist_attraction', 'point_of_interest', 'establishment']",27,,{'open_now': False},,https://www.google.com/maps/place/?q=place_id:ChIJsVp9Wpxbei4RujdxI-o1mVQ
CLOSED_TEMPORARILY,"6GW5+872, RT.3/RW.1, Beji, Taji, Kec. Prambanan, Kabupaten Klaten, Jawa Tengah 57454, Indonesia","{'location': {'lat': -7.754234500000001, 'lng': 110.5081386}, 'viewport': {'northeast': {'lat': -7.752888870107277, 'lng': 110.5095314298927}, 'southwest': {'lat': -7.755588529892721, 'lng': 110.5068317701073}}}",https://maps.gstatic.com/mapfiles/place_api/icons/v1/png_71/generic_business-71.png,#13B5C7,https://maps.gstatic.com/mapfiles/place_api/icons/v2/generic_pinlet,Sekar Rinonce,,ChIJN8nuetVbei4RykErxjG2Ngg,0.0,ChIJN8nuetVbei4RykErxjG2Ngg,"['tourist_attraction', 'point_of_interest', 'establishment']",0,,,True,https://www.google.com/maps/place/?q=place_id:ChIJN8nuetVbei4RykErxjG2Ngg
OPERATIONAL,"6G94+FCX, Gn. Sari, Sambirejo, Kec. Prambanan, Kabupaten Sleman, Daerah Istimewa Yogyakarta, Indonesia","{'location': {'lat': -7.7810117, 'lng': 110.5061162}, 'viewport': {'northeast': {'lat': -7.779768970107278, 'lng': 110.5074036798927}, 'southwest': {'lat': -7.782468629892722, 'lng': 110.5047040201073}}}",https://maps.gstatic.com/mapfiles/place_api/icons/v1/png_71/generic_business-71.png,#13B5C7,https://maps.gstatic.com/mapfiles/place_api/icons/v2/generic_pinlet,Mahika Ayu,"[{'height': 2592, 'html_attributions': ['<a href=""https://maps.google.com/maps/contrib/109767857680998787765"">A Google User</a>'], 'photo_reference': 'AUGGfZmxgr3PScXYgXD84wACybB3-RbFTBkFjYSDp-gPFkd3kExDxOfHiI-WHI8PtHTJbaS1hIDCffm3UBkCEodMral8E6m3nPOZY3yNQF-j-ck1xAd8C-vajZyjbNOyC9o1PDTNPAZBBGjBw51VZz_PRBYevsMWmR-uokST8atemhW4Ogrz', 'width': 4608}]",ChIJ2WXOh0Vbei4RD3II8hJV1SA,5.0,ChIJ2WXOh0Vbei4RD3II8hJV1SA,"['tourist_attraction', 'point_of_interest', 'establishment']",6,,{'open_now': True},,https://www.google.com/maps/place/?q=place_id:ChIJ2WXOh0Vbei4RD3II8hJV1SA
OPERATIONAL,"6F9R+8PG, Marangan, Bokoharjo, Kec. Prambanan, Kabupaten Sleman, Daerah Istimewa Yogyakarta 55572, Indonesia","{'location': {'lat': -7.7816863, 'lng': 110.4918211}, 'viewport': {'northeast': {'lat': -7.780203770107278, 'lng': 110.4928739798927}, 'southwest': {'lat': -7.782903429892722, 'lng': 110.4901743201073}}}",https://maps.gstatic.com/mapfiles/place_api/icons/v1/png_71/generic_business-71.png,#13B5C7,https://maps.gstatic.com/mapfiles/place_api/icons/v2/generic_pinlet,Banyunibo Cliff,"[{'height': 3120, 'html_attributions': ['<a href=""https://maps.google.com/maps/contrib/106906160131593286138"">Dandung Adityo</a>'], 'photo_reference': 'AUGGfZlsoFOLLuuQA9Rre1SvRVHpaofwAf7X5qv8cE7onXFc55bHKvr39ehKEfbvJXfbWJ5VrqQGiNTg7MZjP36YFjTEMkHovR1F1zn5vhFjyg_xPha_pu0wIRbfReTZL__wJuW0Lq_O0AUhE33yIbpKrtIAP1yq6esDlSZ83IxwynfQTIb2', 'width': 4160}]",ChIJvbJhVINbei4Rp_q8BqpTq7c,4.5,ChIJvbJhVINbei4Rp_q8BqpTq7c,"['tourist_attraction', 'point_of_interest', 'establishment']",887,,{'open_now': False},,https://www.google.com/maps/place/?q=place_id:ChIJvbJhVINbei4Rp_q8BqpTq7c
OPERATIONAL,"Taman Wisata Candi Prambanan Jl. Raya Yogya - Solo KM 17 Tlogo, Kranggan, Bokoharjo, Kec. Prambanan, Yogyakarta, Jawa Tengah 57454, Indonesia","{'location': {'lat': -7.752125199999999, 'lng': 110.4920457}, 'viewport': {'northeast': {'lat': -7.750775370107276, 'lng': 110.4933955298927}, 'southwest': {'lat': -7.75347502989272, 'lng': 110.4906958701073}}}",https://maps.gstatic.com/mapfiles/place_api/icons/v1/png_71/worship_hindu-71.png,#7B9EB0,https://maps.gstatic.com/mapfiles/place_api/icons/v2/worship_hindu_pinlet,Perwara Temple,"[{'height': 2208, 'html_attributions': ['<a href=""https://maps.google.com/maps/contrib/107393477032761161323"">王章利</a>'], 'photo_reference': 'AUGGfZnubMCvYx60o-gI0Z0Q5nRTwi9Mi52iiM1Px_GTc57tXIF1nuaXLY9jjnTjoI80nZS2u4c7ZSWvUCn3UaOS-gImf9QPTWCcLQXdcVR9FmZiNojuJcySaxMPvZFVw2pX7cwQeSerWH1gRAPQ0EsysaYn-ybWHmfpL36ZhnnjqfdaOv-O', 'width': 3928}]",ChIJYcIfS-Faei4RBVOyXeenEgQ,4.4,ChIJYcIfS-Faei4RBVOyXeenEgQ,"['hindu_temple', 'tourist_attraction', 'place_of_worship', 'point_of_interest', 'establishment']",79,"{'compound_code': '6FXR+4R Bokoharjo, Sleman Regency, Special Region of Yogyakarta, Indonesia', 'global_code': '6P4G6FXR+4R'}",{'open_now': False},,https://www.google.com/maps/place/?q=place_id:ChIJYcIfS-Faei4RBVOyXeenEgQ
OPERATIONAL,"6G69+6C4, Jl. Candi Ijo, Mlakon, Sambirejo, Kec. Prambanan, Kabupaten Sleman, Daerah Istimewa Yogyakarta 55572, Indonesia","{'location': {'lat': -7.789479, 'lng': 110.5185664}, 'viewport': {'northeast': {'lat': -7.788170070107278, 'lng': 110.5198475798927}, 'southwest': {'lat': -7.790869729892722, 'lng': 110.5171479201073}}}",https://maps.gstatic.com/mapfiles/place_api/icons/v1/png_71/generic_business-71.png,#13B5C7,https://maps.gstatic.com/mapfiles/place_api/icons/v2/generic_pinlet,Batu Papal,"[{'height': 704, 'html_attributions': ['<a href=""https://maps.google.com/maps/contrib/101772429132050094396"">Adzkiya Brama N.</a>'], 'photo_reference': 'AUGGfZm9QoJU6ZGmEcSqsAUvROGMwXBttW7qYa9r6WR1pm1_UjbUkfo3ODw74ZeemS3r0DTyg7ovc4xqDKz16AJi2oOWrqaoX7bV6IcXeuD_Vn8i0L8eyADge2e5OXB_6psi-lFE969l3j5O4K5ikJrdpMyJvuqy3OopbFmP-fs2pIIqqi0d', 'width': 1176}]",ChIJ2aoRigBQei4RvfbU721o0ls,4.2,ChIJ2aoRigBQei4RvfbU721o0ls,"['tourist_attraction', 'point_of_interest', 'establishment']",635,,{'open_now': False},,https://www.google.com/maps/place/?q=place_id:ChIJ2aoRigBQei4RvfbU721o0ls
OPERATIONAL,"6G87+GFV, Jl. Candi Ijo, Kikis, Sambirejo, Kec. Prambanan, Kabupaten Sleman, Daerah Istimewa Yogyakarta 55572, Indonesia","{'location': {'lat': -7.783639300000001, 'lng': 110.5136633}, 'viewport': {'northeast': {'lat': -7.782828620107279, 'lng': 110.5147645298927}, 'southwest': {'lat': -7.785528279892723, 'lng': 110.5120648701073}}}",https://maps.gstatic.com/mapfiles/place_api/icons/v1/png_71/generic_business-71.png,#13B5C7,https://maps.gstatic.com/mapfiles/place_api/icons/v2/generic_pinlet,Sunrise Green Temple,"[{'height': 3472, 'html_attributions': ['<a href=""https://maps.google.com/maps/contrib/117037548329312887553"">Goezt Carzjoe</a>'], 'photo_reference': 'AUGGfZmZXEqwpPkFubkwHtpz2QVssHIvUanO2cz0ndsKuN8cP-ugL5dKBocVi30sJ3YyRmImQxXDGROjXzvMyR2T8TDDxaK4dfVvUe1f7OjuVkPXGYJuZvlTCAxKC3C87MeTpJ2E41_DstotRJFDUfalN4zockDDESAtN00-r7yyyfdfb92o', 'width': 4624}]",ChIJyduMb29bei4R6BwJIMehvP4,5.0,ChIJyduMb29bei4R6BwJIMehvP4,"['tourist_attraction', 'point_of_interest', 'establishment']",1,,,,https://www.google.com/maps/place/?q=place_id:ChIJyduMb29bei4R6BwJIMehvP4
OPERATIONAL,"Bener, RT.02/RW.02, Bugisan, Kec. Prambanan, Kabupaten Klaten, Jawa Tengah 57454, Indonesia","{'location': {'lat': -7.7427488, 'lng': 110.4956186}, 'viewport': {'northeast': {'lat': -7.74135287010728, 'lng': 110.4969660798927}, 'southwest': {'lat': -7.744052529892723, 'lng': 110.4942664201073}}}",https://maps.gstatic.com/mapfiles/place_api/icons/v1/png_71/generic_business-71.png,#7B9EB0,https://maps.gstatic.com/mapfiles/place_api/icons/v2/generic_pinlet,Alga Lova Tour (Experience Tour Provider),"[{'height': 1536, 'html_attributions': ['<a href=""https://maps.google.com/maps/contrib/107803790916425031757"">A Google User</a>'], 'photo_reference': 'AUGGfZkURdOIQb2D8cwdiqt1v5fYAyQIsJAtXP1jxx-CNZGSHUZ8cWS7t1jbwteNp_B4ZNFt3rUSTrX02grk9SZ9JLDFcPnmjmQ2cxIU8-19F0hdC-GlLkyf-NmWh6j62vUPfiF0iuPjpgesyK__qtbNNAvmNzOUbKiKjQOwuw2nmoRAGWqg', 'width': 2048}]",ChIJKZSET_Rbei4R1oiyyB23OTs,5.0,ChIJKZSET_Rbei4R1oiyyB23OTs,"['tourist_attraction', 'point_of_interest', 'establishment']",23,"{'compound_code': '7F4W+W6 Bugisan, Klaten Regency, Central Java, Indonesia', 'global_code': '6P4G7F4W+W6'}",{'open_now': False},,https://www.google.com/maps/place/?q=place_id:ChIJKZSET_Rbei4R1oiyyB23OTs
OPERATIONAL,"Jl. Candi Ijo, Nglengkong, Sambirejo, Kec. Prambanan, Kabupaten Sleman, Daerah Istimewa Yogyakarta 55572, Indonesia","{'location': {'lat': -7.7838262, 'lng': 110.5118574}, 'viewport': {'northeast': {'lat': -7.782495870107277, 'lng': 110.5130700298927}, 'southwest': {'lat': -7.785195529892721, 'lng': 110.5103703701073}}}",https://maps.gstatic.com/mapfiles/place_api/icons/v1/png_71/worship_hindu-71.png,#7B9EB0,https://maps.gstatic.com/mapfiles/place_api/icons/v2/worship_hindu_pinlet,Ijo Temple,"[{'height': 480, 'html_attributions': ['<a href=""https://maps.google.com/maps/contrib/103828371869132235333"">A Google User</a>'], 'photo_reference': 'AUGGfZmTggstVEEGWdOyrWbr4l5JAi1PCEBisy3qYw1LDiBOaMB2_c3q28C5OJg7EJ9J9M6H8gqhMBPxGA509GwWriuxOMVmrIFE7TKu01WbLv1m9FqReaDljhbip1K_FPI0LpJ0AgOOrTSmKOi-ZGuEstD5bqXG593sBua5CkXUbALD_QNR', 'width': 640}]",ChIJpXpAMhJbei4R66paHGNQXGQ,4.8,ChIJpXpAMhJbei4R66paHGNQXGQ,"['hindu_temple', 'tourist_attraction', 'place_of_worship', 'point_of_interest', 'establishment']",1489,"{'compound_code': '6G86+FQ Sambirejo, Sleman Regency, Special Region of Yogyakarta, Indonesia', 'global_code': '6P4G6G86+FQ'}",{'open_now': False},,https://www.google.com/maps/place/?q=place_id:ChIJpXpAMhJbei4R66paHGNQXGQ
OPERATIONAL,"Jl. Desa Lengkong, RT.02/RW.17, Gn. Sari, Sambirejo, Kec. Prambanan, Kabupaten Sleman, Daerah Istimewa Yogyakarta 55572, Indonesia","{'location': {'lat': -7.781571400000001, 'lng': 110.5045827}, 'viewport': {'northeast': {'lat': -7.780599350000004, 'lng': 110.5057227798927}, 'southwest': {'lat': -7.784487550000001, 'lng': 110.5030231201073}}}",https://maps.gstatic.com/mapfiles/place_api/icons/v1/png_71/generic_business-71.png,#13B5C7,https://maps.gstatic.com/mapfiles/place_api/icons/v2/generic_pinlet,Tebing Breksi,"[{'height': 4000, 'html_attributions': ['<a href=""https://maps.google.com/maps/contrib/113699931018806718289"">Tze Wei Sim</a>'], 'photo_reference': 'AUGGfZnhMcytSO04YWQA9TBz_syArL2ocqZHEIs_o0_x6Ff1EM_YCmA3BVLNwjegczAN0qQcgd3-6M4Iz8Svm0vp4-DzaJPD2-4sAAT4b3tK9oGbQDJgG1bddmi8d81q52vIoQ2y8PbSa72ygbIgfKRwRfxBIaoYmg5G3OVl93al-1tZYuHv', 'width': 6000}]",ChIJW2a0WKRaei4Rxziu0Gr8sKQ,4.5,ChIJW2a0WKRaei4Rxziu0Gr8sKQ,"['tourist_attraction', 'park', 'point_of_interest', 'establishment']",64696,"{'compound_code': '6G93+9R Sambirejo, Sleman Regency, Special Region of Yogyakarta, Indonesia', 'global_code': '6P4G6G93+9R'}",{'open_now': False},,https://www.google.com/maps/place/?q=place_id:ChIJW2a0WKRaei4Rxziu0Gr8sKQ
OPERATIONAL,"7GQ5+V7P, Nangsri, Kec. Manisrenggo, Kabupaten Klaten, Jawa Tengah, Indonesia","{'location': {'lat': -7.710236499999999, 'lng': 110.5081999}, 'viewport': {'northeast': {'lat': -7.708868320107277, 'lng': 110.5095476298927}, 'southwest': {'lat': -7.711567979892721, 'lng': 110.5068479701073}}}",https://maps.gstatic.com/mapfiles/place_api/icons/v1/png_71/generic_business-71.png,#13B5C7,https://maps.gstatic.com/mapfiles/place_api/icons/v2/generic_pinlet,Omah ndelik,,ChIJye1yGwVbei4RKOotuUGIgoc,0.0,ChIJye1yGwVbei4RKOotuUGIgoc,"['tourist_attraction', 'point_of_interest', 'establishment']",0,,,,https://www.google.com/maps/place/?q=place_id:ChIJye1yGwVbei4RKOotuUGIgoc
OPERATIONAL,"6FRQ+982, Klurak Baru, Bokoharjo, Kec. Prambanan, Kabupaten Sleman, Daerah Istimewa Yogyakarta, Indonesia","{'location': {'lat': -7.7591241, 'lng': 110.4882708}, 'viewport': {'northeast': {'lat': -7.757772920107278, 'lng': 110.4895549298927}, 'southwest': {'lat': -7.760472579892722, 'lng': 110.4868552701073}}}",https://maps.gstatic.com/mapfiles/place_api/icons/v1/png_71/generic_business-71.png,#13B5C7,https://maps.gstatic.com/mapfiles/place_api/icons/v2/generic_pinlet,Nice spot for train hunter!,,ChIJ9zm2AwBbei4R-tGhtfolD7Q,0.0,ChIJ9zm2AwBbei4R-tGhtfolD7Q,"['tourist_attraction', 'point_of_interest', 'establishment']",0,,,,https://www.google.com/maps/place/?q=place_id:ChIJ9zm2AwBbei4R-tGhtfolD7Q
OPERATIONAL,"5GQ4+CVG, Jl. Raya Pereng, Pereng, Sumberharjo, Kec. Prambanan, Kabupaten Sleman, Daerah Istimewa Yogyakarta 55572, Indonesia","{'location': {'lat': -7.811446399999999, 'lng': 110.5071928}, 'viewport': {'northeast': {'lat': -7.810061320107278, 'lng': 110.5085509798927}, 'southwest': {'lat': -7.812760979892722, 'lng': 110.5058513201073}}}",https://maps.gstatic.com/mapfiles/place_api/icons/v1/png_71/generic_business-71.png,#13B5C7,https://maps.gstatic.com/mapfiles/place_api/icons/v2/generic_pinlet,latar ndesan prambanan,"[{'height': 2448, 'html_attributions': ['<a href=""https://maps.google.com/maps/contrib/109324418747300315385"">A Google User</a>'], 'photo_reference': 'AUGGfZmVBUiiQUyjwZLbZ42bDSurKyBfPsJIRoEPbDbEpSn2RvmOHyg-QEwYTtyWTRFKY0aKyTwZdds2imVAViVL-P4zpN9pfGOHcFtR-Hm50zNELOGNO9pBQLus1NqgzuI1efL_XjPY7V9J7Z0kdpUwgjxm-FFWMz2A53Ehk7TSeRDv4xne', 'width': 3264}]",ChIJx8zYo5pRei4Rg2G7c5BPBas,0.0,ChIJx8zYo5pRei4Rg2G7c5BPBas,"['tourist_attraction', 'point_of_interest', 'establishment']",0,,{'open_now': False},,https://www.google.com/maps/place/?q=place_id:ChIJx8zYo5pRei4Rg2G7c5BPBas
OPERATIONAL,"Unnamed Road Mlakan, Mlakon, Sambirejo, Kec. Prambanan, Kabupaten Sleman, Daerah Istimewa Yogyakarta 55572, Indonesia","{'location': {'lat': -7.793476999999999, 'lng': 110.520934}, 'viewport': {'northeast': {'lat': -7.792173520107276, 'lng': 110.5221833798927}, 'southwest': {'lat': -7.79487317989272, 'lng': 110.5194837201073}}}",https://maps.gstatic.com/mapfiles/place_api/icons/v1/png_71/generic_business-71.png,#13B5C7,https://maps.gstatic.com/mapfiles/place_api/icons/v2/generic_pinlet,Watu Payung,"[{'height': 3468, 'html_attributions': ['<a href=""https://maps.google.com/maps/contrib/117882494512016448557"">Risky hendra Tea64</a>'], 'photo_reference': 'AUGGfZn3mFbl2S2DHFuvQS8we6XuREFPgQmlgfGYh3t8iIpMEppO4naAhOlEP9YFZM9qPtJpT0TOShi1oCiuGHZ92-8NPo_YDy8mlZYYlKkuxM-InRYsxrDxmXO1LGX6UxfBY4E4q4XW6m6Q1dzHUoEPKk47p2vKB0CpY9Ow43t1qTlV7ouL', 'width': 4624}]",ChIJMbSRAgJQei4R2pXluIE-0BY,4.4,ChIJMbSRAgJQei4R2pXluIE-0BY,"['tourist_attraction', 'point_of_interest', 'establishment']",987,"{'compound_code': '6G4C+J9 Sambirejo, Sleman Regency, Special Region of Yogyakarta, Indonesia', 'global_code': '6P4G6G4C+J9'}",{'open_now': False},,https://www.google.com/maps/place/?q=place_id:ChIJMbSRAgJQei4R2pXluIE-0BY
OPERATIONAL,"7FHV+2CM, Dusun 4, Taskombang, Kec. Manisrenggo, Kabupaten Klaten, Jawa Tengah 57485, Indonesia","{'location': {'lat': -7.7224174, 'lng': 110.4935344}, 'viewport': {'northeast': {'lat': -7.721064220107276, 'lng': 110.4949729298927}, 'southwest': {'lat': -7.72376387989272, 'lng': 110.4922732701073}}}",https://maps.gstatic.com/mapfiles/place_api/icons/v1/png_71/generic_business-71.png,#13B5C7,https://maps.gstatic.com/mapfiles/place_api/icons/v2/generic_pinlet,Embung Taskombang,"[{'height': 2448, 'html_attributions': ['<a href=""https://maps.google.com/maps/contrib/110106493171895285312"">A Google User</a>'], 'photo_reference': 'AUGGfZm791-Uhg2vKIR3Q4k0NFfqIbxE599AMtyFKcIm0DLuoic4Yyd6KOYg2T9pmIYiSfXIW2oMb-y4DlhsX99jf5PgIFtBEy_Co81t4WFz6WcuGyPw71DXr03V3qBr9Nwte39N7UdlbRXlnp1cZ5EzgbQTt2jvaoWzynEFGT10M47KHS68', 'width': 3264}]",ChIJsWYblGFbei4RADhMZrsWCJ0,4.3,ChIJsWYblGFbei4RADhMZrsWCJ0,"['tourist_attraction', 'point_of_interest', 'establishment']",3,,,,https://www.google.com/maps/place/?q=place_id:ChIJsWYblGFbei4RADhMZrsWCJ0
OPERATIONAL,"7F8W+74J, Tegalkumpul, Kokosan, Kec. Prambanan, Kabupaten Klaten, Jawa Tengah 57454, Indonesia","{'location': {'lat': -7.734286199999999, 'lng': 110.4952582}, 'viewport': {'northeast': {'lat': -7.732971520107277, 'lng': 110.4966072798927}, 'southwest': {'lat': -7.735671179892721, 'lng': 110.4939076201073}}}",https://maps.gstatic.com/mapfiles/place_api/icons/v1/png_71/museum-71.png,#13B5C7,https://maps.gstatic.com/mapfiles/place_api/icons/v2/museum_pinlet,Prambanan Tourist Village (Desa Wisata Prambanan),"[{'height': 2988, 'html_attributions': ['<a href=""https://maps.google.com/maps/contrib/107208044516299679518"">lulu suryawan</a>'], 'photo_reference': 'AUGGfZkAkYcxFtUBALp_w-0HArd0-gMArX9B9-TWy3G8Q36FvKAhfsJyA9AzpwpyhmMw95kYqTE9JpO5q7o5700SfgbGgBg5kJRaqXmhi7RZtEjOXv9hK5mnNyRRk9RJwn5lpSRuJwW5e86VmdkJRiaO4A-XAoVLXwvdISDBejHkplhPEdvV', 'width': 5312}]",ChIJ4YBjZxZbei4RxbAAiDG40O0,4.5,ChIJ4YBjZxZbei4RxbAAiDG40O0,"['museum', 'point_of_interest', 'establishment']",39,,{'open_now': True},,https://www.google.com/maps/place/?q=place_id:ChIJ4YBjZxZbei4RxbAAiDG40O0
CLOSED_TEMPORARILY,"7G54+P55, Plaosan Lor, Bugisan, Kec. Prambanan, Kabupaten Klaten, Jawa Tengah 57454, Indonesia","{'location': {'lat': -7.7407375, 'lng': 110.5054844}, 'viewport': {'northeast': {'lat': -7.739390670107277, 'lng': 110.5067642798927}, 'southwest': {'lat': -7.742090329892721, 'lng': 110.5040646201073}}}",https://maps.gstatic.com/mapfiles/place_api/icons/v1/png_71/generic_business-71.png,#13B5C7,https://maps.gstatic.com/mapfiles/place_api/icons/v2/generic_pinlet,Paket Wisata Delman Candi Plaosan,,ChIJq9baE-Rbei4RNcbOp59NAhA,0.0,ChIJq9baE-Rbei4RNcbOp59NAhA,"['tourist_attraction', 'point_of_interest', 'establishment']",0,,,True,https://www.google.com/maps/place/?q=place_id:ChIJq9baE-Rbei4RNcbOp59NAhA
