business_status,formatted_address,geometry,icon,icon_background_color,icon_mask_base_uri,name,photos,place_id,rating,reference,types,user_ratings_total,plus_code,opening_hours,url
OPERATIONAL,"5P5Q+755, Jl. Kabupaten, Labuang, Kec. Namrole, Kabupaten Buru Selatan, Maluku, Indonesia","{'location': {'lat': -3.841851, 'lng': 126.737995}, 'viewport': {'northeast': {'lat': -3.840529370107278, 'lng': 126.7394149298927}, 'southwest': {'lat': -3.843229029892722, 'lng': 126.7367152701073}}}",https://maps.gstatic.com/mapfiles/place_api/icons/v1/png_71/lodging-71.png,#909CE1,https://maps.gstatic.com/mapfiles/place_api/icons/v2/hotel_pinlet,Hotel Golden Alfri's,"[{'height': 3000, 'html_attributions': ['<a href=""https://maps.google.com/maps/contrib/115941056019442141899"">Ubaidi Ubaidi</a>'], 'photo_reference': 'AUGGfZkzjutuyDMa2kRUuHUH_OJ2TwTiKNcR8Q5dKfElFLKP1Aa2JwBQ0yZY6j2Ie6ie0_UpF9S2aCyy4Obncv2Q1JUnxlhL9h_knTkElWW4bPMELCSGp_zr8l2Z87iNln5bSjWFlygar_LMLgaagumCGZcFMjPow-L3HP4bA-q4U-thFFRY', 'width': 4000}]",ChIJt9UDCWDcci0RNoDx3G5du64,3.9,ChIJt9UDCWDcci0RNoDx3G5du64,"['lodging', 'point_of_interest', 'establishment']",124,,,https://www.google.com/maps/place/?q=place_id:ChIJt9UDCWDcci0RNoDx3G5du64
OPERATIONAL,"Jalan Karel Satsuitubun, Elfule, Kec. Namrole, Kabupaten Buru Selatan, Maluku, Indonesia","{'location': {'lat': -3.8443117, 'lng': 126.7230123}, 'viewport': {'northeast': {'lat': -3.842806870107278, 'lng': 126.7243776798927}, 'southwest': {'lat': -3.845506529892722, 'lng': 126.7216780201073}}}",https://maps.gstatic.com/mapfiles/place_api/icons/v1/png_71/lodging-71.png,#909CE1,https://maps.gstatic.com/mapfiles/place_api/icons/v2/hotel_pinlet,Penginapan Syafnur (3rm),"[{'height': 2248, 'html_attributions': ['<a href=""https://maps.google.com/maps/contrib/106693057670739096191"">A Google User</a>'], 'photo_reference': 'AUGGfZkdo6NHnuSC8k3Yj2r-OUtmoe6pbpWiVmFdSkPLw2csVYQ7S_fqtnnVTU-s0SSO3lkVBuH7roXmhrJFpcOZGXiXc0dwvY-W44ytv_VnPviSlNlJCXU3V5iVrnJt63HGFD-fsTEdV6vHF_6TYjeQNnAt6vMR4vV2fDvlDkXLcLc1w0S7', 'width': 4000}]",ChIJgZtC9lbdci0R_qmXiSM9a9E,4.0,ChIJgZtC9lbdci0R_qmXiSM9a9E,"['lodging', 'point_of_interest', 'establishment']",4,"{'compound_code': '5P4F+76 Elfule, South Buru Regency, Maluku, Indonesia', 'global_code': '6Q885P4F+76'}",,https://www.google.com/maps/place/?q=place_id:ChIJgZtC9lbdci0R_qmXiSM9a9E
OPERATIONAL,"5P4M+FMC, Jl. Kabupaten, Waenalut, Kec. Namrole, Kabupaten Buru Selatan, Maluku, Indonesia","{'location': {'lat': -3.8438132, 'lng': 126.73415}, 'viewport': {'northeast': {'lat': -3.842521320107279, 'lng': 126.7354751798927}, 'southwest': {'lat': -3.845220979892723, 'lng': 126.7327755201073}}}",https://maps.gstatic.com/mapfiles/place_api/icons/v1/png_71/lodging-71.png,#909CE1,https://maps.gstatic.com/mapfiles/place_api/icons/v2/hotel_pinlet,penginapan sartika 2,"[{'height': 2352, 'html_attributions': ['<a href=""https://maps.google.com/maps/contrib/100075346137200484933"">irwanto forester</a>'], 'photo_reference': 'AUGGfZnCQ9msLLQ5_qMVajRx-pKrpGQKDu4YL8U8Lb9-CMevI3yWESxS4-a5qYO6XKI7bk7mR_QOFkPnigp_pAYgFkbKAsH_krEgjK1mcrOgocuWVDVBKjicvFX8uhcKO9LQtOBtTxl_jJe3BLV6pXSr66EilOKzvrlo-fhpwV4iAFqnLrXk', 'width': 4160}]",ChIJFbQ-9NX-ci0ReCLAPhyXe-Y,4.0,ChIJFbQ-9NX-ci0ReCLAPhyXe-Y,"['lodging', 'point_of_interest', 'establishment']",30,,{'open_now': True},https://www.google.com/maps/place/?q=place_id:ChIJFbQ-9NX-ci0ReCLAPhyXe-Y
OPERATIONAL,"Jalan Baru, Elfule, Kec. Namrole, Kabupaten Buru Selatan, Maluku, Indonesia","{'location': {'lat': -3.8446863, 'lng': 126.7173905}, 'viewport': {'northeast': {'lat': -3.843544020107277, 'lng': 126.7187969798927}, 'southwest': {'lat': -3.846243679892721, 'lng': 126.7160973201073}}}",https://maps.gstatic.com/mapfiles/place_api/icons/v1/png_71/lodging-71.png,#909CE1,https://maps.gstatic.com/mapfiles/place_api/icons/v2/hotel_pinlet,Kost Waehaka,,ChIJFczXh0ndci0RsOcEBwcU0vA,4.2,ChIJFczXh0ndci0RsOcEBwcU0vA,"['lodging', 'point_of_interest', 'establishment']",6,"{'compound_code': '5P48+4X Elfule, South Buru Regency, Maluku, Indonesia', 'global_code': '6Q885P48+4X'}",{'open_now': True},https://www.google.com/maps/place/?q=place_id:ChIJFczXh0ndci0RsOcEBwcU0vA
OPERATIONAL,"5P2P+57F, Labuang, Namrole, South Buru Regency, Maluku, Indonesia","{'location': {'lat': -3.8495653, 'lng': 126.735657}, 'viewport': {'northeast': {'lat': -3.848253520107277, 'lng': 126.7369856298927}, 'southwest': {'lat': -3.850953179892721, 'lng': 126.7342859701073}}}",https://maps.gstatic.com/mapfiles/place_api/icons/v1/png_71/lodging-71.png,#909CE1,https://maps.gstatic.com/mapfiles/place_api/icons/v2/hotel_pinlet,Penginapan 2 Saudara,"[{'height': 2448, 'html_attributions': ['<a href=""https://maps.google.com/maps/contrib/115055232207324750976"">Riswan Makatita</a>'], 'photo_reference': 'AUGGfZl_0Fsfb93c9ma8q3u3OBTfScm00ZTuCeaL7ftBuMKupOFBzfsZZV4TNUdSuq31VOJGFOA7vTOq4A70vwFC62SBHpoWODEPDWVm4eI-G7Efgc_btCcQMCk-pcu6djFQcBbVL6r1upyVLxtZ2xv2NQPqEo4CKOgNuK_XDze5fRsJ8LPA', 'width': 3264}]",ChIJh6-fJWPcci0R1AAYJBuzI-c,3.2,ChIJh6-fJWPcci0R1AAYJBuzI-c,"['lodging', 'point_of_interest', 'establishment']",42,,,https://www.google.com/maps/place/?q=place_id:ChIJh6-fJWPcci0R1AAYJBuzI-c
OPERATIONAL,"5P2P+CG7, Labuang, Namrole, South Buru Regency, Maluku, Indonesia","{'location': {'lat': -3.8489633, 'lng': 126.73629}, 'viewport': {'northeast': {'lat': -3.847692420107278, 'lng': 126.7376251298927}, 'southwest': {'lat': -3.850392079892722, 'lng': 126.7349254701072}}}",https://maps.gstatic.com/mapfiles/place_api/icons/v1/png_71/lodging-71.png,#909CE1,https://maps.gstatic.com/mapfiles/place_api/icons/v2/hotel_pinlet,Penginapan Marennu,"[{'height': 3456, 'html_attributions': ['<a href=""https://maps.google.com/maps/contrib/117818216488504966887"">A Google User</a>'], 'photo_reference': 'AUGGfZlYOEy0_ANtuMk4tmsUILlU3ivOIjHAKOUSIjPTCgBaRWC6AkdrV6yjoAIxdU5dy2HTvAJisMkA3dXfEypbZ423V8O3UeTfNxwAhYqjcsabbj_F5yyZlEb0fQ3JKTw4-o-s58jGTWSg6p2lbz5ZhibKUzi8fPJxq3SLIPzNldlfLwd0', 'width': 5184}]",ChIJIaFR4GLcci0RHlUAu3JYmUU,4.4,ChIJIaFR4GLcci0RHlUAu3JYmUU,"['lodging', 'point_of_interest', 'establishment']",5,,,https://www.google.com/maps/place/?q=place_id:ChIJIaFR4GLcci0RHlUAu3JYmUU
OPERATIONAL,"5P4G+FH5, Unnamed Road, Elfule, Kec. Namrole, Kabupaten Buru Selatan, Maluku, Indonesia","{'location': {'lat': -3.8438661, 'lng': 126.7264906}, 'viewport': {'northeast': {'lat': -3.842463720107277, 'lng': 126.7278406298927}, 'southwest': {'lat': -3.845163379892721, 'lng': 126.7251409701072}}}",https://maps.gstatic.com/mapfiles/place_api/icons/v1/png_71/lodging-71.png,#909CE1,https://maps.gstatic.com/mapfiles/place_api/icons/v2/hotel_pinlet,penginapan GRAND SAHLAN,"[{'height': 3096, 'html_attributions': ['<a href=""https://maps.google.com/maps/contrib/114947083436145490431"">aie afifudin</a>'], 'photo_reference': 'AUGGfZnlZ-c3bBVwdjOA2aDkX0YaekG9y0DlQ_3FIYYiVp-CFnd4QiSKbwPlptUIFKqf8PGWZL2X95ujZui3-MHtPjLY75oX3EjxDy-zFjGSinF5O0hxfvMs3-vKv4QjLMs4l9AVpt05L5q0aEQ5Fgyp7tvU7PXla81ZkG4PvFai42WkFHan', 'width': 4128}]",ChIJFTno8Vvdci0RMWwPMhmP0y0,3.5,ChIJFTno8Vvdci0RMWwPMhmP0y0,"['lodging', 'point_of_interest', 'establishment']",20,,{'open_now': True},https://www.google.com/maps/place/?q=place_id:ChIJFTno8Vvdci0RMWwPMhmP0y0
OPERATIONAL,"55C6+VW, Kampung baru, Kec. Ambalau, Kabupaten Buru Selatan, Maluku, Indonesia","{'location': {'lat': -3.8282056, 'lng': 127.1618536}, 'viewport': {'northeast': {'lat': -3.826855770107278, 'lng': 127.1632034298927}, 'southwest': {'lat': -3.829555429892722, 'lng': 127.1605037701073}}}",https://maps.gstatic.com/mapfiles/place_api/icons/v1/png_71/lodging-71.png,#909CE1,https://maps.gstatic.com/mapfiles/place_api/icons/v2/hotel_pinlet,Rmh Sadin Souwakil,,ChIJBeUHXgCjci0RSj_D0FBZLVg,0.0,ChIJBeUHXgCjci0RSj_D0FBZLVg,"['lodging', 'point_of_interest', 'establishment']",0,,,https://www.google.com/maps/place/?q=place_id:ChIJBeUHXgCjci0RSj_D0FBZLVg
OPERATIONAL,"6GC5+9MJ, Leksula, South Buru Regency, Maluku, Indonesia","{'location': {'lat': -3.7790485, 'lng': 126.5091465}, 'viewport': {'northeast': {'lat': -3.777644870107278, 'lng': 126.5104882798927}, 'southwest': {'lat': -3.780344529892722, 'lng': 126.5077886201072}}}",https://maps.gstatic.com/mapfiles/place_api/icons/v1/png_71/lodging-71.png,#909CE1,https://maps.gstatic.com/mapfiles/place_api/icons/v2/hotel_pinlet,Penginapan Tamariska,"[{'height': 2080, 'html_attributions': ['<a href=""https://maps.google.com/maps/contrib/116755684146367109243"">doni hamdani</a>'], 'photo_reference': 'AUGGfZnj8qp_rrogb-tcqfIZCaTc264gICrxEpoQzuWZEeMFRqyIhhkaRyC-dwfs_aEcVTBw9LkDgFR5BxQ_-C3VFgPDAv2VM9DqqmO6r8DuRarteNEMxnCSv7u_y-qsE2pX07ZwM53R3KoqjEEPFZco6fubvQMNQrqa1WblCyoUxz1OTyFT', 'width': 4160}]",ChIJaxKyZCwZcy0Rxy1nHSnxEDw,3.5,ChIJaxKyZCwZcy0Rxy1nHSnxEDw,"['lodging', 'point_of_interest', 'establishment']",2,,,https://www.google.com/maps/place/?q=place_id:ChIJaxKyZCwZcy0Rxy1nHSnxEDw
OPERATIONAL,"55C6+5G2, Kampung baru, Kec. Ambalau, Kabupaten Buru Selatan, Maluku, Indonesia","{'location': {'lat': -3.8288847, 'lng': 127.1614554}, 'viewport': {'northeast': {'lat': -3.827534870107279, 'lng': 127.1628052298927}, 'southwest': {'lat': -3.830234529892723, 'lng': 127.1601055701073}}}",https://maps.gstatic.com/mapfiles/place_api/icons/v1/png_71/lodging-71.png,#909CE1,https://maps.gstatic.com/mapfiles/place_api/icons/v2/hotel_pinlet,Rmh Lesilawang,"[{'height': 4160, 'html_attributions': ['<a href=""https://maps.google.com/maps/contrib/100526972402069057289"">A Google User</a>'], 'photo_reference': 'AUGGfZmGZtfYqu81qF6TJzEU0EWhiLznTXHv-PjM0vEZ_pXNwZncBqqh8Dn7oQCSCWWTD2cDehukXOsMLWugercJf4ucYHfMHSKXTAehZJ5vq3etytM_y1AdmZwKak7N98xKzSmMGMcJeVxYUUWcnbfepOQeS8psnTP5WThwxdQRNCOXVzXs', 'width': 3120}]",ChIJa8_gaQCjci0RohXknWI2xWQ,0.0,ChIJa8_gaQCjci0RohXknWI2xWQ,"['lodging', 'point_of_interest', 'establishment']",0,,,https://www.google.com/maps/place/?q=place_id:ChIJa8_gaQCjci0RohXknWI2xWQ
OPERATIONAL,"5P5H+MG9, Elfule, Namrole, South Buru Regency, Maluku, Indonesia","{'location': {'lat': -3.8408353, 'lng': 126.728859}, 'viewport': {'northeast': {'lat': -3.839623620107279, 'lng': 126.7302258298927}, 'southwest': {'lat': -3.842323279892723, 'lng': 126.7275261701073}}}",https://maps.gstatic.com/mapfiles/place_api/icons/v1/png_71/lodging-71.png,#909CE1,https://maps.gstatic.com/mapfiles/place_api/icons/v2/hotel_pinlet,Home base,,ChIJRd2AMX3dci0RgdY5quDQjNw,5.0,ChIJRd2AMX3dci0RgdY5quDQjNw,"['lodging', 'point_of_interest', 'establishment']",1,,,https://www.google.com/maps/place/?q=place_id:ChIJRd2AMX3dci0RgdY5quDQjNw
OPERATIONAL,"5596+HJ, kampung baru, Kec. Ambalau, Kabupaten Buru Selatan, Maluku, Indonesia","{'location': {'lat': -3.8321106, 'lng': 127.1617736}, 'viewport': {'northeast': {'lat': -3.830760770107279, 'lng': 127.1631234298927}, 'southwest': {'lat': -3.833460429892722, 'lng': 127.1604237701073}}}",https://maps.gstatic.com/mapfiles/place_api/icons/v1/png_71/lodging-71.png,#909CE1,https://maps.gstatic.com/mapfiles/place_api/icons/v2/hotel_pinlet,Rm randy,"[{'height': 1280, 'html_attributions': ['<a href=""https://maps.google.com/maps/contrib/100526972402069057289"">A Google User</a>'], 'photo_reference': 'AUGGfZlTdvfK3s_8KA74E2zcP1wcOxtHBB9iArfCrCzt0qCvhQfwCiTKEqYc7Sk9t0tkd8UMadk-ciR_XqE7fACRrGwZkUekFy7Gy2KI-8KWlTG41IPRT48jV-cKMVMdAIcF64SXbzHbvHtdkcmHaTJKJH3Ha52I-me1NatUwIKM1Vv-RTrm', 'width': 720}]",ChIJJf-cuiqjci0RUCIX0DBLONo,0.0,ChIJJf-cuiqjci0RUCIX0DBLONo,"['lodging', 'point_of_interest', 'establishment']",0,,,https://www.google.com/maps/place/?q=place_id:ChIJJf-cuiqjci0RUCIX0DBLONo
OPERATIONAL,"55C6+5G2, Kampung baru, Kec. Ambalau, Kabupaten Buru Selatan, Maluku, Indonesia","{'location': {'lat': -3.8290751, 'lng': 127.1611838}, 'viewport': {'northeast': {'lat': -3.827725270107279, 'lng': 127.1625336298927}, 'southwest': {'lat': -3.830424929892723, 'lng': 127.1598339701072}}}",https://maps.gstatic.com/mapfiles/place_api/icons/v1/png_71/lodging-71.png,#909CE1,https://maps.gstatic.com/mapfiles/place_api/icons/v2/hotel_pinlet,Rumah Booy,,ChIJvY4PLgCjci0R1U2Lon3zqNk,0.0,ChIJvY4PLgCjci0R1U2Lon3zqNk,"['lodging', 'point_of_interest', 'establishment']",0,,,https://www.google.com/maps/place/?q=place_id:ChIJvY4PLgCjci0R1U2Lon3zqNk
OPERATIONAL,"55C6+5G2, Kampung baru, Kec. Ambalau, Kabupaten Buru Selatan, Maluku, Indonesia","{'location': {'lat': -3.8292273, 'lng': 127.1613219}, 'viewport': {'northeast': {'lat': -3.827877470107278, 'lng': 127.1626717298927}, 'southwest': {'lat': -3.830577129892722, 'lng': 127.1599720701073}}}",https://maps.gstatic.com/mapfiles/place_api/icons/v1/png_71/lodging-71.png,#909CE1,https://maps.gstatic.com/mapfiles/place_api/icons/v2/hotel_pinlet,Rmh Mahtelu,,ChIJ774eFQCjci0Rgft6qnGTpWc,0.0,ChIJ774eFQCjci0Rgft6qnGTpWc,"['lodging', 'point_of_interest', 'establishment']",0,,,https://www.google.com/maps/place/?q=place_id:ChIJ774eFQCjci0Rgft6qnGTpWc
OPERATIONAL,"7CM2+XJQ, Tifu, Leksula, South Buru Regency, Maluku, Indonesia","{'location': {'lat': -3.7149605, 'lng': 126.4016765}, 'viewport': {'northeast': {'lat': -3.713637470107278, 'lng': 126.4031141298927}, 'southwest': {'lat': -3.716337129892722, 'lng': 126.4004144701073}}}",https://maps.gstatic.com/mapfiles/place_api/icons/v1/png_71/lodging-71.png,#909CE1,https://maps.gstatic.com/mapfiles/place_api/icons/v2/hotel_pinlet,Yopie hully Home,,ChIJ-TDnuJcRcy0RbKVC_612cRc,0.0,ChIJ-TDnuJcRcy0RbKVC_612cRc,"['lodging', 'point_of_interest', 'establishment']",0,,,https://www.google.com/maps/place/?q=place_id:ChIJ-TDnuJcRcy0RbKVC_612cRc
OPERATIONAL,"5596+HJ, kampung baru, Kec. Ambalau, Kabupaten Buru Selatan, Maluku, Indonesia","{'location': {'lat': -3.8310295, 'lng': 127.1615146}, 'viewport': {'northeast': {'lat': -3.829679670107277, 'lng': 127.1628644298927}, 'southwest': {'lat': -3.832379329892721, 'lng': 127.1601647701073}}}",https://maps.gstatic.com/mapfiles/place_api/icons/v1/png_71/lodging-71.png,#909CE1,https://maps.gstatic.com/mapfiles/place_api/icons/v2/hotel_pinlet,Rmh Hamdan mony,,ChIJI6xttwGjci0R0yST0gMg7rI,5.0,ChIJI6xttwGjci0R0yST0gMg7rI,"['lodging', 'point_of_interest', 'establishment']",1,,,https://www.google.com/maps/place/?q=place_id:ChIJI6xttwGjci0R0yST0gMg7rI
OPERATIONAL,"Leksula, South Buru Regency, Maluku, Indonesia","{'location': {'lat': -3.7778015, 'lng': 126.5153908}, 'viewport': {'northeast': {'lat': -3.776446320107278, 'lng': 126.5167375798927}, 'southwest': {'lat': -3.779145979892721, 'lng': 126.5140379201073}}}",https://maps.gstatic.com/mapfiles/place_api/icons/v1/png_71/lodging-71.png,#909CE1,https://maps.gstatic.com/mapfiles/place_api/icons/v2/hotel_pinlet,Kel.N.Pattinasarany,,ChIJt15Mk6YZcy0Rg3owFBj9o4o,0.0,ChIJt15Mk6YZcy0Rg3owFBj9o4o,"['lodging', 'point_of_interest', 'establishment']",0,"{'compound_code': '6GC8+V5 Leksula, South Buru Regency, Maluku, Indonesia', 'global_code': '6Q886GC8+V5'}",,https://www.google.com/maps/place/?q=place_id:ChIJt15Mk6YZcy0Rg3owFBj9o4o
OPERATIONAL,"55C6+VW, Kampung baru, Kec. Ambalau, Kabupaten Buru Selatan, Maluku, Indonesia","{'location': {'lat': -3.8285472, 'lng': 127.1618969}, 'viewport': {'northeast': {'lat': -3.827197370107279, 'lng': 127.1632467298927}, 'southwest': {'lat': -3.829897029892723, 'lng': 127.1605470701073}}}",https://maps.gstatic.com/mapfiles/place_api/icons/v1/png_71/lodging-71.png,#909CE1,https://maps.gstatic.com/mapfiles/place_api/icons/v2/hotel_pinlet,Rmh Aji Solissa,,ChIJGexoBQCjci0RIUvKT-fUGlQ,0.0,ChIJGexoBQCjci0RIUvKT-fUGlQ,"['lodging', 'point_of_interest', 'establishment']",0,,,https://www.google.com/maps/place/?q=place_id:ChIJGexoBQCjci0RIUvKT-fUGlQ
OPERATIONAL,"5P4G+65V, Jalan Pondok Cabe 5, Pondok Cabe Ilir, Kec. Namrole, Kota Tangerang Selatan, Banten, Indonesia","{'location': {'lat': -3.8443851, 'lng': 126.7254259}, 'viewport': {'northeast': {'lat': -3.843039470107278, 'lng': 126.7268530298927}, 'southwest': {'lat': -3.845739129892722, 'lng': 126.7241533701072}}}",https://maps.gstatic.com/mapfiles/place_api/icons/v1/png_71/lodging-71.png,#909CE1,https://maps.gstatic.com/mapfiles/place_api/icons/v2/hotel_pinlet,Pondok cabe,,ChIJu2u6RADdci0RthKwi6lscw8,0.0,ChIJu2u6RADdci0RthKwi6lscw8,"['lodging', 'point_of_interest', 'establishment']",0,,,https://www.google.com/maps/place/?q=place_id:ChIJu2u6RADdci0RthKwi6lscw8
OPERATIONAL,"5P4P+Q42, Jl. Kabupaten, Labuang, Kec. Namrole, Kabupaten Buru Selatan, Maluku, Indonesia","{'location': {'lat': -3.843082299999999, 'lng': 126.7337634}, 'viewport': {'northeast': {'lat': -3.842030670107278, 'lng': 126.7349863298927}, 'southwest': {'lat': -3.844730329892722, 'lng': 126.7322866701073}}}",https://maps.gstatic.com/mapfiles/place_api/icons/v1/png_71/lodging-71.png,#909CE1,https://maps.gstatic.com/mapfiles/place_api/icons/v2/hotel_pinlet,Kost Alfal,,ChIJ5fxDWyzdci0RYRtSwhKx_yA,0.0,ChIJ5fxDWyzdci0RYRtSwhKx_yA,"['lodging', 'point_of_interest', 'establishment']",0,,,https://www.google.com/maps/place/?q=place_id:ChIJ5fxDWyzdci0RYRtSwhKx_yA
OPERATIONAL,"HWPG+G4Q, Waegeren, Waeapo, Buru Regency, Maluku, Indonesia","{'location': {'lat': -3.4136494, 'lng': 126.9253418}, 'viewport': {'northeast': {'lat': -3.412355120107278, 'lng': 126.9267231298927}, 'southwest': {'lat': -3.415054779892722, 'lng': 126.9240234701072}}}",https://maps.gstatic.com/mapfiles/place_api/icons/v1/png_71/lodging-71.png,#909CE1,https://maps.gstatic.com/mapfiles/place_api/icons/v2/hotel_pinlet,Unit 18,,ChIJ6crIEgBdci0RYAq4UbCz9F0,0.0,ChIJ6crIEgBdci0RYAq4UbCz9F0,"['lodging', 'point_of_interest', 'establishment']",0,,,https://www.google.com/maps/place/?q=place_id:ChIJ6crIEgBdci0RYAq4UbCz9F0
OPERATIONAL,"JXCH+4R6, Wanareja, Kec. Waeapo, Kabupaten Buru, Maluku, Indonesia","{'location': {'lat': -3.3811233, 'lng': 126.9795094}, 'viewport': {'northeast': {'lat': -3.379670270107278, 'lng': 126.9808276798927}, 'southwest': {'lat': -3.382369929892723, 'lng': 126.9781280201072}}}",https://maps.gstatic.com/mapfiles/place_api/icons/v1/png_71/lodging-71.png,#909CE1,https://maps.gstatic.com/mapfiles/place_api/icons/v2/hotel_pinlet,Penginapan,,ChIJmSdTKgBpci0RoBR6K1Pq8YA,0.0,ChIJmSdTKgBpci0RoBR6K1Pq8YA,"['lodging', 'point_of_interest', 'establishment']",0,,,https://www.google.com/maps/place/?q=place_id:ChIJmSdTKgBpci0RoBR6K1Pq8YA
OPERATIONAL,"J239+29V, Debowae, Waeapo, Buru Regency, Maluku, Indonesia","{'location': {'lat': -3.3969359, 'lng': 127.0178296}, 'viewport': {'northeast': {'lat': -3.395578720107278, 'lng': 127.0191659298927}, 'southwest': {'lat': -3.398278379892722, 'lng': 127.0164662701072}}}",https://maps.gstatic.com/mapfiles/place_api/icons/v1/png_71/lodging-71.png,#909CE1,https://maps.gstatic.com/mapfiles/place_api/icons/v2/hotel_pinlet,Pak dee,"[{'height': 4080, 'html_attributions': ['<a href=""https://maps.google.com/maps/contrib/107692653330029559962"">A Google User</a>'], 'photo_reference': 'AUGGfZkRDlStQALXodyKJB_5knj1FBn7EaUfpzYc6Q5zfZmtxLFNAyk5036NI7hFE-jjWy8Nu4WSk3dWQNQUXyWGCy850axxB6aLP2M-gW8FX4oqFo6LG3TZkePuZd3R3lVMq2rZqjNl25V69K1PLnhrH7d4GjSz-IiI_-GXSQJYZ-GgZrRL', 'width': 1840}]",ChIJK6EpQgBnci0Rb_hCy9LD5ys,0.0,ChIJK6EpQgBnci0Rb_hCy9LD5ys,"['lodging', 'point_of_interest', 'establishment']",0,,,https://www.google.com/maps/place/?q=place_id:ChIJK6EpQgBnci0Rb_hCy9LD5ys
OPERATIONAL,"H292+CX7, Parbulu, Waeapo, Buru Regency, Maluku, Indonesia","{'location': {'lat': -3.4314921, 'lng': 127.0024735}, 'viewport': {'northeast': {'lat': -3.430108520107278, 'lng': 127.0038732798927}, 'southwest': {'lat': -3.432808179892722, 'lng': 127.0011736201073}}}",https://maps.gstatic.com/mapfiles/place_api/icons/v1/png_71/lodging-71.png,#909CE1,https://maps.gstatic.com/mapfiles/place_api/icons/v2/hotel_pinlet,Rully ervandy,,ChIJzR1nEXNnci0R2LrbYdvHn2A,5.0,ChIJzR1nEXNnci0R2LrbYdvHn2A,"['lodging', 'point_of_interest', 'establishment']",2,,,https://www.google.com/maps/place/?q=place_id:ChIJzR1nEXNnci0R2LrbYdvHn2A
OPERATIONAL,"P3PQ+68F, Jl. Dermaga Baru, Namlea, Kec. Namlea, Kabupaten Buru, Maluku 97571, Indonesia","{'location': {'lat': -3.2644463, 'lng': 127.0882974}, 'viewport': {'northeast': {'lat': -3.262993220107278, 'lng': 127.0895683798927}, 'southwest': {'lat': -3.265692879892722, 'lng': 127.0868687201073}}}",https://maps.gstatic.com/mapfiles/place_api/icons/v1/png_71/lodging-71.png,#909CE1,https://maps.gstatic.com/mapfiles/place_api/icons/v2/hotel_pinlet,Hotel Awista,"[{'height': 1080, 'html_attributions': ['<a href=""https://maps.google.com/maps/contrib/111668519178259177686"">Gries Elvina</a>'], 'photo_reference': 'AUGGfZmCvp-GY6u9CVv8B5l3vxZwfwNHS3kmLDn1NJC4xmug0ch25Jrd8AFzmOv4D-FoIz2xG3iAI-RMbuTHFUoX5-y8px7iJzmrRHshd1qLAb4cue6Bo7nZpBjElkyyzoXzeRKiXe0v57GC5RW9AIOTLuGppCYe9K2THHQPNoB4ONqginQ-', 'width': 1920}]",ChIJpcf-ASJtci0RyeloMbRNPUU,4.0,ChIJpcf-ASJtci0RyeloMbRNPUU,"['lodging', 'point_of_interest', 'establishment']",324,,,https://www.google.com/maps/place/?q=place_id:ChIJpcf-ASJtci0RyeloMbRNPUU
OPERATIONAL,"P39W+GWQ, Jl. Flamboyan, Namlea, Kec. Namlea, Kabupaten Buru, Maluku, Indonesia","{'location': {'lat': -3.2811294, 'lng': 127.0972991}, 'viewport': {'northeast': {'lat': -3.279783170107278, 'lng': 127.0986424798927}, 'southwest': {'lat': -3.282482829892722, 'lng': 127.0959428201073}}}",https://maps.gstatic.com/mapfiles/place_api/icons/v1/png_71/lodging-71.png,#909CE1,https://maps.gstatic.com/mapfiles/place_api/icons/v2/hotel_pinlet,Penginapan Haider,"[{'height': 3096, 'html_attributions': ['<a href=""https://maps.google.com/maps/contrib/101285634220709947138"">A Google User</a>'], 'photo_reference': 'AUGGfZnBLII6lIzotXAEO-Mg5Jr2wLseBV3Fu2dv5lrdQF9haJZRQd_hrjqKA3uc8dpVvMdABUAUM8_kBKa53r2eQ6b6MoprFZ3bfTcA9ck_uSmKM7UD0z1vzYs4bcjMpjTdX58rP4BNoFfURk6leqwQZWg09ht_A-Lh_HioUJbMSRbAlScA', 'width': 4128}]",ChIJGTdhVxJtci0R_Zx0aP96NTo,3.6,ChIJGTdhVxJtci0R_Zx0aP96NTo,"['lodging', 'point_of_interest', 'establishment']",19,,,https://www.google.com/maps/place/?q=place_id:ChIJGTdhVxJtci0R_Zx0aP96NTo
OPERATIONAL,"MX3P+4JP, Waetele, Waeapo, Buru Regency, Maluku, Indonesia","{'location': {'lat': -3.3481738, 'lng': 126.9865359}, 'viewport': {'northeast': {'lat': -3.346767170107277, 'lng': 126.9878606298927}, 'southwest': {'lat': -3.349466829892722, 'lng': 126.9851609701073}}}",https://maps.gstatic.com/mapfiles/place_api/icons/v1/png_71/lodging-71.png,#909CE1,https://maps.gstatic.com/mapfiles/place_api/icons/v2/hotel_pinlet,Rumah,,ChIJ1x3PAABpci0RdwSWS8qj1jw,5.0,ChIJ1x3PAABpci0RdwSWS8qj1jw,"['lodging', 'point_of_interest', 'establishment']",2,,,https://www.google.com/maps/place/?q=place_id:ChIJ1x3PAABpci0RdwSWS8qj1jw
OPERATIONAL,"Namlea, Buru Regency, Maluku, Indonesia","{'location': {'lat': -3.262069, 'lng': 127.0970499}, 'viewport': {'northeast': {'lat': -3.260847620107278, 'lng': 127.0983838798927}, 'southwest': {'lat': -3.263547279892722, 'lng': 127.0956842201072}}}",https://maps.gstatic.com/mapfiles/place_api/icons/v1/png_71/lodging-71.png,#909CE1,https://maps.gstatic.com/mapfiles/place_api/icons/v2/hotel_pinlet,Kay'Nawa Hotel,"[{'height': 3000, 'html_attributions': ['<a href=""https://maps.google.com/maps/contrib/115941056019442141899"">Ubaidi Ubaidi</a>'], 'photo_reference': 'AUGGfZl7KrdL4xiObz_9vVe1Ht6l8e7wH6HSdvA2-Fm2gOgjAnJtFe7FBlN8mQOSRkwJ96xsvV3TdcOHsvMWb5pcueoRa0FNwFrAwUVS3noACdbY5mcAKjmaefFhG_Jv0c0Zdiwofr6d6jK7PZHcDX2DP7EQApI3TXdXoEiRKobVV5CPDjG1', 'width': 4000}]",ChIJSxR4BoZtci0R35ckYig6Wjg,4.4,ChIJSxR4BoZtci0R35ckYig6Wjg,"['lodging', 'point_of_interest', 'establishment']",92,"{'compound_code': 'P3QW+5R Namlea, Buru Regency, Maluku, Indonesia', 'global_code': '6Q89P3QW+5R'}",,https://www.google.com/maps/place/?q=place_id:ChIJSxR4BoZtci0R35ckYig6Wjg
OPERATIONAL,"P3GW+2PH, Namlea, Buru Regency, Maluku, Indonesia","{'location': {'lat': -3.2749067, 'lng': 127.0969168}, 'viewport': {'northeast': {'lat': -3.273558470107277, 'lng': 127.0982632798927}, 'southwest': {'lat': -3.276258129892722, 'lng': 127.0955636201073}}}",https://maps.gstatic.com/mapfiles/place_api/icons/v1/png_71/lodging-71.png,#909CE1,https://maps.gstatic.com/mapfiles/place_api/icons/v2/hotel_pinlet,Grand Sarah Hotel,"[{'height': 2604, 'html_attributions': ['<a href=""https://maps.google.com/maps/contrib/115343266711814122358"">Ria Kusumaningrum</a>'], 'photo_reference': 'AUGGfZlmf-eajqAa5k6J13OHbimpn3xxvuq6-yA0Gl25AcAlii89j1fAAqxSVFfvgceTk32dponFGcnOwbZAqdOZ2P3p6ymRKATIdoDGKj8ig6N623NH2IQJHa5TyzgG4Xawx_o-mauQzuCjQBEEI9TIMuXTMKr_nyywawzFZUd3XFDrM6zt', 'width': 4624}]",ChIJORQj-w5tci0R_GoCjYX50BE,3.9,ChIJORQj-w5tci0R_GoCjYX50BE,"['lodging', 'point_of_interest', 'establishment']",129,,,https://www.google.com/maps/place/?q=place_id:ChIJORQj-w5tci0R_GoCjYX50BE
OPERATIONAL,"H2VR+P5, Upt Wamsait, Teluk Kaiely, Buru Regency, Maluku, Indonesia","{'location': {'lat': -3.4060786, 'lng': 127.0401516}, 'viewport': {'northeast': {'lat': -3.404732270107278, 'lng': 127.0415722798927}, 'southwest': {'lat': -3.407431929892722, 'lng': 127.0388726201073}}}",https://maps.gstatic.com/mapfiles/place_api/icons/v1/png_71/lodging-71.png,#909CE1,https://maps.gstatic.com/mapfiles/place_api/icons/v2/hotel_pinlet,Kost Jalur B.,"[{'height': 540, 'html_attributions': ['<a href=""https://maps.google.com/maps/contrib/100485745529113495053"">A Google User</a>'], 'photo_reference': 'AUGGfZnDrzoMdpbmRE6n6ZKYHo462F6srfLgQBGbhbwYk4aGHELXtFaq7sqfiaSIEnaFXRGZq7HT0bJL30woba6sGRnmQzOf5CoH19TvEQWlo-rk_Fj2MDfEUkRkrF_A-peNy6y4BaIwgmhSCmhDvBrOeiPCZmkki-4jHzXW6wp5sDvYkp52', 'width': 960}]",ChIJNYB5l4plci0R0LCgZWm11IQ,4.0,ChIJNYB5l4plci0R0LCgZWm11IQ,"['lodging', 'point_of_interest', 'establishment']",2,,,https://www.google.com/maps/place/?q=place_id:ChIJNYB5l4plci0R0LCgZWm11IQ
OPERATIONAL,"JXMP+29H, Waenetat, Waeapo, Buru Regency, Maluku, Indonesia","{'location': {'lat': -3.3678425, 'lng': 126.9858537}, 'viewport': {'northeast': {'lat': -3.366427970107277, 'lng': 126.9871721298927}, 'southwest': {'lat': -3.369127629892722, 'lng': 126.9844724701072}}}",https://maps.gstatic.com/mapfiles/place_api/icons/v1/png_71/lodging-71.png,#909CE1,https://maps.gstatic.com/mapfiles/place_api/icons/v2/hotel_pinlet,Rumah Ockta/Mahesa,,ChIJI48bYZFpci0RUZ9vgyGcwfU,0.0,ChIJI48bYZFpci0RUZ9vgyGcwfU,"['lodging', 'point_of_interest', 'establishment']",0,,,https://www.google.com/maps/place/?q=place_id:ChIJI48bYZFpci0RUZ9vgyGcwfU
OPERATIONAL,"P3QQ+6JJ, Namlea, Buru Regency, Maluku, Indonesia","{'location': {'lat': -3.2619213, 'lng': 127.0890089}, 'viewport': {'northeast': {'lat': -3.260648170107278, 'lng': 127.0904240798927}, 'southwest': {'lat': -3.263347829892722, 'lng': 127.0877244201073}}}",https://maps.gstatic.com/mapfiles/place_api/icons/v1/png_71/lodging-71.png,#909CE1,https://maps.gstatic.com/mapfiles/place_api/icons/v2/hotel_pinlet,Penginapan Rahmin,"[{'height': 1120, 'html_attributions': ['<a href=""https://maps.google.com/maps/contrib/115160032917116026690"">A Google User</a>'], 'photo_reference': 'AUGGfZl2Wmov9vCk2FTjK8SyIvTyC-hkXtAGY9R_DSqFl0g1iK-LdfrsDBVAfSiRq2AIXEzPlxcqiQ2GjxrJaL8ifKx_AnnaaDaEtWyEjG2oGHhE5Lf9M2KjLiq9n-gMU9Z6qCNI8UVAzfT8b032gIcxesE9JlLuUOnzLF6PnJtK1hyb7503', 'width': 720}]",ChIJl0sU6a1tci0RmzsC5xLNjnw,4.7,ChIJl0sU6a1tci0RmzsC5xLNjnw,"['lodging', 'point_of_interest', 'establishment']",11,,{'open_now': True},https://www.google.com/maps/place/?q=place_id:ChIJl0sU6a1tci0RmzsC5xLNjnw
