business_status,formatted_address,geometry,icon,icon_background_color,icon_mask_base_uri,name,place_id,rating,reference,types,user_ratings_total,photos,opening_hours,plus_code,permanently_closed,url
OPERATIONAL,"C9J8+JVX, Riwang, Larompong, Luwu Regency, South Sulawesi, Indonesia","{'location': {'lat': -3.5683924, 'lng': 120.3672272}, 'viewport': {'northeast': {'lat': -3.567107420107278, 'lng': 120.3712184}, 'southwest': {'lat': -3.569807079892723, 'lng': 120.3658968}}}",https://maps.gstatic.com/mapfiles/place_api/icons/v1/png_71/generic_business-71.png,#13B5C7,https://maps.gstatic.com/mapfiles/place_api/icons/v2/generic_pinlet,Kebun Durian & Rambutan H. Ilvandri,ChIJV6gpEwCXli0RW7WeLbDgVcM,0.0,ChIJV6gpEwCXli0RW7WeLbDgVcM,"['tourist_attraction', 'point_of_interest', 'establishment']",0.0,,,,,https://www.google.com/maps/place/?q=place_id:ChIJV6gpEwCXli0RW7WeLbDgVcM
OPERATIONAL,"992G+8J, Batu Lappa, Larompong Selatan, Luwu Regency, South Sulawesi, Indonesia","{'location': {'lat': -3.6485243, 'lng': 120.3774181}, 'viewport': {'northeast': {'lat': -3.647174470107279, 'lng': 120.3787679298927}, 'southwest': {'lat': -3.649874129892722, 'lng': 120.3760682701073}}}",https://maps.gstatic.com/mapfiles/place_api/icons/v1/png_71/generic_business-71.png,#13B5C7,https://maps.gstatic.com/mapfiles/place_api/icons/v2/generic_pinlet,Villa,ChIJ6e2bKACRli0R36ZcOrUaYa8,0.0,ChIJ6e2bKACRli0R36ZcOrUaYa8,"['tourist_attraction', 'point_of_interest', 'establishment']",0.0,,,,,https://www.google.com/maps/place/?q=place_id:ChIJ6e2bKACRli0R36ZcOrUaYa8
OPERATIONAL,"98C4+HFG, Palakka, Kec. Larompong Sel., Kabupaten Luwu, Sulawesi Selatan 91998, Indonesia","{'location': {'lat': -3.6285665, 'lng': 120.306215}, 'viewport': {'northeast': {'lat': -3.627216670107278, 'lng': 120.3075648298928}, 'southwest': {'lat': -3.629916329892722, 'lng': 120.3048651701073}}}",https://maps.gstatic.com/mapfiles/place_api/icons/v1/png_71/generic_business-71.png,#13B5C7,https://maps.gstatic.com/mapfiles/place_api/icons/v2/generic_pinlet,Bilatu Waterfall,ChIJuYVp92ybli0R0m11D_C3sp0,4.8,ChIJuYVp92ybli0R0m11D_C3sp0,"['tourist_attraction', 'point_of_interest', 'establishment']",4.0,"[{'height': 4000, 'html_attributions': ['<a href=""https://maps.google.com/maps/contrib/111867630538139439003"">A Google User</a>'], 'photo_reference': 'AUGGfZnm2I1fIaeEwow1uJD_BeTpd3MilJmL5UJh4RtCuCEn47KgdGhXwz1UwXWV5fF-DMCNapcktbvlwrOQBFazo-mgYaSq61C37eZiNuytYfE03YJPO16kzqArOVHqVxz8cT5ZN2VHyAQUAuI7Vpaaglkz-VuZoQmCjnQETqSu-Hn83__f', 'width': 1800}]",,,,https://www.google.com/maps/place/?q=place_id:ChIJuYVp92ybli0R0m11D_C3sp0
OPERATIONAL,"CCM7+7XW, Babang, Larompong Selatan, Luwu Regency, South Sulawesi, Indonesia","{'location': {'lat': -3.5667738, 'lng': 120.4149604}, 'viewport': {'northeast': {'lat': -3.565004120107278, 'lng': 120.4169602}, 'southwest': {'lat': -3.567703779892722, 'lng': 120.408961}}}",https://maps.gstatic.com/mapfiles/place_api/icons/v1/png_71/generic_business-71.png,#13B5C7,https://maps.gstatic.com/mapfiles/place_api/icons/v2/generic_pinlet,Pasir putih,ChIJA7z6YGGXli0RPFJ0k7YAQxw,3.0,ChIJA7z6YGGXli0RPFJ0k7YAQxw,"['tourist_attraction', 'point_of_interest', 'establishment']",1.0,"[{'height': 2080, 'html_attributions': ['<a href=""https://maps.google.com/maps/contrib/110128722891672255031"">Muh Yusuf</a>'], 'photo_reference': 'AUGGfZlZZQQYnsm9Q8QcJVCVQy-WIYe4I5ap1k019BIWnOUzKMnNIG3YUqLM8tpHDXxUN2Al9-L0F6ofDz0Z_JfTG5-zqhRwrx3vSSRqULGZSNHpJEb9rMweJqhCEB8u6pISR65-Rv4yoPPB_sVTGJFrn-n_4WVj8ctopEbHVhspia3bvF7e', 'width': 4608}]",,,,https://www.google.com/maps/place/?q=place_id:ChIJA7z6YGGXli0RPFJ0k7YAQxw
OPERATIONAL,"9CC7+RMW Gulf of Boni, Ponnori, Temboe, Kec. Larompong Sel., Kabupaten Luwu, Sulawesi Selatan 91998, Indonesia","{'location': {'lat': -3.6287208, 'lng': 120.4159773}, 'viewport': {'northeast': {'lat': -3.627321420107278, 'lng': 120.4172342298928}, 'southwest': {'lat': -3.630021079892721, 'lng': 120.4145345701073}}}",https://maps.gstatic.com/mapfiles/place_api/icons/v1/png_71/generic_business-71.png,#13B5C7,https://maps.gstatic.com/mapfiles/place_api/icons/v2/generic_pinlet,Pantai Ponnori,ChIJMz3W9paRli0REh0F9hhBLko,4.1,ChIJMz3W9paRli0REh0F9hhBLko,"['tourist_attraction', 'point_of_interest', 'establishment']",317.0,"[{'height': 2448, 'html_attributions': ['<a href=""https://maps.google.com/maps/contrib/101803448086961564167"">A Google User</a>'], 'photo_reference': 'AUGGfZmJTt7CZeoq6vyQnJRIpWwDmIGt5OSnP8dZ6d2yyRyqRlABfubIaJ8bBVMSiC3PsK6PfV2bEmMsLp41cpsky35K3rXoz1edXg19CDe3EhRnbE-RM_fkeFriqRpsJ0VnGLdmy0cO1rpo0T0P5Y4AFGRUapk7iaKMMg8foler1O49332m', 'width': 3264}]",{'open_now': True},,,https://www.google.com/maps/place/?q=place_id:ChIJMz3W9paRli0REh0F9hhBLko
OPERATIONAL,"Obyek Wisata Batu Piak Kalapi Dusun Batulotong Desa, Rante Belu, Kec. Larompong, Kabupaten Luwu, Sulawesi Selatan 91997, Indonesia","{'location': {'lat': -3.5493353, 'lng': 120.4004569}, 'viewport': {'northeast': {'lat': -3.547987370107278, 'lng': 120.4017932798927}, 'southwest': {'lat': -3.550687029892723, 'lng': 120.3990936201073}}}",https://maps.gstatic.com/mapfiles/place_api/icons/v1/png_71/generic_business-71.png,#13B5C7,https://maps.gstatic.com/mapfiles/place_api/icons/v2/generic_pinlet,OBYEK WISATA BATU PIAK,ChIJyWEzv5OXli0R2C893Wb6Sbc,3.9,ChIJyWEzv5OXli0R2C893Wb6Sbc,"['tourist_attraction', 'point_of_interest', 'establishment']",20.0,"[{'height': 3456, 'html_attributions': ['<a href=""https://maps.google.com/maps/contrib/113293393474092761247"">Techno Syarif</a>'], 'photo_reference': 'AUGGfZlROquVTPcYpTFattQyuCDpsh1AwrCOzW3Q7k2DK4zxg5E1KfZlwihxD_MDIhhIelmujuAFSRgpdP87XbV5LHESh1gknle7_g-2Ms3pnpn65W3NjRebcGWN4VrhaayHhzVAC0Ecyig9V8mGpx3_oi7cOfs1hB7rrtaTStVZ-scg4d1V', 'width': 4608}]",{'open_now': False},"{'compound_code': 'FC22+75 Rante Belu, Luwu Regency, South Sulawesi, Indonesia', 'global_code': '6Q82FC22+75'}",,https://www.google.com/maps/place/?q=place_id:ChIJyWEzv5OXli0R2C893Wb6Sbc
OPERATIONAL,"995G+4R, Batu Lappa, Larompong Selatan, Luwu Regency, South Sulawesi 91998, Indonesia","{'location': {'lat': -3.642154, 'lng': 120.377008}, 'viewport': {'northeast': {'lat': -3.640804170107278, 'lng': 120.3783578298927}, 'southwest': {'lat': -3.643503829892722, 'lng': 120.3756581701073}}}",https://maps.gstatic.com/mapfiles/place_api/icons/v1/png_71/generic_business-71.png,#13B5C7,https://maps.gstatic.com/mapfiles/place_api/icons/v2/generic_pinlet,PONDOK JUSMAN,ChIJT6BsM0eRli0RimLGyPvRzkE,4.0,ChIJT6BsM0eRli0RimLGyPvRzkE,"['tourist_attraction', 'point_of_interest', 'establishment']",2.0,,,,,https://www.google.com/maps/place/?q=place_id:ChIJT6BsM0eRli0RimLGyPvRzkE
OPERATIONAL,"9C37+727, Unnamed Road, Bone Pute, Kec. Larompong Sel., Kabupaten Luwu, Sulawesi Selatan 91998, Indonesia","{'location': {'lat': -3.646825, 'lng': 120.4125347}, 'viewport': {'northeast': {'lat': -3.645507470107278, 'lng': 120.4138757298927}, 'southwest': {'lat': -3.648207129892722, 'lng': 120.4111760701073}}}",https://maps.gstatic.com/mapfiles/place_api/icons/v1/png_71/generic_business-71.png,#13B5C7,https://maps.gstatic.com/mapfiles/place_api/icons/v2/generic_pinlet,Bonepute,ChIJn9x0exSRli0Rvm_JmFKVrBA,5.0,ChIJn9x0exSRli0Rvm_JmFKVrBA,"['tourist_attraction', 'point_of_interest', 'establishment']",3.0,"[{'height': 1599, 'html_attributions': ['<a href=""https://maps.google.com/maps/contrib/117544696967218418046"">A Google User</a>'], 'photo_reference': 'AUGGfZn8CkFvFBJEuhr6lW01G-Kvm0wW1iTvJZvQH2H7CgditupSS4zpfPHfSGQOSKxURmF73Vak3vRD-fKqxgH2QdreWeQFGhDXukU02b5bmHLkbFxXp4TSfe8iADLZ71hCyiwdx2DxBuyQKCfBN0_U2lhZjTvoJoShDzMsuS25gZhqJ3xG', 'width': 1200}]",,,,https://www.google.com/maps/place/?q=place_id:ChIJn9x0exSRli0Rvm_JmFKVrBA
OPERATIONAL,"Pantai desa babana, Babang, Kec. Larompong Sel., Kabupaten Luwu, Sulawesi Selatan 91998, Indonesia","{'location': {'lat': -3.5661902, 'lng': 120.4144062}, 'viewport': {'northeast': {'lat': -3.564681120107277, 'lng': 120.4161246}, 'southwest': {'lat': -3.567380779892722, 'lng': 120.4092510000001}}}",https://maps.gstatic.com/mapfiles/place_api/icons/v1/png_71/generic_business-71.png,#13B5C7,https://maps.gstatic.com/mapfiles/place_api/icons/v2/generic_pinlet,Pantai Desa Babana,ChIJFekVA9yRli0RTeB4km0svt4,5.0,ChIJFekVA9yRli0RTeB4km0svt4,"['tourist_attraction', 'point_of_interest', 'establishment']",2.0,"[{'height': 1152, 'html_attributions': ['<a href=""https://maps.google.com/maps/contrib/110845526789171578319"">A Google User</a>'], 'photo_reference': 'AUGGfZnGvYyxaThO3KUS8_UGLOM2tPlceyYlklDn0M93Uam5l03okV8r8HEqRI0N6Ots1fE4_lSlBGGxc4l0mERf4iOa9rDYbuuf9PxlfCZupGP5G1lKNErSL0oDFXghuIv83hvfK9Qmbsy7vMigSQmPCdEBPKtc6rph1kRn6kM4MsXj36MJ', 'width': 648}]",{'open_now': True},"{'compound_code': 'CCM7+GQ Babang, Luwu Regency, South Sulawesi, Indonesia', 'global_code': '6Q82CCM7+GQ'}",,https://www.google.com/maps/place/?q=place_id:ChIJFekVA9yRli0RTeB4km0svt4
OPERATIONAL,"9CM9+Q8R, Jl. Andi Jaja, Temboe, Kec. Larompong Sel., Kabupaten Luwu, Sulawesi Selatan 91998, Indonesia","{'location': {'lat': -3.6155099, 'lng': 120.4182776}, 'viewport': {'northeast': {'lat': -3.614152270107279, 'lng': 120.4195264298928}, 'southwest': {'lat': -3.616851929892722, 'lng': 120.4168267701073}}}",https://maps.gstatic.com/mapfiles/place_api/icons/v1/png_71/generic_business-71.png,#13B5C7,https://maps.gstatic.com/mapfiles/place_api/icons/v2/generic_pinlet,Muara Wisata Mangrove Temboe,ChIJiQ8rc0yRli0R333ivE_pc6Q,4.1,ChIJiQ8rc0yRli0R333ivE_pc6Q,"['tourist_attraction', 'point_of_interest', 'establishment']",9.0,"[{'height': 960, 'html_attributions': ['<a href=""https://maps.google.com/maps/contrib/101620826413637263733"">ekky kyel</a>'], 'photo_reference': 'AUGGfZmZU-ZODDPkZo-uoroEcCv7ZZdroY0fs_8jLlLewrLRe3dHaOXMpvuaWZWRl9cabyGCN5--FOR_wojisVWkTlNbpSp1lKJnxufANrfiYe7LPjyNhGoHJDWHq8UTiUzg2fYInGC7rpGZ7z2vPvVwg5kuvf1cCHY6PXmixTNQ1snL1aLf', 'width': 720}]",,,,https://www.google.com/maps/place/?q=place_id:ChIJiQ8rc0yRli0R333ivE_pc6Q
OPERATIONAL,"Bone Pute, Larompong Selatan, Luwu Regency, South Sulawesi 91998, Indonesia","{'location': {'lat': -3.644007, 'lng': 120.4101375}, 'viewport': {'northeast': {'lat': -3.642635370107278, 'lng': 120.4114569298927}, 'southwest': {'lat': -3.645335029892722, 'lng': 120.4087572701073}}}",https://maps.gstatic.com/mapfiles/place_api/icons/v1/png_71/generic_business-71.png,#13B5C7,https://maps.gstatic.com/mapfiles/place_api/icons/v2/generic_pinlet,Larompong Selatan | TOKO CV. IT SOLUTION BONEPUTE,ChIJQR3nYQKRli0RFYvzhZcxN0k,4.0,ChIJQR3nYQKRli0RFYvzhZcxN0k,"['tourist_attraction', 'point_of_interest', 'establishment']",3.0,"[{'height': 299, 'html_attributions': ['<a href=""https://maps.google.com/maps/contrib/107761220471415270998"">A Google User</a>'], 'photo_reference': 'AUGGfZnoZP9kLhvGPqicauOU7laM8bGcS3PT8YgbNwxEAWmcHf88Z3Lc6ZZ2QTKGDt5BprNeI_tVkaT0exYIpoWJrr4w9qZaPBI74JxvMppBk6Kt-9g68oWwBCnL10x26Y10Ug_ph1V5jKjVLtP6XjcNtFYvzS-sKQHTpxamff-7P8UDUCf2', 'width': 533}]",{},"{'compound_code': '9C46+93 Bone Pute, Luwu Regency, South Sulawesi, Indonesia', 'global_code': '6Q829C46+93'}",,https://www.google.com/maps/place/?q=place_id:ChIJQR3nYQKRli0RFYvzhZcxN0k
OPERATIONAL,"9C88+PH, Bone Pute, Larompong Selatan, Luwu Regency, South Sulawesi, Indonesia","{'location': {'lat': -3.6331583, 'lng': 120.4164792}, 'viewport': {'northeast': {'lat': -3.631836220107278, 'lng': 120.4178448298928}, 'southwest': {'lat': -3.634535879892723, 'lng': 120.4151451701073}}}",https://maps.gstatic.com/mapfiles/place_api/icons/v1/png_71/generic_business-71.png,#13B5C7,https://maps.gstatic.com/mapfiles/place_api/icons/v2/generic_pinlet,Pantai Pasir Putih,ChIJ04KSeQCRli0R357TrDxEthI,5.0,ChIJ04KSeQCRli0R357TrDxEthI,"['tourist_attraction', 'point_of_interest', 'establishment']",1.0,"[{'height': 4032, 'html_attributions': ['<a href=""https://maps.google.com/maps/contrib/100958484957589783835"">A Google User</a>'], 'photo_reference': 'AUGGfZnwoNhDZmKJyjXbhznFEx25Mjl-VmdcSMsfNvg7lZDojhc-ToKW2hCZagDILn48eQmHInriq8bx2xxfwnQE_CThi8c1g5SCgfE9Te8wc3TSXw9b5oEwFF2tSYvM2T-mml9P1ZHml6SIM6SQT9LOCKEMWkAX5kZSJPnHCkqc4NZB6y1b', 'width': 3024}]",,,,https://www.google.com/maps/place/?q=place_id:ChIJ04KSeQCRli0R357TrDxEthI
OPERATIONAL,"983V+P8, Gandang Batu, Larompong Selatan, Luwu Regency, South Sulawesi 91998, Indonesia","{'location': {'lat': -3.6457225, 'lng': 120.3432804}, 'viewport': {'northeast': {'lat': -3.644456520107278, 'lng': 120.34837635}, 'southwest': {'lat': -3.647156179892722, 'lng': 120.34158175}}}",https://maps.gstatic.com/mapfiles/place_api/icons/v1/png_71/generic_business-71.png,#13B5C7,https://maps.gstatic.com/mapfiles/place_api/icons/v2/generic_pinlet,Gandang Batu River,ChIJnez-Byibli0Revix7O72aRs,4.4,ChIJnez-Byibli0Revix7O72aRs,"['tourist_attraction', 'point_of_interest', 'establishment']",5.0,"[{'height': 4000, 'html_attributions': ['<a href=""https://maps.google.com/maps/contrib/116139287318493228830"">Menara Hizbulwathan</a>'], 'photo_reference': 'AUGGfZnCaSmer9pGGxCHwtIbNJKCArhtqTb5d-u11KairynbuG3gM-nsnurvvtLX_hfrJCO-T7ElH2NH_qRYLGtofNN1qnyXgw68OGlrtgVT0IPdrHnCBFnAP1OI6c8mnO7IWC4Mz-s-bjNrW70ZD0IovKEXCKFt7yQHGlfrm_GgiFJ6N7tG', 'width': 6016}]",,,,https://www.google.com/maps/place/?q=place_id:ChIJnez-Byibli0Revix7O72aRs
OPERATIONAL,"F879+5H, Komba, Larompong, Luwu Regency, South Sulawesi, Indonesia","{'location': {'lat': -3.5371218, 'lng': 120.3188505}, 'viewport': {'northeast': {'lat': -3.535766370107277, 'lng': 120.3201848798928}, 'southwest': {'lat': -3.538466029892722, 'lng': 120.3174852201073}}}",https://maps.gstatic.com/mapfiles/place_api/icons/v1/png_71/generic_business-71.png,#13B5C7,https://maps.gstatic.com/mapfiles/place_api/icons/v2/generic_pinlet,Rumah keluarga,ChIJoyrETX-Zli0Rf6oRcxVhTno,0.0,ChIJoyrETX-Zli0Rf6oRcxVhTno,"['tourist_attraction', 'point_of_interest', 'establishment']",0.0,,,,,https://www.google.com/maps/place/?q=place_id:ChIJoyrETX-Zli0Rf6oRcxVhTno
OPERATIONAL,"F98J+522, South Komba, Larompong, Luwu Regency, South Sulawesi 91997, Indonesia","{'location': {'lat': -3.534619, 'lng': 120.3800019}, 'viewport': {'northeast': {'lat': -3.533136870107278, 'lng': 120.3807128798928}, 'southwest': {'lat': -3.535836529892722, 'lng': 120.3780132201073}}}",https://maps.gstatic.com/mapfiles/place_api/icons/v1/png_71/generic_business-71.png,#13B5C7,https://maps.gstatic.com/mapfiles/place_api/icons/v2/generic_pinlet,Tambak h Dudo,ChIJuSAuIk2Xli0Rbxdo1jc7sVs,5.0,ChIJuSAuIk2Xli0Rbxdo1jc7sVs,"['tourist_attraction', 'point_of_interest', 'establishment']",1.0,,,,,https://www.google.com/maps/place/?q=place_id:ChIJuSAuIk2Xli0Rbxdo1jc7sVs
OPERATIONAL,"F9JP+M9, Larompong, Luwu Regency, South Sulawesi, Indonesia","{'location': {'lat': -3.5182654, 'lng': 120.3859429}, 'viewport': {'northeast': {'lat': -3.516920220107278, 'lng': 120.3873235298927}, 'southwest': {'lat': -3.519619879892722, 'lng': 120.3846238701072}}}",https://maps.gstatic.com/mapfiles/place_api/icons/v1/png_71/generic_business-71.png,#13B5C7,https://maps.gstatic.com/mapfiles/place_api/icons/v2/generic_pinlet,PELABUHAN MENTANG,ChIJYzCChEWXli0RR9mn7M5pXXA,0.0,ChIJYzCChEWXli0RR9mn7M5pXXA,"['tourist_attraction', 'point_of_interest', 'establishment']",0.0,"[{'height': 3264, 'html_attributions': ['<a href=""https://maps.google.com/maps/contrib/110782956718425742404"">A Google User</a>'], 'photo_reference': 'AUGGfZkzSyI573TF42ck2WzXSblzdhmKjVMYRkdzVJyXwdEDAOJphKw14Yr_-wHfyzUlVBI3pZNTIQTBuziPWa8HWu3erwYI0AQv29OcpLwKc3sxMznvatK1UusXUUMNvNwDTK4ahO1rjDy9Y8W84H1yawK5wetStQUxkVcLwi77RILDBPi5', 'width': 1836}]",,,,https://www.google.com/maps/place/?q=place_id:ChIJYzCChEWXli0RR9mn7M5pXXA
OPERATIONAL,"F8Q7+254, Rante Alang, Larompong, Luwu Regency, South Sulawesi 91996, Indonesia","{'location': {'lat': -3.5124959, 'lng': 120.3129637}, 'viewport': {'northeast': {'lat': -3.511176670107278, 'lng': 120.3143209798927}, 'southwest': {'lat': -3.513876329892722, 'lng': 120.3116213201072}}}",https://maps.gstatic.com/mapfiles/place_api/icons/v1/png_71/generic_business-71.png,#13B5C7,https://maps.gstatic.com/mapfiles/place_api/icons/v2/generic_pinlet,Larompong,ChIJ380uZ6ijli0R25SnRt05wvE,5.0,ChIJ380uZ6ijli0R25SnRt05wvE,"['tourist_attraction', 'point_of_interest', 'establishment']",1.0,,,,,https://www.google.com/maps/place/?q=place_id:ChIJ380uZ6ijli0R25SnRt05wvE
OPERATIONAL,"F99H+2Q, South Komba, Larompong, Luwu Regency, South Sulawesi, Indonesia","{'location': {'lat': -3.5324912, 'lng': 120.3794048}, 'viewport': {'northeast': {'lat': -3.531163220107278, 'lng': 120.3807494798927}, 'southwest': {'lat': -3.533862879892722, 'lng': 120.3780498201073}}}",https://maps.gstatic.com/mapfiles/place_api/icons/v1/png_71/generic_business-71.png,#13B5C7,https://maps.gstatic.com/mapfiles/place_api/icons/v2/generic_pinlet,JEPANG (jembatan empang),ChIJnV1InUuXli0R7jLzu731Vnw,5.0,ChIJnV1InUuXli0R7jLzu731Vnw,"['tourist_attraction', 'point_of_interest', 'establishment']",1.0,,,,,https://www.google.com/maps/place/?q=place_id:ChIJnV1InUuXli0R7jLzu731Vnw
OPERATIONAL,"C782+J4, Bukit Sutra, Larompong, Luwu Regency, South Sulawesi 91997, Indonesia","{'location': {'lat': -3.5834735, 'lng': 120.2503435}, 'viewport': {'northeast': {'lat': -3.581468670107278, 'lng': 120.2513546798927}, 'southwest': {'lat': -3.584168329892722, 'lng': 120.2486550201073}}}",https://maps.gstatic.com/mapfiles/place_api/icons/v1/png_71/generic_business-71.png,#13B5C7,https://maps.gstatic.com/mapfiles/place_api/icons/v2/generic_pinlet,Rammean Waterfall,ChIJOylW01qfli0Rt-HIIjjrC6E,5.0,ChIJOylW01qfli0Rt-HIIjjrC6E,"['tourist_attraction', 'point_of_interest', 'establishment']",1.0,,,,,https://www.google.com/maps/place/?q=place_id:ChIJOylW01qfli0Rt-HIIjjrC6E
OPERATIONAL,"C8QQ+24V, Buntu Pasik, Larompong, Luwu Regency, South Sulawesi, Indonesia","{'location': {'lat': -3.5623854, 'lng': 120.3377852}, 'viewport': {'northeast': {'lat': -3.561035570107278, 'lng': 120.3391350298927}, 'southwest': {'lat': -3.563735229892723, 'lng': 120.3364353701073}}}",https://maps.gstatic.com/mapfiles/place_api/icons/v1/png_71/generic_business-71.png,#13B5C7,https://maps.gstatic.com/mapfiles/place_api/icons/v2/generic_pinlet,ARDHY GREEN GARDEN.DURIAN,ChIJlbalSrWZli0RL5EYJmig56Y,5.0,ChIJlbalSrWZli0RL5EYJmig56Y,"['tourist_attraction', 'point_of_interest', 'establishment']",1.0,"[{'height': 3096, 'html_attributions': ['<a href=""https://maps.google.com/maps/contrib/105498452106681402095"">A Google User</a>'], 'photo_reference': 'AUGGfZkM_aUB8jpzmqCS1tAeVePkdZxkimzDGdSgoervldcKzCDCBA1X8pS4pcQZvd-5x8Xgmb9r0LyE3kRwQBaODTJ68_ndVVwWkFr6Ub6xJU-o4vmthc6jEeffMy5ACQG6rmCMnYDJqyKJ4NV8HdCl73ItUxk2Z3ZGmtQecKwXdVmXUjAz', 'width': 4128}]",,,,https://www.google.com/maps/place/?q=place_id:ChIJlbalSrWZli0RL5EYJmig56Y
OPERATIONAL,"F85F+J69, Komba, Larompong, Luwu Regency, South Sulawesi 91997, Indonesia","{'location': {'lat': -3.54096, 'lng': 120.3231129}, 'viewport': {'northeast': {'lat': -3.539689120107278, 'lng': 120.3250875298927}, 'southwest': {'lat': -3.542388779892722, 'lng': 120.3223878701073}}}",https://maps.gstatic.com/mapfiles/place_api/icons/v1/png_71/generic_business-71.png,#13B5C7,https://maps.gstatic.com/mapfiles/place_api/icons/v2/generic_pinlet,PESONA BATU SIKUKU,ChIJUx1pfoSZli0RS6Jm5UOHSSU,5.0,ChIJUx1pfoSZli0RS6Jm5UOHSSU,"['tourist_attraction', 'point_of_interest', 'establishment']",1.0,,,,,https://www.google.com/maps/place/?q=place_id:ChIJUx1pfoSZli0RS6Jm5UOHSSU
OPERATIONAL,"9CP9+PJ, Dadeko, Luwu Regency, South Sulawesi, Indonesia","{'location': {'lat': -3.6131827, 'lng': 120.4190686}, 'viewport': {'northeast': {'lat': -3.612434749999999, 'lng': 120.4198077298927}, 'southwest': {'lat': -3.61542655, 'lng': 120.4171080701073}}}",https://maps.gstatic.com/mapfiles/place_api/icons/v1/png_71/generic_business-71.png,#13B5C7,https://maps.gstatic.com/mapfiles/place_api/icons/v2/generic_pinlet,Damaci Camp,ChIJM0P-SbaRli0Rg718j_6_gao,5.0,ChIJM0P-SbaRli0Rg718j_6_gao,"['tourist_attraction', 'point_of_interest', 'establishment']",1.0,"[{'height': 1080, 'html_attributions': ['<a href=""https://maps.google.com/maps/contrib/111867630538139439003"">A Google User</a>'], 'photo_reference': 'AUGGfZkpVWUHGCXxoTLeWJcxy0brMNBUrx8rZED9VD_oU14_M6hvL5VJfmQ98axqv0JtpnPixOGtoYKOAmkvks9Ac1XyqbhFYTpTJJ6KWM0p-wXd_yW2sSbun1h9Zw4-IlQ-32cTRSqvAwyxm6hqkxUGcc_yIwLKZRdYdGQPJ8GhU8M6MNV4', 'width': 1920}]",,,,https://www.google.com/maps/place/?q=place_id:ChIJM0P-SbaRli0Rg718j_6_gao
OPERATIONAL,"F87Q+M43, Komba, Larompong, Luwu Regency, South Sulawesi 91997, Indonesia","{'location': {'lat': -3.5358661, 'lng': 120.3377852}, 'viewport': {'northeast': {'lat': -3.534516270107277, 'lng': 120.3391350298927}, 'southwest': {'lat': -3.537215929892722, 'lng': 120.3364353701073}}}",https://maps.gstatic.com/mapfiles/place_api/icons/v1/png_71/generic_business-71.png,#13B5C7,https://maps.gstatic.com/mapfiles/place_api/icons/v2/generic_pinlet,PESONA BATU SIKUKU DESA KOMBA,ChIJW01MNUyZli0R_dJdgvZaR8M,0.0,ChIJW01MNUyZli0R_dJdgvZaR8M,"['tourist_attraction', 'point_of_interest', 'establishment']",0.0,"[{'height': 4000, 'html_attributions': ['<a href=""https://maps.google.com/maps/contrib/107137354930007847295"">A Google User</a>'], 'photo_reference': 'AUGGfZlUj0U5bqhYlJ-oowM33xHYVrMn66KjxxFC_nSW1mb6Lp7g3WajfLxN_QXUaTWx4UqwQ0sqr5hyyx9tKRB9UTysn4dnhbhd7BQrT5xSoaGes4a3v-H2YoxxqGoEwqYKLYB0ajvtt8NWG1eg8WBoy4QBMy2cZAnckaPG9CMzKjGTqPTZ', 'width': 1800}]",,,,https://www.google.com/maps/place/?q=place_id:ChIJW01MNUyZli0R_dJdgvZaR8M
OPERATIONAL,"FC4J+69, Babang, Luwu Regency, South Sulawesi, Indonesia","{'location': {'lat': -3.5444114, 'lng': 120.4309132}, 'viewport': {'northeast': {'lat': -3.543061570107277, 'lng': 120.4322630298927}, 'southwest': {'lat': -3.545761229892722, 'lng': 120.4295633701072}}}",https://maps.gstatic.com/mapfiles/place_api/icons/v1/png_71/generic_business-71.png,#13B5C7,https://maps.gstatic.com/mapfiles/place_api/icons/v2/generic_pinlet,KURAU,ChIJpSz4NACXli0RyvPP3TSONd8,0.0,ChIJpSz4NACXli0RyvPP3TSONd8,"['tourist_attraction', 'point_of_interest', 'establishment']",0.0,,,,,https://www.google.com/maps/place/?q=place_id:ChIJpSz4NACXli0RyvPP3TSONd8
,"Larompong Selatan, Luwu Regency, South Sulawesi, Indonesia","{'location': {'lat': -3.6058937, 'lng': 120.3971609}, 'viewport': {'northeast': {'lat': -3.558985, 'lng': 120.4193649}, 'southwest': {'lat': -3.667374, 'lng': 120.2781279}}}",https://maps.gstatic.com/mapfiles/place_api/icons/v1/png_71/geocode-71.png,#7B9EB0,https://maps.gstatic.com/mapfiles/place_api/icons/v2/generic_pinlet,Larompong Selatan,ChIJK-uOhIOQli0RRc4NoqkHy2M,,ChIJK-uOhIOQli0RRc4NoqkHy2M,"['administrative_area_level_3', 'political']",,"[{'height': 1620, 'html_attributions': ['<a href=""https://maps.google.com/maps/contrib/103504304388838394966"">SMAN 1 LAROMPONG SELATAN</a>'], 'photo_reference': 'AUGGfZlwYYN8Ku_WlzTbsqoOKdVvV04i5DnwD3ZRPKnexbPczWekNwt2YiM7xfhfbGBi1zyqsvctPvcChpZOnnjgdeIAutTG05TRuJAO5Q1AuPPc_ye9nczugj89HO1SCwinDKs2wJPs5-djDytcdJYVQwd8h5bdu2by5R2PAnX6VVj9_TBE', 'width': 2160}]",,,,https://www.google.com/maps/place/?q=place_id:ChIJK-uOhIOQli0RRc4NoqkHy2M
OPERATIONAL,"7CW8+HPV, Siwa, Pitumpanua, Wajo Regency, South Sulawesi 90992, Indonesia","{'location': {'lat': -3.703518599999999, 'lng': 120.4168057}, 'viewport': {'northeast': {'lat': -3.702165520107278, 'lng': 120.4181241298927}, 'southwest': {'lat': -3.704865179892721, 'lng': 120.4154244701072}}}",https://maps.gstatic.com/mapfiles/place_api/icons/v1/png_71/generic_business-71.png,#13B5C7,https://maps.gstatic.com/mapfiles/place_api/icons/v2/generic_pinlet,Pangkalan SiKapal Putih,ChIJydxZo1WPli0RDBck7Jumcyk,5.0,ChIJydxZo1WPli0RDBck7Jumcyk,"['tourist_attraction', 'point_of_interest', 'establishment']",1.0,"[{'height': 3000, 'html_attributions': ['<a href=""https://maps.google.com/maps/contrib/116600024564472233839"">A Google User</a>'], 'photo_reference': 'AUGGfZmMoLbk31WjX-5T7qA_IZZbdlBukNY0SltAZkVkrAp047el2CZTqruRJtgLKUpo2OOtDIMyk33f5ZJ9UWKGR5glpYn4kZkrudCOoxWn1xKjkfvy4B8QT6USijAXgRoOFm3Kb20DOfSsXGipD2pgH3UGAVu8wtogPqSW4ZTndkOaPziT', 'width': 4000}]",{'open_now': True},,,https://www.google.com/maps/place/?q=place_id:ChIJydxZo1WPli0RDBck7Jumcyk
OPERATIONAL,"8CG8+Q8H Desa Buriko, Tellesang, Kec. Pitumpanua, Kabupaten Wajo, Sulawesi Selatan 91998, Indonesia","{'location': {'lat': -3.6730564, 'lng': 120.4158442}, 'viewport': {'northeast': {'lat': -3.672242820107278, 'lng': 120.4166316798927}, 'southwest': {'lat': -3.674942479892722, 'lng': 120.4139320201073}}}",https://maps.gstatic.com/mapfiles/place_api/icons/v1/png_71/generic_business-71.png,#13B5C7,https://maps.gstatic.com/mapfiles/place_api/icons/v2/generic_pinlet,Objek Wisata Mangrove Desa Buriko,ChIJweVEHuKPli0RRQXSeFBwRjc,3.8,ChIJweVEHuKPli0RRQXSeFBwRjc,"['tourist_attraction', 'point_of_interest', 'establishment']",4.0,"[{'height': 483, 'html_attributions': ['<a href=""https://maps.google.com/maps/contrib/114271178636414404115"">Narty Thamrin</a>'], 'photo_reference': 'AUGGfZkgCvY3TOj_aetjEExOAvHrApEotO7RY0t6KDaHlHIWsFSKMNi1OatPvP1Y_hP1GZKqfbJQMS9xoali7sXLOmYf9HITNGo078k-DjBRB9nJQ73GIZqon10kgYYoJ-9RXkGTpYRDjaIiEjHxZSi2MbKouTCwCbyVz-ECh83ISPfUT0Ml', 'width': 483}]",,,,https://www.google.com/maps/place/?q=place_id:ChIJweVEHuKPli0RRQXSeFBwRjc
OPERATIONAL,"G622+7G5, Poringan, Suli Barat, Luwu Regency, South Sulawesi 91996, Indonesia","{'location': {'lat': -3.4993621, 'lng': 120.2013714}, 'viewport': {'northeast': {'lat': -3.498012270107277, 'lng': 120.2027212298927}, 'southwest': {'lat': -3.500711929892722, 'lng': 120.2000215701073}}}",https://maps.gstatic.com/mapfiles/place_api/icons/v1/png_71/generic_business-71.png,#13B5C7,https://maps.gstatic.com/mapfiles/place_api/icons/v2/generic_pinlet,Galempong Waterfall,ChIJA-RtRUqgli0RFa8cEW8NvAM,0.0,ChIJA-RtRUqgli0RFa8cEW8NvAM,"['tourist_attraction', 'point_of_interest', 'establishment']",0.0,,{'open_now': True},,,https://www.google.com/maps/place/?q=place_id:ChIJA-RtRUqgli0RFa8cEW8NvAM
OPERATIONAL,"G94P+GC5, Towondo, Suli, Luwu Regency, South Sulawesi 91996, Indonesia","{'location': {'lat': -3.4937473, 'lng': 120.3861173}, 'viewport': {'northeast': {'lat': -3.49014655, 'lng': 120.3881021298928}, 'southwest': {'lat': -3.49494755, 'lng': 120.3854024701073}}}",https://maps.gstatic.com/mapfiles/place_api/icons/v1/png_71/generic_business-71.png,#13B5C7,https://maps.gstatic.com/mapfiles/place_api/icons/v2/generic_pinlet,Pantai Polongasa-Ds.Towondu,ChIJNz3k0JW9li0RNeIhL2g8d7M,3.3,ChIJNz3k0JW9li0RNeIhL2g8d7M,"['tourist_attraction', 'point_of_interest', 'establishment']",7.0,"[{'height': 4624, 'html_attributions': ['<a href=""https://maps.google.com/maps/contrib/110673485819121019531"">A Google User</a>'], 'photo_reference': 'AUGGfZkvx7uA4swFhQr271v2oC-S2nuo3mq-grhVRkNHl9fmyVI_aC4rfvyne929f-DO1_wmbVYqD7wFyTYp2L820jqt3O0AyybiULdcDa-Dx2BveCffWTdvT4QF8Qey9C3VvT_xl2SkbPExzpSsD1f_myGYss_7VK8tm1T5As184pPI-2zc', 'width': 3468}]",{'open_now': True},,,https://www.google.com/maps/place/?q=place_id:ChIJNz3k0JW9li0RNeIhL2g8d7M
OPERATIONAL,"C8VP+M54, Buntu Pasik, Larompong, Luwu Regency, South Sulawesi 91997, Indonesia","{'location': {'lat': -3.5558736, 'lng': 120.3354413}, 'viewport': {'northeast': {'lat': -3.554523770107278, 'lng': 120.3367911298927}, 'southwest': {'lat': -3.557223429892723, 'lng': 120.3340914701073}}}",https://maps.gstatic.com/mapfiles/place_api/icons/v1/png_71/lodging-71.png,#909CE1,https://maps.gstatic.com/mapfiles/place_api/icons/v2/hotel_pinlet,Wisata Resort & Permandian Buntu Pasik,ChIJp4FoSKGZli0RcpsswKDrMJo,4.6,ChIJp4FoSKGZli0RcpsswKDrMJo,"['lodging', 'point_of_interest', 'establishment']",5.0,"[{'height': 1920, 'html_attributions': ['<a href=""https://maps.google.com/maps/contrib/101471949512717878846"">Andhika Pratama</a>'], 'photo_reference': 'AUGGfZlx6T-zm1NyT6UXdGFmisW3Qwxa-1Kwcd9oXV7MKSrsnQGFdCkA5oatats4-XLpshaF1FBSJYzGOSN1-eRUB6Y37_BzSs6_AaBrNjAGzMW1vD0AUpTZWBxSXXQ_hkyFVb7bv5piUYl1B-1SxyciuyPwBCmwlYBVISU6hTbiSJnQpUc', 'width': 1080}]",{'open_now': False},,,https://www.google.com/maps/place/?q=place_id:ChIJp4FoSKGZli0RcpsswKDrMJo
OPERATIONAL,"M96F+9J, Seppong, Belopa Utara, Luwu Regency, South Sulawesi, Indonesia","{'location': {'lat': -3.339029, 'lng': 120.3740416}, 'viewport': {'northeast': {'lat': -3.337708770107278, 'lng': 120.3754297798927}, 'southwest': {'lat': -3.340408429892723, 'lng': 120.3727301201073}}}",https://maps.gstatic.com/mapfiles/place_api/icons/v1/png_71/generic_business-71.png,#13B5C7,https://maps.gstatic.com/mapfiles/place_api/icons/v2/generic_pinlet,Dusun lonnyi,ChIJNYGmdVuxli0RgeU1jY-9GQ4,0.0,ChIJNYGmdVuxli0RgeU1jY-9GQ4,"['tourist_attraction', 'point_of_interest', 'establishment']",0.0,,,,,https://www.google.com/maps/place/?q=place_id:ChIJNYGmdVuxli0RgeU1jY-9GQ4
OPERATIONAL,"99G5+MX5, Temboe, Kec. Larompong Sel., Kabupaten Luwu, Sulawesi Selatan, Indonesia","{'location': {'lat': -3.6233521, 'lng': 120.3599741}, 'viewport': {'northeast': {'lat': -3.622002270107278, 'lng': 120.3613239298927}, 'southwest': {'lat': -3.624701929892722, 'lng': 120.3586242701073}}}",https://maps.gstatic.com/mapfiles/place_api/icons/v1/png_71/lodging-71.png,#909CE1,https://maps.gstatic.com/mapfiles/place_api/icons/v2/hotel_pinlet,Daeng parabba,ChIJgZloYwCRli0RYPRUkRO70nk,0.0,ChIJgZloYwCRli0RYPRUkRO70nk,"['lodging', 'point_of_interest', 'establishment']",0.0,,,,,https://www.google.com/maps/place/?q=place_id:ChIJgZloYwCRli0RYPRUkRO70nk
OPERATIONAL,"Buntu Pasik, Larompong, Luwu Regency, South Sulawesi 91997, Indonesia","{'location': {'lat': -3.5558718, 'lng': 120.3354413}, 'viewport': {'northeast': {'lat': -3.554521970107278, 'lng': 120.3367911298927}, 'southwest': {'lat': -3.557221629892722, 'lng': 120.3340914701073}}}",https://maps.gstatic.com/mapfiles/place_api/icons/v1/png_71/lodging-71.png,#909CE1,https://maps.gstatic.com/mapfiles/place_api/icons/v2/hotel_pinlet,Buntu Pasik Waterpark,ChIJp_KbZBuZli0RgVZSXD2LhK4,4.4,ChIJp_KbZBuZli0RgVZSXD2LhK4,"['lodging', 'point_of_interest', 'establishment']",42.0,"[{'height': 3000, 'html_attributions': ['<a href=""https://maps.google.com/maps/contrib/110203951744925761592"">Jamal Palopo</a>'], 'photo_reference': 'AUGGfZmXcF4lR1WWA148F6up-4s9DR22FlK369mSUVk1PGtCGuZtCQ-fN-p4ExuEnD-zbVRqk6Z3iRBkqSFvgyuU3U-36PBJ0AG5G_NfcYTR8MM1G5V112E2XRAkn4FWgIBVIqxM5B6lefsvwzGvv3xXKK48d3jEseeVrKwIP3Y40tElJ0Q', 'width': 4000}]",,"{'compound_code': 'C8VP+M5 Buntu Pasik, Luwu Regency, South Sulawesi, Indonesia', 'global_code': '6Q82C8VP+M5'}",,https://www.google.com/maps/place/?q=place_id:ChIJp_KbZBuZli0RgVZSXD2LhK4
CLOSED_TEMPORARILY,"995H+WFC, Batu Lappa, Larompong Selatan, Luwu Regency, South Sulawesi 91998, Indonesia","{'location': {'lat': -3.6407735, 'lng': 120.3778963}, 'viewport': {'northeast': {'lat': -3.639423670107278, 'lng': 120.3792461298927}, 'southwest': {'lat': -3.642123329892722, 'lng': 120.3765464701073}}}",https://maps.gstatic.com/mapfiles/place_api/icons/v1/png_71/generic_business-71.png,#13B5C7,https://maps.gstatic.com/mapfiles/place_api/icons/v2/generic_pinlet,Rumah Makan,ChIJK8bb8sKRli0Rt-Ifvepa8MY,0.0,ChIJK8bb8sKRli0Rt-Ifvepa8MY,"['tourist_attraction', 'point_of_interest', 'establishment']",0.0,"[{'height': 1080, 'html_attributions': ['<a href=""https://maps.google.com/maps/contrib/109074671583186278209"">Agusman PhycalTheraphy</a>'], 'photo_reference': 'AUGGfZnDcvtEvjyI7NGcxt_eWSvWww82El0btvqKNNLPhBB2GfGNjDXvJgE9JBURPoa1wN57luMQpp-CClTb7zocuXKjD_Da3853D3P8XurnetXlhTJbeFfB7lGMZn33vuU381uOyFxVAS6HQ5XQ6HLPfCFr1h3Omnh5Kxu_XQPRUXkzSA4f', 'width': 607}]",,,True,https://www.google.com/maps/place/?q=place_id:ChIJK8bb8sKRli0Rt-Ifvepa8MY
CLOSED_TEMPORARILY,"FC68+H67, Dusun batulotong, Rante Belu, Kec. Larompong, Kabupaten Luwu, Sulawesi Selatan, Indonesia","{'location': {'lat': -3.5385914, 'lng': 120.4155347}, 'viewport': {'northeast': {'lat': -3.537241570107278, 'lng': 120.4168845298927}, 'southwest': {'lat': -3.539941229892722, 'lng': 120.4141848701073}}}",https://maps.gstatic.com/mapfiles/place_api/icons/v1/png_71/generic_business-71.png,#13B5C7,https://maps.gstatic.com/mapfiles/place_api/icons/v2/generic_pinlet,Sawang Kalapi,ChIJp0DdVSGXli0RWALx-qI6w68,0.0,ChIJp0DdVSGXli0RWALx-qI6w68,"['tourist_attraction', 'point_of_interest', 'establishment']",0.0,,,,True,https://www.google.com/maps/place/?q=place_id:ChIJp0DdVSGXli0RWALx-qI6w68
CLOSED_TEMPORARILY,"C786+7Q, Bukit Sutra, Larompong, Luwu Regency, South Sulawesi 91997, Indonesia","{'location': {'lat': -3.5842649, 'lng': 120.2619397}, 'viewport': {'northeast': {'lat': -3.57980375, 'lng': 120.26307675}, 'southwest': {'lat': -3.58575195, 'lng': 120.25852855}}}",https://maps.gstatic.com/mapfiles/place_api/icons/v1/png_71/generic_business-71.png,#13B5C7,https://maps.gstatic.com/mapfiles/place_api/icons/v2/generic_pinlet,Area wisata air terjun rammean,ChIJTYbseQiZli0ReIx0jzEoud0,0.0,ChIJTYbseQiZli0ReIx0jzEoud0,"['tourist_attraction', 'point_of_interest', 'establishment']",0.0,,,,True,https://www.google.com/maps/place/?q=place_id:ChIJTYbseQiZli0ReIx0jzEoud0
CLOSED_TEMPORARILY,"C68X+MG, Bukit Sutra, Larompong, Luwu Regency, South Sulawesi 91997, Indonesia","{'location': {'lat': -3.5833226, 'lng': 120.2487594}, 'viewport': {'northeast': {'lat': -3.581402920107279, 'lng': 120.2502831798927}, 'southwest': {'lat': -3.584102579892722, 'lng': 120.2475835201073}}}",https://maps.gstatic.com/mapfiles/place_api/icons/v1/png_71/generic_business-71.png,#13B5C7,https://maps.gstatic.com/mapfiles/place_api/icons/v2/generic_pinlet,Sungai Rammean,ChIJ54NRq9efli0Rs8dMWgFEEQw,0.0,ChIJ54NRq9efli0Rs8dMWgFEEQw,"['tourist_attraction', 'point_of_interest', 'establishment']",0.0,,,,True,https://www.google.com/maps/place/?q=place_id:ChIJ54NRq9efli0Rs8dMWgFEEQw
CLOSED_TEMPORARILY,"C8WV+W7H, Buntu Pasik, Larompong, Luwu Regency, South Sulawesi, Indonesia","{'location': {'lat': -3.5526779, 'lng': 120.3432251}, 'viewport': {'northeast': {'lat': -3.551328070107278, 'lng': 120.3445749298927}, 'southwest': {'lat': -3.554027729892723, 'lng': 120.3418752701073}}}",https://maps.gstatic.com/mapfiles/place_api/icons/v1/png_71/generic_business-71.png,#13B5C7,https://maps.gstatic.com/mapfiles/place_api/icons/v2/generic_pinlet,ARDHY GREEN GARDEN.DURIAN,ChIJf78QrXCZli0R6Tx6fkt2Wgs,5.0,ChIJf78QrXCZli0R6Tx6fkt2Wgs,"['tourist_attraction', 'point_of_interest', 'establishment']",2.0,"[{'height': 1280, 'html_attributions': ['<a href=""https://maps.google.com/maps/contrib/105498452106681402095"">A Google User</a>'], 'photo_reference': 'AUGGfZmyxG_nnq7RUblK25ssnbad2XJTjQmMF6GNL6rhd6I7eEjs4Y_aKqgSd4Mz4bUQ7e6L9akGpqTmRU7Fh5zkJwgyqi7jcFo5cEDI0m8Had2ax8Sw4nFnZjnhKVNMWB5gY-TkRlDMMcLLkNOSFO18W9_YHy6Zb8m6GaF7PKmjLY5He4gx', 'width': 959}]",,,True,https://www.google.com/maps/place/?q=place_id:ChIJf78QrXCZli0R6Tx6fkt2Wgs
CLOSED_TEMPORARILY,"FC6J+86, Babang, Luwu Regency, South Sulawesi, Indonesia","{'location': {'lat': -3.5391948, 'lng': 120.4305846}, 'viewport': {'northeast': {'lat': -3.537844970107277, 'lng': 120.4319344298927}, 'southwest': {'lat': -3.540544629892722, 'lng': 120.4292347701073}}}",https://maps.gstatic.com/mapfiles/place_api/icons/v1/png_71/generic_business-71.png,#13B5C7,https://maps.gstatic.com/mapfiles/place_api/icons/v2/generic_pinlet,KO.BALLE,ChIJjZ9ud8uXli0RyGGSjfV39Iw,0.0,ChIJjZ9ud8uXli0RyGGSjfV39Iw,"['tourist_attraction', 'point_of_interest', 'establishment']",0.0,,,,True,https://www.google.com/maps/place/?q=place_id:ChIJjZ9ud8uXli0RyGGSjfV39Iw
