business_status,formatted_address,geometry,icon,icon_background_color,icon_mask_base_uri,name,photos,place_id,rating,reference,types,user_ratings_total,opening_hours,plus_code,permanently_closed,url
OPERATIONAL,"H2VP+FVF, Sionggang Utara, Lumban Julu, Ps. Lumban Julu, Kec. Lumban Julu, Toba, Sumatera Utara 22386, Indonesia","{'location': {'lat': 2.5936789, 'lng': 99.0371722}, 'viewport': {'northeast': {'lat': 2.59485965, 'lng': 99.0380542}, 'southwest': {'lat': 2.590136650000001, 'lng': 99.03452619999997}}}",https://maps.gstatic.com/mapfiles/place_api/icons/v1/png_71/generic_business-71.png,#13B5C7,https://maps.gstatic.com/mapfiles/place_api/icons/v2/generic_pinlet,Air Terjun Lumban Rang,"[{'height': 2252, 'html_attributions': ['<a href=""https://maps.google.com/maps/contrib/114092095550130792447"">A Google User</a>'], 'photo_reference': 'AUGGfZnMZ1rYJ0rrOCXy4ZIV4wv8iU-8BQjzIEtIr_LnQ6Dw5ZXGFiWtkUUgh5IncYRJJiMiRCQKe1GvWwbfM5I8DeejAa-iiK3NqLnShCv_OCboX3w4MBhgXpdUKCQdLWi2FnpPmuT79YqJXUgejCMhJrUhVXluQlsen3n4jM2AYXhnKZaD', 'width': 4000}]",ChIJVTThAnPwMTARyjP2rgLJXj0,4.8,ChIJVTThAnPwMTARyjP2rgLJXj0,"['tourist_attraction', 'point_of_interest', 'establishment']",12.0,,,,https://www.google.com/maps/place/?q=place_id:ChIJVTThAnPwMTARyjP2rgLJXj0
OPERATIONAL,"G2V9+293, Hatinggian, Lumban Julu, Toba, North Sumatra, Indonesia","{'location': {'lat': 2.5425094, 'lng': 99.0184183}, 'viewport': {'northeast': {'lat': 2.543754629892722, 'lng': 99.02059839999998}, 'southwest': {'lat': 2.541054970107278, 'lng': 99.01769160000002}}}",https://maps.gstatic.com/mapfiles/place_api/icons/v1/png_71/generic_business-71.png,#13B5C7,https://maps.gstatic.com/mapfiles/place_api/icons/v2/generic_pinlet,PURBA VILLAGE,"[{'height': 4000, 'html_attributions': ['<a href=""https://maps.google.com/maps/contrib/108002212746479564437"">macan poerba</a>'], 'photo_reference': 'AUGGfZlWCsQYo9KCJ5ILr-73xRFYDYlbwp3Qip3417_1Vhq9j4zaXzMYcYjuEFeMMYf0Wq6pdDrXe0a5aRqCC-3CK-A-LneLtwjiQ0-XKg_Mc0bvqgEs9RAq2RrmVB5weSYvhc1sIun7ue27tF6iFAwnFPKzi9fr_XXT0tdQLuQHQSK-J26N', 'width': 3000}]",ChIJRZ378xH7MTARswduHrdluRQ,5.0,ChIJRZ378xH7MTARswduHrdluRQ,"['tourist_attraction', 'point_of_interest', 'establishment']",1.0,,,,https://www.google.com/maps/place/?q=place_id:ChIJRZ378xH7MTARswduHrdluRQ
OPERATIONAL,"Jonggi Nihuta, Hatinggian, Kec. Lumban Julu, Toba, Sumatera Utara 22386, Indonesia","{'location': {'lat': 2.5374301, 'lng': 99.00798189999999}, 'viewport': {'northeast': {'lat': 2.538941529892722, 'lng': 99.00984012989271}, 'southwest': {'lat': 2.536241870107277, 'lng': 99.00714047010727}}}",https://maps.gstatic.com/mapfiles/place_api/icons/v1/png_71/generic_business-71.png,#13B5C7,https://maps.gstatic.com/mapfiles/place_api/icons/v2/generic_pinlet,Situmurun Waterfall,"[{'height': 3120, 'html_attributions': ['<a href=""https://maps.google.com/maps/contrib/105790404712990946275"">Andhy Marpaung</a>'], 'photo_reference': 'AUGGfZno9sSkYnvGeuHXNHFVuL0TcDhCrdxL1Zh54MwlaGF5tkdQIV7InUoWwt3L_7cI-5C4ybdPDW8EMIYGQ-k3EHXM9l9QHot6HOZsFoE1BIgKMDEZTPLyWr3iA0mHt47keNXvE9PeJaQkIrI4AGjIAiwii47HYth0AYfZQQnZzazBwQEw', 'width': 4208}]",ChIJ2Zgm8M3kMTARqSRUjlQ6gU4,4.6,ChIJ2Zgm8M3kMTARqSRUjlQ6gU4,"['tourist_attraction', 'point_of_interest', 'establishment']",529.0,{'open_now': True},"{'compound_code': 'G2P5+X5 Hatinggian, Toba, North Sumatra, Indonesia', 'global_code': '6MJXG2P5+X5'}",,https://www.google.com/maps/place/?q=place_id:ChIJ2Zgm8M3kMTARqSRUjlQ6gU4
OPERATIONAL,"Unnamed Road, Kabupaten Toba Samosir, 21174, Sionggang Utara, Kec. Lumban Julu, Toba, Sumatera Utara 21174, Indonesia","{'location': {'lat': 2.5908281, 'lng': 98.99785279999999}, 'viewport': {'northeast': {'lat': 2.592113179892723, 'lng': 98.99928477989272}, 'southwest': {'lat': 2.589413520107278, 'lng': 98.99658512010728}}}",https://maps.gstatic.com/mapfiles/place_api/icons/v1/png_71/generic_business-71.png,#13B5C7,https://maps.gstatic.com/mapfiles/place_api/icons/v2/generic_pinlet,Hill of Gibeon,"[{'height': 5792, 'html_attributions': ['<a href=""https://maps.google.com/maps/contrib/107024350119079862858"">fery malau</a>'], 'photo_reference': 'AUGGfZkI-xQUjYNzMCfbSws_TmYoEOs-gfrzWEbMKb8JivfRzof7v9ff_qqzsvIAH1N3yBZoMwvk1zKdMnBChdBS3rxoNVRFt0LQqJlUmcgCMae9iTgO3UQIB0ym4c-kRiJfPcz-srF02urzOEByBMWBVK4gzXiPcZPxg23u9UTg63vpjEsP', 'width': 4344}]",ChIJ128cx_bvMTARFNp9RLTybgU,4.4,ChIJ128cx_bvMTARFNp9RLTybgU,"['tourist_attraction', 'point_of_interest', 'establishment']",434.0,{'open_now': True},"{'compound_code': 'HXRX+84 North Sionggang, Toba, North Sumatra, Indonesia', 'global_code': '6MJWHXRX+84'}",,https://www.google.com/maps/place/?q=place_id:ChIJ128cx_bvMTARFNp9RLTybgU
OPERATIONAL,"G2FM+MX9, Sibaruang, Lumban Julu, Toba, North Sumatra 22386, Indonesia","{'location': {'lat': 2.5235146, 'lng': 99.034784}, 'viewport': {'northeast': {'lat': 2.525090679892722, 'lng': 99.03615827989273}, 'southwest': {'lat': 2.522391020107277, 'lng': 99.03345862010728}}}",https://maps.gstatic.com/mapfiles/place_api/icons/v1/png_71/generic_business-71.png,#13B5C7,https://maps.gstatic.com/mapfiles/place_api/icons/v2/generic_pinlet,PURBA_VILLAGE,"[{'height': 3264, 'html_attributions': ['<a href=""https://maps.google.com/maps/contrib/108002212746479564437"">macan poerba</a>'], 'photo_reference': 'AUGGfZkCmbxfyBflIsHCy6sIxBWOCAK2kfd40rzMjRhJqlRsNDpLqOJXG_GFaC81UxvAt8cmy-rS6KEwfqZFVf1VNNHd9mTimZK--lwfhmZ378ePOajv5zqQYhuEjl8Q-E3mVLS239wQckTv5E_TubBFt7JPItNN-0hXhHCGF_UtCw2XgNDi', 'width': 2448}]",ChIJEwZHpW77MTARQJsX80DPBdI,5.0,ChIJEwZHpW77MTARQJsX80DPBdI,"['tourist_attraction', 'point_of_interest', 'establishment']",2.0,,,,https://www.google.com/maps/place/?q=place_id:ChIJEwZHpW77MTARQJsX80DPBdI
OPERATIONAL,"Jl. Raya Lintas Utama Sumatera, Jangga dolok, Kec. Lumban Julu, Toba, Sumatera Utara, Indonesia","{'location': {'lat': 2.5583236, 'lng': 99.0848863}, 'viewport': {'northeast': {'lat': 2.559132979892722, 'lng': 99.08568685000002}, 'southwest': {'lat': 2.556433320107278, 'lng': 99.08248464999998}}}",https://maps.gstatic.com/mapfiles/place_api/icons/v1/png_71/generic_business-71.png,#13B5C7,https://maps.gstatic.com/mapfiles/place_api/icons/v2/generic_pinlet,"Dolok Marrangin, Simanuk-manuk","[{'height': 576, 'html_attributions': ['<a href=""https://maps.google.com/maps/contrib/108025440930311147811"">A Google User</a>'], 'photo_reference': 'AUGGfZmQnroT_-B36Qm5wWQVZ7jKWJhe2_a5G-_zETWEvf3jEcet1VpYCqtn8y8rSpkoDAyV-fgx_fFe_upN29kYtQthLaxkRCW2hJv4di3Ei31bICiv1zkvEqOvM2IZU3pancEzzHW7u7mwrM3ik9m0BMs-HVrKZDtGdfnsFmIB6DTXX65r', 'width': 960}]",ChIJ0bPgNzD7MTARGFhTwMKR1JA,4.8,ChIJ0bPgNzD7MTARGFhTwMKR1JA,"['tourist_attraction', 'place_of_worship', 'health', 'point_of_interest', 'establishment']",4.0,{'open_now': True},"{'compound_code': 'H35M+8X Sihiong, Toba, North Sumatra, Indonesia', 'global_code': '6MJXH35M+8X'}",,https://www.google.com/maps/place/?q=place_id:ChIJ0bPgNzD7MTARGFhTwMKR1JA
OPERATIONAL,"H34Q+Q9P, Jangga Dolok, Lumban Julu, Toba, North Sumatra 22386, Indonesia","{'location': {'lat': 2.5569285, 'lng': 99.0884062}, 'viewport': {'northeast': {'lat': 2.5577137, 'lng': 99.08962690000001}, 'southwest': {'lat': 2.5547045, 'lng': 99.0849813}}}",https://maps.gstatic.com/mapfiles/place_api/icons/v1/png_71/generic_business-71.png,#13B5C7,https://maps.gstatic.com/mapfiles/place_api/icons/v2/generic_pinlet,KOLAM RENANG BINANGA JULU JANGGA DOLOK,"[{'height': 360, 'html_attributions': ['<a href=""https://maps.google.com/maps/contrib/104882119619456727677"">Kamaruddin Sitorus</a>'], 'photo_reference': 'AUGGfZms7IBA8MOwZqhuMrf3vudNUx1gV0rKFctStSR6BnIJUWTW_qbSMrm9ffpNAIH6hVuq2jv63oTcc0KA_epKipRYh4gRKIlaDWqlUPstHe1SeE6hfr-07oW0aJsxTBBGowsP-Hk1s3_j1QQYyGdmMO_pOb5HpdSnQ91pVwftIjQkGDSG', 'width': 517}]",ChIJBe9_rk_7MTAR_xlByyngcsQ,4.0,ChIJBe9_rk_7MTAR_xlByyngcsQ,"['tourist_attraction', 'point_of_interest', 'establishment']",1.0,{'open_now': True},,,https://www.google.com/maps/place/?q=place_id:ChIJBe9_rk_7MTAR_xlByyngcsQ
OPERATIONAL,"Taman Eden, 100, Ps. Lumban Julu, Kec. Lumban Julu, Toba, Sumatera Utara 22386, Indonesia","{'location': {'lat': 2.5945959, 'lng': 99.0374056}, 'viewport': {'northeast': {'lat': 2.596124099999999, 'lng': 99.03855295000002}, 'southwest': {'lat': 2.590011299999999, 'lng': 99.03396354999998}}}",https://maps.gstatic.com/mapfiles/place_api/icons/v1/png_71/generic_business-71.png,#13B5C7,https://maps.gstatic.com/mapfiles/place_api/icons/v2/generic_pinlet,"AIR TERJUN TAMAN EDEN 100, TOBASA","[{'height': 3120, 'html_attributions': ['<a href=""https://maps.google.com/maps/contrib/113371240047763135632"">Martin Rgg</a>'], 'photo_reference': 'AUGGfZlglUku6NnTrIOAA6pc9m0XavlLEs4WMqIjp4UGAWtAKY0-M9gVc51RI_u5Nr0t5H7M7LSkfKbE5lXymJHAoQGX4TXGe1gA-eGfltIfQcyKUfbTQZuCzwnPmCr2WYnkW6rhVgqJjXzsnEPorLCF4kfXPMotK4FQ8wlX8edfcFzj-jWQ', 'width': 4160}]",ChIJJX8r8XLwMTAR2W5-2pmSZks,4.5,ChIJJX8r8XLwMTAR2W5-2pmSZks,"['tourist_attraction', 'park', 'point_of_interest', 'establishment']",87.0,{'open_now': True},"{'compound_code': 'H2VP+RX Pasar Lumban Julu, Toba, North Sumatra, Indonesia', 'global_code': '6MJXH2VP+RX'}",,https://www.google.com/maps/place/?q=place_id:ChIJJX8r8XLwMTAR2W5-2pmSZks
OPERATIONAL,"Taman eden 100 Lumbanrang, Ps. Lumban Julu, Kec. Lumban Julu, Toba, Sumatera Utara 22386, Indonesia","{'location': {'lat': 2.5910985, 'lng': 99.0388878}, 'viewport': {'northeast': {'lat': 2.5918261, 'lng': 99.03959185}, 'southwest': {'lat': 2.5889157, 'lng': 99.03677564999998}}}",https://maps.gstatic.com/mapfiles/place_api/icons/v1/png_71/generic_business-71.png,#13B5C7,https://maps.gstatic.com/mapfiles/place_api/icons/v2/generic_pinlet,Taman Eden 100 Toba,"[{'height': 2448, 'html_attributions': ['<a href=""https://maps.google.com/maps/contrib/101544317132194258511"">Kurniady Halim</a>'], 'photo_reference': 'AUGGfZnU7zx_exJySDVMi_eaz7HVE0TXgtJyi6X1avux5S2l0FIf7ED5ZJLfZrfnl79MHs50eWKrAS82Cuzob0BvvmJMv6kNwy8OKC7BgwP8xr6Ajg_iTyVfJhaNPOJrOlwPhyoM9EkO5xT_-FEnnfnqD-vA9SX4BdartXgHEwHkq6rENwFM', 'width': 3264}]",ChIJuRnRlnPwMTARU8j-LqvwRlo,4.5,ChIJuRnRlnPwMTARU8j-LqvwRlo,"['tourist_attraction', 'campground', 'park', 'lodging', 'point_of_interest', 'establishment']",428.0,,"{'compound_code': 'H2RQ+CH Pasar Lumban Julu, Toba, North Sumatra, Indonesia', 'global_code': '6MJXH2RQ+CH'}",,https://www.google.com/maps/place/?q=place_id:ChIJuRnRlnPwMTARU8j-LqvwRlo
OPERATIONAL,"HX3W+7FV, Jonggi Nihuta, Lumban Julu, Toba, North Sumatra 22386, Indonesia","{'location': {'lat': 2.5532428, 'lng': 98.9961629}, 'viewport': {'northeast': {'lat': 2.55768535, 'lng': 98.99702877989273}, 'southwest': {'lat': 2.551761949999999, 'lng': 98.99432912010728}}}",https://maps.gstatic.com/mapfiles/place_api/icons/v1/png_71/generic_business-71.png,#13B5C7,https://maps.gstatic.com/mapfiles/place_api/icons/v2/generic_pinlet,AIR TERJUN BIDADARI JONGGI NIHUTA,"[{'height': 3264, 'html_attributions': ['<a href=""https://maps.google.com/maps/contrib/110122459115168127704"">Asmon Pardede</a>'], 'photo_reference': 'AUGGfZl1XGGYBfndvW4SIWLC2HgFc5dzVx_Yb61mw1larjgQUgL9VmFlFPx4-XbwdLKrOyOnRTXUO8eVAeTz0wyOyiSEjPIf08mTRM58VPtOvFixvMOKAwh5SWg9Vv9YqziSdviCweAlWGnGDe7QRPdU9-UHXCSsSkz-xAlkkK21o11eKZ_4', 'width': 1836}]",ChIJ-xtU9iPlMTARh-EUFIHolcM,3.9,ChIJ-xtU9iPlMTARh-EUFIHolcM,"['tourist_attraction', 'point_of_interest', 'establishment']",10.0,{'open_now': True},,,https://www.google.com/maps/place/?q=place_id:ChIJ-xtU9iPlMTARh-EUFIHolcM
OPERATIONAL,"Parbatasan, Sipangan Bolon, Kec. Girsang Sipangan Bolon, Kabupaten Simalungun, Sumatera Utara 21174, Indonesia","{'location': {'lat': 2.6126766, 'lng': 99.0045685}, 'viewport': {'northeast': {'lat': 2.613895279892722, 'lng': 99.00593807989273}, 'southwest': {'lat': 2.611195620107277, 'lng': 99.00323842010728}}}",https://maps.gstatic.com/mapfiles/place_api/icons/v1/png_71/generic_business-71.png,#13B5C7,https://maps.gstatic.com/mapfiles/place_api/icons/v2/generic_pinlet,Jungle Trekking Sipangan Bolon,,ChIJP3-Iqn7vMTARIPfu-vXpbQQ,0.0,ChIJP3-Iqn7vMTARIPfu-vXpbQQ,"['tourist_attraction', 'point_of_interest', 'establishment']",0.0,,"{'compound_code': 'J273+3R Sipangan Bolon, Simalungun Regency, North Sumatra, Indonesia', 'global_code': '6MJXJ273+3R'}",,https://www.google.com/maps/place/?q=place_id:ChIJP3-Iqn7vMTARIPfu-vXpbQQ
OPERATIONAL,"F3HR+84, Lumban Nabolon, Uluan, Toba, North Sumatra 22384, Indonesia","{'location': {'lat': 2.4783577, 'lng': 99.09025779999999}, 'viewport': {'northeast': {'lat': 2.479660279892723, 'lng': 99.0917146298927}, 'southwest': {'lat': 2.476960620107278, 'lng': 99.08901497010727}}}",https://maps.gstatic.com/mapfiles/place_api/icons/v1/png_71/generic_business-71.png,#13B5C7,https://maps.gstatic.com/mapfiles/place_api/icons/v2/generic_pinlet,Panatapan Sopo Ls,,ChIJcfYkckv9MTARKv9LPI9g4kY,5.0,ChIJcfYkckv9MTARKv9LPI9g4kY,"['tourist_attraction', 'point_of_interest', 'establishment']",1.0,,,,https://www.google.com/maps/place/?q=place_id:ChIJcfYkckv9MTARKv9LPI9g4kY
OPERATIONAL,"G4WH+MPG, Lumban Lobu, Bonatua Lunasi, Toba, North Sumatra 21262, Indonesia","{'location': {'lat': 2.5466983, 'lng': 99.12931309999999}, 'viewport': {'northeast': {'lat': 2.548048129892723, 'lng': 99.13066292989272}, 'southwest': {'lat': 2.545348470107278, 'lng': 99.12796327010727}}}",https://maps.gstatic.com/mapfiles/place_api/icons/v1/png_71/generic_business-71.png,#13B5C7,https://maps.gstatic.com/mapfiles/place_api/icons/v2/generic_pinlet,Air Terjun Belantara Nasumanggar SAMPURAN MARGUMIS,,ChIJ3a_CVaf5MTARRbKqPhrIPE4,4.3,ChIJ3a_CVaf5MTARRbKqPhrIPE4,"['tourist_attraction', 'point_of_interest', 'establishment']",4.0,,,,https://www.google.com/maps/place/?q=place_id:ChIJ3a_CVaf5MTARRbKqPhrIPE4
OPERATIONAL,"Jl. Hutabagasan, Jangga Dolok, Kec. Lumban Julu, Toba, Sumatera Utara 22386, Indonesia","{'location': {'lat': 2.5478572, 'lng': 99.08114}, 'viewport': {'northeast': {'lat': 2.549196479892723, 'lng': 99.08251547989272}, 'southwest': {'lat': 2.546496820107278, 'lng': 99.07981582010727}}}",https://maps.gstatic.com/mapfiles/place_api/icons/v1/png_71/lodging-71.png,#909CE1,https://maps.gstatic.com/mapfiles/place_api/icons/v2/hotel_pinlet,Lumban Tor (parhutaan Rj.ULI/Omp.Meam),"[{'height': 1280, 'html_attributions': ['<a href=""https://maps.google.com/maps/contrib/112140071491822335866"">A Google User</a>'], 'photo_reference': 'AUGGfZmOjpC1ypd5FtF7MLrgNhso50F6anyW949gUaWMoEPl82tGeVnGbdKtkWBUcxO1l2kf27bdDcxx_X13M-zFs3fQ9wAqKZqDWu99sk3NdwZYqnU0eh5aXktb0QgOQZYD3mbQT0q9vzSqk-nUOQySnGIyoz8cYb3bq4TRlhXunCPg52mq', 'width': 720}]",ChIJcVLa5EH7MTARtjH77tCZ6pI,0.0,ChIJcVLa5EH7MTARtjH77tCZ6pI,"['park', 'lodging', 'point_of_interest', 'establishment']",0.0,,"{'compound_code': 'G3XJ+4F Sihiong, Toba, North Sumatra, Indonesia', 'global_code': '6MJXG3XJ+4F'}",,https://www.google.com/maps/place/?q=place_id:ChIJcVLa5EH7MTARtjH77tCZ6pI
OPERATIONAL,"J2C4+9WX, Sipangan Bolon, Girsang Sipangan Bolon, Simalungun Regency, North Sumatra, Indonesia","{'location': {'lat': 2.6209956, 'lng': 99.0073673}, 'viewport': {'northeast': {'lat': 2.621770100000001, 'lng': 99.00899650000001}, 'southwest': {'lat': 2.6186721, 'lng': 99.0024797}}}",https://maps.gstatic.com/mapfiles/place_api/icons/v1/png_71/generic_business-71.png,#13B5C7,https://maps.gstatic.com/mapfiles/place_api/icons/v2/generic_pinlet,Sipangan bolon,,ChIJ_ebWTQDvMTARg3oA8VgztH8,0.0,ChIJ_ebWTQDvMTARg3oA8VgztH8,"['tourist_attraction', 'point_of_interest', 'establishment']",0.0,,,,https://www.google.com/maps/place/?q=place_id:ChIJ_ebWTQDvMTARg3oA8VgztH8
OPERATIONAL,"HX8C+J57, Sirunkkungon, Ajibata, Toba, North Sumatra 22386, Indonesia","{'location': {'lat': 2.566549, 'lng': 98.97043649999999}, 'viewport': {'northeast': {'lat': 2.5704865, 'lng': 98.97205472989273}, 'southwest': {'lat': 2.5652365, 'lng': 98.96935507010728}}}",https://maps.gstatic.com/mapfiles/place_api/icons/v1/png_71/generic_business-71.png,#13B5C7,https://maps.gstatic.com/mapfiles/place_api/icons/v2/generic_pinlet,Bukit Borta,,ChIJEyh3XIvlMTAR2WfJ3Z04jes,0.0,ChIJEyh3XIvlMTAR2WfJ3Z04jes,"['tourist_attraction', 'point_of_interest', 'establishment']",0.0,,,,https://www.google.com/maps/place/?q=place_id:ChIJEyh3XIvlMTAR2WfJ3Z04jes
OPERATIONAL,"J263+RWH, Sipangan Bolon, Girsang Sipangan Bolon, Simalungun Regency, North Sumatra 21174, Indonesia","{'location': {'lat': 2.6120544, 'lng': 99.0048568}, 'viewport': {'northeast': {'lat': 2.613604779892722, 'lng': 99.0061957798927}, 'southwest': {'lat': 2.610905120107278, 'lng': 99.00349612010727}}}",https://maps.gstatic.com/mapfiles/place_api/icons/v1/png_71/generic_business-71.png,#13B5C7,https://maps.gstatic.com/mapfiles/place_api/icons/v2/generic_pinlet,CITRA ALAM TOBA DE'HASIANDO Food court & wisata alam,"[{'height': 4080, 'html_attributions': ['<a href=""https://maps.google.com/maps/contrib/116538209407975045789"">Aven Vi</a>'], 'photo_reference': 'AUGGfZn7GsaJi3Bv206aOSIvl72Qq1yxOP3DEeau8OgDP2x0Xj2xidhDiBbW4imxknOyAEKiRD4ZnurnQlLv-q-Q714oc3Jn7QIZhMIHmS7d14tu21pwd5Wni1reft58-a2kzUwKCuhw81OcwLD1hiBEIyyMlKNlL7ImzSlA6RqRupxWKGfz', 'width': 3060}]",ChIJ3ZLNdT7vMTAR12FY19T2oCE,5.0,ChIJ3ZLNdT7vMTAR12FY19T2oCE,"['tourist_attraction', 'point_of_interest', 'establishment']",1.0,,,,https://www.google.com/maps/place/?q=place_id:ChIJ3ZLNdT7vMTAR12FY19T2oCE
OPERATIONAL,"JW5W+4CX, Pardamean Sibisa, Ajibata, Toba, North Sumatra 22386, Indonesia","{'location': {'lat': 2.6078521, 'lng': 98.9460998}, 'viewport': {'northeast': {'lat': 2.609422729892723, 'lng': 98.94764137989273}, 'southwest': {'lat': 2.606723070107278, 'lng': 98.94494172010728}}}",https://maps.gstatic.com/mapfiles/place_api/icons/v1/png_71/generic_business-71.png,#13B5C7,https://maps.gstatic.com/mapfiles/place_api/icons/v2/generic_pinlet,Caldera toba nomadic escape (glamour camping),"[{'height': 6000, 'html_attributions': ['<a href=""https://maps.google.com/maps/contrib/114682576860052359653"">Charles Kie</a>'], 'photo_reference': 'AUGGfZmDF_fFWB3NqXp2FBW3OFrbAvHYT9bT2NLiPkcGXfLXTNKiPJOvJUwyy_oB_ofVbPitbg4gyqBo0XnyqrqfhN38FcwJ-nRcphXryS8OxPXEcZzCJC_tjopJRH-wwsjBzipLjPFscRSMnjHJirRamM056kyjSIwa4D7fuMbKwqC1k-GW', 'width': 4000}]",ChIJDcpgb1jvMTARoO2uPixfgAs,4.5,ChIJDcpgb1jvMTARoO2uPixfgAs,"['tourist_attraction', 'point_of_interest', 'establishment']",148.0,{'open_now': True},,,https://www.google.com/maps/place/?q=place_id:ChIJDcpgb1jvMTARoO2uPixfgAs
OPERATIONAL,"F2XW+RP, Parik, Uluan, Toba, North Sumatra, Indonesia","{'location': {'lat': 2.4994468, 'lng': 99.0468493}, 'viewport': {'northeast': {'lat': 2.500763379892722, 'lng': 99.04813787989272}, 'southwest': {'lat': 2.498063720107278, 'lng': 99.04543822010729}}}",https://maps.gstatic.com/mapfiles/place_api/icons/v1/png_71/generic_business-71.png,#13B5C7,https://maps.gstatic.com/mapfiles/place_api/icons/v2/generic_pinlet,Endis house,"[{'height': 2332, 'html_attributions': ['<a href=""https://maps.google.com/maps/contrib/101387947599053636249"">A Google User</a>'], 'photo_reference': 'AUGGfZmdtoA2akPAoxlMTslOC453CLOpuK9zH91EDY2_zoUaN2ptPjOzeIHswzpjDYcc0AVixLlriXMGvZciQk6FpHq3DXuqbfk2ePRNKrAyTJNgUeqaEEaQa10Jj8FdAlpAxQW9CXjalr4aBn928Y6UVW7VkZ42ogOJPqRVES8gmrYQqFFd', 'width': 7072}]",ChIJzzDcbtj9MTARKxYFYOgZMKY,0.0,ChIJzzDcbtj9MTARKxYFYOgZMKY,"['tourist_attraction', 'point_of_interest', 'establishment']",0.0,{'open_now': True},,,https://www.google.com/maps/place/?q=place_id:ChIJzzDcbtj9MTARKxYFYOgZMKY
OPERATIONAL,"GX78+CG6, Pantai Lagundi Onan Runggu Samosir, Sitamiang, Kec. Onan Runggu, Kabupaten Samosir, Sumatera Utara, Indonesia","{'location': {'lat': 2.5135363, 'lng': 98.9662788}, 'viewport': {'northeast': {'lat': 2.514297879892722, 'lng': 98.96828682989272}, 'southwest': {'lat': 2.511598220107278, 'lng': 98.96558717010728}}}",https://maps.gstatic.com/mapfiles/place_api/icons/v1/png_71/generic_business-71.png,#13B5C7,https://maps.gstatic.com/mapfiles/place_api/icons/v2/generic_pinlet,Pondok Wisata Lagundi Samosir,"[{'height': 3024, 'html_attributions': ['<a href=""https://maps.google.com/maps/contrib/111769287274382123400"">Hotma Immanuel Hutagalung</a>'], 'photo_reference': 'AUGGfZmEFqyCXKpjDr--9-clUVAMzKAAwJjpFFjskTUJxfVT1wmn4zuDjVe96XTZ9zNcNCUwOe_xPWybgFWJhlPIY_54IE7-mf33Lkn7dvnwKwxgEIPveu0MHZhtTyzDoKoNdd4DvsYgF-Z8f2uIZKrLLIsBmRcRZ-z-B1Q5WI3RId94fwEZ', 'width': 4032}]",ChIJVSblf37kMTAREJVIg5GZ6V8,4.0,ChIJVSblf37kMTAREJVIg5GZ6V8,"['tourist_attraction', 'point_of_interest', 'establishment']",42.0,,,,https://www.google.com/maps/place/?q=place_id:ChIJVSblf37kMTAREJVIg5GZ6V8
OPERATIONAL,"JW2H+4QP, Unnamed Road, Motung, Ajibata, Toba, North Sumatra 22386, Indonesia","{'location': {'lat': 2.6003309, 'lng': 98.9294604}, 'viewport': {'northeast': {'lat': 2.601669179892722, 'lng': 98.93081517989275}, 'southwest': {'lat': 2.598969520107277, 'lng': 98.9281155201073}}}",https://maps.gstatic.com/mapfiles/place_api/icons/v1/png_71/generic_business-71.png,#13B5C7,https://maps.gstatic.com/mapfiles/place_api/icons/v2/generic_pinlet,Desa Wisata Sigapiton,"[{'height': 6000, 'html_attributions': ['<a href=""https://maps.google.com/maps/contrib/108500924481042014689"">Kristian sam</a>'], 'photo_reference': 'AUGGfZnoyaLHSM6rPcJddpKC9x0RnfU-kWa1Xg-6Ujtajyma6qby0HwCkIURvVl1ijF0AhOyRki50hMczXres7QSwMwpchAp4XQHfa4kAYlxHsmNTppLTcvqPRpvqpkYy8aeKYSsvU862iUAkUiIKCzc662b7tSUjm3Rp2j5_OqNqCqxSAV_', 'width': 8000}]",ChIJPZoBTxTvMTAR305Zqny5__w,4.5,ChIJPZoBTxTvMTAR305Zqny5__w,"['tourist_attraction', 'point_of_interest', 'establishment']",8.0,{'open_now': True},,,https://www.google.com/maps/place/?q=place_id:ChIJPZoBTxTvMTAR305Zqny5__w
OPERATIONAL,"J2C4+9WX, Sipangan Bolon, Girsang Sipangan Bolon, Simalungun Regency, North Sumatra, Indonesia","{'location': {'lat': 2.6209956, 'lng': 99.0073673}, 'viewport': {'northeast': {'lat': 2.621770100000001, 'lng': 99.00899650000001}, 'southwest': {'lat': 2.6186721, 'lng': 99.0024797}}}",https://maps.gstatic.com/mapfiles/place_api/icons/v1/png_71/generic_business-71.png,#13B5C7,https://maps.gstatic.com/mapfiles/place_api/icons/v2/generic_pinlet,Prapat pantai bebas,,ChIJMXMgWQDvMTARVEfjy7k9N0s,0.0,ChIJMXMgWQDvMTARVEfjy7k9N0s,"['tourist_attraction', 'point_of_interest', 'establishment']",0.0,,,,https://www.google.com/maps/place/?q=place_id:ChIJMXMgWQDvMTARVEfjy7k9N0s
OPERATIONAL,"JX24+27, Pardamean Sibisa, Ajibata, Toba, North Sumatra, Indonesia","{'location': {'lat': 2.6001024, 'lng': 98.9557415}, 'viewport': {'northeast': {'lat': 2.601518279892723, 'lng': 98.95709692989273}, 'southwest': {'lat': 2.598818620107278, 'lng': 98.95439727010728}}}",https://maps.gstatic.com/mapfiles/place_api/icons/v1/png_71/generic_business-71.png,#13B5C7,https://maps.gstatic.com/mapfiles/place_api/icons/v2/generic_pinlet,Kafe Indoweker,,ChIJgSg2RTTvMTARGALeGhO6NQk,0.0,ChIJgSg2RTTvMTARGALeGhO6NQk,"['tourist_attraction', 'point_of_interest', 'establishment']",0.0,{'open_now': False},,,https://www.google.com/maps/place/?q=place_id:ChIJgSg2RTTvMTARGALeGhO6NQk
OPERATIONAL,"JWGH+X6Q, Jl. Motung Sibisa, Parsaoran Ajibata, Kec. Ajibata, Toba, Sumatera Utara 22386, Indonesia","{'location': {'lat': 2.6269681, 'lng': 98.92748390000001}, 'viewport': {'northeast': {'lat': 2.628531979892723, 'lng': 98.92886182989274}, 'southwest': {'lat': 2.625832320107278, 'lng': 98.92616217010729}}}",https://maps.gstatic.com/mapfiles/place_api/icons/v1/png_71/generic_business-71.png,#13B5C7,https://maps.gstatic.com/mapfiles/place_api/icons/v2/generic_pinlet,Bongbongan Simananduk,,ChIJU1EJOhzvMTARsP42i_DFxOc,0.0,ChIJU1EJOhzvMTARsP42i_DFxOc,"['tourist_attraction', 'point_of_interest', 'establishment']",0.0,{'open_now': True},,,https://www.google.com/maps/place/?q=place_id:ChIJU1EJOhzvMTARsP42i_DFxOc
OPERATIONAL,"JWMX+FQC, Pardomuan Ajibata, Ajibata, Toba, North Sumatra, Indonesia","{'location': {'lat': 2.6336795, 'lng': 98.9493751}, 'viewport': {'northeast': {'lat': 2.63497465, 'lng': 98.95119067989272}, 'southwest': {'lat': 2.629794050000001, 'lng': 98.94849102010728}}}",https://maps.gstatic.com/mapfiles/place_api/icons/v1/png_71/generic_business-71.png,#13B5C7,https://maps.gstatic.com/mapfiles/place_api/icons/v2/generic_pinlet,Sijambur,"[{'height': 1920, 'html_attributions': ['<a href=""https://maps.google.com/maps/contrib/112762717025669077677"">A Google User</a>'], 'photo_reference': 'AUGGfZmxwKZri6vDUvTzzzITqFPLXg9QgfVryBRJ-unH-KCQYHOgCYbMUOOBEek3IA-fPCtpWDG7-m6NQnDaqolISTOWsOaWOrf4hPMz9HswnmtelfTp-E1Fbgf52_gLtu137j7AKQfUgUNpQuUZC28rZWcLjvLX2M4pROy-adwiZyX-eHGO', 'width': 1080}]",ChIJac-nXjHvMTARCb6RG76EDfE,4.0,ChIJac-nXjHvMTARCb6RG76EDfE,"['tourist_attraction', 'point_of_interest', 'establishment']",1.0,,,,https://www.google.com/maps/place/?q=place_id:ChIJac-nXjHvMTARCb6RG76EDfE
OPERATIONAL,"JXX7+F26, Sipangan Bolon, Kec. Girsang Sipangan Bolon, Kabupaten Simalungun, Sumatera Utara 21174, Indonesia","{'location': {'lat': 2.648759, 'lng': 98.963184}, 'viewport': {'northeast': {'lat': 2.650070929892722, 'lng': 98.96451112989271}, 'southwest': {'lat': 2.647371270107277, 'lng': 98.96181147010726}}}",https://maps.gstatic.com/mapfiles/place_api/icons/v1/png_71/generic_business-71.png,#13B5C7,https://maps.gstatic.com/mapfiles/place_api/icons/v2/generic_pinlet,POKDARWIS DOSROHA,"[{'height': 2080, 'html_attributions': ['<a href=""https://maps.google.com/maps/contrib/101580592204464921507"">A Google User</a>'], 'photo_reference': 'AUGGfZlfv2zoM16Rv9LETqCiqhqh92dEMcR-9JMANBu5Pko6UMJ2KlEj_R6RZTHJq2iXyHkclWLqHR3x5qjcnWE8N6eKH4XyHtQE-Wxhyjc4ggf2Cc2AxOJSLpQlcSo3ZNkd8H2m71TJxUTZpPWI4amL66PHBUSksSDTAkWBkISQwjy0Iyc8', 'width': 4160}]",ChIJYzmuYKvvMTARswC_CB9taG0,4.5,ChIJYzmuYKvvMTARswC_CB9taG0,"['tourist_attraction', 'point_of_interest', 'establishment']",2.0,,,,https://www.google.com/maps/place/?q=place_id:ChIJYzmuYKvvMTARswC_CB9taG0
OPERATIONAL,"GWGP+F2, Janji Matogu, Onan Runggu, Samosir Regency, North Sumatra, Indonesia","{'location': {'lat': 2.5261349, 'lng': 98.93505280000001}, 'viewport': {'northeast': {'lat': 2.527594329892722, 'lng': 98.93643702989272}, 'southwest': {'lat': 2.524894670107278, 'lng': 98.93373737010728}}}",https://maps.gstatic.com/mapfiles/place_api/icons/v1/png_71/generic_business-71.png,#13B5C7,https://maps.gstatic.com/mapfiles/place_api/icons/v2/generic_pinlet,Dolok Sibayo Bayo Simandudu,"[{'height': 2340, 'html_attributions': ['<a href=""https://maps.google.com/maps/contrib/109638667896331980803"">A Google User</a>'], 'photo_reference': 'AUGGfZkMeWySV8RL03lxO2ysVuhSM5gGMADVZGML-OVWDtwwkBU1p01YD33px-e_vJwVmQygxa4weceO693JRVSTOzg6--iB8al8jxdHPJB18prlJTKf0RTg3MY31yN9NqF_lGkqqX3_FnkZ4JpNTiemUzTA6uQbadDIRXBy1OdZBrfXQk65', 'width': 4160}]",ChIJM0CaHJflMTARl4gma1dIGsc,4.3,ChIJM0CaHJflMTARl4gma1dIGsc,"['tourist_attraction', 'point_of_interest', 'establishment']",4.0,,,,https://www.google.com/maps/place/?q=place_id:ChIJM0CaHJflMTARl4gma1dIGsc
OPERATIONAL,"HWQG+68, Sigapiton, Toba, North Sumatra, Indonesia","{'location': {'lat': 2.5881049, 'lng': 98.9258461}, 'viewport': {'northeast': {'lat': 2.589454729892723, 'lng': 98.92719592989272}, 'southwest': {'lat': 2.586755070107278, 'lng': 98.92449627010728}}}",https://maps.gstatic.com/mapfiles/place_api/icons/v1/png_71/generic_business-71.png,#13B5C7,https://maps.gstatic.com/mapfiles/place_api/icons/v2/generic_pinlet,X Plan GTA,,ChIJi21NKADvMTARHYzV1irscEw,0.0,ChIJi21NKADvMTARHYzV1irscEw,"['tourist_attraction', 'point_of_interest', 'establishment']",0.0,,,,https://www.google.com/maps/place/?q=place_id:ChIJi21NKADvMTARHYzV1irscEw
OPERATIONAL,"FXVF+4HR, Sitamiang, Onan Runggu, Samosir Regency, North Sumatra, Indonesia","{'location': {'lat': 2.4928746, 'lng': 98.9739053}, 'viewport': {'northeast': {'lat': 2.495299050000001, 'lng': 98.97935915000001}, 'southwest': {'lat': 2.492066449999999, 'lng': 98.97208735}}}",https://maps.gstatic.com/mapfiles/place_api/icons/v1/png_71/generic_business-71.png,#13B5C7,https://maps.gstatic.com/mapfiles/place_api/icons/v2/generic_pinlet,Siatulan Hill,"[{'height': 2296, 'html_attributions': ['<a href=""https://maps.google.com/maps/contrib/115907552395661600500"">A Google User</a>'], 'photo_reference': 'AUGGfZnS-KtFy5npSaFajDLJxCr55-DF9ttZUl3U5lfQl-w81RcnwWSOWQjpGflXdML3p7h3SKklqQvJlVLHoA-a72YH7v80c-i5Gl4QoQ0qV9vdfHl0t-tjelYSWuJXO0IThOk21GiQ4qa0aLMXpkGCoTWPaW2OayvTYiNCmhcrw2-R-aac', 'width': 4080}]",ChIJey_LMZDjMTARGHoPP1rTJzw,5.0,ChIJey_LMZDjMTARGHoPP1rTJzw,"['tourist_attraction', 'point_of_interest', 'establishment']",2.0,,,,https://www.google.com/maps/place/?q=place_id:ChIJey_LMZDjMTARGHoPP1rTJzw
OPERATIONAL,"HWXH+PPP, Sigapiton, Ajibata, Toba, North Sumatra 22386, Indonesia","{'location': {'lat': 2.5993295, 'lng': 98.929332}, 'viewport': {'northeast': {'lat': 2.601073779892722, 'lng': 98.93055222989273}, 'southwest': {'lat': 2.598374120107278, 'lng': 98.92785257010729}}}",https://maps.gstatic.com/mapfiles/place_api/icons/v1/png_71/generic_business-71.png,#13B5C7,https://maps.gstatic.com/mapfiles/place_api/icons/v2/generic_pinlet,Sigapiton,"[{'height': 3000, 'html_attributions': ['<a href=""https://maps.google.com/maps/contrib/106045592950059825863"">Doni Rio</a>'], 'photo_reference': 'AUGGfZlTbAWkbzcXUwZPqucmw7WiDpiQKNk-Ja0T5bNUIRWT0YlUHoxUCTB18eSYQ0KuDzbNCilWKeHIsN7j5W0Ty54lh1g3ZBZRdTy9CUjzXmB7waTRE5KFmBViu7l_TCrG0jerQiJC71qMRfdaJhFLhIa3EVVsqiyFww_ekjndooyHaSmp', 'width': 4000}]",ChIJKa57yRLvMTAR3QFPKXMJGI0,5.0,ChIJKa57yRLvMTAR3QFPKXMJGI0,"['tourist_attraction', 'point_of_interest', 'establishment']",1.0,,,,https://www.google.com/maps/place/?q=place_id:ChIJKa57yRLvMTAR3QFPKXMJGI0
OPERATIONAL,"JWCW+8W8, Motung, Ajibata, Toba, North Sumatra, Indonesia","{'location': {'lat': 2.6207813, 'lng': 98.94733430000001}, 'viewport': {'northeast': {'lat': 2.621577579892723, 'lng': 98.94861142989272}, 'southwest': {'lat': 2.618877920107278, 'lng': 98.94591177010727}}}",https://maps.gstatic.com/mapfiles/place_api/icons/v1/png_71/generic_business-71.png,#13B5C7,https://maps.gstatic.com/mapfiles/place_api/icons/v2/generic_pinlet,Agrowisata Jeruk Simarata,,ChIJIQNSHwDvMTARuRzSQu5hWqk,0.0,ChIJIQNSHwDvMTARuRzSQu5hWqk,"['tourist_attraction', 'point_of_interest', 'establishment']",0.0,{'open_now': True},,,https://www.google.com/maps/place/?q=place_id:ChIJIQNSHwDvMTARuRzSQu5hWqk
OPERATIONAL,"FXRG+HQ9, Sitamiang, Onan Runggu, Samosir Regency, North Sumatra, Indonesia","{'location': {'lat': 2.4914131, 'lng': 98.9769851}, 'viewport': {'northeast': {'lat': 2.493243379892723, 'lng': 98.97973490000003}, 'southwest': {'lat': 2.490543720107278, 'lng': 98.97606849999998}}}",https://maps.gstatic.com/mapfiles/place_api/icons/v1/png_71/generic_business-71.png,#13B5C7,https://maps.gstatic.com/mapfiles/place_api/icons/v2/generic_pinlet,sitamiang,,ChIJsY1rAADjMTARWf94fTwg7qE,0.0,ChIJsY1rAADjMTARWf94fTwg7qE,"['tourist_attraction', 'point_of_interest', 'establishment']",0.0,,,,https://www.google.com/maps/place/?q=place_id:ChIJsY1rAADjMTARWf94fTwg7qE
OPERATIONAL,"Kelurahan No.1, Girsang, Sipangan Bolon, Kabupaten Simalungun, Sumatera Utara 21174, Indonesia","{'location': {'lat': 2.6616414, 'lng': 98.96626330000001}, 'viewport': {'northeast': {'lat': 2.662938529892723, 'lng': 98.96721702989274}, 'southwest': {'lat': 2.660238870107278, 'lng': 98.96451737010729}}}",https://maps.gstatic.com/mapfiles/place_api/icons/v1/png_71/generic_business-71.png,#13B5C7,https://maps.gstatic.com/mapfiles/place_api/icons/v2/generic_pinlet,Ekowisata Harangan Girsang Paradise,"[{'height': 1280, 'html_attributions': ['<a href=""https://maps.google.com/maps/contrib/114523961809056532985"">A Google User</a>'], 'photo_reference': 'AUGGfZkxkBISE1qi2dYg2hbCo2bujZvedWidgZM5VcXTERzHdV3QwnOCLZ7CDxc9esj91C-B18nrU0UB8k3eYrp7GIBfuDwshzI0DgrVlbBJX1D4vWBKwRmsndimz3IxPuuI96EvZmQd71RPMVMiAguyP_TUYDgx8csO390gF7-Z2fqmxEPL', 'width': 1920}]",ChIJRZXSxL3vMTARqMRLT0-CR24,4.9,ChIJRZXSxL3vMTARqMRLT0-CR24,"['tourist_attraction', 'point_of_interest', 'establishment']",8.0,{'open_now': True},"{'compound_code': 'MX68+MG Girsang, Simalungun Regency, North Sumatra, Indonesia', 'global_code': '6MJWMX68+MG'}",,https://www.google.com/maps/place/?q=place_id:ChIJRZXSxL3vMTARqMRLT0-CR24
OPERATIONAL,"FXFR+F47, Sitamiang, Onan Runggu, Samosir Regency, North Sumatra, Indonesia","{'location': {'lat': 2.4736552, 'lng': 98.99028949999999}, 'viewport': {'northeast': {'lat': 2.475050479892722, 'lng': 98.99216392989273}, 'southwest': {'lat': 2.472350820107278, 'lng': 98.98946427010728}}}",https://maps.gstatic.com/mapfiles/place_api/icons/v1/png_71/generic_business-71.png,#13B5C7,https://maps.gstatic.com/mapfiles/place_api/icons/v2/generic_pinlet,Tujuan Laut,,ChIJhUD_yMjjMTARm3Cqh8nwxHc,0.0,ChIJhUD_yMjjMTARm3Cqh8nwxHc,"['tourist_attraction', 'point_of_interest', 'establishment']",0.0,,,,https://www.google.com/maps/place/?q=place_id:ChIJhUD_yMjjMTARm3Cqh8nwxHc
OPERATIONAL,"Jl. Pulau Samosir, Huta Hotang, Kec. Onan Runggu, Kabupaten Samosir, Sumatera Utara, Indonesia","{'location': {'lat': 2.5247007, 'lng': 98.9411274}, 'viewport': {'northeast': {'lat': 2.526036179892722, 'lng': 98.94247402989272}, 'southwest': {'lat': 2.523336520107278, 'lng': 98.93977437010729}}}",https://maps.gstatic.com/mapfiles/place_api/icons/v1/png_71/generic_business-71.png,#13B5C7,https://maps.gstatic.com/mapfiles/place_api/icons/v2/generic_pinlet,Huta Samosir,"[{'height': 4032, 'html_attributions': ['<a href=""https://maps.google.com/maps/contrib/101866952538720508842"">A Google User</a>'], 'photo_reference': 'AUGGfZkTq9HhUswQ1tR93o3ZpBjGEa6x5ptS-Z907JxbUB-PT0MUD1ZbKPRGW1XrnSjODrMxc7tXdJlWfWYI0tc5UTpI9ui1ybNAlumWXu3qRZErFKUwxI9kQBQAzgX_vwaH2PfUI-RD-EOWh9dJEMiHC_a7xgfGjXyHCiV560h9jM-L094', 'width': 3024}]",ChIJNwZgJgDlMTARCyFY2LkcIUI,0.0,ChIJNwZgJgDlMTARCyFY2LkcIUI,"['tourist_attraction', 'point_of_interest', 'establishment']",0.0,,,,https://www.google.com/maps/place/?q=place_id:ChIJNwZgJgDlMTARCyFY2LkcIUI
OPERATIONAL,"Girsang, Girsang Sipangan Bolon, Simalungun Regency, North Sumatra 21174, Indonesia","{'location': {'lat': 2.6594412, 'lng': 98.9728639}, 'viewport': {'northeast': {'lat': 2.660693579892722, 'lng': 98.97428447989272}, 'southwest': {'lat': 2.657993920107277, 'lng': 98.97158482010728}}}",https://maps.gstatic.com/mapfiles/place_api/icons/v1/png_71/generic_business-71.png,#13B5C7,https://maps.gstatic.com/mapfiles/place_api/icons/v2/generic_pinlet,air terjun halambingan,"[{'height': 4032, 'html_attributions': ['<a href=""https://maps.google.com/maps/contrib/109083566340243426282"">A Google User</a>'], 'photo_reference': 'AUGGfZlpFupGYTCROmssqg59XuPzqnZHf-t3zy-OwMBj_69m3WUrbb2nouT_aQd77MvFgOyskIyJ0tOHt8werLJi3oTf7Y6SVHF7S2Vec_4aCe8uF70sD4kpR5ob7uKZHdlfxwWgtag2hfzmXMjK3qvJDQuEVy-m_3T3ubE6_xp0vvjJ0PM7', 'width': 3024}]",ChIJv8uNBCjvMTARFebjxPVBWMg,5.0,ChIJv8uNBCjvMTARFebjxPVBWMg,"['tourist_attraction', 'point_of_interest', 'establishment']",6.0,{'open_now': True},"{'compound_code': 'MX5F+Q4 Girsang, Simalungun Regency, North Sumatra, Indonesia', 'global_code': '6MJWMX5F+Q4'}",,https://www.google.com/maps/place/?q=place_id:ChIJv8uNBCjvMTARFebjxPVBWMg
OPERATIONAL,"Pardomuan Ajibata, Ajibata, Toba, North Sumatra 21174, Indonesia","{'location': {'lat': 2.6404724, 'lng': 98.9516644}, 'viewport': {'northeast': {'lat': 2.6455739, 'lng': 98.95254817989272}, 'southwest': {'lat': 2.6387719, 'lng': 98.94984852010728}}}",https://maps.gstatic.com/mapfiles/place_api/icons/v1/png_71/generic_business-71.png,#13B5C7,https://maps.gstatic.com/mapfiles/place_api/icons/v2/generic_pinlet,Wisata Alam Ajibata,"[{'height': 4000, 'html_attributions': ['<a href=""https://maps.google.com/maps/contrib/107494471702637423820"">A Google User</a>'], 'photo_reference': 'AUGGfZk2QQSOwbtNDyes0S1VNxINDIeJ1yfsQ66-1_CDDqGMfAn21fMFDRL7r-ZRz7Yc9Pac8OYs6PiWCuDtk7At4x_bmzUKsPFx1mK0k5W-2i-152uG5nOwpHdJ4lFrz1jA2mWGk96p4lyOLZXRerJcw82-eJzcCHaWz9JJNleX_exo3Xdv', 'width': 3000}]",ChIJGSS-G2_vMTAReNzbwj0GTbQ,5.0,ChIJGSS-G2_vMTAReNzbwj0GTbQ,"['tourist_attraction', 'point_of_interest', 'establishment']",3.0,{'open_now': True},"{'compound_code': 'JXR2+5M Pardomuan Ajibata, Toba, North Sumatra, Indonesia', 'global_code': '6MJWJXR2+5M'}",,https://www.google.com/maps/place/?q=place_id:ChIJGSS-G2_vMTAReNzbwj0GTbQ
OPERATIONAL,"C5W4+69Q, Pasar Porsea, Porsea, Toba, North Sumatra 22384, Indonesia","{'location': {'lat': 2.4455842, 'lng': 99.1559935}, 'viewport': {'northeast': {'lat': 2.446961679892722, 'lng': 99.15733237989272}, 'southwest': {'lat': 2.444262020107277, 'lng': 99.15463272010729}}}",https://maps.gstatic.com/mapfiles/place_api/icons/v1/png_71/generic_business-71.png,#13B5C7,https://maps.gstatic.com/mapfiles/place_api/icons/v2/generic_pinlet,Selimbat,,ChIJNzaMBwD_MTARxi5EDUZ_wJ8,0.0,ChIJNzaMBwD_MTARxi5EDUZ_wJ8,"['tourist_attraction', 'point_of_interest', 'establishment']",0.0,,,,https://www.google.com/maps/place/?q=place_id:ChIJNzaMBwD_MTARxi5EDUZ_wJ8
OPERATIONAL,"JWXR+48, Pardamean Ajibata, Ajibata, Toba, North Sumatra, Indonesia","{'location': {'lat': 2.6477007, 'lng': 98.94088119999999}, 'viewport': {'northeast': {'lat': 2.65065045, 'lng': 98.94245287989274}, 'southwest': {'lat': 2.646717449999999, 'lng': 98.93975322010729}}}",https://maps.gstatic.com/mapfiles/place_api/icons/v1/png_71/generic_business-71.png,#13B5C7,https://maps.gstatic.com/mapfiles/place_api/icons/v2/generic_pinlet,Desa Wisata river side Juma Bulu,"[{'height': 6000, 'html_attributions': ['<a href=""https://maps.google.com/maps/contrib/105448666180858842301"">irwansyah harahapp</a>'], 'photo_reference': 'AUGGfZmPdQ0pFN-ZEgupjmmuXU1B3xDNIc5hFqQvq0feYwKaAMbMSIXYmOwCtPMFWQ5zgbOX4vQURhgODAdBS3LJFYmZhW9wNr9KwlATZzxM_81E27vDby-pF11_VHildpZEZFzWzr0Q9Gq9dy09QD78OR5awYmV6iWGD0vS4xr-t1lawjL2', 'width': 8000}]",ChIJKZTid3XvMTARwFI0vszRE4Q,5.0,ChIJKZTid3XvMTARwFI0vszRE4Q,"['tourist_attraction', 'point_of_interest', 'establishment']",7.0,{'open_now': True},,,https://www.google.com/maps/place/?q=place_id:ChIJKZTid3XvMTARwFI0vszRE4Q
OPERATIONAL,"MW7P+X23, Parapat, Girsang Sipangan Bolon, Simalungun Regency, North Sumatra, Indonesia","{'location': {'lat': 2.6648508, 'lng': 98.93504920000001}, 'viewport': {'northeast': {'lat': 2.666128079892722, 'lng': 98.93650627989273}, 'southwest': {'lat': 2.663428420107278, 'lng': 98.93380662010728}}}",https://maps.gstatic.com/mapfiles/place_api/icons/v1/png_71/generic_business-71.png,#13B5C7,https://maps.gstatic.com/mapfiles/place_api/icons/v2/generic_pinlet,Kapal pinisi danau toba,,ChIJwQS-90PvMTARCDE1zuIZlbU,1.0,ChIJwQS-90PvMTARCDE1zuIZlbU,"['tourist_attraction', 'point_of_interest', 'establishment']",1.0,{},,,https://www.google.com/maps/place/?q=place_id:ChIJwQS-90PvMTARCDE1zuIZlbU
OPERATIONAL,"Simananduk, Motung, Sumatera Utara, Toba, North Sumatra 22386, Indonesia","{'location': {'lat': 2.6275418, 'lng': 98.92801589999999}, 'viewport': {'northeast': {'lat': 2.628787479892722, 'lng': 98.92930252989272}, 'southwest': {'lat': 2.626087820107278, 'lng': 98.92660287010727}}}",https://maps.gstatic.com/mapfiles/place_api/icons/v1/png_71/generic_business-71.png,#13B5C7,https://maps.gstatic.com/mapfiles/place_api/icons/v2/generic_pinlet,Simananduk Motung,"[{'height': 3120, 'html_attributions': ['<a href=""https://maps.google.com/maps/contrib/109748114602813980348"">A Google User</a>'], 'photo_reference': 'AUGGfZnWFawoPcv_6LKw5_uFniB4Dm_njh9DomleV30g3PejqMgEUjmR3CmWZyzwma5QgQkgMOnOSWT-aXynZ9q1gCpAbRwCvCBnz4OXTAcWipQoo4xMgFWp5F9LuzOPbmWK17g73biREBrHkwdgQV-OtcBIU2xB5s3JS-G685im4oGNyryN', 'width': 4160}]",ChIJ733BJFTvMTAR7KevZUyGuNs,5.0,ChIJ733BJFTvMTAR7KevZUyGuNs,"['tourist_attraction', 'lodging', 'point_of_interest', 'establishment']",1.0,,"{'compound_code': 'JWHH+26 Motung, Toba, North Sumatra, Indonesia', 'global_code': '6MJWJWHH+26'}",,https://www.google.com/maps/place/?q=place_id:ChIJ733BJFTvMTAR7KevZUyGuNs
OPERATIONAL,"MW2M+R2M, Pardamean Ajibata, Ajibata, Toba, North Sumatra, Indonesia","{'location': {'lat': 2.6520827, 'lng': 98.9325375}, 'viewport': {'northeast': {'lat': 2.653457879892723, 'lng': 98.93386577989273}, 'southwest': {'lat': 2.650758220107278, 'lng': 98.93116612010728}}}",https://maps.gstatic.com/mapfiles/place_api/icons/v1/png_71/generic_business-71.png,#13B5C7,https://maps.gstatic.com/mapfiles/place_api/icons/v2/generic_pinlet,Long Beach,"[{'height': 1080, 'html_attributions': ['<a href=""https://maps.google.com/maps/contrib/106501033864305842664"">Putra Ginting</a>'], 'photo_reference': 'AUGGfZn3JjYVLnQCHrCUVHAFhTXatqyZHW5ZrL6MScgta1ScdG7DpsIGyEvYnS-wFpRgBBEFpbEm-UZjGG-G0KzOY5hyqTxFjwsqKFCpjMIcLKP-VviaLO4Qt42n-Xk8enHIZS_nj7agDAjeBl3JCM4G1K8YuTGcxiFGbj7xMpgQ3AvHDmaw', 'width': 1920}]",ChIJ1xPXGLHuMTAR_XGWFBarRX4,4.2,ChIJ1xPXGLHuMTAR_XGWFBarRX4,"['tourist_attraction', 'point_of_interest', 'establishment']",52.0,{'open_now': True},,,https://www.google.com/maps/place/?q=place_id:ChIJ1xPXGLHuMTAR_XGWFBarRX4
OPERATIONAL,"MW8V+5MF, Jl. Parapat, Sibaganding, Kec. Girsang Sipangan Bolon, Kabupaten Simalungun, Sumatera Utara 21174, Indonesia","{'location': {'lat': 2.6652811, 'lng': 98.9440084}, 'viewport': {'northeast': {'lat': 2.666630929892722, 'lng': 98.94535822989272}, 'southwest': {'lat': 2.663931270107278, 'lng': 98.94265857010728}}}",https://maps.gstatic.com/mapfiles/place_api/icons/v1/png_71/generic_business-71.png,#13B5C7,https://maps.gstatic.com/mapfiles/place_api/icons/v2/generic_pinlet,KOMMAIKO,,ChIJZXM2yJvvMTAR4YIvCfxrryE,0.0,ChIJZXM2yJvvMTAR4YIvCfxrryE,"['tourist_attraction', 'point_of_interest', 'establishment']",0.0,,,,https://www.google.com/maps/place/?q=place_id:ChIJZXM2yJvvMTAR4YIvCfxrryE
OPERATIONAL,"MW7G+R9J, Jl. Marihat, Tiga Raja, Kec. Girsang Sipangan Bolon, Kabupaten Simalungun, Sumatera Utara 21174, Indonesia","{'location': {'lat': 2.6651263, 'lng': 98.9258941}, 'viewport': {'northeast': {'lat': 2.666771429892723, 'lng': 98.92784447989273}, 'southwest': {'lat': 2.664071770107278, 'lng': 98.92514482010729}}}",https://maps.gstatic.com/mapfiles/place_api/icons/v1/png_71/generic_business-71.png,#13B5C7,https://maps.gstatic.com/mapfiles/place_api/icons/v2/generic_pinlet,Parapet secret view,"[{'height': 2248, 'html_attributions': ['<a href=""https://maps.google.com/maps/contrib/108728680374411669878"">A Google User</a>'], 'photo_reference': 'AUGGfZnoK4ir2CPXZqcZIuhQynxesg9smbWsPa-F1rAM3LusylsuazdNLQfYDK0VDAWLj5l6xsDzM3oXyA95aa2Zxy48hdKzEvqdG56rTu5xi4dRENw6jsglirmrvZNEd5SrwE2b_8S39CJRW1MXGG4SjwoXWXjgS4pkh_FCGPj5c_swuL7O', 'width': 4000}]",ChIJGaLuBJTvMTAR7DqxWwweD7c,4.0,ChIJGaLuBJTvMTAR7DqxWwweD7c,"['tourist_attraction', 'point_of_interest', 'establishment']",1.0,{'open_now': True},,,https://www.google.com/maps/place/?q=place_id:ChIJGaLuBJTvMTAR7DqxWwweD7c
OPERATIONAL,"FXCQ+839, Onan Runggu, Tambun Sungkean, Samosir Regency, North Sumatra, Indonesia","{'location': {'lat': 2.4707761, 'lng': 98.9877327}, 'viewport': {'northeast': {'lat': 2.472371629892722, 'lng': 98.992266}, 'southwest': {'lat': 2.469671970107278, 'lng': 98.98622160000001}}}",https://maps.gstatic.com/mapfiles/place_api/icons/v1/png_71/generic_business-71.png,#13B5C7,https://maps.gstatic.com/mapfiles/place_api/icons/v2/generic_pinlet,Gonting-gonting Ricefield,"[{'height': 3264, 'html_attributions': ['<a href=""https://maps.google.com/maps/contrib/106231740036567902895"">A Google User</a>'], 'photo_reference': 'AUGGfZkOVnHWYzuR8_shxRWthE2to9HV8LoED12Tu8W4Ddk2b5eOaM1i0SOIytbavSTVaZhCYgwH76QC6F-sxpyAUH5s6gQAxT8-_5w8vrVLzM68PWhGhFqRJasbiQ_3zvDe3OpBPL0rdXJZDfDDYK347-5tDKbeQJoPRQJwxZsnPbVwRbqI', 'width': 2448}]",ChIJYytxeSPjMTAROdhprfGSjoc,5.0,ChIJYytxeSPjMTAROdhprfGSjoc,"['tourist_attraction', 'point_of_interest', 'establishment']",1.0,,,,https://www.google.com/maps/place/?q=place_id:ChIJYytxeSPjMTAROdhprfGSjoc
OPERATIONAL,"JW5W+4CX, Pardamean Sibisa, Ajibata, Toba, North Sumatra 22386, Indonesia","{'location': {'lat': 2.6077362, 'lng': 98.9458058}, 'viewport': {'northeast': {'lat': 2.608764829892722, 'lng': 98.94735342989271}, 'southwest': {'lat': 2.606065170107278, 'lng': 98.94465377010728}}}",https://maps.gstatic.com/mapfiles/place_api/icons/v1/png_71/generic_business-71.png,#13B5C7,https://maps.gstatic.com/mapfiles/place_api/icons/v2/generic_pinlet,EV Rent Kaldera (Sewa Kendaraan Listrik),,ChIJq7F7DQDvMTARU4xuCoAvdEs,0.0,ChIJq7F7DQDvMTARU4xuCoAvdEs,"['tourist_attraction', 'point_of_interest', 'establishment']",0.0,{'open_now': True},,,https://www.google.com/maps/place/?q=place_id:ChIJq7F7DQDvMTARU4xuCoAvdEs
OPERATIONAL,"Sitinjak, Onan Runggu, Samosir Regency, North Sumatra 22394, Indonesia","{'location': {'lat': 2.4524699, 'lng': 98.966391}, 'viewport': {'northeast': {'lat': 2.453779379892722, 'lng': 98.96776437989273}, 'southwest': {'lat': 2.451079720107277, 'lng': 98.96506472010729}}}",https://maps.gstatic.com/mapfiles/place_api/icons/v1/png_71/generic_business-71.png,#13B5C7,https://maps.gstatic.com/mapfiles/place_api/icons/v2/generic_pinlet,Tugu Pakpahan Hutaraja,"[{'height': 9248, 'html_attributions': ['<a href=""https://maps.google.com/maps/contrib/117755615478961053216"">Jeffry Pakpahan</a>'], 'photo_reference': 'AUGGfZkLsFH9sQ8wNtgMpEtM6R5QhPTT7ssh7x8r5H84KO8Q0hiAwD25dsoUa4xOABGKOvPAid2YWf1AvSX2wC8mG4JcJT6MUTEuZ5pNFIcfwVO7ObxSbFq0dS_sqisMOPk6KIMePp7G0vMjCepmhTcqfTeComx0NbvOO10XoEYfXi0I12F3', 'width': 6944}]",ChIJi_xwdTjjMTAR_vh2tRUiVUM,4.5,ChIJi_xwdTjjMTAR_vh2tRUiVUM,"['tourist_attraction', 'point_of_interest', 'establishment']",8.0,{'open_now': True},"{'compound_code': 'FX28+XH Sitinjak, Samosir Regency, North Sumatra, Indonesia', 'global_code': '6MJWFX28+XH'}",,https://www.google.com/maps/place/?q=place_id:ChIJi_xwdTjjMTAR_vh2tRUiVUM
OPERATIONAL,"MW8P+4F6, Jln, Tiga Raja, bangangundolokKabupaten, Simalungun Regency, North Sumatra 21174, Indonesia","{'location': {'lat': 2.665285, 'lng': 98.936145}, 'viewport': {'northeast': {'lat': 2.666711579892722, 'lng': 98.93766132989272}, 'southwest': {'lat': 2.664011920107277, 'lng': 98.93496167010727}}}",https://maps.gstatic.com/mapfiles/place_api/icons/v1/png_71/generic_business-71.png,#13B5C7,https://maps.gstatic.com/mapfiles/place_api/icons/v2/generic_pinlet,Doloksimarbalatuk bangun dolok parapat,"[{'height': 4032, 'html_attributions': ['<a href=""https://maps.google.com/maps/contrib/105675472990054304990"">A Google User</a>'], 'photo_reference': 'AUGGfZmSC2aMkheVRhlMPUWKijCtyBMDd3-hkYJt23S2_y__DR0QVJciCcPekso7W0xkJZo8z7mVrZgjtkK-kdNsVgm9h5waA_Jok6sVrFPkvNJByAM1WIqE-I3m8Jwzb8DBmkg7qqRAR6jCNBL29jv-c8E9JPA02dgVPWHzJbLzxfAmUl9M', 'width': 3024}]",ChIJp1Fh8zbvMTARVtDc0hCKYZg,0.0,ChIJp1Fh8zbvMTARVtDc0hCKYZg,"['tourist_attraction', 'point_of_interest', 'establishment']",0.0,,,,https://www.google.com/maps/place/?q=place_id:ChIJp1Fh8zbvMTARVtDc0hCKYZg
OPERATIONAL,"FX3H+J75, Tugu, Toga, Onan Runggu, Samosir Regency, North Sumatra 22394, Indonesia","{'location': {'lat': 2.4540232, 'lng': 98.9782192}, 'viewport': {'northeast': {'lat': 2.455404079892722, 'lng': 98.97966107989272}, 'southwest': {'lat': 2.452704420107278, 'lng': 98.97696142010727}}}",https://maps.gstatic.com/mapfiles/place_api/icons/v1/png_71/shopping-71.png,#4B96F3,https://maps.gstatic.com/mapfiles/place_api/icons/v2/shopping_pinlet,TUGU TOGA SAMOSIR,"[{'height': 2000, 'html_attributions': ['<a href=""https://maps.google.com/maps/contrib/110719573491231746323"">Emilia Rumiri Siagian</a>'], 'photo_reference': 'AUGGfZlrusgXileyNGTvXo3HlNXugRgXeIuLeTBH3HBKUL1f-ShLUlpx52Swpggg7iRWv-INCUQVVJ1FVr3a2XjX_jAss8ijqhNJZaLhrymEaWcsVyj5TvQ1fSB49JTIyMJEciAAMczjcY3I_fH7n8fQZlPFP0c2Vi8bg3jNWpyQF3cBT6dJ', 'width': 4000}]",ChIJM8NJPfLiMTARHEuhVjX4bME,5.0,ChIJM8NJPfLiMTARHEuhVjX4bME,"['tourist_attraction', 'store', 'point_of_interest', 'establishment']",9.0,,,,https://www.google.com/maps/place/?q=place_id:ChIJM8NJPfLiMTARHEuhVjX4bME
OPERATIONAL,"Sigapiton, Ajibata, Toba, North Sumatra, Indonesia","{'location': {'lat': 2.6067911, 'lng': 98.94593669999999}, 'viewport': {'northeast': {'lat': 2.608142629892722, 'lng': 98.94728182989273}, 'southwest': {'lat': 2.605442970107278, 'lng': 98.9445821701073}}}",https://maps.gstatic.com/mapfiles/place_api/icons/v1/png_71/generic_business-71.png,#13B5C7,https://maps.gstatic.com/mapfiles/place_api/icons/v2/generic_pinlet,The Kaldera,"[{'height': 3024, 'html_attributions': ['<a href=""https://maps.google.com/maps/contrib/104448857637509024001"">roland joshua</a>'], 'photo_reference': 'AUGGfZkr0xjb0oLj_h1YqhaZC3PsRWe3sjh8skX3B4oxt3NiZjWpMWekpSA_0sHZ7-ETQN9yJyEUBtP38yPdM8G9Qx_yQGCgS6eTxM-XmbhoRkP_uNVY7o0-7ngNTrQmSIJ01cjz_hIRDeV8MPXbH9EvWdrI-tG5aDUIy7epT4oNzd9AAZwh', 'width': 4032}]",ChIJ-aDn-xHvMTARyAKNoWdHFXU,4.5,ChIJ-aDn-xHvMTARyAKNoWdHFXU,"['tourist_attraction', 'campground', 'park', 'lodging', 'point_of_interest', 'establishment']",3147.0,,"{'compound_code': 'JW4W+P9 Sigapiton, Toba, North Sumatra, Indonesia', 'global_code': '6MJWJW4W+P9'}",,https://www.google.com/maps/place/?q=place_id:ChIJ-aDn-xHvMTARyAKNoWdHFXU
OPERATIONAL,"MW7M+2M3, Parapat, Girsang Sipangan Bolon, Simalungun Regency, North Sumatra, Indonesia","{'location': {'lat': 2.6625151, 'lng': 98.9341627}, 'viewport': {'northeast': {'lat': 2.663842979892723, 'lng': 98.93551627989272}, 'southwest': {'lat': 2.661143320107278, 'lng': 98.93281662010729}}}",https://maps.gstatic.com/mapfiles/place_api/icons/v1/png_71/generic_business-71.png,#13B5C7,https://maps.gstatic.com/mapfiles/place_api/icons/v2/generic_pinlet,pondok wisata,"[{'height': 1920, 'html_attributions': ['<a href=""https://maps.google.com/maps/contrib/101265616660424799239"">Hasian Marbun</a>'], 'photo_reference': 'AUGGfZlXlly5HdCgaBU0pe5wxbKk-qIjGnnGPaXbaSsVuM-2BkVBSsQsHnQR8xW0FzXxqzK5IIx_2sB29bM6gOsNgBOKNim7UtdZmRrHxcoB7vTbT_mosY8oeUgO1olEBAwpsptcJ6AribVtvU2KiM5C6E3D8d8frCEqUHX6nhQvxIYECPwV', 'width': 1080}]",ChIJU6nLRwDvMTAR-Z2LB7g_wEM,0.0,ChIJU6nLRwDvMTAR-Z2LB7g_wEM,"['tourist_attraction', 'point_of_interest', 'establishment']",0.0,,,,https://www.google.com/maps/place/?q=place_id:ChIJU6nLRwDvMTAR-Z2LB7g_wEM
,"Lumban Julu, Toba, North Sumatra, Indonesia","{'location': {'lat': 2.575872200000001, 'lng': 99.0605915}, 'viewport': {'northeast': {'lat': 2.633673, 'lng': 99.08845799999999}, 'southwest': {'lat': 2.501678, 'lng': 98.971904}}}",https://maps.gstatic.com/mapfiles/place_api/icons/v1/png_71/geocode-71.png,#7B9EB0,https://maps.gstatic.com/mapfiles/place_api/icons/v2/generic_pinlet,Lumban Julu,"[{'height': 4160, 'html_attributions': ['<a href=""https://maps.google.com/maps/contrib/103293136959803402610"">Rhomiko Christoffel</a>'], 'photo_reference': 'AUGGfZmbbA6WoAEBjVVBG2MJsSWSYySiCWEXGdoDoSxA4HnIxqDYOB6ASVvP97bZpNOHuJD-m0kpvTz39mfoFx_CqlZzCyzP13vfuSVKHJMsBVHR6dXjngGmhHMVC9Cfjdp93LhAmnmXiJX309Ur4VJdr6kjD9DZZXUiQr3cNGsZZaKtwQMz', 'width': 3120}]",ChIJF09_Rb_6MTARlxAZ2EPleK4,,ChIJF09_Rb_6MTARlxAZ2EPleK4,"['administrative_area_level_3', 'political']",,,,,https://www.google.com/maps/place/?q=place_id:ChIJF09_Rb_6MTARlxAZ2EPleK4
OPERATIONAL,"Jln.Prof.Midian Sirait Kecamatan Parmaksian, Tobasa, Toba, Sumatera Utara 22532, Indonesia","{'location': {'lat': 2.4550929, 'lng': 99.15942059999999}, 'viewport': {'northeast': {'lat': 2.456402729892722, 'lng': 99.16081402989272}, 'southwest': {'lat': 2.453703070107278, 'lng': 99.15811437010728}}}",https://maps.gstatic.com/mapfiles/place_api/icons/v1/png_71/generic_business-71.png,#7B9EB0,https://maps.gstatic.com/mapfiles/place_api/icons/v2/generic_pinlet,Toba trekking,"[{'height': 1500, 'html_attributions': ['<a href=""https://maps.google.com/maps/contrib/115034360823569331613"">A Google User</a>'], 'photo_reference': 'AUGGfZkAgl7XmETTZ0N49dT-S9WtwhCZgjTzUaqAYtIY8qduWb6ojtDwklO2dx_2OxxGMbVOb6yDAM-sT3lbKo0cBalDXGRpf2nyCkTy1JFeiyFH5GEycLKrVumA0u1tq0-V9mn-xsuu53nQhvEmVoCLtiYhgCt5OcSSuVwyD_yXXRurSt9O', 'width': 1500}]",ChIJ4_xm4pn_MTARrHjUeExpi8I,5.0,ChIJ4_xm4pn_MTARrHjUeExpi8I,"['tourist_attraction', 'point_of_interest', 'establishment']",5.0,{'open_now': True},"{'compound_code': 'F545+3Q Patane III, Toba, North Sumatra, Indonesia', 'global_code': '6MJXF545+3Q'}",,https://www.google.com/maps/place/?q=place_id:ChIJ4_xm4pn_MTARrHjUeExpi8I
OPERATIONAL,"C4JX+JRR, Unnamed Road, Parparean II, Kec. Porsea, Toba, Sumatera Utara 22384, Indonesia","{'location': {'lat': 2.4316183, 'lng': 99.1495293}, 'viewport': {'northeast': {'lat': 2.432999229892722, 'lng': 99.15087352989272}, 'southwest': {'lat': 2.430299570107277, 'lng': 99.14817387010727}}}",https://maps.gstatic.com/mapfiles/place_api/icons/v1/png_71/generic_business-71.png,#13B5C7,https://maps.gstatic.com/mapfiles/place_api/icons/v2/generic_pinlet,WISATA ALAM PASIR PUTIH PARPAREAN,"[{'height': 1080, 'html_attributions': ['<a href=""https://maps.google.com/maps/contrib/116940939641928161857"">Supriadi YNCI</a>'], 'photo_reference': 'AUGGfZn_vmJdfFjsuvpXTqznZR2sKt6OOuS6J3lOv_POb3uCvHb0ztrWi2IllorkIlvRhiuMkx1G3KjJ2hetoKZraBQXFPotM5TvOjs8u9dIkC5sQZqoZwClk4Gd92SvbtsXyvB6a3roF7kIJKXrnJhVUH61FoQn2JwKFV-EpV4aiVSNmbuB', 'width': 1920}]",ChIJm5vGpSL_MTARoW05vTzHAws,4.6,ChIJm5vGpSL_MTARoW05vTzHAws,"['tourist_attraction', 'point_of_interest', 'establishment']",8.0,,,,https://www.google.com/maps/place/?q=place_id:ChIJm5vGpSL_MTARoW05vTzHAws
OPERATIONAL,"MW8G+6H3, Pantai Bebas Parapat, Girsang Simpanganbolon, Tiga Raja, Kec. Girsang Sipangan Bolon, Kabupaten Simalungun, Sumatera Utara 21174, Indonesia","{'location': {'lat': 2.6655038, 'lng': 98.9264259}, 'viewport': {'northeast': {'lat': 2.666961979892722, 'lng': 98.92834617989271}, 'southwest': {'lat': 2.664262320107277, 'lng': 98.92564652010726}}}",https://maps.gstatic.com/mapfiles/place_api/icons/v1/png_71/generic_business-71.png,#13B5C7,https://maps.gstatic.com/mapfiles/place_api/icons/v2/generic_pinlet,Tempat Internerinshuis van Soekarno,"[{'height': 3024, 'html_attributions': ['<a href=""https://maps.google.com/maps/contrib/101112160446253540658"">Vieviex Swastika</a>'], 'photo_reference': 'AUGGfZlgGvp36kJdkL32sPHPYxgoXfFydjyzs4oGDrLNas8wHdoFMp5JEb5VTt9_zatVkG3MluwC37w4tc8fgQtBN80ZqlVc5LBbIAXWrp1uk_blpmt5ciQjxQt-zrzPcO5jAyE7K767IDDBpptBVeuL0AJ9q-diV8ROzr4ZpC2rKdhNmm8n', 'width': 4032}]",ChIJ8dIWfKruMTARTJsOI9QWmDk,4.4,ChIJ8dIWfKruMTARTJsOI9QWmDk,"['tourist_attraction', 'point_of_interest', 'establishment']",265.0,,,,https://www.google.com/maps/place/?q=place_id:ChIJ8dIWfKruMTARTJsOI9QWmDk
OPERATIONAL,"HXPV+CPH, Central Sionggang, Lumban Julu, Toba, North Sumatra, Indonesia","{'location': {'lat': 2.5860665, 'lng': 98.994348}, 'viewport': {'northeast': {'lat': 2.587416329892723, 'lng': 98.99569782989272}, 'southwest': {'lat': 2.584716670107278, 'lng': 98.99299817010728}}}",https://maps.gstatic.com/mapfiles/place_api/icons/v1/png_71/generic_business-71.png,#13B5C7,https://maps.gstatic.com/mapfiles/place_api/icons/v2/generic_pinlet,Gideon hill & waterfall,,ChIJD5qSIwDlMTARNTm98fmkjic,0.0,ChIJD5qSIwDlMTARNTm98fmkjic,"['tourist_attraction', 'point_of_interest', 'establishment']",0.0,,,,https://www.google.com/maps/place/?q=place_id:ChIJD5qSIwDlMTARNTm98fmkjic
CLOSED_PERMANENTLY,"H2XH+7WV, Lumbanrang, Sionggang Utara, Kec. Lumban Julu, Toba, Sumatera Utara 22386, Indonesia","{'location': {'lat': 2.5982415, 'lng': 99.02980699999999}, 'viewport': {'northeast': {'lat': 2.599803729892723, 'lng': 99.0305697}, 'southwest': {'lat': 2.597104070107278, 'lng': 99.02751890000002}}}",https://maps.gstatic.com/mapfiles/place_api/icons/v1/png_71/generic_business-71.png,#13B5C7,https://maps.gstatic.com/mapfiles/place_api/icons/v2/generic_pinlet, ,,ChIJxX3jf5DxMTARBASwB5cqtYg,0.0,ChIJxX3jf5DxMTARBASwB5cqtYg,"['tourist_attraction', 'point_of_interest', 'establishment']",0.0,,,True,https://www.google.com/maps/place/?q=place_id:ChIJxX3jf5DxMTARBASwB5cqtYg
CLOSED_TEMPORARILY,"G3F2+3JG, Sibaruang, Lumban Julu, Toba, North Sumatra, Indonesia","{'location': {'lat': 2.5226969, 'lng': 99.0515805}, 'viewport': {'northeast': {'lat': 2.523962279892722, 'lng': 99.05291992989272}, 'southwest': {'lat': 2.521262620107277, 'lng': 99.05022027010729}}}",https://maps.gstatic.com/mapfiles/place_api/icons/v1/png_71/generic_business-71.png,#13B5C7,https://maps.gstatic.com/mapfiles/place_api/icons/v2/generic_pinlet,"Lumban Sinaga, Vevi Verdianto Sitorus",,ChIJu3rukvD7MTAR_Y6HVUv2ItE,0.0,ChIJu3rukvD7MTAR_Y6HVUv2ItE,"['tourist_attraction', 'point_of_interest', 'establishment']",0.0,,,True,https://www.google.com/maps/place/?q=place_id:ChIJu3rukvD7MTAR_Y6HVUv2ItE
CLOSED_TEMPORARILY,"H3G4+PCP, Jangga Toruan, Lumban Julu, Toba, North Sumatra 22386, Indonesia","{'location': {'lat': 2.5768363, 'lng': 99.0560902}, 'viewport': {'northeast': {'lat': 2.578250529892723, 'lng': 99.05752137989272}, 'southwest': {'lat': 2.575550870107278, 'lng': 99.05482172010727}}}",https://maps.gstatic.com/mapfiles/place_api/icons/v1/png_71/generic_business-71.png,#13B5C7,https://maps.gstatic.com/mapfiles/place_api/icons/v2/generic_pinlet,Swimingpoollosungaek,"[{'height': 1080, 'html_attributions': ['<a href=""https://maps.google.com/maps/contrib/109611494825324779052"">A Google User</a>'], 'photo_reference': 'AUGGfZk7D66vQCNm81xhsV1CLzODmiK0PjYdNIsTTX6L8FFdJr26Mny4hFKI7JH_COAP3Yp26dBcp6JSjblkkGlEYDJn1cO2PpSXb3uxYBybXgN-rUb8I6U9jmFNV82eCq6_MlDC3Ka5u4pVxK8s7YI9QPpYj9Gx_V5wBiG80ia2KcLiSeZ5', 'width': 1920}]",ChIJYUyToeD7MTARZNl5m9omhyM,5.0,ChIJYUyToeD7MTARZNl5m9omhyM,"['tourist_attraction', 'point_of_interest', 'establishment']",1.0,,,True,https://www.google.com/maps/place/?q=place_id:ChIJYUyToeD7MTARZNl5m9omhyM
CLOSED_TEMPORARILY,"G24R+78, Sibaruang, Lumban Julu, Toba, North Sumatra, Indonesia","{'location': {'lat': 2.5056686, 'lng': 99.0407654}, 'viewport': {'northeast': {'lat': 2.506436629892722, 'lng': 99.04175667989271}, 'southwest': {'lat': 2.503736970107277, 'lng': 99.03905702010726}}}",https://maps.gstatic.com/mapfiles/place_api/icons/v1/png_71/generic_business-71.png,#13B5C7,https://maps.gstatic.com/mapfiles/place_api/icons/v2/generic_pinlet,Panatapan gopgopan,,ChIJHQCy8iv9MTAR2T8Nv8i-z7k,0.0,ChIJHQCy8iv9MTAR2T8Nv8i-z7k,"['tourist_attraction', 'point_of_interest', 'establishment']",0.0,,,True,https://www.google.com/maps/place/?q=place_id:ChIJHQCy8iv9MTAR2T8Nv8i-z7k
