formatted_address,name,place_id,rating,types,user_ratings_total,photos,lat,lng,history_and_cultural,nature_and_adventure,entertainment_and_leisure,spiritual_and_architecture,wildlife_and_conservation
"JX5X+W4, Pao Pao, Alu, Polewali Mandar Regency, West Sulawesi, Indonesia","Pao Pao, Alu",ChIJoXypZQCjlC0R8_dGVoqskYg,4.0,"['tourist_attraction', 'point_of_interest', 'establishment']",1.0,,-3.3900802,118.9978021,0,0,0,0,0
"HXRF+2PG, Alu, Polewali Mandar Regency, West Sulawesi 96365, Indonesia",Hutan Bambu Alu,ChIJOeEBdEijlC0RJ1C4MwdYJ78,4.3,"['park', 'tourist_attraction', 'point_of_interest', 'establishment']",20.0,"[{'height': 1456, 'html_attributions': ['<a href=""https://maps.google.com/maps/contrib/107900184547374605684"">Diana Wahyuni</a>'], 'photo_reference': 'AUGGfZmTYnJrAClFyKdrkre_pN_9OdmwFgI4-lqfzWIcDILbByyLO93WXldLQLPF3RQKpNF89ZrJVH1-zxBv9IsKLBGOFZvTTdAYFzRmlsaN70Y9geCxRsc8ercGHfj1lBuYA4lZZ1ZsDU7F_-rJntNajaVF3R2lCkEOgJQhECD4MNFktqiL', 'width': 2592}]",-3.4099325,118.9743339,0,0,1,0,0
"H25G+C7C, Salarri, Limboro, Polewali Mandar Regency, West Sulawesi, Indonesia","Air Terjun Piung,Desa Salarri",ChIJ5SD7UAK9lC0R-IQ8W9qJZ30,5.0,"['tourist_attraction', 'point_of_interest', 'establishment']",1.0,,-3.4414313,119.0256257,0,0,0,0,0
"JWQ8+54, Puppu Uring, Alu, Polewali Mandar Regency, West Sulawesi, Indonesia",Air terjun palappang,ChIJuWegT2OllC0RQtr42hXB-mA,4.0,"['tourist_attraction', 'point_of_interest', 'establishment']",1.0,"[{'height': 1200, 'html_attributions': ['<a href=""https://maps.google.com/maps/contrib/106832530051017732641"">A Google User</a>'], 'photo_reference': 'AUGGfZkKp5sezy-AlCyYFTDbUT6Vx_zeq2IpUAGQEjV40Y199PAebZVvNf-ZAxLoPjqEh7bsx7b-oy1FVe1nGzPTB5LM_j0I0D7h96eWa-ug36oalmy53y9ufNnXw6b3twdBiTWHDUN6IV8ghhiWnxb1yZgoj0ShU3T123fxnnzxC0YMS2It', 'width': 1600}]",-3.3620469,118.9152928,0,0,0,0,0
"Balanipa, Polewali Mandar Regency, West Sulawesi 91354, Indonesia",Batu Ro'bo Alle-Alle,ChIJWxbdoiaXlC0RuQzkVmTOxLU,4.7,"['tourist_attraction', 'point_of_interest', 'establishment']",3.0,"[{'height': 901, 'html_attributions': ['<a href=""https://maps.google.com/maps/contrib/111766422469312081216"">A Google User</a>'], 'photo_reference': 'AUGGfZnaJirNyK7sUw8E73y9D7zI13CZM8KlgxSjGhFo83_EcjsmBluE7tlvyeJD8Z8dW_4GajtWr3_EotQmpTAPT2zxdj8F1CisFWky4M3dOhgwzPDDtcvBeFN4U7GaLgNkCS4EigsFPuxm52U6_ABhPekchtRzSSgVlcHpn5y24pV4te57', 'width': 1600}]",-3.4740709,119.0504003,0,0,0,0,0
"MX7F+72C, Unnamed Road, Puppu Uring, Alu, Kabupaten Polewali Mandar, Sulawesi Barat 91355, Indonesia",Bendungan air pam PDAM,ChIJPbo3k3ChlC0REbRK9WOw8TI,5.0,"['tourist_attraction', 'point_of_interest', 'establishment']",2.0,"[{'height': 828, 'html_attributions': ['<a href=""https://maps.google.com/maps/contrib/113057351752667895063"">harmoni moni</a>'], 'photo_reference': 'AUGGfZlqjVtFmCrMrZqBnLB2A-LwMmcHY2d-I4FeG2lqort9OqCReM6LYAfzWksHRRp0UoSffK2AVvqPyxtJI5pWNEGczzzUcsfa2IpVYROTlp3Vy-QW6fvPRMuQwZ7zhmsT8XQQAaAwN2Ud6UMnRhWhgpEXDLztjqim1P1I998l9Iq0kReI', 'width': 1792}]",-3.3368083,118.9725274,0,0,0,0,0
"F3VM+3RW, Bala, Balanipa, Polewali Mandar Regency, West Sulawesi 91353, Indonesia",Dermaga Bala,ChIJD62vrdCVlC0RfiM5ERMaqqc,5.0,"['tourist_attraction', 'point_of_interest', 'establishment']",1.0,,-3.5072669,119.0845687,0,0,0,0,0
"FW8R+R23, Baru, Banggae, Majene Regency, West Sulawesi, Indonesia",Mata Uwai Salu,ChIJuw0vAJ-5lC0Rn_w1gaU5X6Y,5.0,"['tourist_attraction', 'point_of_interest', 'establishment']",2.0,"[{'height': 4160, 'html_attributions': ['<a href=""https://maps.google.com/maps/contrib/108499741786363579902"">A Google User</a>'], 'photo_reference': 'AUGGfZmL-mVBg7gspVHUTzAWnMokcQ-QXKf4dKCBME-0SK5gCSSfs5Mv0hUFpjuB0PdZo6-AW88VXGr4qqf5TATdSkIyJ18qaKcNn9LgXCgUVnnycz5FIIjyIVC31SeykIdI1mUd3qdiTswxMbxvswqU99WuPu7M9jFNMtRUOAILx_vP086Z', 'width': 2340}]",-3.532997,118.940062,0,0,0,0,0
"G42H+XM7, Laliko, Campalagian, Polewali Mandar Regency, West Sulawesi, Indonesia",Tambak Hj Samsul,ChIJF9q-NDiVlC0Rf6rXrXw9ItI,5.0,"['tourist_attraction', 'point_of_interest', 'establishment']",1.0,,-3.4975807,119.1291779,0,0,0,0,0
"M4Q5+2RW, Unnamed Road, Batupanga Daala, Kec. Luyo, Kabupaten Polewali Mandar, Sulawesi Barat 91353, Indonesia",Permandian Makula BTP,ChIJjwsNHRCflC0RTnYMnsWNhvI,4.5,"['tourist_attraction', 'point_of_interest', 'establishment']",2.0,"[{'height': 2448, 'html_attributions': ['<a href=""https://maps.google.com/maps/contrib/100567647997026583301"">Abd Muis</a>'], 'photo_reference': 'AUGGfZmZKtD6npc9T1eHIKhgRHlNDaFnjhxDliDg7btz4ujAss8PNjKOiAz1vcvsCoAWdzbUAIVwcv19__fFppxgLQnXnJr3SSd-6aYBGnm4oj2uMjSdD21XnvXjuTR7K1aoH7yxR775VlrUF40y6q_ZkMQKuyuLZnC986NBYzLlTWVDfLEV', 'width': 3264}]",-3.3123773,119.1095668,0,0,0,0,0
"F3QX+PMR, Jl. Poros Majene - Mamuju, Bala, Kec. Balanipa, Kabupaten Polewali Mandar, Sulawesi Barat 91353, Indonesia",Spot Foto Pantai Palippis,ChIJTZq8YK2VlC0R_QqI2RhVTJU,3.0,"['tourist_attraction', 'point_of_interest', 'establishment']",4.0,"[{'height': 4032, 'html_attributions': ['<a href=""https://maps.google.com/maps/contrib/115510587139384106343"">A Google User</a>'], 'photo_reference': 'AUGGfZmA392I2DlRsRKsXfbkdhjkn3RfnxZG95WlNBP_PbUuVkBt1ao_vIhog6XfZ5kkEcavzOST36EMoq1barrj8uAT8S5UWObnVqcOsjQbex5usedGsfKRIizKTlW9Dy1Aed6UxbpShzMYiAoMFKYbgkdsqEAyEj8Ii21BOCHKSkr9v2N1', 'width': 3024}]",-3.5106495,119.0991488,0,1,0,0,0
"Pambusuang, Balanipa, Polewali Mandar Regency, West Sulawesi 91353, Indonesia",Nusa Pustaka Museum and Library,ChIJ4dIIk8eVlC0R8h3qychse8o,4.4,"['museum', 'tourist_attraction', 'point_of_interest', 'establishment']",78.0,"[{'height': 3456, 'html_attributions': ['<a href=""https://maps.google.com/maps/contrib/111515559819642366669"">Muhammad Ridwan</a>'], 'photo_reference': 'AUGGfZlp7fdJlvvos6YjZZPtJvDo4zyCiCvM3_0fJEX4Y9JZYT50KCFmcGDRxDVMZ1jazrzWGKoVcZAM1ztEIgWpedKyKkX9cyN2jOnjJ4Ka3ojzAkDTzWmFOBhZN-dHG9vaUlLxSgFNZy8lep0NflbBqUV3ens4i9VzxXFu7dCqDKfyHdXN', 'width': 4608}]",-3.5035625,119.0793125,1,0,0,0,0
"Todilalaing, Jl. Todilaling, Samasundu, Kec. Limboro, Kabupaten Polewali Mandar, Sulawesi Barat 91354, Indonesia",Sumur Jodoh (Sumur 3),ChIJG0DGQMC9lC0RpYTmuOxHKjM,3.7,"['tourist_attraction', 'point_of_interest', 'establishment']",10.0,"[{'height': 720, 'html_attributions': ['<a href=""https://maps.google.com/maps/contrib/111817758338744879135"">Vidix Mul</a>'], 'photo_reference': 'AUGGfZm0ajXUT0xuJnJdjUj5l51cDq0Fw1reboBeDlUlAt_i92-WSRRbhPE1SSUoHpzrRTwBWEsUs7XwuRi9BL0QT4j1_YIoy5PyUKFv9zjO5DqdzUNNMrmkTU8AmH-teHcnuEjFaxbeo9jeOtKxG-riC2HEy8DlMgd2hUXuaCF6gnV3AU2C', 'width': 960}]",-3.4717845,119.0211049,0,0,0,0,0
"GV8M+PGF, Lalampanua, Pamboang, Majene Regency, West Sulawesi 91451, Indonesia",Taraujung Pamboang,ChIJ9X-nVyO6lC0Rv93FC4rz0Ag,4.3,"['tourist_attraction', 'point_of_interest', 'establishment']",78.0,"[{'height': 4160, 'html_attributions': ['<a href=""https://maps.google.com/maps/contrib/114891963420299140220"">A Google User</a>'], 'photo_reference': 'AUGGfZnDlC_LAkvjQhBmbRNuIqeQAG_Vi1lyUs6gS9HcrjR4f4UTUjNPnrVMn2iTYkMyc4f_vUegiJnsepAEay-BRQlWr3GSWS0SPMo4KL58VSoFTmJgDLDbJqZHj5tsTBs5CYkjzQtEhdUa1-E0wNIWqDYnacjOUbW9s-yVkXuIh_pwfugb', 'width': 3120}]",-3.4831875,118.8837969,0,0,0,0,0
"G49Q+6GH, Pappang, Campalagian, Polewali Mandar Regency, West Sulawesi 91353, Indonesia",Alun Alun Tomadio,ChIJAxTsj12XlC0Rja7b4A1jiww,4.4,"['tourist_attraction', 'point_of_interest', 'establishment']",38.0,"[{'height': 3468, 'html_attributions': ['<a href=""https://maps.google.com/maps/contrib/102820229174109378484"">Reza fauzi Mandala putra</a>'], 'photo_reference': 'AUGGfZnZLRBSYRTJG5HPLuKgv8-dfbhS6QRrAn9ivNGOaX3HjcazOXPFvdzd-UzaEISrw7J8eXZ5Ac51CvBkvw1YAqsjr2w7SDwb3eV43Mpy6UIWLTG-fReAIt6gdBTf3zg7QRv8snjMHzsXuNcLJ7zA96rDkPX4fZwjLNzVhp4Di8Ur06Jm', 'width': 4624}]",-3.4818723,119.1389192,0,0,0,0,0
"Jl. Raden Suradi, Pangali-Ali, Kec. Banggae, Kabupaten Majene, Sulawesi Barat, Indonesia",Museum - Ziekenhuis - Mandar Majene,ChIJgTe4H0i_lC0R0oNHz0lK3lk,4.6,"['museum', 'tourist_attraction', 'point_of_interest', 'establishment']",106.0,"[{'height': 3120, 'html_attributions': ['<a href=""https://maps.google.com/maps/contrib/113287393036880931097"">didik suhendro</a>'], 'photo_reference': 'AUGGfZlDRW7CRX9n3FnAtHVsPm-xdjha4A8Gc65LQL69DHvhC45YIgraSX5RZ9M82FTVujv3N2WQ-GSWtHujEuxHfsUeic_dsJMEcHCua4NN17Bard_RX65gQouw4seqeAtMOlqyXJgI4hZa10QgWHMv-rHdfAXlJpPQEynjK0mJy1o915Re', 'width': 4160}]",-3.5441966,118.9632956,1,0,0,0,0
"F4M6+WQ5, Laliko, Campalagian, Polewali Mandar Regency, West Sulawesi, Indonesia",Pantai Wisata Labuang,ChIJSwFWF7CVlC0RFmqeXRV2Saw,4.6,"['tourist_attraction', 'point_of_interest', 'establishment']",43.0,"[{'height': 3096, 'html_attributions': ['<a href=""https://maps.google.com/maps/contrib/110467089365888079125"">A Google User</a>'], 'photo_reference': 'AUGGfZmgF-JN1QAf8De1kEaAtsPHTvLqlfxwTQOORoRedBemqWJ4mUAScTpK3MxnZAdZaa9ASD23ICB1BQw0sAhsmz-JmoOmU-vdqAhEhW1VdSk4vz5tamtbFp-RLDI96q650m5HHTtfh9ny2gHHgoVKT4LqSAuEUUoKY_CQSVXFNygn3XIG', 'width': 4128}]",-3.5152358,119.1119761,0,1,1,0,0
"GVFJ+8FM, Jl. Poros Majene - Mamuju, Lalampanua, Kec. Pamboang, Kabupaten Majene, Sulawesi Barat 91451, Indonesia",Rewata'a Pamboang,ChIJc1UAFBW6lC0RaCFaJ_4okeA,4.6,"['tourist_attraction', 'point_of_interest', 'establishment']",131.0,"[{'height': 2322, 'html_attributions': ['<a href=""https://maps.google.com/maps/contrib/109628192612460865781"">Pandi Sapri</a>'], 'photo_reference': 'AUGGfZnuvmZI0PwfDYeHGQlPapG-Z_0FmZyy-5b016F_8MLDD0iwxnphe6ECEjJ5ayKpgFOzU_FykR_d0ETz_DWHzxjrRzVvInzbPGlLhbETNAaFYaNf0tyKgwnGoSB8GyE1tXjgW6c0Nrq1gQkylrIO1L8b_dkJ2M71AWTB_9Lgh-184AZ1', 'width': 4128}]",-3.4766642,118.8811724,0,0,0,0,0
"JV36+R7X, Mosso Dhua, Sendana, Majene Regency, West Sulawesi 91452, Indonesia",Wisata Lambe Lambe Somba,ChIJ5bp8TH2llC0Rg46arNaa1Co,3.9,"['tourist_attraction', 'point_of_interest', 'establishment']",22.0,"[{'height': 2250, 'html_attributions': ['<a href=""https://maps.google.com/maps/contrib/103299618248451402217"">isna khairiyah</a>'], 'photo_reference': 'AUGGfZnlLblBcnK88__62X7cSeio8PZI4CZ05dK1jZjaX9O3Q1ghkKcn-P_UTdReqls1M8m0SG1UchAb0P8R-OF4p3XuMI28x8Te5QTJzbA_2Kfkq_0tLQTGLMUNtcUJljvFeZ791PDU4KzWAZtBAzKz74DYKg2mIpl-zM3MYoEnQ-O_mjA', 'width': 4000}]",-3.3953827,118.8607306,0,0,1,0,0
"GVCM+MG2, Jl. Poros Majene - Mamuju, Lalampanua, Kec. Pamboang, Kabupaten Majene, Sulawesi Barat 91451, Indonesia",Mangrove Park,ChIJaQzukLu7lC0RjuK7sPUb9-8,4.5,"['tourist_attraction', 'point_of_interest', 'establishment']",57.0,"[{'height': 2800, 'html_attributions': ['<a href=""https://maps.google.com/maps/contrib/108361975239552516370"">Muhammad Irlan Sandy</a>'], 'photo_reference': 'AUGGfZmH4E1xtUYZxkrPIneWvM1WAg1AokCVl7CUdc2_XRazfdXrSnwGPbYC2hVZXm3_scN2qGIuURy30S2jB0FCUPf5uIWajjWmimGv7aW4hJnVHtLTTyZ78OOch2P--33Y88OX5miBM5Bq4ZOijhbyzoYKCP_37f7y27p0Nd0KVsJHG9Ns', 'width': 4432}]",-3.4783541,118.8837648,0,0,1,0,0
"F2VC+J7R, Tinambung, Polewali Mandar Regency, West Sulawesi 91412, Indonesia",Festival Sungai Mandar,ChIJ-S7mmmq-lC0RM8g3QkdVV_Y,4.2,"['park', 'tourist_attraction', 'point_of_interest', 'establishment']",273.0,"[{'height': 3120, 'html_attributions': ['<a href=""https://maps.google.com/maps/contrib/102234337098403898686"">Km Nol</a>'], 'photo_reference': 'AUGGfZlaJpbfbfSpZTZVNQQPxa7vErNJUWaH82WGgnTPUOFsCOtzAMiU726lU5c947YL3nhREDg5PmARSdglMjUt5rN3WNJXzMtQ06bFim5HeATtEpzTpWmLx7F0S3rAMtJUzm9v1GRgaDYYBOaQYDp1E3xq5VdnmLQh3OXRZMk82xNpn9GJ', 'width': 4160}]",-3.5058928,119.0206379,0,0,1,0,0
"H227+V8, Lembang Lembang, Limboro, Polewali Mandar Regency, West Sulawesi, Indonesia",Kelompok Tani Bukit Tandus,ChIJlcHMYwC9lC0RUbi0C12LQHc,5.0,"['tourist_attraction', 'point_of_interest', 'establishment']",1.0,"[{'height': 3120, 'html_attributions': ['<a href=""https://maps.google.com/maps/contrib/116125484651549578916"">A Google User</a>'], 'photo_reference': 'AUGGfZnKFyzYsy0uK-89th5QitH1Wpp1oBpRdnB8TGV4eLa3Mtj2LoW0wsXS-_H8xT2RUYY6mtxRxv3AGuodICJx8vctCOePOSfGxgoGLoOgoy1wfxtyG4j9mSQrJ-Ga_JWkASRNVud8YMn8gMwumkQPkOXkvt_5PNTognL5jT7_Q6JBUhAt', 'width': 4160}]",-3.4477699,119.0133158,0,1,0,0,0
"GWG9+XXG, Balombong, Betteng, Kec. Pamboang, Kabupaten Majene, Sulawesi Barat 91451, Indonesia",Buttu Pattumea Betteng,ChIJR5H7z9G7lC0RpafNtrEiypA,4.5,"['tourist_attraction', 'point_of_interest', 'establishment']",28.0,"[{'height': 3456, 'html_attributions': ['<a href=""https://maps.google.com/maps/contrib/110391186358055561927"">Ikhwan Mahmud</a>'], 'photo_reference': 'AUGGfZmHhauaqo3JU90s57AP2dBuKNV6rXhK3pmU6ksWKRZsEBQaRGtrl1euDiNZ_fQA402nvVQnyaouX8B-lSLkwFEHLChZfMI71X0EyoSTtRmjXKwj3kiZmDZHQwZaJNDiLpgxg_gwhD2y1qSzpogv4BhowLIbySQtCzbjNxQ3rKFJ2qEI', 'width': 4608}]",-3.472555,118.919949,0,0,0,0,0
"GWHR+58M, Unnamed Road, Betteng, Kec. Pamboang, Kabupaten Majene, Sulawesi Barat 91451, Indonesia",Bukit Mata Wai Pinus Majene,ChIJxduheAm7lC0RwDyrM-s-g9c,4.1,"['tourist_attraction', 'point_of_interest', 'establishment']",10.0,"[{'height': 1080, 'html_attributions': ['<a href=""https://maps.google.com/maps/contrib/109863747474553488818"">A Google User</a>'], 'photo_reference': 'AUGGfZnergwLriZu6ZwTZ2S5Cizx1hcdJaQmFWelRNaHbPaiGZHehVU7m-92BcrNZSTDi1xLZx814gi-LsZZaVjB0f8nwVXsdYXX4D8ajSmcazwhophFaSC6n802FjGu0jg7dLoUr559r2rP03dQv0OhpPHDeLhAm1sPb-7LRTnASLE_JQKt', 'width': 1080}]",-3.472037,118.940804,0,1,0,0,0
"JWR8+VMX, Desa Paminggalan, Kec. Sendana, Kabupaten Majene, Sulawesi Barat 96365, Indonesia",DESA PAMINGGALAN,ChIJVcv2cQ-llC0R3yljAEXbwpc,4.8,"['tourist_attraction', 'point_of_interest', 'establishment']",9.0,"[{'height': 4000, 'html_attributions': ['<a href=""https://maps.google.com/maps/contrib/106832530051017732641"">A Google User</a>'], 'photo_reference': 'AUGGfZlUjjQGOl2oUlhOk2cNpHw_81eRqoRvda2tG36mNK_k-OTZXGi0Rn1z7-Ca9dAPEGG1tqrvBH9kz8zPOTNDbNx_u4eqxscmUt3BptQW5k6jsoHT_zFST5vsw4J3T2g0lqfeKqvo9uh3Dc7WoMDUZG8oEbxhp9SGYSCMPBWSPnCQ1MQx', 'width': 3000}]",-3.3577693,118.9167207,0,0,0,0,0
"F3WF+CP7, Sabang Subik, Balanipa, Polewali Mandar Regency, West Sulawesi, Indonesia",Dermaga Sabang Subik,ChIJm4GpySaVlC0RiSrm6-2L16g,5.0,"['tourist_attraction', 'point_of_interest', 'establishment']",2.0,"[{'height': 4032, 'html_attributions': ['<a href=""https://maps.google.com/maps/contrib/108222107069141454520"">A Google User</a>'], 'photo_reference': 'AUGGfZmuzzjXsG2LwiW2-bX7JSgnZyr6ygypP7n2zLokl0bF9j9eikGQUQuiQB90DN-PYIqsH2949TcD1B807Uk_ZBrkyB91eqSghuTNoZE-B7n2e3a9WElzmtqFFobFGx_6Nv-q1vxJ0DPztm_nqEUIVGGc8s4FrhEsqvfwAWrQ5xbcIJB6', 'width': 3016}]",-3.5039637,119.0742904,0,0,0,0,0
"GWC3+8V, Betteng, Pamboang, Majene Regency, West Sulawesi 91451, Indonesia",Destinasi Buttu Paung,ChIJF7yW2pK7lC0R7iStqplOVLw,3.5,"['tourist_attraction', 'point_of_interest', 'establishment']",2.0,"[{'height': 3000, 'html_attributions': ['<a href=""https://maps.google.com/maps/contrib/113248758874308626573"">A Google User</a>'], 'photo_reference': 'AUGGfZknFxPeUey_-l2O2TRAMF0zLAczoTJvWoqQ1jYD36MyMAJPy-4Vd7mHkdNIB_27o8sa-p355Qnaq9B8Mctyv5fCewq2VAosE7TJ3iU6aMxY3vo3Mu5YrV5_ePkdDcV6ZVRbaKrXKUVxlO1QEJmpUJ-6wydBfIB-MaQcxd8DuYOrmibh', 'width': 3000}]",-3.4791885,118.9047232,0,0,0,0,0
"Labuang, Banggae Timur, Majene Regency, West Sulawesi 91412, Indonesia",Tanggul Batu Cincin,ChIJ06WaJlO_lC0RtR5vydcXeNU,4.5,"['tourist_attraction', 'point_of_interest', 'establishment']",76.0,"[{'height': 1920, 'html_attributions': ['<a href=""https://maps.google.com/maps/contrib/103920855829527143754"">A Google User</a>'], 'photo_reference': 'AUGGfZkULIAn5A_pJHHyC5TI35uBhZn5cDo0qxd6_URqeVk1vnD8Gdn2_4Q-I6yP6cDca3WXYffqqn10eaohtvRezEMnFxA7QVYpehR_FZY46s5bPPJs-oRCYlV3YKv7AgOgVlZSb5sVH8zgP97lWAGCA3A2_z3JKRzCNdx-xMyJQuPj6KbG', 'width': 1080}]",-3.5492673,118.9773346,0,0,0,0,0
"F2C5+JR8, Tandung, Tinambung, Polewali Mandar Regency, West Sulawesi, Indonesia",Pandeng Beach,ChIJNWLLjCW_lC0RrqI5MW6XRi0,4.0,"['tourist_attraction', 'point_of_interest', 'establishment']",2.0,"[{'height': 1080, 'html_attributions': ['<a href=""https://maps.google.com/maps/contrib/106331084481139915378"">A Google User</a>'], 'photo_reference': 'AUGGfZktMp0omwybJcC6AsVNFBtcczo_EuyVBlLGKV9WxcUTK6QKD9Jjv7qFgbciJ01h6xzgE-qo7M50sjbABLdR3tCzaTeT1cLK9C6k6msp_lGjFvag-qh33Y6GKFcsBGhA6l2wpLVjku5RQY50qZuwoCd401-CSAsggIlMo15_2-P3Tm5A', 'width': 1920}]",-3.5284562,119.0095697,0,1,0,0,0
"FX75+9VV, Lingkungan Panggalo Salabose, Pangali-Ali, Kec. Banggae, Kabupaten Majene, Sulawesi Barat 91411, Indonesia",Wisata Alam Bukit Kappung Mammesa,ChIJ5XlEhba_lC0Re1ruNY_Waa4,5.0,"['tourist_attraction', 'point_of_interest', 'establishment']",2.0,"[{'height': 1280, 'html_attributions': ['<a href=""https://maps.google.com/maps/contrib/106784070239240352713"">A Google User</a>'], 'photo_reference': 'AUGGfZkMeoQ9oNLniCAUzilINNMbDMl8A97cusk96179bE-4yOrGA7pLTX0Ay_tonGv9GIcceC5acz1dBZD1Kk8LV4OtWqJ_sdAsnOqxtiMFbVg_EfPjieAviNO7_GScIKdM6fxkQx3ChuTih-NlI1jc1PFYR_DA_Z1VHjldhwdL-5AYCGX8', 'width': 960}]",-3.536515,118.9596733,0,1,1,0,0
"J9F2+G7, Anreapi, Polewali Mandar Regency, West Sulawesi, Indonesia",Kolam Pokdakan Sajarrannu Fish,ChIJTzfN4AWHlC0Rt9v231QsPFo,4.0,"['tourist_attraction', 'point_of_interest', 'establishment']",1.0,"[{'height': 2250, 'html_attributions': ['<a href=""https://maps.google.com/maps/contrib/102578137489289483757"">A Google User</a>'], 'photo_reference': 'AUGGfZkBfLjYKWn4m9Zj0SrovzuRhlLOUlQPNg6JA1nYbbEj_t3h8Yb1mtPjHtxa9fYcAdzhFOOxlLvpUbZZKgTw8Oc70DMDTNX79YeWtugGEdegbWGgpRRr4HItVCeZ-2EBzmCw0-CTrkNvQy5NK9D4SXDVC6UDmLAXvcvor0xaeeN6g1fd', 'width': 4000}]",-3.3761875,119.3506875,0,0,0,0,0
"J9G8+RXQ, Kunyi, Anreapi, Polewali Mandar Regency, West Sulawesi, Indonesia",Kampung Rumede,ChIJyZFOVpmHlC0Ra7jg3CgfYdI,4.3,"['tourist_attraction', 'point_of_interest', 'establishment']",91.0,"[{'height': 1152, 'html_attributions': ['<a href=""https://maps.google.com/maps/contrib/118252793940941281260"">A Google User</a>'], 'photo_reference': 'AUGGfZlQxcxizk9Mrkvv-FmITM_UsUWgqP2MNVYNUsS0uRWKmfPvj7H_4TUHzPzejq6wjR2e1qhjIH8_WE9fuTuLzvbeeoFcC0KEpyHJ3aZB_p-njh27eD58aeX15wghIY8klA4Mqb-tEEvgD4N6ot2OQH4ly0HFG2ZN2yrEootX6UYtVUGi', 'width': 864}]",-3.3729037,119.3674906,0,0,0,0,0
"J9XW+GPJ, Jl. Indoranuang, Kunyi, Kec. Anreapi, Kabupaten Polewali Mandar, Sulawesi Barat 91315, Indonesia",Indo Rannuang Waterfall,ChIJt3oIfD2HlC0RQkZnITqSg1c,4.9,"['tourist_attraction', 'point_of_interest', 'establishment']",18.0,"[{'height': 3096, 'html_attributions': ['<a href=""https://maps.google.com/maps/contrib/115148919263160614725"">nur fawwaz</a>'], 'photo_reference': 'AUGGfZlU9BS04f1ZIowv3oX-Uij-fQhdA_rgc9BQF360v500LEgqc8IRuXahoSV9et_PY9DZB3J0Ud423hb3Z_bkGRe06DySu2kedSkev9J0YOT0-7oPOZNfbhqYJpHAfVeXTTqA5FJo45OScG_xRZ6Lzi2m6KXKdH_D80hXX5zsseJqFSDw', 'width': 4128}]",-3.3511631,119.3967559,0,0,0,0,0
"J9J6+3XQ, Kelapa Dua, Anreapi, Polewali Mandar Regency, West Sulawesi, Indonesia",Mayumi Farm,ChIJN25ACW2BlC0RH8Xt8Le0O0Q,5.0,"['tourist_attraction', 'point_of_interest', 'establishment']",1.0,"[{'height': 1080, 'html_attributions': ['<a href=""https://maps.google.com/maps/contrib/106847803735765217922"">zainatul ihwan</a>'], 'photo_reference': 'AUGGfZkTEUUKWA_jMLqQQHQ5hEPwfjSHMiyEUt498A5C9cVcidkqBgBzfeRSY4ug8w74mWranm3bUZALBtIjaDIsaY7uu-1EdaxzZTiFld5Avn94JO82Aw9ax_IKZPFfi8pS4Xle_i-Q7vX-WBUDWZoyX0bF_Z-gW32ZvZHIa3EQOJTnZF0U', 'width': 1920}]",-3.3697871,119.362479,0,0,0,0,0
"J9HC+3H2, Kunyi, Anreapi, Polewali Mandar Regency, West Sulawesi, Indonesia",wisata alam patipo,ChIJU6DXlwWHlC0RtdE1qhUh-EI,5.0,"['tourist_attraction', 'point_of_interest', 'establishment']",6.0,"[{'height': 963, 'html_attributions': ['<a href=""https://maps.google.com/maps/contrib/116575705675888027858"">A Google User</a>'], 'photo_reference': 'AUGGfZnitJjy-lxMV2kJ0QX7bJFoq9oId5mzLrapJc-oE48NUUGT3_b2wCeufOzKJIiqzGxdlITMRWQcEpffms6Cm3SbScWDeKQQ3udpTR-th8y2oAZ7HNHxb3HJUE3h_OChkhOz-hYDW2XHoXpeUBVEiHEbF6IjaRTBNh7jsdRAV0z0V6H2', 'width': 1280}]",-3.372367,119.3714041,0,0,1,0,0
"J89V+37H, Jl Beluak, Lebani, Kec. Anreapi, Kabupaten Polewali Mandar, Sulawesi Barat 91315, Indonesia",Rumah Tiara Amang cat orange,ChIJh1aRedmHlC0R712V0ZJiK3E,5.0,"['tourist_attraction', 'point_of_interest', 'establishment']",1.0,"[{'height': 1080, 'html_attributions': ['<a href=""https://maps.google.com/maps/contrib/116353903453770790010"">A Google User</a>'], 'photo_reference': 'AUGGfZmU2cSUsWT-S8MoyJYBWZ9WCtB4MYmtue7idwf3k8Ur86e9ppW5zSkRpS6c1vijnN_Bgq5Uv6UAVkutyk6ohkrrr1IgMi7OeUeTW1XWaR9PxVZV7GhCBmBBZdR3xzOBkdOvk1H8mpSMhp0W87FMkuBNBD9j2imzbtJ8yx2bo_xXOVyJ', 'width': 1920}]",-3.382807,119.342376,0,0,0,0,0
"J9HF+HQ, Kunyi, Anreapi, Polewali Mandar Regency, West Sulawesi, Indonesia",Wisata Alam Lembah Tottong,ChIJ-R_UQwCHlC0RkZ2a_UGZewQ,4.5,"['tourist_attraction', 'point_of_interest', 'establishment']",2.0,"[{'height': 4080, 'html_attributions': ['<a href=""https://maps.google.com/maps/contrib/108769039353310636892"">Kahar Udhink</a>'], 'photo_reference': 'AUGGfZnbOJoRn3mEZkGS1oB6opkbrBrPBH1W-cy5L_Fpjn8VnMVNc8LO_gdLRBcgo5fEtdXAUxNGLE98gJ0tcv5tTjEf0ylW8IgKi8kF4lb9O-gUx6AfxovqLigAlAUOyEVt7HeriZklnAIIs2qz2sPn_B2XiOFFR_k_zk5tNjdt98qCIugo', 'width': 2296}]",-3.3710114,119.3743854,0,0,1,0,0
"J9JV+54F, Dusun Rarekan, Kunyi, Kec. Anreapi, Kabupaten Polewali Mandar, Sulawesi Barat, Indonesia",Air Terjun Batu Sitanduk,ChIJSWuPG1aHlC0RgnnGijn31go,4.7,"['tourist_attraction', 'point_of_interest', 'establishment']",3.0,"[{'height': 1280, 'html_attributions': ['<a href=""https://maps.google.com/maps/contrib/103512535722411333574"">A Google User</a>'], 'photo_reference': 'AUGGfZmsnnJcjYG_y6yc1eGQSRsGx4ox8_erq-bltW-GotatvJaJtn2jX54opEfsX6oVln6yBluQjOvIvbdKVrPP2pyuxyVJwCejgg7j5hQZblFnM3nvFNwPLHJ_g2u6VXGa41pyY6wMWKl4N81bhVlwDM4OAmGgryxpGWdf9NmFtjAkUXw1', 'width': 924}]",-3.3695676,119.3928064,0,0,0,0,0
"J9JF+8J7, Kunyi, Anreapi, Polewali Mandar Regency, West Sulawesi 91315, Indonesia",Permandian Limbong Durian,ChIJ0bl-sNOHlC0R6RoJbOF93uA,5.0,"['tourist_attraction', 'point_of_interest', 'establishment']",1.0,"[{'height': 2448, 'html_attributions': ['<a href=""https://maps.google.com/maps/contrib/108769039353310636892"">Kahar Udhink</a>'], 'photo_reference': 'AUGGfZmIQlFNnE1zhzdPbCY_A-JmvgQEpwSDmncMAyU3UyWSFaUN7sDChpupOOYkc15V3n77DMP593tQuNidq55yCDmieWLb6G7P-d7kzzVnXR5qP7Q_2M0-nh63O2B9KlLezkEpcPB5tYkpE8TXdu4vJvnH-B2dmFJRsY8-vRSNIvsghJWY', 'width': 3264}]",-3.3692004,119.374041,0,0,0,0,0
"J9HF+XMW, Kunyi, Anreapi, Polewali Mandar Regency, West Sulawesi, Indonesia",Wisata alam alla‚ alla‚,ChIJt9zjRQCHlC0R2K0NWtVfxZM,5.0,"['tourist_attraction', 'point_of_interest', 'establishment']",1.0,"[{'height': 960, 'html_attributions': ['<a href=""https://maps.google.com/maps/contrib/104649782573792892841"">A Google User</a>'], 'photo_reference': 'AUGGfZk7t1rpnyX3sZKMunhozncA8TgxPdM-4ttZ5o2izTn_ombbGqqP1DMzPabtDnSw3OP9SmOAxc7ukgmHq0HsP6QS3Y549IIMmooGGBkQGLL1uTrMQkTVXtvCnfCZNJlnSlGXIrj0GENPpNFRyHF1jrid2kgqt3mGujZ2VOBoaVqhNyE_', 'width': 720}]",-3.3700194,119.374205,0,0,1,0,0
"J9HC+3H2, Kunyi, Anreapi, Polewali Mandar Regency, West Sulawesi, Indonesia",Rumede gasebo bata_bata,ChIJS2xbEwCHlC0RkkFdUXhKtFw,5.0,"['tourist_attraction', 'point_of_interest', 'establishment']",2.0,"[{'height': 810, 'html_attributions': ['<a href=""https://maps.google.com/maps/contrib/104955840948224247594"">A Google User</a>'], 'photo_reference': 'AUGGfZktyqvnkTxhVJettGow75MFBAQVVX6CgX1CNL3m_O-Iy6MglLeqD5QHcHgaOeFVuhvrVXxnHiL9M-triJBQmRR6e3lv17Iueqx9JWXygh1IzfC8oTl81oyK61-nO8ALL5IDeZI3oUCao7JdNw3ULQLRJSibMA5gp6Vqy9dgZ4BWUI5Z', 'width': 1080}]",-3.37185,119.370906,0,0,0,0,0
"J9F8+6QW, Jl. Poros Pokko Kunyi, Kunyi, Kec. Anreapi, Kabupaten Polewali Mandar, Sulawesi Barat 91315, Indonesia",Limbong Sitodo,ChIJ5dJKNFKGlC0RYh1paSAHZVU,3.6,"['tourist_attraction', 'point_of_interest', 'establishment']",23.0,"[{'height': 4000, 'html_attributions': ['<a href=""https://maps.google.com/maps/contrib/116992352317801481690"">A Google User</a>'], 'photo_reference': 'AUGGfZn56JolR8W1h6nJWOjmLz2XxkCtmzW8qJKa2qQslW9ZM3_O7fp_6HJDO9O1NMbUqVOWP2YzHmjY5D1-dBv6Ty4cvgLWkDeSxwe0Ppd9C9yO6aHEoCz_NACk7a-TEBlQrsM_VNV1Jmue1wHujpBQ-MZanF-PHQphSdwCWfTzkOsvm6En', 'width': 3000}]",-3.3768895,119.3669543,0,0,0,0,0
"J9W2+954, Papandangan, Anreapi, Polewali Mandar Regency, West Sulawesi 91315, Indonesia",Taman Sarung Allo,ChIJ9Xdz8uqGlC0R2fzwR787WQk,4.5,"['tourist_attraction', 'point_of_interest', 'establishment']",20.0,"[{'height': 4608, 'html_attributions': ['<a href=""https://maps.google.com/maps/contrib/103521355842457846724"">Aulia Rahmat</a>'], 'photo_reference': 'AUGGfZldu4Ob9VlMC_9ZppDkEwViw-JJkmxNGrMdsQO0_x40FvGEbDnmhKPt2lnwk3BcLCrI4TGb9HdRu2cyd8Rtutl8PRKaecjSsPrtzR701TIwtQ65VBcn61lqnPoLYXZNZCbRWPD8W4HsinDtqCdKuVWo6kHorAFir-vMdMJxMbKRzVZm', 'width': 2128}]",-3.3541168,119.3504678,0,0,1,0,0
"J9P3+77, Papandangan, Anreapi, Polewali Mandar Regency, West Sulawesi, Indonesia",Permandian Bendungan Kandang,ChIJ8WURtsKHlC0R4gId_kko9gM,4.4,"['tourist_attraction', 'point_of_interest', 'establishment']",17.0,"[{'height': 3120, 'html_attributions': ['<a href=""https://maps.google.com/maps/contrib/101423879825585242426"">A Google User</a>'], 'photo_reference': 'AUGGfZmz4591CNmpcSSeVTyyk51E3AsMAVNldCWVfsjfCFs-XHf2MIC23IibF_zUGdR1Reod37WucOGPRLsjPZwqkzdrpNI_PduGKT3O-Sk7pslu8rxO4zeLpipmjBmJ9bZsO4KBtUmBECA8MNwkOGCZOg7Ynl-CDsPeMKH9T3Q5u91swCIm', 'width': 4160}]",-3.3642974,119.3531649,0,0,0,0,0
"JC47+PFR, Batetangnga, Binuang, Polewali Mandar Regency, West Sulawesi 91312, Indonesia",Eran Batu Waterfall,ChIJ60FDH_eHlC0R5mXF-5syOCE,4.7,"['tourist_attraction', 'point_of_interest', 'establishment']",7.0,"[{'height': 3120, 'html_attributions': ['<a href=""https://maps.google.com/maps/contrib/102105750113241063915"">A Google User</a>'], 'photo_reference': 'AUGGfZn_FnL6Qh_cdLxm5f42hYSCx4Kv_oP618f2ZFH1ahzcVI5gkXU21IlxKpTu-tzhFaKz5WmgF5e8DWFulkafXPJaSBwikskth3QIZR2jdkHZAEla6f5KLr5tYP-3Eh0mMdsu5HF0pi9lp7GLf76J-u43HI0JYHMIEuEY4JxsoC87sAsC', 'width': 4160}]",-3.3931272,119.4136298,0,0,0,0,0
"J9R2+WG, Papandangan, Anreapi, Polewali Mandar Regency, West Sulawesi, Indonesia",Permandian Zahara Wisata Papandangan,ChIJg8iHnxiHlC0R3LOmXRU8Oo4,4.4,"['tourist_attraction', 'point_of_interest', 'establishment']",49.0,"[{'height': 1836, 'html_attributions': ['<a href=""https://maps.google.com/maps/contrib/117845364939911369647"">Hardiana Wulandari</a>'], 'photo_reference': 'AUGGfZnjBcVveL2Irn0CNSA3Q--3ey7AfNR0F3VP2AUybaoYVAgKzQfbv8wKW3SR7Xpt_y_QdH-_krx1hOLs_hU6nMXJlRca-imU_u3icucDSN9MZ3WbNYcEP9Wpod1idr7PT4zfbPRVO1pU2etnXCU8vNgyIP1KCOjl1ynu1p2blYBkAeGn', 'width': 3264}]",-3.3578419,119.3510559,0,0,1,0,0
"HCP3+4G5, Jl. Mangondang, Batetangnga, Kec. Binuang, Kabupaten Polewali Mandar, Sulawesi Barat 91312, Indonesia",Kalibiru Water Park,ChIJSRpgJaeJlC0R2In2Xqg9jik,4.6,"['tourist_attraction', 'point_of_interest', 'establishment']",140.0,"[{'height': 2448, 'html_attributions': ['<a href=""https://maps.google.com/maps/contrib/108093684168110961137"">dhika irwan</a>'], 'photo_reference': 'AUGGfZm594Sf_6l969VSHD_339gQYWjcLdRCygBbHEF1RsJpe81KpqnpogyB7ZeX3sEPyl_oM9hnW_YWdUcWynz-2vXViEGo0yGXTnQP9gVYnvhNUr4cxG20AYqR6OzSLHPXSc3KXfTKVAheQba7RExRqhpXtRXQG4s3wnD5VVP9NzcJcJyl', 'width': 3264}]",-3.4147311,119.4039007,0,0,1,0,0
"Unnamed Road, 91352, Kurrak, Kec. Tapango, Kabupaten Polewali Mandar, Sulawesi Barat 91352, Indonesia",AIR TERJUN LIMBONG KAMANDANG,ChIJ1Woj6T6ClC0RnacZcTzoVmU,4.0,"['tourist_attraction', 'point_of_interest', 'establishment']",52.0,"[{'height': 2464, 'html_attributions': ['<a href=""https://maps.google.com/maps/contrib/112166062359563803073"">Norman R</a>'], 'photo_reference': 'AUGGfZnz2hxgmgVSc6XBGTV-cTLarSNlXGJKvRyVTnC9FcjskoE9V_Sr-RnR3cX2K3bBJFPwMl1axQrzIaFs5FyLmrOkK5vlAeYciaPLnOL2RLxIDA0z3HW9f1NKD_y43Gz7vIfy_2FqBYkKp6K2AMP5FXgQRnLVnY-OI9HvlawKwP2ucijW', 'width': 3232}]",-3.2863709,119.3056521,0,0,0,0,0
"Tumpiling, Wonomulyo, Polewali Mandar Regency, West Sulawesi 91352, Indonesia",Wisata Pemancingan Annunge,ChIJ-zIKceKPlC0R_bL61Smsf0A,5.0,"['tourist_attraction', 'point_of_interest', 'establishment']",1.0,"[{'height': 4000, 'html_attributions': ['<a href=""https://maps.google.com/maps/contrib/105189820327870174622"">A Google User</a>'], 'photo_reference': 'AUGGfZm6ev-jvwO4FrOYuRcRj3IBbTg2PvHTu4xG8kkZkUSRfanP84KCKd1m6BcXAVfeUmY5iA60A-VbA_gwPFnzmXPi7dFwACrY0ySw93ICEUGdsgK1Ub87zzH44Fzjqf_cAyuJXGlFkelFftiiT0yfYfar0ZQjkM8n_Hu-y1a1vlZ3D_2b', 'width': 3000}]",-3.4131009,119.2601135,0,0,1,0,0
"Mammi, Binuang, Polewali Mandar Regency, West Sulawesi, Indonesia",Taman Wisata Bahari Polewali Mandar,ChIJOcIPkuCIlC0RshPQWNrUZpU,4.3,"['tourist_attraction', 'park', 'point_of_interest', 'establishment']",1189.0,"[{'height': 1836, 'html_attributions': ['<a href=""https://maps.google.com/maps/contrib/109764081621752155965"">Meldi Chaniko</a>'], 'photo_reference': 'AUGGfZnOPz9AuAVV3OGFnJJZPINOzej19IRZIPhdtISmQRH0AGmCbE3IyII973w5OZtkBHbHmPNw52AYZZ3sQoO5jG01_P47eMtTwc9Wecy7ORudb4LdJ-kUFMB_sjEQayMVPDpDq8mt-OV3GM-C8khjKAcIHWwTl6wwcYw706JIf3ORyoPx', 'width': 3264}]",-3.4384049,119.3494925,0,0,1,0,0
"HCM3+HH9, Batetangnga, Binuang, Polewali Mandar Regency, West Sulawesi 91312, Indonesia",Wisata Alam Salu Pajaan,ChIJPygZ5RCIlC0RL4APYmw2B5w,4.3,"['tourist_attraction', 'park', 'point_of_interest', 'establishment']",535.0,"[{'height': 2604, 'html_attributions': ['<a href=""https://maps.google.com/maps/contrib/105874268418116862162"">A Google User</a>'], 'photo_reference': 'AUGGfZludTwz9YjgQ8VhiQZrvJ1jVkk7IZdJNseQttK4NYlNjXyyBhfCjonNxITIrUgzy3OQJ11UtX8mCkbTxwLjsvLaVyTzyA-85pd0nfSl4eSoyL0mgfTGjqY7Nbf0_NI6gMGjELx5JrUvDqFm2Otx6Cf5wGOBk5Xr_5MB5NBKEUOjGb8N', 'width': 4624}]",-3.4160753,119.4039903,0,0,1,0,0
"JC36+7J2, Batetangnga, Binuang, Polewali Mandar Regency, West Sulawesi 91312, Indonesia",Limbong Kambellun,ChIJFb9hJfqHlC0RM5e5cXXITdc,4.6,"['tourist_attraction', 'point_of_interest', 'establishment']",20.0,"[{'height': 2849, 'html_attributions': ['<a href=""https://maps.google.com/maps/contrib/112430726356978065774"">A Google User</a>'], 'photo_reference': 'AUGGfZk1pbGHCuisCHVEXMB_HFKAKU8QND55fk3beFdkuquaJ0-GsqX_6C2KcYJ61oIFO4WGfAuoFkmYwZDKaCEb-XLRXFV_sYvNmpQc9drnYkZkOtIhfJ316DuxYTMUby2d_xzhZdl7FEYRx6Dv_xaBjfqMagYYq_IuNQc_xuxRFoNBBEVW', 'width': 3799}]",-3.3968577,119.4115091,0,0,0,0,0
"G7WJ+83F, Galeso, Wonomulyo, Polewali Mandar Regency, West Sulawesi 91352, Indonesia",Pantai Mampie,ChIJYxLoFViOlC0RmtBojuZrwHA,4.1,"['tourist_attraction', 'point_of_interest', 'establishment']",217.0,"[{'height': 1200, 'html_attributions': ['<a href=""https://maps.google.com/maps/contrib/102548144400496922597"">Azka Daffa</a>'], 'photo_reference': 'AUGGfZnq2bF18kT2sMVc85DORUBVEMISQDuf_QDQlb3pG2eaJMoTcAiXQQivrOSJN_jCf0S0i70ZQuEfEBrA9KZk44-oLqDWwh3RxYkml69iZCTJ1f6_Dqq6byOPTm7yo1HjPsRKNp7YG-MogHV_Xk326qzI1aO3T7dvwTnxxp-h-vLsLRLy', 'width': 1600}]",-3.4541754,119.2801668,0,1,0,0,0
"Btn marwah recidence 9, Rea Barat, Patampanua, Kec. Matakali, Kabupaten Polewali Mandar, Sulawesi Barat 91352, Indonesia",Mario Cafe dan Kolam Renang,ChIJpdZSobSFlC0R-DZLRZJHpAc,4.9,"['tourist_attraction', 'point_of_interest', 'establishment']",7.0,"[{'height': 1840, 'html_attributions': ['<a href=""https://maps.google.com/maps/contrib/112480414673734859817"">Ammar Alruvi</a>'], 'photo_reference': 'AUGGfZkNXikqwkmjZrPtRYaEP-q1tmMHM6vj2h2pPKmy_i1teqh2jKTS-NoCmFR_MuX7xIT2kwhMaAIbRo8wi_JNyfo_XQ-siXZ9ZEpKouHoSdMww8gYAlZMjZ1evfNuPHHLqdR984MUlUlNKBs5pI-KOJU_dr2xV48Etp7uRhxIDifp11_F', 'width': 3984}]",-3.3982831,119.2902746,0,0,0,0,0
"H9WX+5X, Batetangnga, Binuang, Polewali Mandar Regency, West Sulawesi 91312, Indonesia",Durian Oce Sarambu,ChIJB1URpWSJlC0RzlY2F0vdMNo,5.0,"['tourist_attraction', 'point_of_interest', 'establishment']",2.0,"[{'height': 1920, 'html_attributions': ['<a href=""https://maps.google.com/maps/contrib/116628515369550067685"">ilyas Lausa</a>'], 'photo_reference': 'AUGGfZlJOpJiWuHKaWqGYD_O7KD5AyQwNukkqhbHycqM4qxKKZPh-cWVZQ-UoVmzSGv49qr4JUx_73G6BMZXOnw8m6qLXe1I0e6q0GR1mxXpmjU2Ky9_Zo7reDRdyw7t-vAleGe6EpggbueQvxZnkhpQ0dF_ghfzGxzIQTMh-UNpK14znDDS', 'width': 1080}]",-3.4053804,119.4010261,0,0,0,0,0
"H86X+9P8, Polewali, Polewali Mandar Regency, West Sulawesi, Indonesia",Anjungan Pantai Kota Polewali,ChIJ1WBI7NqJlC0RAr7RBuwSOvs,3.3,"['tourist_attraction', 'point_of_interest', 'establishment']",3.0,"[{'height': 2296, 'html_attributions': ['<a href=""https://maps.google.com/maps/contrib/102926588748411505328"">Zulkifli Hasan</a>'], 'photo_reference': 'AUGGfZkQE0zoHMolHm8Q_NPnjvOPT2PZNtULGuSGL5xGFMzeiP_fAmrAdHhc-mu5U8uk7kcb8EsH_uxzxkJnBVo2QKeosDnKxScWLplK1q_v0vdLBanOZnNsyeVhP2YnU1ldybw2ckSF5Xp0YbDum7J-iak3py7U6HueS9szXDZX65EnV8Jb', 'width': 4080}]",-3.4390785,119.3493231,0,1,0,0,0
"H9WX+5X, Batetangnga, Binuang, Polewali Mandar Regency, West Sulawesi 91312, Indonesia",Simpang 3 Sarambu,ChIJ37LWuMCJlC0RnCUlzC8VgUM,4.5,"['tourist_attraction', 'point_of_interest', 'establishment']",2.0,"[{'height': 1920, 'html_attributions': ['<a href=""https://maps.google.com/maps/contrib/116628515369550067685"">ilyas Lausa</a>'], 'photo_reference': 'AUGGfZl--oCNwWKAXNFNpFqxoRy3d0H55MlmpCJh4VHGvCEXotdAx_Xvf2rhyW6ndPvvtNqpICodjN4D1HxU74Wn3aBQfAmDOaMwZMYvvGKOKzH3XzycccCyEgx-qCVNZyPhVeyZ1KC0HKvUXKksgjRjOm_-5MgGU_EdkulfbnWWtPxPyqT7', 'width': 4160}]",-3.4060475,119.4017308,0,0,0,0,0
"H9WX+5X, Batetangnga, Binuang, Polewali Mandar Regency, West Sulawesi 91312, Indonesia",Sarambu Waterfall,ChIJg0Xy7WKJlC0RSD4o_HAYZyI,5.0,"['tourist_attraction', 'point_of_interest', 'establishment']",3.0,"[{'height': 1920, 'html_attributions': ['<a href=""https://maps.google.com/maps/contrib/116628515369550067685"">ilyas Lausa</a>'], 'photo_reference': 'AUGGfZlP7Cxv4aLRiX9CndAGLwZClqkqFrIJEcwzwwPMov-FL3GSQWMRrv_2dgv0-Jttxv-3QUsytAOw70jzlKwaKjWa6bvYA84tp5vlD9x2ArtbHpkwyAABOOMMgGerbM39IAkqtrjHJmati286f2xhoVwZvu5VjtWPwYTl-j8-JqY723uv', 'width': 1080}]",-3.40457,119.4,0,0,0,0,0
"JC6W+5PH, Kaleok, Binuang, Polewali Mandar Regency, West Sulawesi 91312, Indonesia",Kadinginan Waterfall,ChIJX9v8_w99lC0RdQVLU2qpTNc,4.5,"['tourist_attraction', 'point_of_interest', 'establishment']",2.0,"[{'height': 1080, 'html_attributions': ['<a href=""https://maps.google.com/maps/contrib/107726871471792537781"">A Google User</a>'], 'photo_reference': 'AUGGfZkGj9rhx4Lf4G0AAFqfgdsoPFqMHXKBqAtyyQEat65aQ7n2KdybPzZvlvhN0Vi_jW930WTrwirTDc1nFBijowKSS8o4qFeRBlhIAcnjs_asHqSlmC5pMGsF-Gidab1t_iOGiie8qJ929kkFR8WvLMAKihpLokWR0X5NkxDohyLqsMMJ', 'width': 1920}]",-3.3895615,119.4468506,0,0,0,0,0
"JC33+M45, Dusun Kaola, Batetangnga, Kec. Binuang, Kabupaten Polewali Mandar, Sulawesi Barat, Indonesia",Wisata alam tangga 1000,ChIJoVjdSwCHlC0R1EFWUl8yhbU,5.0,"['tourist_attraction', 'point_of_interest', 'establishment']",12.0,"[{'height': 1800, 'html_attributions': ['<a href=""https://maps.google.com/maps/contrib/107761157121137253550"">A Google User</a>'], 'photo_reference': 'AUGGfZli6rNhRe5le0pqra2r5dpJWjjFZCojFsZ9AedvpfgiFlAtCnD3p_40GT-GEDQJFFI8rh7AEKryXzHsHv-HzURX4MCp-n4X3HfkIIQQ1L055PDoPsTATpQ6CyF9RSq3fHnKnj77VlEZIQ2BKcq2FNWqWUEqgKvcSFjbaB6cAoIu7JIU', 'width': 1440}]",-3.3958743,119.4028493,0,0,1,0,0
"J75Q+838, Patampanua, Matakali, Polewali Mandar Regency, West Sulawesi 91352, Indonesia",Taman Kebangsaan,ChIJh-ISLfKFlC0RR6IUGYDJE-s,5.0,"['tourist_attraction', 'point_of_interest', 'establishment']",4.0,"[{'height': 4608, 'html_attributions': ['<a href=""https://maps.google.com/maps/contrib/112838526462030498926"">A Google User</a>'], 'photo_reference': 'AUGGfZlnjlz22n9DTEdgJgeerL0GCQbeNydsh14C_LyxJ0X3K19v5ZReIDwlicRTs9xiFvC-whR6pQTOrUND1nebVn5KZ3jKEXq2s-w6IeNTyTvnCaHv9VaHn_SbD23uuczWGwvcQMxXpfeGi8cOTvuZf-osbgOxmWvVJLSiRatK6ug0vD7X', 'width': 3456}]",-3.3917021,119.2877121,0,0,1,0,0
"DUSUN BAJOE DESA REA, Rea, Kec. Binuang, Kabupaten Polewali Mandar, Sulawesi Barat 91351, Indonesia",WATER BIKE,ChIJQVtnD_WJlC0RsFtYCUlJJM0,4.6,"['tourist_attraction', 'point_of_interest', 'establishment']",23.0,"[{'height': 3096, 'html_attributions': ['<a href=""https://maps.google.com/maps/contrib/104248301814318594762"">uci sunusi</a>'], 'photo_reference': 'AUGGfZn2GUn7RNDGElicHs6lhbXUYGZp74Q1nznHh0VWXnMZi9VrUMFGOFvHFOPWHOfT-XNFvG5B-CU0D5Lf80rEGhlNWmkOW9B4zh2hmMa_Hd1NBdEzyjV8i4DfldxVNUM5SXh4kV5-F5LRwlxLMJqm3ajL937mPSRIKes5KUHYxfZrRu87', 'width': 4128}]",-3.4562845,119.3931283,0,0,0,0,0
"HCP6+3RQ, Batetangnga, Binuang, Polewali Mandar Regency, West Sulawesi, Indonesia",AIR TERJUN SALU BITORA,ChIJxR5pcRCJlC0R7S57LdH0-KY,5.0,"['tourist_attraction', 'point_of_interest', 'establishment']",1.0,"[{'height': 2000, 'html_attributions': ['<a href=""https://maps.google.com/maps/contrib/117286283664728135252"">Bustamin B</a>'], 'photo_reference': 'AUGGfZkptisJLtZdmm7KgrsSNGzmc5D6BY73nkgKJ63o0O0_PmLMiSyQ-qgo45lx11bywN7VuvzCU8bWoOCEcQ6ylY1IDeTWjC22hMDOZxfzK_PCxUiellO4pG_9UsM_Ew-R7OcQGFO7g7NFOcMavhw3ItJ2PbpHrTdtmvxC9HPJ2gscv5kL', 'width': 2992}]",-3.4147818,119.4121191,0,0,0,0,0
"Mammi, Binuang, Polewali Mandar Regency, West Sulawesi 91311, Indonesia",Taman Bambu Runcing,ChIJgwlKdOeIlC0RU7Wa8pbjYzA,4.1,"['park', 'tourist_attraction', 'point_of_interest', 'establishment']",182.0,"[{'height': 4096, 'html_attributions': ['<a href=""https://maps.google.com/maps/contrib/112591793202800440101"">Eka Maulana Usman</a>'], 'photo_reference': 'AUGGfZngUE0iU4EVG5mMEnSENCSZvn7E4QDS42kKlmY_iuPvHhCO2bE-pbDqaH9ThgdYwRnflGtqTHly49lyQ6YM9IIjIib9EqllsXZjKJDeMTB8jReV7Bw6ZjzJhWKgoy7YYQsZTiNQnfmZvrPPIk3IaDP5_RK5YFws4EewE5CE0NwpI9E', 'width': 2304}]",-3.435211,119.3494448,0,0,1,0,0
"H9FV+7QF, Batetangnga, Binuang, Polewali Mandar Regency, West Sulawesi, Indonesia",Wisata Durian Otong Pusuk,ChIJIXGeGJeJlC0RKZmLTrt2Oow,3.0,"['tourist_attraction', 'point_of_interest', 'establishment']",2.0,"[{'height': 2448, 'html_attributions': ['<a href=""https://maps.google.com/maps/contrib/109098464117176933521"">aminuddin lahami</a>'], 'photo_reference': 'AUGGfZkNUTNHB6Az_jOzWDmIDE5S-LeJGxgrA47oMM0WmdQ7vWXfICCpUdfMuiPJDEiJOtvtLjMKxxr58oG3rKtfmMfC3Qf_Vp1ze1LmI4cvjL0H_oNnqBwigFkPVQHgCvQuMNFcT4rNpaDrEL8gAwGfrbctE2iAOUMRroGgm0OxBUI9FOOp', 'width': 3264}]",-3.4268234,119.3944221,0,0,1,0,0
"GCRF+HJP, Jl. Poros Majene - Mamuju, Mirring, Kec. Binuang, Kabupaten Polewali Mandar, Sulawesi Barat 91312, Indonesia",Rest Area Sappoang,ChIJczC7gjJjlC0Rrfdrqo_YBt0,4.6,"['tourist_attraction', 'point_of_interest', 'establishment']",17.0,"[{'height': 2998, 'html_attributions': ['<a href=""https://maps.google.com/maps/contrib/117048669158076235380"">Ramat As</a>'], 'photo_reference': 'AUGGfZl8fSmUi4ZGBe_EBSMQ3jupCwQT1yuwb8co3ieC9WbjPlNbZgPY2qV0Wa-j7aIu9w4S-5EcoU1HBk7wNgbnsxmEwAOYHvrhBsyCBcmB5nBdY1aDT-tRF1Sxr3DKewgcEfVsUVGObpa_ITYY57Asu4kKLDPwE__uVuxGf3UapHlL0xNy', 'width': 3998}]",-3.4585489,119.4240709,0,0,0,0,0
"G9G9+QV, Tonyaman, Binuang, Polewali Mandar Regency, West Sulawesi, Indonesia",Kampung Nelayan Timorang,ChIJA11fwDGJlC0RQlKFp1T7L5s,4.4,"['tourist_attraction', 'point_of_interest', 'establishment']",7.0,"[{'height': 3368, 'html_attributions': ['<a href=""https://maps.google.com/maps/contrib/101593685535239468347"">A Google User</a>'], 'photo_reference': 'AUGGfZnBlg9UwN2kuBM2SVncB2taSumxlleVOeiwpNdhBGEp1Ur8R4lp73tBiEtb4fCaRykTnUsQaFLbHqV04tTWs3IhjrT8ugAbdeF4DEhiBr1DV6cMj6rr9cHcNRGBqkTscLp94xXtaVIo3_57MzQKL-G0KwcMWjvjFDlQkz1zNpRv-TQ9', 'width': 6000}]",-3.4731124,119.3697391,0,0,0,0,0
"P7FF+GX, Riso, Tapango, Polewali Mandar Regency, West Sulawesi, Indonesia",Air panas,ChIJaWxcrg2DlC0RdG-3ED7Uo28,4.0,"['tourist_attraction', 'point_of_interest', 'establishment']",2.0,,-3.2761975,119.2749824,0,0,0,0,0
"HCJ4+33, Batetangnga, Binuang, Polewali Mandar Regency, West Sulawesi 91312, Indonesia",Permandian rawa bangun,ChIJExfaQjOJlC0RIZ3NR0b72Ns,5.0,"['tourist_attraction', 'point_of_interest', 'establishment']",2.0,,-3.4197637,119.4052096,0,0,0,0,0
"G7V7+G2, Galeso, Wonomulyo, Polewali Mandar Regency, West Sulawesi, Indonesia",Objek Wisata Ceppa Batu Mampie,ChIJD3cQnv6PlC0RslwfhjECFxE,5.0,"['tourist_attraction', 'point_of_interest', 'establishment']",2.0,"[{'height': 1280, 'html_attributions': ['<a href=""https://maps.google.com/maps/contrib/111977720860245063387"">A Google User</a>'], 'photo_reference': 'AUGGfZle41Xxsho4Drv9EeH3vyJz6gTxvjqzLYfkwBxD9qoi77TghUIw5yxF75XuyFb3rOQD1zyxoCp1bCt8GSWWMjaAahnICJkzDmIXCejtBrkFmHJf_me7bX7xNn8M7iE3yBqncHI4GUnyCUzsQ-mKY6k2Brfi7uKmt1zPJ8tCvAnBeaKe', 'width': 720}]",-3.456242,119.2626056,0,0,1,0,0
"H8F6+5R4, Takatidung, Polewali, Polewali Mandar Regency, West Sulawesi, Indonesia",Pantai Cendrawasih Polewali,ChIJ_S9wNjiPlC0R_O7Ngl1Mbsk,4.0,"['tourist_attraction', 'point_of_interest', 'establishment']",27.0,"[{'height': 720, 'html_attributions': ['<a href=""https://maps.google.com/maps/contrib/114105693540936802959"">arniyaty amin</a>'], 'photo_reference': 'AUGGfZndPxZF6dax2RY4yKSv1Ff3Zr6kUBXAJCeuLz2BiNTDc583st_mtkLz8eHL3pO-f4v034DfmF0XTXXRvOQxjEKfOrJasl4WpDgQ1SQsfbeqcN9CYhIAMLpg6PEijNyo0Eopx0E4ZQKidO7hc1W7fU1w8HfezIXHBnzQL-FB3EohmMZi', 'width': 720}]",-3.4271035,119.3120937,0,1,0,0,0
"GCVC+GC8, Amassangan, Binuang, Polewali Mandar Regency, West Sulawesi, Indonesia",Wisata alam buatan Sappoang,ChIJMwe0heBjlC0RtjW-7yjklLw,5.0,"['tourist_attraction', 'point_of_interest', 'establishment']",2.0,"[{'height': 720, 'html_attributions': ['<a href=""https://maps.google.com/maps/contrib/100901780224482585840"">onasis eryan</a>'], 'photo_reference': 'AUGGfZlcLAcmY8tsuUg3ZdvuiqhwpReZh6IMyapvSkQqK4enMUNHpqe-lfkFthw3mb4jAmx2fyfaDZpeCJehkJlK9GNEjF81CiiMkdFm6bXPJivu9HVJQ8QdwPq3SmSGsmdL2KGtNZhWUESvbcVlCELWKeL4d7i-C3JRFFEr62ObffAXy0I', 'width': 1280}]",-3.4562209,119.4210695,0,0,1,0,0
"G9MG+88H, Binuang, Polewali Mandar Regency, West Sulawesi 91312, Indonesia",Pulau Dea-Dea,ChIJM6FWv5yJlC0RPiMvTgVtiNY,4.7,"['tourist_attraction', 'point_of_interest', 'establishment']",21.0,"[{'height': 2448, 'html_attributions': ['<a href=""https://maps.google.com/maps/contrib/102527228779159382897"">Abbas Wahidkitchen</a>'], 'photo_reference': 'AUGGfZlaDcxSdUtysQFHuw48nc2EBAd6uFqBqpmH0y5BawhPjTlmfU249S6LLzEnRNLGYdMfKOgSsndE6_8M-wBVzbjNacllXJOa2aRRpy8q5YKEZfv0bQ1rxY-ANyr7OAobOIPxsqHtdidexvVKGJxeSTBpYs2E8gDqLWIRsxmQIidXV220', 'width': 3264}]",-3.4666832,119.3758637,0,1,0,0,0
"G9MR+MMF, Unnamed Road, Amassangan, Kec. Binuang, Kabupaten Polewali Mandar, Sulawesi Barat 91312, Indonesia",Makam Syaekh Bii Ma'ruf Abdulrahim Kamaluddin,ChIJCXiJ-EiJlC0RoeJ7SYBNcyA,5.0,"['tourist_attraction', 'point_of_interest', 'establishment']",6.0,"[{'height': 3120, 'html_attributions': ['<a href=""https://maps.google.com/maps/contrib/102097297081012923796"">Imaduddin Zaki</a>'], 'photo_reference': 'AUGGfZnVv06mIO5Vz5O9vz_v_9xWplGDlFO8ftGSGguSe9lzfbjztjrBHkNnNC940U9a-3lJGrCeptmZlEsfdmTrA9K44oWEiZ1rlgqBIjqxtB9egyK-TS4xgLjNQLwoanFdzmA_oq6hefB_k7I9BsJVBJIMTQI3HsVf_CcPuB2h2_TN24fD', 'width': 4160}]",-3.4658115,119.3916564,0,0,0,0,0
"HFW7+5RC, Kaleok, Binuang, Polewali Mandar Regency, West Sulawesi 91351, Indonesia",Air Terjun Tai Bai,ChIJlXvW4LFjlC0R9HQQ3qWaN2w,4.0,"['tourist_attraction', 'point_of_interest', 'establishment']",3.0,"[{'height': 6000, 'html_attributions': ['<a href=""https://maps.google.com/maps/contrib/102166919782623594087"">ahmad firdaus</a>'], 'photo_reference': 'AUGGfZmPegbwtNdbDnuFj2EhIQ6xrmEiR8hNNbw0knGJEcGysJ76h13MnfZZw2srFYw2MHmJ4Xn-yiCtpYbGNrOK1ockaYM4DxykLGQKobgNJHVf_cZ7GdMhMwaTkjT_gT2eWQ-ku2KWlNKSXzuck2CHltNHcTyYeo0FVQPMNrFebttPQwKf', 'width': 8000}]",-3.4045605,119.4645056,0,0,0,0,0
"G6JV+R4J, Nepo, Wonomulyo, Polewali Mandar Regency, West Sulawesi, Indonesia",Garassi Beach Of Nepo Village,ChIJh1ObGxqOlC0RtUPi7KwGcPE,4.1,"['tourist_attraction', 'point_of_interest', 'establishment']",20.0,"[{'height': 2250, 'html_attributions': ['<a href=""https://maps.google.com/maps/contrib/102729035755587996297"">Ikka Wulandari</a>'], 'photo_reference': 'AUGGfZms3VjUQqPuqhEBddgKbMiISwFo6XGPwBJa_RvxUbcrOeq61wLOyhyvKMwDmuqibzwzlu-Pi16rp457kiHAO-S1hw3gFpKDe5vKG_V5dAf1YUcQH4MQyLk1EWh1IiMGPe1aTls9QVjTg4cQjZ0lNEUpYnBmgSMFLFFriLcqANQ19FUm', 'width': 4000}]",-3.4679074,119.242769,0,1,0,0,0
"Balai Kesenian, Campurjo, Kec. Wonomulyo, Kabupaten Polewali Mandar, Sulawesi Barat 91352, Indonesia",Balai Kesenian Desa Campurjo,ChIJaeAANACPlC0RKEq1Q0h7KDw,5.0,"['tourist_attraction', 'point_of_interest', 'establishment']",4.0,"[{'height': 720, 'html_attributions': ['<a href=""https://maps.google.com/maps/contrib/105257716602112272828"">A Google User</a>'], 'photo_reference': 'AUGGfZk2TQx-wctGFHQCVor3-9CY_vGFVuqzETTmNLmRn-ZNt4F6hiszQMtPXBj-NMrqmZ5sjY_ZGzA6vkqk8swcbLFcP2FYP2PIoMVh2kDYirFYmnFtImyuC3obLK257A0yuAi1mTAIFaPDsFQE7CB0K6pqYex0xS1205nroxz5cl346BfA', 'width': 1280}]",-3.4112638,119.2322082,0,0,0,0,0
"G95V+58, Amassangan, Polewali Mandar Regency, West Sulawesi, Indonesia",Taman Teman Karang - Laut Biru,ChIJS4VsAv6LlC0RUZx3bbyaEHA,5.0,"['tourist_attraction', 'point_of_interest', 'establishment']",1.0,"[{'height': 4000, 'html_attributions': ['<a href=""https://maps.google.com/maps/contrib/109622991769487303445"">A Google User</a>'], 'photo_reference': 'AUGGfZnf9L1NtXD_1w98903PUMoFjWnzYAcH3oW1Phar38FgB9ByIJr1uSL5O-z6cQzgr_xURTfzzZP8j_GVSKQdhxGURA_ZkTnANmpm9jK3_aknjbCrm-KT4t-XT4kVmezhmno_HMRzys1MXgED5xHEQl7RXUgbWVrFkhgYMnWhl7A19BBU', 'width': 6000}]",-3.4920858,119.3932671,0,0,1,0,0
"GCR8+2W3, Ujung salama, Amassangan, Kabupaten Polewali Mandar, Sulawesi Barat, Indonesia",Ujung salama. Homestay,ChIJz93DHj6JlC0RWc3NPPyncGg,5.0,"['tourist_attraction', 'point_of_interest', 'establishment']",1.0,,-3.4599817,119.417305,0,0,0,0,0
"P64X+F86, Riso, Tapango, Polewali Mandar Regency, West Sulawesi 91352, Indonesia",Objek wisata hutan pinus,ChIJ45SGPfeDlC0RI07n4HpQEm8,4.4,"['tourist_attraction', 'point_of_interest', 'establishment']",35.0,"[{'height': 1839, 'html_attributions': ['<a href=""https://maps.google.com/maps/contrib/112724693171165400070"">Fauzan Ucank</a>'], 'photo_reference': 'AUGGfZnXWGasmXEVvvkVIrY9lrTuTDWJRrd5eZMqdKbM1CeP_P9R9379ryZKjZPevXBAmnsNrHa74JjVy4yR0NuH5XVLfYUd-tREKkSu8qUV36oe0_d-fjMZOQVZmSfMEBjffU6IbHlFlHlgWRVGhXStjjTRwFnL6jyLIczX7nErzI17nceN', 'width': 3271}]",-3.2938406,119.2482562,0,0,1,0,0
"G96Q+9P8, Tonyamang, Binuang, Polewali Mandar Regency, West Sulawesi 91312, Indonesia",Pulau Pasir Putih,ChIJt-AISNuLlC0R7LaEPLHSgqg,4.3,"['tourist_attraction', 'point_of_interest', 'establishment']",147.0,"[{'height': 3120, 'html_attributions': ['<a href=""https://maps.google.com/maps/contrib/118433902441236571679"">Fiqhi Ardiansyah</a>'], 'photo_reference': 'AUGGfZkw0Lz0ZiQHeIYRPoZYhfZ16IIIMyKDITT8UIIaGxRMevlgR8RM1W3lGA4n4oXr7y4A5gg6EQPUrfb1ncDuo9EgDo_RLX36woWEm8e6qf7pjg3vryyNfKr51cRXNaaM_xLleXsJ3bECzYxn5O5eBzO2VhydYTTXDunWqOaiZZufji1w', 'width': 4160}]",-3.4890836,119.3893223,0,1,0,0,0
"GCQ8+WQC, Amassangan, Indonesia",Pantai Sappoang Polewali,ChIJY_6ExZ-JlC0R1JW075nKpgc,4.3,"['tourist_attraction', 'point_of_interest', 'establishment']",46.0,"[{'height': 3000, 'html_attributions': ['<a href=""https://maps.google.com/maps/contrib/106554655257876945721"">A Google User</a>'], 'photo_reference': 'AUGGfZlndpzYGSyJR18X6t46vuHcT0IkABt8C540nNQ4BbHEPcrn-oriKNGdXfV2IGWEjqTOtY09GBVJo3aQQj-LoyZzoaB83XW4kYt4MT3HpEGKVDOCG5x7Gllu3yMmlX1uELmtiXLDsRfikDaftYE0Te0Hx9vVuB7-Ua35enRF7KhyBovE', 'width': 4000}]",-3.4601751,119.4168908,0,1,0,0,0
"F3QX+H59, Bala, Balanipa, Polewali Mandar Regency, West Sulawesi 91353, Indonesia",Palippis beach,ChIJp7P_UV2VlC0RRhlqJ9meCy8,4.5,"['tourist_attraction', 'point_of_interest', 'establishment']",15.0,"[{'height': 1440, 'html_attributions': ['<a href=""https://maps.google.com/maps/contrib/113719206033722865064"">Faisal Reza Sukmawan</a>'], 'photo_reference': 'AUGGfZmSJIcHNlurKfbijEeuynORbcKFs8mjSOC4p6uqpH5lUW_VWLnaXPSDK-3jwe6Z9eYK72xFzWC_njrwiNCJ6E4rCKFW4M_Q6NI0NiSdcWYwBRUPqp8WLQ3wSV6FeTIbmjD0f_eJel84d-FoEBs26AsnkRF4NMLNeZQ43MZdbb5ziMDW', 'width': 2560}]",-3.5110829,119.0979763,0,1,0,0,0
"G49R+GJP, Pappang, Campalagian, Polewali Mandar Regency, West Sulawesi 91353, Indonesia",Rumah empang,ChIJDzMNzJ-RlC0R_a8SZOhEL44,4.2,"['tourist_attraction', 'point_of_interest', 'establishment']",6.0,"[{'height': 3468, 'html_attributions': ['<a href=""https://maps.google.com/maps/contrib/106951734879438431991"">A Google User</a>'], 'photo_reference': 'AUGGfZkojArFfES0Z-xEjd1FT82CppctaYl6s1ExwxNFOUQJawx4S1o7D5qBugZ9-QB_DKr8AAD9PtXGX8tju5AbtS30ALF9_nwWfyi-4uJw9vTeoYc4Tm5JE0i4WdnM7j_mPwldntakskXAzY0Kzm_jnSz6o4hfUd-WNzswdvmQkPgBsSu_', 'width': 4624}]",-3.4811633,119.1415676,0,0,0,0,0
"F2H9+R55, Tandung, Tinambung, Polewali Mandar Regency, West Sulawesi, Indonesia",WSB Gazebo Tandung,ChIJZZ2iYiC_lC0Ru0DWfRaD4RQ,5.0,"['tourist_attraction', 'point_of_interest', 'establishment']",3.0,"[{'height': 1280, 'html_attributions': ['<a href=""https://maps.google.com/maps/contrib/103699388469793963727"">A Google User</a>'], 'photo_reference': 'AUGGfZmbs7Bczt1XplhhHFuetCGvdOwhIiVVRRAhweS7jNolZ3cwSIJmaCQi8QyJK2uDmOFNrS6BeHi8slDFr4pE3F2mudPvs3FFotMhxpErBR5u3qzv7tdPKQRefKl8to87xLFvPZ2PUflcKg0PCwVyU5IgYJOFOKVHqBR-2W0Li1hPNBoJ', 'width': 720}]",-3.5204918,119.0179744,0,0,0,0,0
"F4VC+CMH, Bar., Laliko, Kec. Campalagian, Kabupaten Polewali Mandar, Sulawesi Barat 91353, Indonesia",GMP (Gonda Mangrove Park),ChIJfQ5DCmyUlC0RI3RhjuFOH-0,4.5,"['park', 'tourist_attraction', 'point_of_interest', 'establishment']",35.0,"[{'height': 3120, 'html_attributions': ['<a href=""https://maps.google.com/maps/contrib/103703622052969068133"">hajar aswad</a>'], 'photo_reference': 'AUGGfZkYByicO8zvLOvH7VujedUMX3rsxDCgugpS2R9n3OFEoaaFaz7d9w3Yo8vIqIP5sdT1f1gTUW4KnW7nV-j3ghQQ-OoNOVzEaW8Eme2MZEBqvdK3wFLCtMLWqt-5FVUHo4LepZjXx2r-wcQUNWTiLgl6-s3bczC6c7hNbhIffCg3vRe8', 'width': 4160}]",-3.506446,119.121724,0,0,1,0,0
"G4QF+RRC, East Padang, Campalagian, Polewali Mandar Regency, West Sulawesi 91353, Indonesia",Wisata Hutan Bambu,ChIJcQsukH2XlC0RZv4wvOyKsMI,5.0,"['tourist_attraction', 'point_of_interest', 'establishment']",3.0,"[{'height': 3468, 'html_attributions': ['<a href=""https://maps.google.com/maps/contrib/103961700317469359055"">A Google User</a>'], 'photo_reference': 'AUGGfZmwUdzIizW4WBZBau8hDpDmTG7TkFlrlYv5y5MNbkqUX_6tzOuFn6F7XRP9nJ9sV4_U2hLjCXFiQRfrRPamQTwkpOBIqQCRLV6P9AS_GDdTceCq7gu3ZtOTwqh0vKV3w8-eT9CVPSuSg_5UqoJ9l5GElyFOwjQ8BWICB1Dc5LnN92_D', 'width': 4624}]",-3.4604316,119.1245255,0,0,1,0,0
"G564+392, Panyampa, Campalagian, Polewali Mandar Regency, West Sulawesi 91353, Indonesia",Pantai Panyampa,ChIJcZlirBqTlC0RE_ytp8Qk6Mo,4.0,"['tourist_attraction', 'point_of_interest', 'establishment']",1.0,"[{'height': 720, 'html_attributions': ['<a href=""https://maps.google.com/maps/contrib/107484150044197434721"">A Google User</a>'], 'photo_reference': 'AUGGfZlG0oEIPAKvEH0hHUNlEKQhVMMvBjE86iLjqUITdpeZ6T48v7T_CNDX6DrcE_EHXFUCGGAJdtx1lcB93QRPC7UdWGERq3x1cobGB4_mOEFrVdKIhy6Rjzqp5aqy4eggCqDZ3VsfQBrmsUihgZY8B0Hmi9QJRD-CecgQcBl_w936y_I8', 'width': 1080}]",-3.4898526,119.155894,0,1,0,0,0
"G665+8RR, Buku, Mapilli, Polewali Mandar Regency, West Sulawesi, Indonesia",Pantai Tanjong Buku,ChIJkS82exiSlC0RAbjf9dCC6Xw,4.1,"['tourist_attraction', 'point_of_interest', 'establishment']",57.0,"[{'height': 810, 'html_attributions': ['<a href=""https://maps.google.com/maps/contrib/106543635075379566065"">A Google User</a>'], 'photo_reference': 'AUGGfZlv3tyeD4AX5eQ0skNasWNUgJqkEdrYNch3sWjc487LYAEC-Cc99lypHhXjPoicJVTdrCj38rFJJYcqmMNru5qXqA8L_o7FER4m8NHSP4yUYZ4NC9VhKAGOdoZmIR_LD5vSLqW-oz2zaa5XwiYCe5Oe4MYvSTe8RMjuQIjxmdd3o3P_', 'width': 1080}]",-3.4891294,119.2095254,0,1,0,0,0
"M5WG+RX, Landi Kanusuang, Mapilli, Polewali Mandar Regency, West Sulawesi 91353, Indonesia",Ba' Bamappe Waterfall,ChIJO_3gRVKdlC0RwNiib27_1mU,5.0,"['tourist_attraction', 'point_of_interest', 'establishment']",1.0,"[{'height': 480, 'html_attributions': ['<a href=""https://maps.google.com/maps/contrib/101683604604214532575"">A Google User</a>'], 'photo_reference': 'AUGGfZkb3cqGXGP8xZMVhatIZIdtKQs5lUk4cwUN6y0yFro4M7aWFkfW0p7Pks7YKR3SFmQJAM6oZsR0NERPAikcJHGeV0fjLS3qk9YAXHd9JI3FkDNcRMRlb-u3VRtpPIbkOxbrHSA8_-cEcCvbOfklzQawt8XIgEzO--fGcieNIL_qjvSX', 'width': 640}]",-3.3029386,119.1774686,0,0,0,0,0
"M4VG+RRC, Unnamed Road, Sattoko, Kec. Mapilli, Kabupaten Polewali Mandar, Sulawesi Barat 91353, Indonesia",Puncak Kolam Embung Sattoko,ChIJCd8zMXyflC0Rq8C9xiUhzYQ,2.0,"['tourist_attraction', 'point_of_interest', 'establishment']",1.0,"[{'height': 2352, 'html_attributions': ['<a href=""https://maps.google.com/maps/contrib/112166062359563803073"">Norman R</a>'], 'photo_reference': 'AUGGfZmDdrBqQuEozoxtCnV3gGBiI-UrrwocfDoYwZdQccbKMuKNvJZAdxNJYa99WHQQzZxM-LZDx-PrN5WTfwSK_LQ00fZFeyUtdG-8N0tHD_SRh9GNfwa7eKvQKrodq3rINWGD7CK6qFA3YSYAlhw7ffII-BIVNRBM52jFpS2HfNOxMLOJ', 'width': 4160}]",-3.305444,119.127018,0,0,0,0,0
"FX7F+2RG, Jl. Pettaroni, Labuang, Kec. Banggae Tim., Kabupaten Majene, Sulawesi Barat 91412, Indonesia",Pembuat minyak kelapa mandar,ChIJRX4aNr-_lC0RYUWmFwobQfw,4.2,"['tourist_attraction', 'point_of_interest', 'establishment']",5.0,,-3.5374286,118.974586,0,0,0,0,0
"F4R9+WHW, Laliko, Campalagian, Polewali Mandar Regency, West Sulawesi, Indonesia",Masjid Gonda,ChIJff_Rcp6VlC0RztBChYCx1zQ,3.8,"['mosque', 'tourist_attraction', 'place_of_worship', 'point_of_interest', 'establishment']",10.0,"[{'height': 1920, 'html_attributions': ['<a href=""https://maps.google.com/maps/contrib/108710363734769344474"">A Google User</a>'], 'photo_reference': 'AUGGfZl0vInJMVuTVfDKagHGV9s9QsGq-AXa1Qv2mMwvDOeVooxD-Nl3QqQV1yYEf4jGpnmKVxO-LYf8YmkZUxk_nt040jlbv6XUfqfSZpsyKS6SmYoht7PepoBf4vSeOhiDUuEWtsfKlWhLAwIYH9Au9T3WV8j_Gf6YkKnGeHXOu11-wnfv', 'width': 1080}]",-3.5076456,119.1189663,0,0,0,1,0
"M58M+5PH, desa, Rappang Bar., Kec. Mapilli, Kabupaten Polewali Mandar, Sulawesi Barat 91352, Indonesia",Permandian Air Panas Makula,ChIJeeH3YA2dlC0RV7ckpFrDqGQ,1.7,"['tourist_attraction', 'point_of_interest', 'establishment']",3.0,"[{'height': 1080, 'html_attributions': ['<a href=""https://maps.google.com/maps/contrib/116466870442787497566"">A Google User</a>'], 'photo_reference': 'AUGGfZmuym2SB6yl7WXPYIpEhiw9vwNtL7BORGIOc7kdnm63b0BibWA-3r-AziJ5agV00BdfHDRSqeOADEf9jhz4W3lCI23rB21d1CA5QkX3CnmQ0CNJoEjfLT2yG-49s-ympgBaRJviCe8NAddw5VFW3dga2Rjp7_28yuJEOVujnkay_wo', 'width': 1920}]",-3.3345563,119.1843478,0,0,0,0,0
"FFXF+QX, Paku, Binuang, Polewali Mandar Regency, West Sulawesi 91351, Indonesia",Spot Mancing,ChIJt0zlH_thlC0RKPmlWlgbsuA,4.5,"['tourist_attraction', 'point_of_interest', 'establishment']",4.0,"[{'height': 3072, 'html_attributions': ['<a href=""https://maps.google.com/maps/contrib/100634784628598632976"">Mario Dwianto Sharun</a>'], 'photo_reference': 'AUGGfZlBmWTkSUm6_DXDhIcVFTuPPkbvM1P8mscz16t-zlcGEv3NxOz0nHl4_ZML4Y2xqc0ynO3blfmzUhfcfHVriLXjLbUrHEImUd-1hmTP_PoEgjNrRA0YFVkZ4L5Lw9YNI_a50a3uJQy6cZh3aZLFS7JwL7bm7uREKAX0wxntk7y_nXa8', 'width': 4080}]",-3.5005782,119.4749933,0,0,0,0,0
"GCFM+W5R, Jl. Poros Pinrang - Polman, Mirring, Kec. Binuang, Kabupaten Polewali Mandar, Sulawesi Barat 91312, Indonesia",Wisata Pasir Putih Makkerre,ChIJM9JH9NVhlC0RpjWs_cSPsmQ,3.8,"['tourist_attraction', 'point_of_interest', 'establishment']",5.0,"[{'height': 3120, 'html_attributions': ['<a href=""https://maps.google.com/maps/contrib/116828580705846772026"">A Google User</a>'], 'photo_reference': 'AUGGfZm0Z8ZffnKGqmJrcfE7vsA5j66LnQcYuJ2AkNv1Yyunw3bJfU6FD_OVD2EAjSTprrDa1bs5xvtsJP5M8Q9BgbKzMEFXOT4e0hV4N1Ee9M-7y3sUP-N7Qwn4tL3TiFQZCWwWvDe7vzXBMT9xL0MjXC1VraNchnb4jysVEUX-G5-Nvy0u', 'width': 4160}]",-3.4751384,119.4328964,0,0,1,0,0
"Selat, Rea, Binuang, Kota Makassar, South Sulawesi, Indonesia",Sepeda air,ChIJZZQxiimJlC0RZeAs00fsxgY,5.0,"['tourist_attraction', 'point_of_interest', 'establishment']",1.0,"[{'height': 1908, 'html_attributions': ['<a href=""https://maps.google.com/maps/contrib/111190340285685177295"">A Google User</a>'], 'photo_reference': 'AUGGfZlj_lXLD7nQ9HF-M2LCDmk89ohGl-FaRXnHp-kWElBGtz6wa_vkBsky9bq1XNZZvXPXgWn8JMWYVmyQ7jbwYz4E5o4c00Hl7LrtByusi9ybp00f3wqEGYurniILYGNoxR5i8Y4eExTbSAtI9xdw0IISPKwh8Ee-ZDKoN7Bh6s498fDG', 'width': 4128}]",-3.4566058,119.393129,0,0,0,0,0
"GCFW+F6M, Mirring, Binuang, Polewali Mandar Regency, West Sulawesi, Indonesia",Pantai silopo,ChIJ6a-SO89hlC0RAXQ1i602g1E,4.6,"['tourist_attraction', 'point_of_interest', 'establishment']",7.0,"[{'height': 2322, 'html_attributions': ['<a href=""https://maps.google.com/maps/contrib/116763278394849410134"">bakri baba</a>'], 'photo_reference': 'AUGGfZmHdkKa1mjQFvAWkmkNJjJP1Zvjkz6qG0OG2kUb8MNxdKDIJ5ly8o2Luc7px-zyHOa_1pHqhxFsoRqswpKRwahwWEfz3X9YQt8KhYN1FZQBsmGmPG0Mcu9DMbx8htPk8CTfwi9G0--CxR8s7xPdJkmoZ_FadScoL9EQ57GbY1hlNNpz', 'width': 4128}]",-3.4762964,119.4455377,0,1,0,0,0
"GGJ2+JMR, Unnamed Road, Benteng Paremba, Kec. Lembang, Kabupaten Pinrang, Sulawesi Selatan 91254, Indonesia",Sarambu Paremba Waterfall,ChIJTaiytwxjlC0RV0Yp3gYNIM4,4.9,"['tourist_attraction', 'point_of_interest', 'establishment']",8.0,"[{'height': 960, 'html_attributions': ['<a href=""https://maps.google.com/maps/contrib/109139131339511974452"">A Google User</a>'], 'photo_reference': 'AUGGfZk6H0c75CsBijGQ6UrPD5B0Zfx4v3jBKM63wTDHL2C0WfXIJsH6ZE74xEVEEh9uaUxLmhrVcgExl6pH8XglwSxmxdRpTdH679v1n_OpSfplL7uM2SA1GTGHRdM5KCYWuEXZdPFPzlh6uQLErp3L6xoHmzJ-CB6BA3dqjkP--WBXVipF', 'width': 1280}]",-3.468396,119.5016404,0,0,0,0,0
"JF59+GF9, Unnamed Road, Sali Sali, Kec. Lembang, Kabupaten Pinrang, Sulawesi Selatan 91254, Indonesia",Sali Sali Waterfall,ChIJMUr892h9lC0RE8Q1SKsPFs0,4.8,"['tourist_attraction', 'point_of_interest', 'establishment']",6.0,"[{'height': 1440, 'html_attributions': ['<a href=""https://maps.google.com/maps/contrib/108769039353310636892"">Kahar Udhink</a>'], 'photo_reference': 'AUGGfZl-7DI8hfIJqXsgsIGHXqp0rJKF94Qp0pzOQ8PxpR29E18euVherPBRYyL-4p73eaZzBckjMP_s27bU46ZkWg_0sMF3d2wRmLYyQFGKNyzkrlI85sG2tV3NbR0TdNE856y35fkSGU8-69BtO9gP3-2WJoH6jr2Pen-V8V9LKlFxcX4U', 'width': 1080}]",-3.3912135,119.4687301,0,0,0,0,0
"GFQP+F55, Benteng Paremba, Lembang, Pinrang Regency, South Sulawesi 91254, Indonesia",Permandian Batu Papan,ChIJtSa9UahjlC0RRRDZ8PKeFzo,4.7,"['tourist_attraction', 'point_of_interest', 'establishment']",12.0,"[{'height': 4000, 'html_attributions': ['<a href=""https://maps.google.com/maps/contrib/112274495161571685431"">Farel Bapa</a>'], 'photo_reference': 'AUGGfZngDDXCeKRpmbFujvcZn7n0pA2_vFFpk5lWLVkd_F4t34n-P9wVKXcVX3d0ULRwz-m0w60oaaAltrpaNnPWqJMeDPJoOJFnc4hoOdE3P5RcqkXjYLU8_kFOxbYSaANOooaHrQV4puMIp1I-sjsJGh2xawXuRiQRDYgRmDFXSr83qsTb', 'width': 3000}]",-3.461362400000001,119.4854704,0,0,0,0,0
"FFWH+6P, Binanga Karaeng, Lembang, Pinrang Regency, South Sulawesi, Indonesia",Pantai Harapan Pajalele,ChIJfYqNkh1hlC0RfUMYh9soX1g,4.6,"['tourist_attraction', 'park', 'point_of_interest', 'establishment']",59.0,"[{'height': 1145, 'html_attributions': ['<a href=""https://maps.google.com/maps/contrib/109405921155884283748"">A Google User</a>'], 'photo_reference': 'AUGGfZkaFBs7TnP5CRNRlm8y5fCzzAGeyCd9pvJsgaZXuq0-Zkv0fNV41nYUbBTWWwHbUzdBKF9TvPPA9S-ymViNbXg_ZrerMq8uq4HJ7h8vVOR0ukojUwr8CVudvgxq1VNPVmCA6ADvPA66_jvLjGh0dKXxVtObSpMHtAr6qCMSbMWSL8pn', 'width': 2447}]",-3.5086634,119.4806671,0,1,1,0,0
"Salopi, Desa, Binanga Karaeng, Kec. Lembang, Kabupaten Pinrang, Sulawesi Selatan 91254, Indonesia",Pantai Salopi,ChIJQygAy7lglC0RCdC2gj25mfo,4.4,"['tourist_attraction', 'point_of_interest', 'establishment']",145.0,"[{'height': 900, 'html_attributions': ['<a href=""https://maps.google.com/maps/contrib/114690691415610622298"">A Google User</a>'], 'photo_reference': 'AUGGfZmy69iEw0ulpw7OpPJfRxHTBm96-rT2c62Z3jRr-1ih0N7kDqUokV16PnhsUBX6qhebA0Imtg-xL2TJfMlCisJfEILeK7yuICDEsJ0bju9KIeHlanlU_RIJfMfVgcUFhJHmbjlkMWiMoc-96LNfa1_2Y64P4guYc3X7wBXOCxyQhDvq', 'width': 1600}]",-3.5226087,119.4939126,0,1,0,0,0
"HCM3+J6P, Jl. Penanian, Batetangnga, Kec. Binuang, Kabupaten Polewali Mandar, Sulawesi Barat 91312, Indonesia",Wisata Alam Kalibiru Kanang,ChIJLcz1jl-JlC0RXRGF2hor4gs,4.5,"['park', 'point_of_interest', 'establishment']",42.0,"[{'height': 4160, 'html_attributions': ['<a href=""https://maps.google.com/maps/contrib/116101039628777718944"">A Google User</a>'], 'photo_reference': 'AUGGfZlBJ4dr-hoW9or-Afz1sdF6JAGSs8eE42CJc2Fra3ETGJ5zdpdQlF2U21prZ9nmI2wukrb06SgcIeS0gI4vyU1zqIQBWCnI6nq2W89JZo_4QTDZHkAvJHQTfqiMNx8W-NKc9k7zvrCD5JK9vSm3dy-lUqN69mRH9QkWlyunHUYJhCe3', 'width': 2080}]",-3.4159146,119.4030746,0,0,1,0,0
"HCW4+39C, Batetangnga, Binuang, Polewali Mandar Regency, West Sulawesi 91312, Indonesia",Pemandian Alam Limbong Lopi,ChIJPZP1BQiIlC0RjBeCZ1BKcgo,4.4,"['park', 'point_of_interest', 'establishment']",56.0,"[{'height': 4096, 'html_attributions': ['<a href=""https://maps.google.com/maps/contrib/113157898169135358882"">Achim Hasan</a>'], 'photo_reference': 'AUGGfZm44IvNog25Li4gqWhXwtA4aNSnNGgYfs0QfWRbeDLJCI9sUktd1U0vZl3Le4K8QxXND0guPLlLhrRvAGuMmdZeE68P5aLIvUPFrIGPC5Wb9mpO7Yr3KVq8V6XkD6ig2pUQXY3oHO_ZGeMfVAq94HMJLMF2TcpnGfpfcZbIuvGoka2M', 'width': 2304}]",-3.4048215,119.4058866,0,0,1,0,0
"Q5C7+WV9, B U. L O, Bulo, Polewali Mandar Regency, West Sulawesi 91353, Indonesia",PUNCAK UHAI SIBALI Bulo,ChIJebL_2-pjky0R9UWRyevuPDM,4.9,"['tourist_attraction', 'point_of_interest', 'establishment']",14.0,"[{'height': 3456, 'html_attributions': ['<a href=""https://maps.google.com/maps/contrib/108093684168110961137"">dhika irwan</a>'], 'photo_reference': 'AUGGfZkgYpC9PDAHTbEcujvIp7LsxvOYAjZP0xN-dIkzSLGKNBbSNFVXbh_P5C0fIQxQM63sxmmDVrUXCxVTJd9Ou5B1vZBBZD6TB5QzOzJ1qlsa1X2OeXpdofmFbS7CgfRq-Db5hPR9rheehNwRpg6-fkv_dBB1OCbtjIiXQ842ehiuiXo4', 'width': 4608}]",-3.227716,119.1647271,0,0,0,0,0
"Q5C7+296, Jalan Poros Matangnga, Bulo, Kec. Bulo, Kabupaten Polewali Mandar, Sulawesi Barat 91353, Indonesia",KEBUN RAYA BULO (LandMark/Icon KRB),ChIJV5J6NOJjky0RBQPaZaoWQYo,4.6,"['tourist_attraction', 'point_of_interest', 'establishment']",10.0,"[{'height': 2256, 'html_attributions': ['<a href=""https://maps.google.com/maps/contrib/114434499707505909564"">A Google User</a>'], 'photo_reference': 'AUGGfZlYZlj3v4ZtnXazQudTKiUvAWfv_9UqBn_0Qfh8Lb2RR4cB6-OLo1z2BSm3CaJlsoC1oYnUXYeCG3fTkc4XOFTKX4-KHrthtGE0SduQiTGHhGfrWyu3S1Yth5QIRrS_ZPZ_s0CzWsCSbyORcLWGbtYuKg8dCE8QHM5VRVrga_a7d5lT', 'width': 4000}]",-3.2299672,119.1633834,0,0,0,0,1
"B U. L O, Bulo, Polewali Mandar Regency, West Sulawesi 91352, Indonesia",BUKIT ANUGERAH BULO,ChIJhRu9-d1jky0R7BP6m7-o83I,4.8,"['tourist_attraction', 'point_of_interest', 'establishment']",12.0,"[{'height': 3000, 'html_attributions': ['<a href=""https://maps.google.com/maps/contrib/104847145089342380416"">A Google User</a>'], 'photo_reference': 'AUGGfZl647453t6u3AwXjc1yg3sfYXTP2mUhMMMbhCMQPqY8in57ZGBRMQjgmw6QmUv10WZ76yfG0dEez03w1eM_wRQ6aU0HVnHwhHVW9T5cgcLsKE5avrnpXRTiA12rtjVwmRMuiwBzutVTVlegOR3g1pRhgcEgvn0jqfKAh9yGTQgoTWwK', 'width': 4000}]",-3.2171625,119.1693087,0,1,0,0,0
"B U. L O, Bulo, Polewali Mandar Regency, West Sulawesi 91352, Indonesia",Wisata kebun bulo,ChIJdyrl4Axjky0RTPJHC-qOBSk,4.2,"['tourist_attraction', 'point_of_interest', 'establishment']",5.0,"[{'height': 3000, 'html_attributions': ['<a href=""https://maps.google.com/maps/contrib/114390633080347235657"">A Google User</a>'], 'photo_reference': 'AUGGfZlmpRqKdAhkvPKCeLsZ7tT8AazyghRsnJmBK0pAhT9ZunFH2pk2PxwQfEFiSR6SpELouEKOwNpNsUtlxNyIo-RDU3fowgLCbBEoMj2hkmVo9kV33lzh5Sm145xhWFQwgjfisCe8QxxbtkaUGK-mp0qyk-ntACQsZvZEM4fkUidIQU7L', 'width': 4000}]",-3.2295911,119.1634529,0,0,1,0,1
"B U. L O, Bulo, Polewali Mandar Regency, West Sulawesi 91353, Indonesia",Wisata Durian Bulo,ChIJdbPXwc9jky0R6wWzkagZ96g,5.0,"['tourist_attraction', 'point_of_interest', 'establishment']",2.0,"[{'height': 3000, 'html_attributions': ['<a href=""https://maps.google.com/maps/contrib/110941077404776874256"">A Google User</a>'], 'photo_reference': 'AUGGfZkuojwZb5P7XUHYnZo7_2aEJLh66XH9XWV9QqPREs5BcA7R7r1aEvmgSPd52yQEyChNDKt90Nv6LgoJEhbgQPnP69Yx7lLD3bCk5uOk_oRj6KP2yklTLSt8eJTBnyj_OpvrUSHocquGGizPNAwBqcxJzaVDh0DmViskR3SqMysvlKIK', 'width': 4000}]",-3.2300109,119.1616923,0,0,1,0,0
"Q5H7+XXH, B U. L O, Bulo, Polewali Mandar Regency, West Sulawesi 91353, Indonesia",Bukit Garuda Negeri Diatas Awan BULO,ChIJB_eSlP1jky0R7zaH3c9iRBY,4.8,"['tourist_attraction', 'point_of_interest', 'establishment']",4.0,"[{'height': 4080, 'html_attributions': ['<a href=""https://maps.google.com/maps/contrib/112817840873935572859"">A Google User</a>'], 'photo_reference': 'AUGGfZkcwEVsvznpYNg8D5_Z25nN_gqXFAry8Anb7FfgI4PdocnTQIX43nWV_vVMTyh0llR5D_JintMFGpqKYrncjXzH_hRCcvZGGXq4uBLngxhrrCS-g4aykk6D1XeZeMFmFLj_t_jgfODLyOS2mqIq9M0kh4Ww_nEF4n9SNlbUUZuDlwXZ', 'width': 3072}]",-3.2200722,119.1649761,0,1,0,0,0
"Q595+FF, B U. L O, Bulo, Polewali Mandar Regency, West Sulawesi 91353, Indonesia",Puncak Pambongaang (KRB),ChIJcT-vtKFjky0RYLXd1r2IFPo,5.0,"['tourist_attraction', 'point_of_interest', 'establishment']",1.0,"[{'height': 4160, 'html_attributions': ['<a href=""https://maps.google.com/maps/contrib/118035630792685431172"">A Google User</a>'], 'photo_reference': 'AUGGfZntTuJ5M-VPhooIJ0PVKgf5Mb_alBqYIk2tXoAEVHc8Y0hUxgrQsa_285jFMXgciNvbyrQG-syrFTSTXHl825N9KqMK6fKMpS0c-zrWu5Px-g_8RxnySdws_lFcK2VfUpV_Fizyy99v4VYSXIb-9QHewDX8fTq-y2qLxt_IwpLZra0', 'width': 3120}]",-3.2313681,119.1586265,0,0,0,0,0
"Q5H8+48W, Unnamed Road, Bulo, Kec. Bulo, Kabupaten Polewali Mandar, Sulawesi Barat 91353, Indonesia",BUKIT SENAYAN DESA BULO KEC. BULO (NEGERI ATAS AWAN),ChIJpyY7RERjky0RT8Gaj8u_x-4,4.4,"['campground', 'park', 'lodging', 'point_of_interest', 'establishment']",72.0,"[{'height': 1952, 'html_attributions': ['<a href=""https://maps.google.com/maps/contrib/110946202118629783537"">fajar crow</a>'], 'photo_reference': 'AUGGfZn1wMlmXecUO8k8d80TMQ3D-hKRLmuamM1W07OWoPQFTSYpi4_poVSfDbfCkUbcjQ9BHs7RgYm8kMK3ubADgWltFxE6bNquZDI2Gdpjau3IGwTl-QAa1r7gXW944Lf-QCvpPwhXAQqFJwQ6oGNmqTHIvm3oU-aVPzJpbg9EFOeBWO84', 'width': 4160}]",-3.2221465,119.1658431,0,1,1,0,0
"P5W3+9R, Ihing, Bulo, Polewali Mandar Regency, West Sulawesi, Indonesia",Puncak ihing,ChIJYdWGIQBjky0RLjn9S-A3E8A,5.0,"['tourist_attraction', 'point_of_interest', 'establishment']",1.0,"[{'height': 4160, 'html_attributions': ['<a href=""https://maps.google.com/maps/contrib/105628625329442934538"">A Google User</a>'], 'photo_reference': 'AUGGfZmaeZQj94OtDr9n1PxLW9-XWunV1a1ztAfAFdiIClrU19qa5BY3uOWJWYwQYLW2VIG5qeg5OzL1QpXnc23aCljOYc0vP4vDWh_0np5MzwP2c8RxBeLfeANm-x-meDjnP_hSPBBvk9DWBNNXXIH_Su-9YD-eNXGAf74JfJ_lKGptOjs0', 'width': 3120}]",-3.254054,119.1545116,0,0,0,0,0
"Q3QQ+59X, Lenggo, Bulo, Polewali Mandar Regency, West Sulawesi 91353, Indonesia",Desa lenggo,ChIJn6AAlfxhky0Rilt9A9nOqpI,4.0,"['park', 'point_of_interest', 'establishment']",2.0,"[{'height': 5152, 'html_attributions': ['<a href=""https://maps.google.com/maps/contrib/102760206295494945535"">A Google User</a>'], 'photo_reference': 'AUGGfZnnGmcgUWh6-H4c8WAOnUfokrIBlXWxVN8cY5HbOIzK_ZE_jSiY5oVV1l8-RoToI3diY1taS8XzP-ZlFHIZmRDNXc8b2IFy1tY4HzIw6SoUeG5NyNSqZCdGkA_7JYCKb6axRx5-R-4Y9684FAWHzdWbGJi1rLmp6DXL7ljAnrldHZWO', 'width': 3864}]",-3.2120224,119.0884773,0,0,1,0,0
"Q2HH+MQ3, Pollewani, Tutar, Polewali Mandar Regency, West Sulawesi, Indonesia",Air Terjun Kona,ChIJ95lxG_xfky0RAdTy_PmnR2U,4.1,"['tourist_attraction', 'point_of_interest', 'establishment']",20.0,"[{'height': 4000, 'html_attributions': ['<a href=""https://maps.google.com/maps/contrib/101189590159194191276"">A Google User</a>'], 'photo_reference': 'AUGGfZkRws8sJR9XBGwZw7o8xvbSH_66bw3NGKLf6j_wpz8Aga_OeNF5_CV4UE8BOIMGK6n04n31AmxbQDasK01tCQ496_k-weXSJsKIulWwcNOY9krQ1oH-RlFfBEXWhgFfuxSP5iJUkqHyUmxxQsIfsM_X_Uyw0nqR5-TdJOjJHCUCqTBP', 'width': 3000}]",-3.2208725,119.029408,0,0,0,0,0
"R8X8+27F, Jl Poros, Tadisi, Kec. Sumarorong, Kabupaten Mamasa, Sulawesi Barat, Indonesia",Kalewe (Batu Sejarah),ChIJY8xuS4N7ky0RWtDgYL56Vq8,5.0,"['tourist_attraction', 'point_of_interest', 'establishment']",1.0,,-3.1524486,119.3156831,0,0,0,0,0
"X8RH+W3X, Sepakuan, Balla, Mamasa Regency, West Sulawesi 91366, Indonesia",TANETE BILAK,ChIJi6_2hSx1ky0RAasLUupjiyg,5.0,"['tourist_attraction', 'point_of_interest', 'establishment']",4.0,"[{'height': 3120, 'html_attributions': ['<a href=""https://maps.google.com/maps/contrib/118368079806427088568"">A Google User</a>'], 'photo_reference': 'AUGGfZk2xG00Uk7Mqk9m0z99dXm6f77Fe-9aV2enPi8nTRhpgucV11I-CuPUdfoNTOORzc0uexIDHYZcFGUG4cH_vXuzY_kDfRDD5N8xlbfySEQyj4HQnuROxKrFW9OtgfH5Zeva0ezXkM0oArufLJKQwq7ekCBTsmccFWggDiwNK3Hx5HJb', 'width': 4160}]",-3.0079687,119.3286098,0,0,0,0,0
"F3QX+Q25, Bala, Balanipa, Polewali Mandar Regency, West Sulawesi 91353, Indonesia",Pantai Palippis,ChIJXx-GzU2UlC0Rt7tYH-D4eFc,4.2,"['amusement_park', 'point_of_interest', 'establishment']",193.0,"[{'height': 1960, 'html_attributions': ['<a href=""https://maps.google.com/maps/contrib/115386999166695611715"">irham halim</a>'], 'photo_reference': 'AUGGfZnbaml2dLsOho9W-aqeTOXqUg_ZYuTouU6k9IIJjyHYa_VHtVLs6P2IDEqHofs1_P_R79LNPcXC59LZMNhWOdu1sIlsWvLap8fUiuc1NBSvf7Q3T0kHukQp3rdkkuOmXxOPsawARBJxSGufXo88KJBMuFU3jaHD07MYFGitUcI0-P1b', 'width': 4032}]",-3.5106073,119.0976082,0,1,1,0,0
"J626+4FG, Sidodadi, Wonomulyo, Polewali Mandar Regency, West Sulawesi 91352, Indonesia",Wonomulyo,ChIJ8SFxu9GblC0RsyeK9XU3psI,4.0,"['tourist_attraction', 'point_of_interest', 'establishment']",3.0,"[{'height': 3072, 'html_attributions': ['<a href=""https://maps.google.com/maps/contrib/103582685719180239175"">haeruddin syam</a>'], 'photo_reference': 'AUGGfZnBVNidCK622oSOwD_4_Qlf9awQ0YQ6nafadOMOTmjt0ddr2PMFZ9-zS9h0Y8q9MVkh7zjKsbJnoYx-Ij4_sLd_zvvsoDJS1HzUHYjzJcx_vVvJ8JPWTedgtuKyCB3-JEbS11odMxb96xpndOymohYiZavZ-sFIclrdo5zPyuu78d6Q', 'width': 3072}]",-3.3997,119.2111889,0,0,0,0,0
"Baru, Pamboborangg, Majene Regency, West Sulawesi 91411, Indonesia",Pamboborang Camp Park,ChIJ4eMb1HK5lC0R1uAY22-X5kM,4.9,"['campground', 'lodging', 'park', 'point_of_interest', 'establishment']",10.0,"[{'height': 3120, 'html_attributions': ['<a href=""https://maps.google.com/maps/contrib/106092405367803956829"">A Google User</a>'], 'photo_reference': 'AUGGfZkJnc3uNsGJDfvEfGrm85Fi2-7eLxxRfWgdODoIDZ58Htg8q3gsvwZm_3AUxNnPMFjFkev2BPHkV7n527DJA3L-F-BuuFSbwkK7PSDITAkF3DeRxDL70GF_VbtkRwnEEUQlWUBLSoiUOOB135Mj5MFJyOBo0FpjMxW13vkDTSAOIoDD', 'width': 4160}]",-3.5279211,118.9430892,0,0,1,0,0
"CWXR+R7M, Totoli, Banggae, Majene Regency, West Sulawesi 91415, Indonesia",AGROWISATA BUKIT MOLOKU,ChIJScynhqu5lC0RxenwUlETCuw,4.7,"['tourist_attraction', 'point_of_interest', 'establishment']",7.0,"[{'height': 720, 'html_attributions': ['<a href=""https://maps.google.com/maps/contrib/105670347860386078787"">nurul rizka muliah</a>'], 'photo_reference': 'AUGGfZmE_f7BRGd3U4E9IqSWWv-2Kp_7-qA-pvGa5wwWre90584dwH6PAreykBrFil2VuBPKaTKIerijkFUoyoXA-VS6ubr4E9rdT7CeSHfGaH74Tzrf7ZBYik5aQIPjyGncpF3TBvbt-vp3E--XpfVSPxVgXsNz8JzqPXGqrKMDb4_eBL43', 'width': 1280}]",-3.5506922,118.9407614,0,1,1,0,0
"CCF8+9MW, Lamalera B, Wulandoni, Lembata Regency, East Nusa Tenggara, Indonesia",Traditional Whale Hunt of Lamalera,ChIJs6a0Pb5qqy0RBEDR1y34zZ8,4.9,"['tourist_attraction', 'point_of_interest', 'establishment']",91.0,"[{'height': 3000, 'html_attributions': ['<a href=""https://maps.google.com/maps/contrib/115891273468218114617"">Supri Yatno</a>'], 'photo_reference': 'AUGGfZm7DTB__cwNZdOxoyqVZsua8YNiKeM_4tgLfJ6uxLN1qn4kgHrCFgvZSeNVkn0CfxYeLZsScSbaFuoXj8ChZapzX8X-88bGynxmUAuIOyYt3vSXcTeeGRaXRAfMHHCbIUK1z-fOnoaZzsCFBWR3ETX92rylZrzjVdR9NCqjsZDszC3j', 'width': 4000}]",-8.5765032,123.4167171,0,0,0,0,0
"Bori, Sesean, North Toraja Regency, South Sulawesi 91853, Indonesia",Objek Wisata Kalimbuang Bori,ChIJSWaRkqXDky0RoX3_0ANQkQc,4.6,"['tourist_attraction', 'point_of_interest', 'establishment']",978.0,"[{'height': 2592, 'html_attributions': ['<a href=""https://maps.google.com/maps/contrib/111496480012358817754"">Hanny Hanifah</a>'], 'photo_reference': 'AUGGfZmxSTIc8VajrCFGJr6mtWHn4NuUl7O4c3naIDPzdHWmz2he7p1XeXTDLuv2DG74gbbuJG6TvsJC27Us8DQqUHwRCP3P4d3CxH4-FcFrSxx_UwWIy4OgGSkYwrpD6or9I13AcWbKLftqaq7n1VBJ2RPOjSAmoyw3cUqbvVzArEF81647', 'width': 4608}]",-2.9203245,119.9204459,0,0,1,0,0
"Lolai, Kapala Pitu, North Toraja Regency, South Sulawesi 91854, Indonesia","Lolai - To' Tombi, Negeri di atas awan",ChIJ2ZoiF-LBky0Rez3x1SgEWfo,4.6,"['tourist_attraction', 'park', 'point_of_interest', 'establishment']",3387.0,"[{'height': 4032, 'html_attributions': ['<a href=""https://maps.google.com/maps/contrib/100138256137539627136"">Akbar Arief</a>'], 'photo_reference': 'AUGGfZlyBfUJPqFeajvRz3kwfyuw-6x3wYQI1uDzK52f6ZlRZYpoZSDb7MlyS_betIh4iEVz1iQtTyoY9G6Lwyil-N8qjPqvYQ5RkH86XMU1NkVoLbqqQZ6HIUM1TgV3tFD6WQ5KIL93y2tPh0ulfZSYqHccPeS--WYk1Wp6eV6bwUxzYdoq', 'width': 3024}]",-2.965639,119.8652808,0,0,1,0,0
"GX74+G8, Baruga Dua, Banggae Timur, Majene Regency, West Sulawesi 91414, Indonesia",Peaturangan,ChIJPYNekN29lC0R7LQNvc9k9Ok,3.0,"['tourist_attraction', 'point_of_interest', 'establishment']",1.0,"[{'height': 1920, 'html_attributions': ['<a href=""https://maps.google.com/maps/contrib/109067047822477786064"">A Google User</a>'], 'photo_reference': 'AUGGfZkItFzoeWMwKJKpafp5DIC8Nbr31TGwug7rrAoRQ4vuvtuz14y1IMJAS5LmurbyslAEhqSx1N7WbCYEqRDulU7VRVlEqjhpn9eUypiVE085H2TGk2bIo_KO9JojOLqbSZ2f1jBodC-XrnuHY4YdWQNqZELMjhaIZMCBg0dOYH3MDv3e', 'width': 1080}]",-3.4861527,118.9558035,0,0,0,0,0
"Q86C+GF, Rippung, Messawa, Mamasa Regency, West Sulawesi 91361, Indonesia",Salulating Waterfall,ChIJhcDW0fZ9ky0Rx-iwiffIOwI,4.5,"['tourist_attraction', 'point_of_interest', 'establishment']",2.0,"[{'height': 960, 'html_attributions': ['<a href=""https://maps.google.com/maps/contrib/106169899465349621199"">A Google User</a>'], 'photo_reference': 'AUGGfZmBTdu9tyzxqRufEG1WaFoRa2snaQcH61Ncb_wA6_wxZdL1OB0UcQ8VpSJEJ9JF6prkXcXcciarZbUv3uwuldprrNxWVGcKhsGr4C7y5sGJL2wurUd1vimq8S905OcKqIRwqIfer_xU4iA9xL8VJi3khj0tSBvtJc_Jg-poSslG1pEf', 'width': 540}]",-3.2387267,119.3211278,0,0,0,0,0
"V7GG+93F, Salubalo, Sumarorong, Mamasa Regency, West Sulawesi 91361, Indonesia",Air terjun tandiallo,ChIJ2e9ucX9wky0Ry7vQHJxTsQY,4.0,"['tourist_attraction', 'point_of_interest', 'establishment']",1.0,,-3.1240636,119.2751738,0,0,0,0,0
"R8GJ+M5J, Tabone, Sumarorong, Mamasa Regency, West Sulawesi 91361, Indonesia",Simpang Tabone - Nosu - Pana,ChIJ8dQk8XZ5ky0RwgaT5goVKYg,5.0,"['tourist_attraction', 'point_of_interest', 'establishment']",1.0,,-3.1732836,119.3303949,0,0,0,0,0
"V85F+CX2, Tadisi, Sumarorong, Mamasa Regency, West Sulawesi 91361, Indonesia",Liawan Waterfall,ChIJ65bJByB6ky0RMLo4UoE2a70,4.4,"['tourist_attraction', 'point_of_interest', 'establishment']",62.0,"[{'height': 3120, 'html_attributions': ['<a href=""https://maps.google.com/maps/contrib/103606294910348161084"">A Google User</a>'], 'photo_reference': 'AUGGfZk4NnHVToNEa5QJQQ18agWdhgH6cyZdD-mDdElUe0TWrqftPEPoYDRR7xpwynFMFf6PSeuoz_xRE36eXzwVtv3ghoS2_nrON7zt2pe7RrvVCUYme4ZXiBi9MTLC-AL07LAcDXADEL5Pvb0YVA_CnMgnMkUi6ov-tt5_CrlCRAqtRwHv', 'width': 4160}]",-3.1414906,119.3248805,0,0,0,0,0
"X7WP+VQ7, Parondobulawan, Tanduk Kalua, Mamasa Regency, West Sulawesi 91366, Indonesia",Negeri Diatas Awan Buntu Liarra,ChIJoflV-Rhzky0RG2H-Va5fIn4,4.5,"['tourist_attraction', 'point_of_interest', 'establishment']",36.0,"[{'height': 1982, 'html_attributions': ['<a href=""https://maps.google.com/maps/contrib/113003731480863135661"">Abd Rahman</a>'], 'photo_reference': 'AUGGfZnKRz3CZSi9uPlOmfPfKrP6VpzKJymXH4lXQZkrCrhjIaR_3yOze44ZHvtOlLFMg_hAxUw-n4STE7Z2IEnOpLS8Tt630xq6CNnR4advgEZbho3kkjMxU2CsolioqRyJ9oT2Op39PhCYnH46RXVJ4ZGL__i66zyTtuwmAIg2AM7KkAOJ', 'width': 2643}]",-3.0028491,119.2869161,0,0,0,0,0
"XVG6+C4F, Malunda, Majene Regency, West Sulawesi 91453, Indonesia",Pantai Lamungang Batu Malunda,ChIJoXtC0NdHky0RMl6Y3T2IorI,4.4,"['tourist_attraction', 'point_of_interest', 'establishment']",128.0,"[{'height': 3120, 'html_attributions': ['<a href=""https://maps.google.com/maps/contrib/112721771932294168278"">nnranusi 15</a>'], 'photo_reference': 'AUGGfZkQooM1WKTBJNbdyGj8Y4-tpSAz9tyO4rTlQiwNZtwUVJrn_QdPKl5sW4jjgsTonhesjpdEMG21FsVrbmCH1k0tWvI7VuQAGiegmk0-brzETpdbyN86ejDE2M3RaGF9rW8jMHIdc7jrPOW0gZqZyIjOquZ-GKcO6xYWX7F1m_ilVTgH', 'width': 4160}]",-3.0239434,118.8602852,0,1,0,0,0
"Q2HH+M2X, Unnamed Road, Pollewani, Kec. Tutar, Kabupaten Polewali Mandar, Sulawesi Barat 91355, Indonesia",Air Terjun Kona Rattekallang,ChIJixfwi19fky0ROx2T9mKVda4,4.5,"['museum', 'point_of_interest', 'establishment']",13.0,"[{'height': 1600, 'html_attributions': ['<a href=""https://maps.google.com/maps/contrib/116608895486135991326"">Syamsuati Nur</a>'], 'photo_reference': 'AUGGfZmGPB8sV4PDOa7j595O6DskDfeGBZZfslclTz2A5onbppzeRzIze6qWcn3I_ECGlsG5Z-foymtO3cOhFwy_cwks9dSrnuwXPA_UvFNMsCNPN_sJwisqtyF1DsuAy6BZi7n67xn7tnxGrbKoG-wh1VZCuaJgPVZyaqZ3k4WzaYXvb54', 'width': 1200}]",-3.220756,119.0275975,1,0,0,0,0
