formatted_address,name,photos,place_id,rating,types,user_ratings_total,lat,lng
"CHCW+QRM, Olak Kemang, Danau Teluk, Jambi City, Jambi 36124, Indonesia",Danau Teluk,"[{'height': 1080, 'html_attributions': ['<a href=""https://maps.google.com/maps/contrib/109185848362568294087"">tanjung selor</a>'], 'photo_reference': 'AUGGfZkBA7PyjdwmMa1wc9i6uUYkFMuIAFRlov--31kLmigi5ry7BlXxYBt4KIOqzn52GwESuMbgJrMpQkQ2VDCjzvpXXQJKWBC8z2WPmeTRbOjp3WPzuO6OHls3m3WjBPyiAGZ-ih1m_DhpNHzVHnvhDefJyMtS8mx387Mq0uQC511fY8tu', 'width': 1920}]",ChIJXVXVAWSJJS4R-2keHnGLbnk,5.0,"['tourist_attraction', 'point_of_interest', 'establishment']",1.0,-1.5780334,103.5970315
"9HVV+33P, Sungai Putri, Danau Teluk, Jambi City, Jambi 36124, Indonesia","Bundaran Tugu Simpang Empat Broni, Danau Teluk","[{'height': 2340, 'html_attributions': ['<a href=""https://maps.google.com/maps/contrib/116846500983352232023"">Adrian Pratama</a>'], 'photo_reference': 'AUGGfZn951SPD8bjP6DXSQFYaJ-nwDaxtpge_EvgOK_NJ66MPvgjH22K57tQYQ8W2UzxwvREEY5zqVFw2g0dS-s84yfhaYsIap_qjpSBwEGbV5-qBmwLS_-ykr3w81GQcO56coNIwShsMeNMtjSmPKTwzKqwDhhQVAQviEKrNiZI5wnF26mA', 'width': 4160}]",ChIJ3zyBsvWIJS4RWcIR4vj9sQM,4.3,"['tourist_attraction', 'point_of_interest', 'establishment']",63.0,-1.6072967,103.5927
"Kelurahan Buluran Kenali, RT. 14, Tlk. Kenali, Kec. Telanaipura, Kota Jambi, Jambi 36361, Indonesia",Danau Teluk Kenali,"[{'height': 3000, 'html_attributions': ['<a href=""https://maps.google.com/maps/contrib/109905954262982139163"">A Google User</a>'], 'photo_reference': 'AUGGfZnKAsibgw6Xdm_ysjROcXNcY83jN8aTsH5SUFMVLRfWPe42jZ6beCtyAmvrzNBrZ7fmEAHLGWxM48Sw5VhTrXPmFcP87f5uS7h6PH1-HVH-rKmws4OlFbZGD-NVxQyNRz3r_4N3xp656odlx8dQpGVqBcP1mdIFmi_BwnzDocFsbOXp', 'width': 3000}]",ChIJNzAdQ_WJJS4RvdxZVovXne0,5.0,"['tourist_attraction', 'point_of_interest', 'establishment']",3.0,-1.5866685,103.5685484
"Lorong Kadet Legiman No.21, Legok, Kec. Telanaipura, Kota Jambi, Jambi 36124, Indonesia",Cagar Budaya - Herenhuis van Hassan Al Djoefrië,"[{'height': 2448, 'html_attributions': ['<a href=""https://maps.google.com/maps/contrib/103071879268393206631"">totalsport Jambitv</a>'], 'photo_reference': 'AUGGfZk-qlUdVcz7Z3whgnNuSoqFCcBp1Q9DpWG5RcouY7caVdWm42sGeqFukRFXeBb-lRWBcVlfmRFkHEM6EAxNoPo5uWV6EI3S820Tzdh0Fx8o1DZXzC_E7oWf90Q4f2-EBU0Var7daLr4kKHODt7utd1QI2C6nBVYzp_KQhdrJpeDSimi', 'width': 3264}]",ChIJ6Z2iNhuJJS4RkHcLnb1Fs7g,4.5,"['tourist_attraction', 'point_of_interest', 'establishment']",223.0,-1.5850441,103.6015235
"CH2V+MR7, Legok, Telanaipura, Jambi City, Jambi 36124, Indonesia",Lake Sipin,"[{'height': 2160, 'html_attributions': ['<a href=""https://maps.google.com/maps/contrib/111397874065954399536"">rifki khalik</a>'], 'photo_reference': 'AUGGfZnPfXWPHm5nQpofRc6K1pWBtJivi_q8j-xh2s3x-A3Ioubtnp7X-Vg3BndDGet7iipAmAkbXwi8RGgOP98wx4CCc6jtWvdLxm5j7biZCiYYfcLzHGh1bsz7-h1O1Apl1NvbYe1cGLJ_xALdZPkOn--BejvY4ap6dTwQB_wyVlngSt0g', 'width': 2880}]",ChIJy11jL_qIJS4RDb1vHAKL1K8,4.2,"['tourist_attraction', 'point_of_interest', 'establishment']",594.0,-1.5983409,103.594535
"Jl. Sultan Thaha No.15, Kasang, Kec. Jambi Tim., Kota Jambi, Jambi 36123, Indonesia",Tanggo Rajo Park Jambi,"[{'height': 4032, 'html_attributions': ['<a href=""https://maps.google.com/maps/contrib/103660316058279382511"">ARIEF HARTONO</a>'], 'photo_reference': 'AUGGfZken4Wx4qWZfjy-ALer59_WTQIK-L7Y4VvfrbaqTBWhDPtTioSXkIHw42a22pJ4swTzIu9MdXBxr79RiuSddf4oVl-SkUMOjCKyJ25trk02lMPnpEfCnTaDsA-QtzjY9pFP00UUTs3uIW0TQesI7nR5NZk_QOSybrPxACHNg1Q1DXuU', 'width': 3024}]",ChIJ0fSZqyaJJS4RBN4EEPGybLg,4.2,"['tourist_attraction', 'point_of_interest', 'establishment']",162.0,-1.5879189,103.6172342
"CH3V+JVF, Legok, Telanaipura, Jambi City, Jambi 36124, Indonesia",Wisata Danau Sipin Island,"[{'height': 717, 'html_attributions': ['<a href=""https://maps.google.com/maps/contrib/113335359078274528284"">mardul ziz</a>'], 'photo_reference': 'AUGGfZmw1Lr8FBOrOwA0dIoy3biKnIWOKknzoB8T5bM-_8LSQpZAyC7gs75QKIm5osw5oAnedOA2bKGiB1BqCxTq0Hu2JM3GxkPNjOkbTSBt9kH72s63mwjrYJpLzPpcKFkLwXHiI3eNNgKAXU9j4EVJVlcA8Nw2PFVt9KNSJiGQfrvwZgIJ', 'width': 1280}]",ChIJuU4EnjKJJS4RaUO8g2txVr4,4.3,"['tourist_attraction', 'point_of_interest', 'establishment']",74.0,-1.595944,103.594683
"Jl. Ade Irma Suryani Nasution, Telanaipura, Kec. Telanaipura, Kota Jambi, Jambi 36361, Indonesia",Kawasan Wisata Danau Sipin,"[{'height': 1080, 'html_attributions': ['<a href=""https://maps.google.com/maps/contrib/118193970222740972975"">Dwi Prasetio</a>'], 'photo_reference': 'AUGGfZlg4o7MiKyQjtX1BALKiOq41h5dJDxdmRh39CaHZN71Rpz0uf4X3vxIdERTEooXn5dUUYHPiSXDCl5iuiXMmmJyDrV1iEjowXrrBz51GIF1YR0L0ZUgRmkltpAj4EszszXbV8aab2H5LNR0bdqPeIQ5IYydp_Y-IZMriwkx-pd7Dc0P', 'width': 1920}]",ChIJP9et5LeJJS4RkQ_tZnV191c,4.5,"['tourist_attraction', 'point_of_interest', 'establishment']",69.0,-1.6020969,103.5825217
"CJ87+8Q9, Jl. KH. M. Ja'afar, Arab Melayu, Kec. Pelayangan, Kota Jambi, Jambi 36123, Indonesia",Jambi Seberang,"[{'height': 3000, 'html_attributions': ['<a href=""https://maps.google.com/maps/contrib/109927510022107786923"">A Google User</a>'], 'photo_reference': 'AUGGfZl7PlrSG45DDLUtOxr5Ap_XA1jpX4cAmi2RHAyDFBiJVhtUEMedVO-yqoQLSxdl9REtpc22AQB3nboWnTVLDAzVFyxEDSI_vZlww5Gg-pQ18bJbOnHl5trPiUfy_uzd8I126iFGVsLfW90qIVhfcmjIIW06a5kQ1_iY3b5_FznXBKvy', 'width': 4000}]",ChIJY2AD9yKJJS4R0cg1wXra6ds,4.7,"['tourist_attraction', 'point_of_interest', 'establishment']",182.0,-1.584217,103.6144727
"CJ87+2M5, Arab Melayu, Pelayangan, Jambi City, Jambi 36123, Indonesia",Gentala Arasy Tower,"[{'height': 4624, 'html_attributions': ['<a href=""https://maps.google.com/maps/contrib/115777475858513724871"">Khairul Anam</a>'], 'photo_reference': 'AUGGfZnVtzNIP7n4z4eSQix17Q24_aH6yF9tUJsRs8ts_k7B73fb6G19PYkGQZMSnroij-mOaA5D6XcShdT2C6KUD6qD9uPs_a2B0R7xwDO7lGJ0Us4DmEE68O1M6SliJMnH36oQePkpUIKStbvzPKF9_NuknmkLV9_UPupWZicMVjIQoQ6Q', 'width': 3468}]",ChIJWzCWPyKJJS4RFe9u5TkQnWc,4.5,"['tourist_attraction', 'museum', 'park', 'point_of_interest', 'establishment']",2610.0,-1.5849803,103.6142392
"Jl. Sultan Thaha No.87, Beringin, Kec. Ps. Jambi, Kota Jambi, Jambi 36124, Indonesia",Putri Pinang Masak Park,"[{'height': 4000, 'html_attributions': ['<a href=""https://maps.google.com/maps/contrib/109905954262982139163"">A Google User</a>'], 'photo_reference': 'AUGGfZnCjPNj4UzWS3o__9Oqj30qTS5cNu7yLUSJcPs4HPDgxfPs-RvJbKpwJPWunlYhKIp6sa-__YIXq3RRHKw1EvQ56M85UbxfTev5NVZi-jfE4ObN5VTgoyYj8NkFWow8gP3ZTZfqIKdgdh_cD6bFQFnL06WsP83vFptV-i8I5ehrN8LT', 'width': 3000}]",ChIJqbRauuGJJS4RU50n4xcovqk,4.2,"['tourist_attraction', 'point_of_interest', 'establishment']",85.0,-1.5909429,103.6119167
"CJ57+7G9, Orang Kayo Hitam, Pasar Jambi, Jambi City, Jambi 36123, Indonesia",Malam orang kayo hitam,"[{'height': 1000, 'html_attributions': ['<a href=""https://maps.google.com/maps/contrib/106989972962608824267"">A Google User</a>'], 'photo_reference': 'AUGGfZmzpF9TenOjTZYIsalOV5DLImT-1Y87ipWsKecWElys9Cl6mYfCwumsTG9xzk7kqNL4liM3ghNNjnexRVySMxwsBSvRacnAlaC5Q8AinnCOVvjMuhoTj7I6dMXsZpRbUpjYrbGHBsaCjA5XG0a-5169QHYOcDoa934xGjF_Hpq_LLbl', 'width': 1000}]",ChIJcdUZd5-JJS4RIP2BOBjjDu4,5.0,"['tourist_attraction', 'point_of_interest', 'establishment']",1.0,-1.5918299,103.6138438
"CJ77+RX2, Arab Melayu, Pelayangan, Jambi City, Jambi 36123, Indonesia",Patung Angso Duo Seberang,"[{'height': 1920, 'html_attributions': ['<a href=""https://maps.google.com/maps/contrib/110553446705454863629"">Abassr1 Up</a>'], 'photo_reference': 'AUGGfZkM4UALQYwS7KgQKAJE-RdCCNN_Q6rlH3N0k4EgM0ILl913xrDSrekP3qv7KyR9P6kENMvQd9uW9TPQSa5zcIynX6TgsV7a0jG-CoEu2rMoz7QAppRTOn4hSGXi8zzCtqVqQOgXhC1DCyLoGSb-5j92nMhyi9oGnH2wtPSMciqO5PkA', 'width': 1080}]",ChIJ_bQfgaaJJS4R8ewVXNGH0GQ,4.0,"['tourist_attraction', 'point_of_interest', 'establishment']",1.0,-1.5854874,103.6148977
"CJ78+873, Kasang, East Jambi, Jambi City, Jambi 36123, Indonesia",Jembatan Gentala Arasy,"[{'height': 2016, 'html_attributions': ['<a href=""https://maps.google.com/maps/contrib/109932003530372394800"">Nurkholis 25</a>'], 'photo_reference': 'AUGGfZngF2aW3Q6BBHD18b286od9OZm08czT5IU1Ef8LMrzoTtcXO_VWjFrgdzOqoow-5z5lUvnPe1fOniMMoIeFJ1g__qNeXquV3gmvi39TcERRQvT33MeTGBuCYPI21zQr6uKFAWmmr9O7FEiKucTE4pgdws2UDWLgsD4l3VnWEXQ-44G8', 'width': 3851}]",ChIJV7S4dyGJJS4RObNnntBIJqc,4.5,"['tourist_attraction', 'point_of_interest', 'establishment']",7064.0,-1.586732,103.6156861
"CH3H+QG2, Legok, Telanaipura, Jambi City, Jambi 36361, Indonesia",Wisata Dasiles Tanjung Belimbing,"[{'height': 2448, 'html_attributions': ['<a href=""https://maps.google.com/maps/contrib/117782156831272225998"">A Google User</a>'], 'photo_reference': 'AUGGfZkK4X2s56m5dkE6yo3S_bxViHqy_MdWv_2gTgvo6Wg-cJMzeyo8zp6nATNXe1_Awfn3cmilrJC6_YAjk7st5a22INRvSAVYZOjus2mrBF88UhJJ8aAzSl5FUp_V67MYh7Co5suSoETRCNaSIcLstO3y0iHCgXGEIa1FRJUGAJ-pez3N', 'width': 3264}]",ChIJGTMGGpaJJS4RG_y-K4u5V58,3.9,"['tourist_attraction', 'point_of_interest', 'establishment']",16.0,-1.5956209,103.5787559
"9HXM+JW, Sungai Putri, Telanaipura, Jambi City, Jambi, Indonesia",Danau Sipin (DANSIP),"[{'height': 1872, 'html_attributions': ['<a href=""https://maps.google.com/maps/contrib/108961135890227171700"">suparno jumar</a>'], 'photo_reference': 'AUGGfZk8Wxy5bbqG3RssWATEatamN9v0tmpHKqbTP80rpk6hPI-AGcZ6ILrJRfPjmRfKzzx-u3xmQhyFMIexSbhAqT7RvFGNr7AFIMpQ9nUdT95kfTquubOyAHuH9cm6Aj4KdJVKeHhjSgp0eUkpPhkFLIuBlcrcgO8rJBaePTmUmxDmOkaW', 'width': 4160}]",ChIJL98222yJJS4RKHdl-ra_reQ,4.7,"['tourist_attraction', 'point_of_interest', 'establishment']",35.0,-1.6011297,103.5864921
"CH4X+8JX, Jalan Letkol Selamet Riyadi, Legok, Kec. Telanaipura, Kota Jambi, Jambi 60253, Indonesia",Makam Raja - Raja,"[{'height': 2592, 'html_attributions': ['<a href=""https://maps.google.com/maps/contrib/101247781513458221569"">Yudi Amirul</a>'], 'photo_reference': 'AUGGfZnrwzub37wB8mfubg-tFITUjiGwabqCLbfUu-HhaxLdSNWQm69eiujy2AqdQhxQNN4E6hENzzANA2zHODCgjhQtZ68e9XLwSZU0J0P9qHEE427K-XJktpOmIb4xyze2z50LhAazAiu65-Q0Vyl5IDiq9-yeRD599JzvYPFdVpA5bIOk', 'width': 4608}]",ChIJ3ay1-_yIJS4RUlbiFBViE9Q,4.4,"['tourist_attraction', 'point_of_interest', 'establishment']",105.0,-1.59413,103.599116
"Rest area danau sipin, Sungai Putri, Danau sipin, Kota Jambi, Jambi 36361, Indonesia",Bebek gowes danau sipin,"[{'height': 3472, 'html_attributions': ['<a href=""https://maps.google.com/maps/contrib/109965998096681629784"">A Google User</a>'], 'photo_reference': 'AUGGfZni_M1s1Zw8ptYCJ9V8hFh82-oi8zqHnxWyPXYPOX3kTg0Nc_OxuPphhTmIp5SGGbsU1rGCi9V603S1HK_TFt1IQfomop35W9P1RPLexpeMAt4Qlyv84EI1xeJIpXeSqU8cbAx_fpKB62VpiVmV4lvnS9zYhYTvPRbl0ShAwXP2V3Em', 'width': 4624}]",ChIJT0ElngaJJS4RuICUXxpNXOc,4.1,"['tourist_attraction', 'point_of_interest', 'establishment']",7.0,-1.6022018,103.5874587
"Lorong Danau, Sungai Putri, Kec. Telanaipura, Kota Jambi, Jambi 36361, Indonesia",Dinding panjat Danau Sipin,"[{'height': 3000, 'html_attributions': ['<a href=""https://maps.google.com/maps/contrib/112413767777127625137"">A Google User</a>'], 'photo_reference': 'AUGGfZk82DCqGm9_Pq912s6VIzjtCxK964tfMPurgWkxP69p9FHe5qoDdI6DIHSYTYmcDD7cSgYdd-L5MhSaltqeEXRyBusYDB-uT0Fvu3UbnLT9v1-UZ3G1T9vsTBp-V5X2uqCf5bSLoLHmDmUIs4_sTiuthuLZqNX_kgeDwtxPcZLatUvX', 'width': 4000}]",ChIJx0-CYDuJJS4R5UgT9_wChxU,3.8,"['tourist_attraction', 'point_of_interest', 'establishment']",4.0,-1.6014189,103.5813375
"Jl. Raden Pamuk No.16, Ps. Jambi, Kec. Ps. Jambi, Kota Jambi, Jambi 36123, Indonesia",PINTU JEMBATAN GENTALA ARASY,"[{'height': 3574, 'html_attributions': ['<a href=""https://maps.google.com/maps/contrib/109905954262982139163"">A Google User</a>'], 'photo_reference': 'AUGGfZlMebv1ldVzhmjKzUQoIXCuWi1s1TacIveZFpt2tHHDdA5htnXYeROR5mOfUHpMr5bE1JJ5MUzxRuslGqNnrbZZSD9cpD4hr0wGMis8RbMUTDQHsfFykkoRp0zUlWsVinC_dP7slgIw6Hqrov48lK7y2ELlpN4roTVTnp5JgcgV85Ee', 'width': 2812}]",ChIJE1eGtxSJJS4Riyo4dN4YcPo,4.4,"['tourist_attraction', 'point_of_interest', 'establishment']",17.0,-1.5884625,103.6172828
"9HXJ+FPQ, Telanaipura, Jambi City, Jambi, Indonesia",Dermaga Kapal Wisata Jembatan Cinta,"[{'height': 853, 'html_attributions': ['<a href=""https://maps.google.com/maps/contrib/107667212952726217207"">A Google User</a>'], 'photo_reference': 'AUGGfZmupJ4_8ysO9a-D5qWWESRjnQ2QRIBDjA-ZFkJF9o6A3EQul8IIWmJMhcZL2MQ_tTiSNTerc1-m89LwKEKt8YRl-_TTIS9-Z07YXLKfGx_RmKzPP7HdNIlsFgErEQxiXjtoDvq4ZOczqrYk4HJRRsqFQqjg_VYIyBSLxNBK2BXwsChg', 'width': 853}]",ChIJpYZsVg6JJS4RJqmuLAb7-ss,5.0,"['tourist_attraction', 'point_of_interest', 'establishment']",1.0,-1.6012929,103.5818532
"FJ4C+87G, Niaso, Maro Sebo, Muaro Jambi Regency, Jambi, Indonesia",Umo Niaso,"[{'height': 4608, 'html_attributions': ['<a href=""https://maps.google.com/maps/contrib/111357511895100452649"">yard brave</a>'], 'photo_reference': 'AUGGfZmAEGY4oHRAEf27uaheWW6LGjFBQlk6e-tgqlprq1CXy3hNaSRfYen9RTghLin92wErvKKJJhY29RgZHnvA2X87zPZ18WR1uSaIFnm0PbdE7jr5UvES3egI4-LW30-rCTIUe5lsp13DpYbT3dSv5jUNJv1CRMtwTSSZ0WxvSCCL29G2', 'width': 3456}]",ChIJhdXEEgCLJS4RiCpxxcAjfMU,5.0,"['tourist_attraction', 'point_of_interest', 'establishment']",2.0,-1.5441953,103.6207092
"9J6C+6VQ, Paal Lima, Kota Baru, Jambi City, Jambi 36125, Indonesia",Taman Kongkow Kota Jambi,"[{'height': 3096, 'html_attributions': ['<a href=""https://maps.google.com/maps/contrib/103291723622165763939"">PENERJEMAH BAHASA NUANSA TRANSLATOR</a>'], 'photo_reference': 'AUGGfZkig-U3dDd5aagv4d-aEHB3wf1AQF5CxiQ2oQazHuvJPd5NXuE41hBFZYipZJGRDhz-0TIk37eqionZZkMfVynyjn8CKzlnKRJ3jhMFZzpteTEjSIWptgjUcSEX963U9F17AyS7YFrVFhTFo-oyl0UmfHjr00nes5vWYq6G1yh5axiS', 'width': 4128}]",ChIJH3rZZhCGJS4RMUQddmq2YO4,4.3,"['park', 'tourist_attraction', 'point_of_interest', 'establishment']",1287.0,-1.6394095,103.6222213
"CHJ2+5M8 PANTAI AURDURI, Penyengat Rendah, Kec. Telanaipura, Kota Jambi, Jambi 36361, Indonesia",Aurduri Beach,"[{'height': 3120, 'html_attributions': ['<a href=""https://maps.google.com/maps/contrib/103431305819195904351"">A Google User</a>'], 'photo_reference': 'AUGGfZkWpewsBjyQwZuFpXx0I-Goxd4n30Fz2HMvOT51TplAn11WCfHaLLe674QFzBLzpCvT3ukOQcIDXJcNHVSdfkb4juQKCSzFfhMqJcW-dciZnBroM1LvWqJSaKHOZINErcyFvVog3htSO7rP9NgMhGM5rr5jkz6dLWKUdtlRREVtJeGo', 'width': 4160}]",ChIJeUlxGS6JJS4RYs3ObtNL2ek,4.8,"['tourist_attraction', 'point_of_interest', 'establishment']",4.0,-1.5695936,103.5516904
"9JW8+R2Q, Jl. H. Moh. Bafadhal, Cemp. Putih, Kec. Jelutung, Kota Jambi, Jambi 36123, Indonesia",Tempoa Street,"[{'height': 1064, 'html_attributions': ['<a href=""https://maps.google.com/maps/contrib/117935025575841658191"">Nurul Zhafirah</a>'], 'photo_reference': 'AUGGfZk_JCtz9F475poy5pWC_1LKYPNXRux7RVuGQsHDXScYPVvWX6fILChKm4ejYzjJlnAKBdd57UVZRCMw0F6dy4uB5ZhqK3mJWblhUyW1cl_40pD3rA7NvePklpZpSwErbzVzag--5RotzmqjwIeP1ZVr1qpedVAn6G7aVd-P4zus1fpp', 'width': 851}]",ChIJ4VI6I_WJJS4Rubpq458Levo,5.0,"['tourist_attraction', 'point_of_interest', 'establishment']",1.0,-1.6029236,103.615109
"8GRH+JFH, Bagan Pete, Kota Baru, Jambi City, Jambi 36361, Indonesia",Simanjuntak fams,"[{'height': 3120, 'html_attributions': ['<a href=""https://maps.google.com/maps/contrib/110091500447967537692"">Simanjuntak German</a>'], 'photo_reference': 'AUGGfZlyK98uKAorIJESn8BblnrHHP-6wfNoXKNYsoUOukZ4LF0WqHeQew_5WYEnBHaEr48yK9XXxF5LdoFYZJFLGMSaO_v-GtM2JW3CeZPlRQVnUr4Utam-Ore9zuOYI501NI6BoJ8GmzlcXA0VCtXaUfU6UB24tlaaxtwPZanqv7h8Aem7', 'width': 4160}]",ChIJdev2QwB9Ly4RjoZv-PTaAmg,2.0,"['tourist_attraction', 'point_of_interest', 'establishment']",1.0,-1.6584424,103.5287334
"9J95+R22, Jl. Jend. Basuki Rahmat, Paal Lima, Kec. Kota Baru, Kota Jambi, Jambi 36129, Indonesia",Taman Jomblo | Kota Jambi,"[{'height': 2448, 'html_attributions': ['<a href=""https://maps.google.com/maps/contrib/102258716656005258837"">shopian hadi</a>'], 'photo_reference': 'AUGGfZljqvZn0rKVtNV72m3wIoJSAOlat82BCYZIqBMvNORtI_To1FscE9-LmsVd1tOs4JkJqBkbgf-DwbMrmzvWgjm4P54Nz_rJdOoLm3B1grIKZmzlXyGVifVQXhVH_x3DzAajp22IEo9bSuUntaVXqT4KcbzGhpXe3lZLuV5zDMj0LMTT', 'width': 3264}]",ChIJIV1GLSeGJS4RwRKjrXmHgl4,4.3,"['tourist_attraction', 'park', 'point_of_interest', 'establishment']",4650.0,-1.6304855,103.6075253
"CJMR+P7, Sejinjang, East Jambi, Jambi City, Jambi, Indonesia",Kampung wisata Pulo sijenjang,"[{'height': 3000, 'html_attributions': ['<a href=""https://maps.google.com/maps/contrib/107138895257884695332"">Rudi Hakim</a>'], 'photo_reference': 'AUGGfZl8aqvYJL1EN2jMgA04jXCka_a2EAr8vei14DBHastBt6vJ-fNilD9swtUardWh06-xuoWUbUyKCRH2kuX9im5flTljFipLtSozNihFFF_eSkN5nT1ruy8JhVYTWJZKorKfSlA7SpiEZh1jh8eZZK8tQi73FHG7fCdGUtV2Gkq4XngI', 'width': 4000}]",ChIJvXQe9eaPJS4RuhXcsG9BQO0,4.0,"['tourist_attraction', 'point_of_interest', 'establishment']",2.0,-1.5655625,103.6404375
"GH5M+2M7, Jambi Kecil, Maro Sebo, Muaro Jambi Regency, Jambi, Indonesia",Lubuk panjang,,ChIJF-fLDgOLJS4RyAXzHyD7_TU,5.0,"['tourist_attraction', 'point_of_interest', 'establishment']",1.0,-1.4924578,103.5841871
"8HVP+W58, Kenali Asam Bawah, Kota Baru, Jambi City, Jambi 36129, Indonesia",Taman Hutan Kota Mayang,"[{'height': 4000, 'html_attributions': ['<a href=""https://maps.google.com/maps/contrib/113577201344087730331"">jasinta lizarni</a>'], 'photo_reference': 'AUGGfZnHbZx7PbPxCIKCWCTrf9cVhoLuxVfLkyfipPrPG-u0wbL-xlE6jt1b8eo7hDcCfcecaoJwBe0wCwK2Y1mtMjZsqcPujIa-KBfg4n9lIiljJPcPwBzflFHoPIao3jpDqEyYXRykfDxrs4XXm3vu8bUQXyrwkrISO15PM39Edef-1d8t', 'width': 2992}]",ChIJb8-Ay7SHJS4RtBDYYwrWx-k,4.4,"['tourist_attraction', 'park', 'point_of_interest', 'establishment']",939.0,-1.6552207,103.5854681
"9HCV+QQH, Lorong Jambi, Simpang III Sipin, Kec. Kota Baru, Kota Jambi, Jambi 36129, Indonesia",bukan rumah ncak,,ChIJO0MXKhWJJS4RvCqCAz0fyho,5.0,"['tourist_attraction', 'point_of_interest', 'establishment']",4.0,-1.6280665,103.5944813
"9HWV+PPQ, Solok Sipin, Telanaipura, Jambi City, Jambi, Indonesia",Indomaret Selamet Riyadi,"[{'height': 2448, 'html_attributions': ['<a href=""https://maps.google.com/maps/contrib/111410151363430148824"">Hendy Poernomo</a>'], 'photo_reference': 'AUGGfZkQb9VOddam7CYVeWyt3n00mYIAOD7Hs7GLVHHN2MBwP9qzUd_XsIX7Q82yI6I2GXHxBCu2jnMZI0F676WB35KVZkEpYLorulJmH91yxdp7kpGa5XAY2sZBdGLtC9m7ZAoEiKqzSrHG4hjdslHBvcESXta6ufD1bbpB7rXUEPSSyeNZ', 'width': 3264}]",ChIJv-7VH_eIJS4RpqNEcDDvm0Y,4.9,"['tourist_attraction', 'point_of_interest', 'establishment']",9.0,-1.6031528,103.594408
"Sungai Putri, Telanaipura, Jambi City, Jambi 36124, Indonesia",Taman Jaksa,"[{'height': 3472, 'html_attributions': ['<a href=""https://maps.google.com/maps/contrib/112184939411985323059"">uwonya udo</a>'], 'photo_reference': 'AUGGfZmV6HgyPdlZyGL5mJOmf3l0UE-T7VkRDr0jt4SBp8oEiZ2EllmPcHAsa8ym6HUbd9J9TUbPWcJxQd-GitDacH147SCXRVhTqMOQ4xswoBzfa3su50PjMh0S4VX4aN2WIHHW_V-zhJ8I6sFXKPoCMVlT_KqqNP_IndqIqNQG2AcoivH_', 'width': 4624}]",ChIJHzSanfSIJS4R9Jm5QmS9Xp4,4.4,"['tourist_attraction', 'park', 'restaurant', 'food', 'point_of_interest', 'establishment']",1921.0,-1.6086473,103.5956964
"Jl. Slamet Riyadi No.50A, Murni, Kec. Telanaipura, Kota Jambi, Jambi 36124, Indonesia",Oude Indië Water Toren bij Djambië Regentschap,"[{'height': 2604, 'html_attributions': ['<a href=""https://maps.google.com/maps/contrib/102901103156850648261"">A Google User</a>'], 'photo_reference': 'AUGGfZnoOLs7vdIpTgL9L3QeEcDhoShRPfD-LnWqyQDs3vXn6709C7PKmDKUTLmEf5XEd4LuOJLFt3MH4fFaCrQOPkgyqBkkvFbsHpnsm7NlYHXCAcKx0t6uOvqAB92pQCJcYx4jwDWQrQlH5XSPWAsm6z-xB8hevkFGcIsFYpxSpJx6PvJj', 'width': 4624}]",ChIJ_bl9WOGIJS4Rr3vqHnVVmQ4,4.3,"['tourist_attraction', 'point_of_interest', 'establishment']",94.0,-1.5951577,103.6074163
"9J63+X59, Paal Lima, Kota Baru, Jambi City, Jambi 36129, Indonesia",Kota baru kolam renang,,ChIJU33RHtmJJS4R19Hox0UeylA,5.0,"['tourist_attraction', 'point_of_interest', 'establishment']",1.0,-1.6010111,103.6032197
"9HVM+R9M, Jl. Letjen MT Haryono, Telanaipura, Kec. Telanaipura, Kota Jambi, Jambi 36361, Indonesia",Alun - Alun Gubernuran Jambi,"[{'height': 4160, 'html_attributions': ['<a href=""https://maps.google.com/maps/contrib/110930262415557285816"">Arviana Budimantrias</a>'], 'photo_reference': 'AUGGfZm1Jnu164USA2p6R4f6zknpMhmShtA9I6mFIK_RkaZop0lTbDzNL74rB8bs1gSu-06O-kLaf6FFFYesF99uA1D63UmdXgBzPNY2KG1rhSVWZDgbOLr5FE6KvDGA5HteuYV84CUXczT5wnl9_6ZLYKia1R3nE8zGdPlG99FreEuMemQP', 'width': 3120}]",ChIJkT9vJtOJJS4RM2rEZFypKfE,4.5,"['tourist_attraction', 'point_of_interest', 'establishment']",38.0,-1.6054019,103.5834336
"Jl. Lintas Sumatra No.rt 05, Kedemangan, Kec. Jambi Luar Kota, Kabupaten Muaro Jambi, Jambi, Indonesia",Kolam pemancingan kajarta,"[{'height': 3456, 'html_attributions': ['<a href=""https://maps.google.com/maps/contrib/111057360625741581939"">A Google User</a>'], 'photo_reference': 'AUGGfZmqRRIx27H66TOPuNQpYzIVgowVccDQKE81AdTvKon2d_guWPZrAxFBmrYSETjOwhH9OU0HLcww-tY5nRpLWopezsywK0rXfWkt_hJfQ9jdL0ll5CNjJnlw43edQXd8OMVvfWs_FtdoXTHi4rsTNXKwywn3ZvjzDsRyICKvCFTypCGI', 'width': 4608}]",ChIJa4DHQwBhLy4R8bxtWACYaAY,5.0,"['tourist_attraction', 'point_of_interest', 'establishment']",2.0,-1.5489696,103.5382788
"FFHM+H5, Tantan, Sekernan, Muaro Jambi Regency, Jambi, Indonesia",PULAU KAPAL SANGGAT,"[{'height': 1393, 'html_attributions': ['<a href=""https://maps.google.com/maps/contrib/115831297679546875713"">A Google User</a>'], 'photo_reference': 'AUGGfZnLufERIdiY8_J39mMukZxvUkdxK9NjS-ZRb60HYXqDfyur0eL_2RGtT9UeomDG8-ESrx_sdJrz2yBvbb_1oq_CXIfefXYho_3KUOmbwyxQ7fRlm9cDw3_E-OGwSbm2vwAJMlyG6wMEp-Utzqk4BnxcEUQ_8hPNqUKDGCGpgfmDyQYM', 'width': 2477}]",ChIJj5NdBtdhLy4R9lOayHi5rkA,4.3,"['tourist_attraction', 'point_of_interest', 'establishment']",6.0,-1.5210204,103.4829259
"CGG7+JGJ, Unnamed Road, Sarang Burung, Kec. Jambi Luar Kota, Kabupaten Muaro Jambi, Jambi 36657, Indonesia",Bungin Tambun,"[{'height': 4160, 'html_attributions': ['<a href=""https://maps.google.com/maps/contrib/113417490260827623583"">A Google User</a>'], 'photo_reference': 'AUGGfZlyeDdCyXh_kZjc6oHfw0y0Nr0cSzgJQP4a6--53HjWm3pUUJIzRkkikYR3qnOw5-gq8VYkUH1WdPpm3MJjGois-cBMZ4jZKNdyayU-S8nlpR4mm594C4CbQdUMoS1hDWDQSVkjlP5B9oGCO1OuGpO-6zCnLTdtHpr6QIXPb2Lscjwb', 'width': 3120}]",ChIJI0rZz2ZjLy4RhBRgFOMQkd4,5.0,"['tourist_attraction', 'point_of_interest', 'establishment']",1.0,-1.5734013,103.5137797
"CPJ7+8C4, Solok, Kumpeh Ulu, Muaro Jambi Regency, Jambi 36373, Indonesia",DANAU SOLOK,"[{'height': 715, 'html_attributions': ['<a href=""https://maps.google.com/maps/contrib/118057191082910791542"">Basar Romidi</a>'], 'photo_reference': 'AUGGfZndQWPHf6hMM39AY0T2A3GPM7OKsQDXOJpjM2eZVVxxhQJgmoyo44oSz7_kB0ULC1KMKcD_tIZkQAUGsjRCrf8ZcDh4reh0gdNxIhxl8CAL4g2XeR2EmU_Qnt5AaBoiLHRyfJuNwR5cJsMHW7FkqdcQhPcbRBD8W0n83cLpZliygUCP', 'width': 718}]",ChIJeeVLNNKPJS4RKnRX95PaV3M,3.9,"['tourist_attraction', 'point_of_interest', 'establishment']",9.0,-1.5692457,103.7135818
"9G8X+GWF, Jalan Lingkar Barat II, Bagan Pete, Kec. Kota Baru, Kota Jambi, Jambi 36361, Indonesia",Kampoeng radja,"[{'height': 1836, 'html_attributions': ['<a href=""https://maps.google.com/maps/contrib/107683934703460718836"">Monang Naipospos</a>'], 'photo_reference': 'AUGGfZlMxF3nS1SdQIsCpOerPVGbqGenTa5pwQx2tgJI9WMNEoWLILQodOmLoE_wRBnecjjpjxa6C3dAm_m-Zt34aR-qAVtxKZZ_4UojJypiutjjO6uA9NcTHV_hoHFLdiVeg3ewLyCgP3qKuHn6eRETmsXudWEbm3_ueW4M4UTV3x_uLXxC', 'width': 3264}]",ChIJsXzlZZSHJS4R3JhAcRjTrmo,4.1,"['tourist_attraction', 'point_of_interest', 'establishment']",291.0,-1.6337824,103.5493619
"9MC4+397, Talang Bakung, Jambi Selatan, Jambi City, Jambi 36137, Indonesia",Tattoo Jambi Selatan,"[{'height': 768, 'html_attributions': ['<a href=""https://maps.google.com/maps/contrib/109135459221152496876"">A Google User</a>'], 'photo_reference': 'AUGGfZnhKIONQEk0AioN_jUSoBxsZ9ISXAKlQRAF-oHnO0VmjwqC5bNeWzmFt0JhEzNEU19NYrrEa-ya1Ihq_7mPd8l55ZOKcoCHryCjf2pTFZnGDUK956d5qkgbVCTQwSGCg7wz7gemERpUJhje_-RnJ0cYgfeRqO2vFJwyVY1ybqaHuv8K', 'width': 768}]",ChIJRaQO-ESFJS4Ri4fHwlIrMMU,5.0,"['tourist_attraction', 'point_of_interest', 'establishment']",1.0,-1.6298225,103.6559865
"9M84+XPX, Talang Bakung, Jambi Selatan, Jambi City, Jambi 36137, Indonesia",Lapangan kenanga,"[{'height': 720, 'html_attributions': ['<a href=""https://maps.google.com/maps/contrib/108261123915327776189"">Andry Rahmadi</a>'], 'photo_reference': 'AUGGfZlaQNZos_P8zWGspMsvLXB_mNr2BWthlxPDKKX61KuS0Rw2julj7_HL0cSl13ErmGfTHHu69nTbucyaY-C6Sd-QrqTaZ1ezceqcF4V6FduVO911gXkProNBXWXQB6z-XtpLdFq_OlNBJrOYJmmfJXQu1qV2gjDzBf9oGXEkQv1g0pl5', 'width': 1280}]",ChIJc2l_wEmFJS4RUZ0rbSDSvG4,5.0,"['tourist_attraction', 'point_of_interest', 'establishment']",1.0,-1.6325228,103.6568618
"Jl Arjuna, Lrg. Marene Gg. Serati RT29, Kota Jambi, Jambi 36135, Indonesia",Kampung Wisata Berseri Eka Jaya,"[{'height': 2268, 'html_attributions': ['<a href=""https://maps.google.com/maps/contrib/117243626149091378100"">A Google User</a>'], 'photo_reference': 'AUGGfZkYIci6xxbLRafyZRZKehSevis8Qisfx8BzujpDn9XxC_yfPnJeVG2Ukhj9dRm3D4qI1T9SkmQ-JdC6Weg0oM0lm3h0UgTqvSFC7oR75WGxwJGRK4-NI23Ptqswi4XUDAUSfnP3nS1ym0EYAhyVnH04vP-Mtappve0r6rHJsI7IuEYS', 'width': 4032}]",ChIJtURqqcWPJS4Rf673PePAWYc,5.0,"['tourist_attraction', 'point_of_interest', 'establishment']",2.0,-1.6087103,103.6602219
"Simpang Acai, Kb. IX, Kec. Sungai Gelam, Kabupaten Muaro Jambi, Jambi 36361, Indonesia",Jambi Paradise,"[{'height': 4160, 'html_attributions': ['<a href=""https://maps.google.com/maps/contrib/101585620718478973869"">Feni Marlina</a>'], 'photo_reference': 'AUGGfZmkFagmeVN-GqumB13R3XSBSW3PSU8r_YyL9hOOQ_qAGtPv3AtXBWPt98dNSsn0f3YDd5XYvulnDDmako0esBq2n_zD9Ts-hdRSKJDbyJN-6mxwXNMIMin4wkgjHhwvLShkhRVV9pcRHgmm_g-9C5IortOYVgVnDZIGOmgTNLVEqZZv', 'width': 3120}]",ChIJs2ChljOEJS4RK315FfLfrI4,4.2,"['tourist_attraction', 'amusement_park', 'point_of_interest', 'establishment']",3644.0,-1.6689673,103.653916
"Perum Subur Jaya Lestari no.14 B RT.7 Jl. Adi Sucipto, Lorong Puja Kesuma No14 Blok B RT 007, Pasir Putih, Kec. Jambi Sel., Kota Jambi, Jambi 36139, Indonesia",Rumah madu hutan jambi (MADU CLB),"[{'height': 2128, 'html_attributions': ['<a href=""https://maps.google.com/maps/contrib/101138766681841067829"">A Google User</a>'], 'photo_reference': 'AUGGfZlXtKJgtXjEXowZGEq96if8a1oveHGvSBSe2uOlav77jDn-5j1CdKVd0TloBQdQaLBe2ZIJMHTPQx9K2lAMSnzuyDH_QcR2hZpV-C3MPMycFtPvfSFyFHtLY-y8FHpcnpUaBOYcCUXBEtx_YBSY-FF-SM0Hk0u6AES4b6iorLnfAzkr', 'width': 4608}]",ChIJiw-wMKiPJS4RF0QQRQLBaUQ,4.6,"['tourist_attraction', 'point_of_interest', 'establishment']",62.0,-1.6231986,103.6368096
"Lorong Masindah, Kebun Handil, Kec. Jelutung, Kota Jambi, Jambi 36125, Indonesia",Rumah Eyang Kebun Handil,"[{'height': 1307, 'html_attributions': ['<a href=""https://maps.google.com/maps/contrib/117595120500748614405"">alpin inek</a>'], 'photo_reference': 'AUGGfZme95wmDrHVvhXuVd3z-VHoqLet_iKVBZkvwQQIzbMjMApnsFg9eUlXE_YDMWFLQnjmeRJr_hy2hrx2bVYdqdb8IXio3-5HXlWZoophM3NgH95oLklVeZ1LJc0efdqaUxup0uyVjxa61BQbC8S1-koaM6godavgQZca_mLr4vXwQbdp', 'width': 1080}]",ChIJqc-gbH2JJS4RC3kDUzO5Egw,5.0,"['tourist_attraction', 'point_of_interest', 'establishment']",2.0,-1.6288163,103.6192204
"8JXC+7VW, Paal Merah, Jambi Selatan, Jambi City, Jambi 36125, Indonesia",Kolam pemancingan Puput,,ChIJp8BJl4eHJS4RnNyeIgvp2NE,4.3,"['tourist_attraction', 'point_of_interest', 'establishment']",4.0,-1.6517573,103.6221883
"8JVF+XQ8, Jl. Darma Sakti, Paal Merah, Kec. Jambi Sel., Kota Jambi, Jambi 36128, Indonesia",Pemancingan Pohon Karet,,ChIJXRZaoFGHJS4RLV5Xv0tt7L8,4.4,"['tourist_attraction', 'point_of_interest', 'establishment']",5.0,-1.6550823,103.6244376
"8HGR+8P3, Jl. Raya Palembang - Jambi, Kenali Asam Bawah, Kec. Kota Baru, Kota Jambi, Jambi 36129, Indonesia","Pine Forest PAL X, Jambi","[{'height': 3000, 'html_attributions': ['<a href=""https://maps.google.com/maps/contrib/113890869006738855894"">Ochit news</a>'], 'photo_reference': 'AUGGfZmm1frIDj6JDRPuKlxJH4fCajaj6boDTicDdyazrR6VtnYokZSm8O_HXUFnaq_a7LSgW6wIPIFByjlW5mdzazhNEUMDp31_LajJ0lNuJtKx3UZm3TY2tZLGbVI9U8ZUdcn_R3T51_s4yNlfQlTnkIWKcw0bKiqaBj2zzLgE0dOoLf7u', 'width': 4000}]",ChIJB0HWu_2GJS4RLrynVaywm1E,4.2,"['tourist_attraction', 'park', 'point_of_interest', 'establishment']",1285.0,-1.6742291,103.5918081
"9M8H+H97, Lorong Melawai, Tangkit, Kec. Sungai Gelam, Kabupaten Muaro Jambi, Jambi 36139, Indonesia",SMF Cavendish Banana Garden Jambi,"[{'height': 720, 'html_attributions': ['<a href=""https://maps.google.com/maps/contrib/107209360321135789339"">Adinda Rasya Sadika</a>'], 'photo_reference': 'AUGGfZllJ8b1IWQk-J0dXTHEvHj1egUsHtq-AkyH9lepHB1Ypvl10Rb5V7MSTk5IsemQ_an5pZELFUj2Bx-bnKUNq2t_KG-HzDQunkF1GZJucGSaxfQVdTbiwXV3VlhZDOJ4bUMds8EPgDCOGrUv5x0n60JwtmmipLEg8430uTqiEqi1BwaC', 'width': 1280}]",ChIJ5ZXr0g6FJS4RzcEe1eBvHBs,5.0,"['tourist_attraction', 'point_of_interest', 'establishment']",1.0,-1.633596,103.678432
"8JWR+W97 Belakang smp4, Lkr. Sel., Kec. Jambi Sel., Kota Jambi, Jambi, Indonesia",Kolam pemancingan binara,"[{'height': 1080, 'html_attributions': ['<a href=""https://maps.google.com/maps/contrib/115569697674707936477"">A Google User</a>'], 'photo_reference': 'AUGGfZmPJRd8Hictz2DaF1L8EhtxOaLSu0EeKLJf3mWFFay1xDEiS30SJPqvoXJOE-_voFojFI3fZyNKUth1QpBDu4NMivx86uo5xeT2NbZ3PcWkGW-77mY0guYGRn-PNxuAD3hhWk9KsxqTFqprHBewSFYok-EHsrsIa11-jfqdvtIUuCyt', 'width': 1920}]",ChIJ8ZqejaiFJS4RL1BV5LRF9Hs,5.0,"['tourist_attraction', 'point_of_interest', 'establishment']",2.0,-1.6527149,103.6409352
"9JM7+XR3, Jelutung, Jambi City, Jambi 36124, Indonesia",Pasar malam,"[{'height': 3264, 'html_attributions': ['<a href=""https://maps.google.com/maps/contrib/104457103495195015271"">Dilla Okta</a>'], 'photo_reference': 'AUGGfZlP_71a_xxomoJ43p3SNjijbDDwRfsig7GXY6DS55eJS8U5V7jVLzmfKOoLVoNcC9LbcU9eKWyhlhWEKtyn_b794Tep3teDe40CSFeHA0OEqi3HfJGwqHcoASmqgs4D10Ic_O8LHS3cMq7DquYKMktyQQXCm-DRJNqS9Mo6PXZMeOzN', 'width': 2448}]",ChIJ_a7xAl2JJS4R6C1Xy8mWIE4,4.0,"['tourist_attraction', 'point_of_interest', 'establishment']",1.0,-1.615151,103.614454
"Jl. Dharma Wangsa, Kenali Asam Atas, Kec. Kota Baru, Kota Jambi, Jambi 36125, Indonesia",KOLAM ALESHA,"[{'height': 2448, 'html_attributions': ['<a href=""https://maps.google.com/maps/contrib/109840133818122641192"">A Google User</a>'], 'photo_reference': 'AUGGfZmxkWNEWnOMnK_ZzH7vUJY-jZAarrfUt6p59u67GdGRudikquim_Jo5MdxZ394_BIQthkIoQO_jrzhQ3TtHrojbEWS2Pk8Xcy8cLv9lVnv-AFaCMJt2JcuCY9OLdLie-0LSYkpjUB4MKrpDQ7LcrqJSBJArD5pYsxJMRgAddAn5qFx3', 'width': 3264}]",ChIJ4-M_-zSHJS4RPuOpQk2vYOQ,5.0,"['tourist_attraction', 'point_of_interest', 'establishment']",1.0,-1.6516113,103.6219061
"9J95+Q4Q, Paal Lima, Kota Baru, Jambi City, Jambi 36129, Indonesia",Monument of Keris Siginjai Jambi,"[{'height': 4624, 'html_attributions': ['<a href=""https://maps.google.com/maps/contrib/102848561015274244908"">A Google User</a>'], 'photo_reference': 'AUGGfZnnjVFGL24tgKgTLjd5MrT-YhC1CdkCt8W6nRz8jDQN31i9t_vVGgGVc5wAFhclINzbp1ogfNrY-aur-uqNfKMHr7E-S9g4D9gpeBoVmJwwCHeEMtoY9WqDsldOwnsBW_JS2tH-ZMwbyY9a2ESRcmu1CsQqg9Oz2D0Xd3-kykPJ7i3n', 'width': 3468}]",ChIJjaslySCGJS4RQSqweejIzIo,4.6,"['tourist_attraction', 'point_of_interest', 'establishment']",9355.0,-1.6305338,103.6078669
"9MGG+J3F, Jl. TMMD Suka Damai II, Eka Jaya, Kec. Jambi Sel., Kota Jambi, Jambi 36131, Indonesia",Kolam pemancingan zepa,,ChIJtxLKKD6PJS4RkKipLAzsbpA,5.0,"['tourist_attraction', 'point_of_interest', 'establishment']",2.0,-1.6234301,103.675185
"8HJX+2G2, Jl. Lingkar Selatan, Kenali Asam Bawah, Kec. Kota Baru, Kota Jambi, Jambi 36129, Indonesia",Pura Giri Indra Lokha,"[{'height': 8000, 'html_attributions': ['<a href=""https://maps.google.com/maps/contrib/110107656948892082229"">avita tri.utami</a>'], 'photo_reference': 'AUGGfZmfwB0DT5gWQiw8zlPHcJiyd8BU8BdP8DNJUJN5MwxbrduQiolvPM1-0xKKJCQRx4NPBpb_TPBmU5j1O1PBgs1zTIE1sDdECkGGRZU7r_oXKSVnkGmnJLVViOXsoUdOWaRpYyT6-x27scm0943FHoMLZyCmcVOu9PsSMHo7cm5D8b1k', 'width': 6000}]",ChIJ970muvmGJS4RDciyGrnWmac,4.5,"['hindu_temple', 'tourist_attraction', 'place_of_worship', 'point_of_interest', 'establishment']",67.0,-1.6699711,103.5987633
"Jl. Sultan Agung Lap. Banteng No.12, Murni, Kec. Telanaipura, Kota Jambi, Jambi 36124, Indonesia",People's Struggle Museum Jambi,"[{'height': 466, 'html_attributions': ['<a href=""https://maps.google.com/maps/contrib/103508681217421439052"">Haikal Ahmadi</a>'], 'photo_reference': 'AUGGfZmILtnDnw_3bgHaOLjti2ErzeR07X6MUDgfd8FA94FQ7UtKD8Io_SwBP-rgaOV6JTQjcwWeAbXlZcSJgaAvC8_d-yqMgp7CAFtrrgWfBIg8dCnXZYb4be04Oq7oXiq9WKx06O3LqmNxUUsCwILsWfhtVwGzTTsleqIg3rZeu-60TBwv', 'width': 700}]",ChIJtQzX0OWIJS4Rv8TsWB9lUQ0,4.5,"['museum', 'tourist_attraction', 'point_of_interest', 'establishment']",373.0,-1.5961853,103.6069754
"Jl. Jenderal Urip Sumoharjo, Sungai Putri, Kec. Telanaipura, Kota Jambi, Jambi 36124, Indonesia",Museum Siginjei,"[{'height': 2304, 'html_attributions': ['<a href=""https://maps.google.com/maps/contrib/101107363619456980622"">Yap Dharmananda</a>'], 'photo_reference': 'AUGGfZmJF7t44Dz6qwXMkeTtFKk9j6IzBT7pSvmelpc7r3lgHveqOCT5sYFmASTVzqXB3DMIjByF35V1lR0N6QI0svhSc71_krdbXdmgKwKGtrhJOCcm2uHMo94vGnbAISFkSHoRaFmDaHP4lESWROQwp0cVJApeTXrvpwWdOZ0qLXbAtFFf', 'width': 4096}]",ChIJf2KXLvWIJS4R1gjFx1ol_qk,4.4,"['museum', 'tourist_attraction', 'point_of_interest', 'establishment']",641.0,-1.6079006,103.592861
"Payo Lebar, Jelutung, Jambi City, Jambi 36124, Indonesia",Taman Tugu Gajah ( Simpang Pulai Jambi ),"[{'height': 4160, 'html_attributions': ['<a href=""https://maps.google.com/maps/contrib/103801547670111326859"">Bang Ryan</a>'], 'photo_reference': 'AUGGfZlUl8wk8JJoQ-7zUGAulYLFem6N7_t3zUSxGzAu79dylhlHMLoYb0O02LF170JFu5rmJsLPWcPSIz0llPbADbgBrzYXbyNYKLFsOnALM-GJIifL2wgQCOCRgM1MiaC24MYLpoAUoj4clEQurp5_ykhrLXoLpOGFN7PqMl3Om4TtKX_u', 'width': 3120}]",ChIJoyq5pO-IJS4RIBEu067GefM,4.3,"['park', 'tourist_attraction', 'point_of_interest', 'establishment']",1054.0,-1.6023721,103.6037004
"Jl. Gotong Royong, Tangkit Baru, Sungai Gelam, Muaro Jambi Regency, Jambi 36373, Indonesia",Agrowisata Nanas,"[{'height': 3468, 'html_attributions': ['<a href=""https://maps.google.com/maps/contrib/101107363619456980622"">Yap Dharmananda</a>'], 'photo_reference': 'AUGGfZmc34vAvbYJ9YHj8hj-BvmtfWiSn4HWt5AwqfgzxRAYDz5R_dXwqr6gvzbb7pi1KjpcnTzOkh1rpKWNcmdgHnoL2vMFbKZJVvTxboqaR35j2Gist751DSQk2_jCG1zNFGMJTYZKnVby1bsGwQ6xGy1E3Qy0ImX8IIpnnSBga8P_vUOY', 'width': 4624}]",ChIJw8-ip1uPJS4R_4tc3ik0s94,4.6,"['tourist_attraction', 'point_of_interest', 'establishment']",170.0,-1.617593,103.7016935
"Jl. Yos Sudarso No.28b, Sejinjang, Kec. Jambi Tim., Kota Jambi, Jambi 36262, Indonesia",Balai Taman Nasional Berbak Sembilang,"[{'height': 1872, 'html_attributions': ['<a href=""https://maps.google.com/maps/contrib/105176085277085902906"">A Google User</a>'], 'photo_reference': 'AUGGfZk1a1htrbwevmNIbwszSnfKA41T3fI9-QGWHhnSkoJ0fbv-CfJ23QwMZtTv07WLoTanhAbD042JdfzZzvClLXqTaaWVvctrbogyDTwY1vzfkJAbEdQd8upqPuLDps2avtPD-tY_qMhYA66mYsm535dsQiTEnB5BzY8r7R9_NqwTWj2l', 'width': 3328}]",ChIJX2n80reOJS4RY6rtfpILsH8,4.3,"['tourist_attraction', 'park', 'point_of_interest', 'establishment']",179.0,-1.5718186,103.6447086
"9HJQ+9QX, Jl. HOS. Cokroaminoto No.4, Selamat, Kec. Telanaipura, Kota Jambi, Jambi 36129, Indonesia",Tugu Juang Jambi,"[{'height': 4000, 'html_attributions': ['<a href=""https://maps.google.com/maps/contrib/103129891690479059632"">hernada marlim</a>'], 'photo_reference': 'AUGGfZmEFLjmx6HxilZCgx59Z6oHJ46qcsp-djrUCjQfav--4AyasaHaYjU5yzGvDtVG0bk2pfWNkpN-zft8trnsCHKp6TACik2dssDNqHBoe4OOm8XmZWNzFUynx2ugk8kH29PgVYEURSD1uzCk3bIbIv_kCqRJvJcVp-ril0ey3ZtNW4z_', 'width': 3000}]",ChIJGR5UCYiIJS4Ry6dYBXXbzy8,4.4,"['tourist_attraction', 'point_of_interest', 'establishment']",4506.0,-1.61953,103.5910482
"Jalan Raden Pamuk No.20-21 Kasang Jambi Timur, Kasang, Kec. Ps. Jambi, Kota Jambi, Jambi 36265, Indonesia",Ancol Kota Jambi,"[{'height': 2256, 'html_attributions': ['<a href=""https://maps.google.com/maps/contrib/107138895257884695332"">Rudi Hakim</a>'], 'photo_reference': 'AUGGfZnyTXmfMmv5JvxZFp12qeLspdjV8R2Nedl3cEn5_unvKtpXo9bLj5hWSf0wVh3SyccWfeXJdM5l-W4zLy53g_kM6FbPDCsT6H7ZY-WH8LrD0V_s5WYSSzS2ZQMP_tiM8cdnvAR8IkSpG_hwygQHpwYo-W5nekAYDGgvxSWdK5VXaC88', 'width': 4000}]",ChIJbWJkPSGJJS4RA5Q1281lRz0,4.4,"['park', 'point_of_interest', 'establishment']",363.0,-1.5884232,103.6170821
"CJ24+5MP, Jl. Sultan Agung, Lb. Bandung, Kec. Ps. Jambi, Kota Jambi, Jambi 36124, Indonesia",Tugu Pers,"[{'height': 2560, 'html_attributions': ['<a href=""https://maps.google.com/maps/contrib/103820160167768454765"">A Google User</a>'], 'photo_reference': 'AUGGfZnyorrP1pNKcrcn5Kgj9h74vmdfTE3X7DswKnjkOeym15JZ9wCkuGrm56q2JWQpVHolSFQvsUyUBUXOQ-qDy3_lP9kzkJ4-IxmPcazVhzLHWdw30aEXyP3gSfVzdQ701pxRPf6aOIWXGY5CIts8ETDi12HMZGT7FI3EsPUzC9jTdW_T', 'width': 1920}]",ChIJV-9L7-WIJS4RzGcZacnEbl4,4.3,"['tourist_attraction', 'park', 'point_of_interest', 'establishment']",760.0,-1.5995397,103.6066915
"GMC8+RRP, Muaro Jambi, Maro Sebo, Muaro Jambi Regency, Jambi 36382, Indonesia",Candi Muaro Jambi,"[{'height': 3456, 'html_attributions': ['<a href=""https://maps.google.com/maps/contrib/114398485206791450524"">Indra Pradana</a>'], 'photo_reference': 'AUGGfZkRxrb6_9ltnkn__FKkzTDwaKZDac7B-P54hn-s01p1glLsA5kKBPHuokxH3LuR2nzhFySasLub4fYtxXd8tGmnaj0HAmgVsFOj9ZLzXViaHg-qbsjr07-XktVF1CBz5giaDrjw56k77_SYgirntthuk4yGJS7v5YTbS9jR15nuXIkQ', 'width': 4608}]",ChIJN-QBLlPzJS4Rb6wZ9S5BUZI,4.5,"['tourist_attraction', 'hindu_temple', 'place_of_worship', 'point_of_interest', 'establishment']",1981.0,-1.4779213,103.6670838
"8GHM+5V3, Bagan Pete, Kota Baru, Jambi City, Jambi 36361, Indonesia",Pondok Amao,"[{'height': 1280, 'html_attributions': ['<a href=""https://maps.google.com/maps/contrib/102229194476010894647"">Andi Pradinata</a>'], 'photo_reference': 'AUGGfZkegpjjzH4PzEt2ljMvP6SXpGT1eNARrp8OB5x35JXILegSW-5blP5f8kEIQ4Eeveq4kRsTZ-WfqfWaqXJHjqRvGSXnBMlksUg1hqWoDexyDxWP0Y5kyFlrtjpEXT1nTWafbfslCSbrsS1fTzu-NjTdzI43sy47MI5hrzjTLrJICL_L', 'width': 1280}]",ChIJyaTvoip9Ly4RkZ3FV5x5tPs,4.0,"['tourist_attraction', 'point_of_interest', 'establishment']",1.0,-1.6721035,103.53466
"dekat Politeknik Jambi, Perumahan Amanda Lorong Veteran No.RT 04, Bagan Pete, Kec. Kota Baru, Kota Jambi, Jambi 36129, Indonesia",Pohon,"[{'height': 4160, 'html_attributions': ['<a href=""https://maps.google.com/maps/contrib/105782540340458268419"">A Google User</a>'], 'photo_reference': 'AUGGfZkwod1NTQ3X1ivabGLvTuvwuT7ebqinzDMX-owZgP80mVczlQ0GYLrJ8dj-TGe2nC3jRwPK-bmg7nCLPLM0PmkJW0cIHPCohgZD-XM3g5Je7lSs1sM5fuz_tFGJP0jQ1EZvAHMtp_JVMbzTbxLgdzJ1eqiYtmWOxo_8J8ONmCLz51jX', 'width': 2340}]",ChIJQ82kHbaHJS4RRL8w51Tp9HM,5.0,"['tourist_attraction', 'point_of_interest', 'establishment']",3.0,-1.6411123,103.5530479
"9H95+458, Jl. Abadi 5, Kenali Besar, Kec. Kota Baru, Kota Jambi, Jambi 36361, Indonesia",RUMAH RANI,"[{'height': 4096, 'html_attributions': ['<a href=""https://maps.google.com/maps/contrib/117006831455155614467"">A Google User</a>'], 'photo_reference': 'AUGGfZnJmOAXpCulRRrYnDAPm-HuPe8GLBTUUP5RHobN8p0LTFN3B4sXW22yenGiJA6oVJayGKkwNN45yThwq7o1UHUQtgM-mSsgZ_hBaWWMsYn8m22o2jTmGm69242Wq14YLm6Cd-dE_AwuQwnzr74zzRivirfw80BlF3aCC6SlBcyadcA9', 'width': 2304}]",ChIJH5kj-LOHJS4R5OaDWKsxt0k,4.0,"['tourist_attraction', 'point_of_interest', 'establishment']",1.0,-1.6322182,103.5579564
"8HG6+RM, Bagan Pete, Kota Baru, Jambi City, Jambi 36361, Indonesia",Embung Kota Jambi,"[{'height': 2250, 'html_attributions': ['<a href=""https://maps.google.com/maps/contrib/114292519228163000125"">chepy nugraha</a>'], 'photo_reference': 'AUGGfZms2kd9lXEMTRuX4R8Wm0bLXU7DaY30H_8dj3FCH-cod_zfmSR3rCxiYpisrccYgtq0EUPBXEExOtEUCHh2x7C4xBsTyt_LxE_PCJ54vqcMAJenzxrwF02FGyeofsGOe8K-RBsukTWJiTUmmLwZIPqdwPPPy5_2LZbUNMefVPabbqqQ', 'width': 4000}]",ChIJl3WV9xSHJS4RGNVV9URisHA,4.7,"['tourist_attraction', 'point_of_interest', 'establishment']",3.0,-1.6728786,103.5617391
"Jl. Lkr. Barat 3 No.263, Kenali Besar, Kec. Kota Baru, Kota Jambi, Jambi 36361, Indonesia",Sereh Wangi Garden,"[{'height': 3264, 'html_attributions': ['<a href=""https://maps.google.com/maps/contrib/112303818371408650704"">A Google User</a>'], 'photo_reference': 'AUGGfZksShPkhglx_GrJHDehyFiKXuUzyZ95HD9yYdVszMW47cqibvLzpj71OPJ4B-Ll9nphCia9-8beZhgVIwjF0-2cfHaublMmAgHcua6QebQ6ktrA6Ajoyy-_wb0ubtEDfGrm_L6nUUiXNoQ6PMFQqGEzA3E7w_sE2oS5p34kcNnzHMWB', 'width': 1836}]",ChIJtZdSEEKJJS4R39DREICZM3c,5.0,"['tourist_attraction', 'point_of_interest', 'establishment']",2.0,-1.6267266,103.5522494
"Lrg. Sentosa, Kenali Besar, Kec. Kota Baru, Kota Jambi, Jambi 36361, Indonesia",Pranaja pancing,"[{'height': 3000, 'html_attributions': ['<a href=""https://maps.google.com/maps/contrib/118280837370594625491"">mujiono munandar</a>'], 'photo_reference': 'AUGGfZna30C7JPJneHjfKRJXmibVNd18G7P9WKZin5-c1s7ghHLqBQ6pd-8O11qDjU--7IZ1vzFxwjSTNKOwI7iZAcv9qSlN65owkCAGUxAc8HuClV3DVXKNTH8Jerzm5bI_1PN6d0eqwbV0Vr1o-Rk7AwXy6KJXcXqw1XO8R9kSA1Me2WrY', 'width': 4000}]",ChIJpToloa-JJS4Rr1YnU4TInHE,4.5,"['tourist_attraction', 'point_of_interest', 'establishment']",6.0,-1.6293383,103.5480733
"8HGR+PVW, Jl. Raya Palembang - Jambi, Kenali Asam Bawah, Kec. Kota Baru, Kota Jambi, Jambi 36129, Indonesia",RUMAH IKAN JAMBI,"[{'height': 1800, 'html_attributions': ['<a href=""https://maps.google.com/maps/contrib/110707438335005693708"">A Google User</a>'], 'photo_reference': 'AUGGfZkjLEswBYBLay5WHSOZffctl8Hd6m3JhAjII8kNqMJ5n1p2pLjySfVxr39ucZpw8nlmqk4aa3IlkBIXQgRiaPzvvhV6i1GYaBCHolXWDUpAGcnhyhwjt4gSi_7Q4YfN__JP9GUoh3WUDBV1DrybXwGPR4zUHgsEDxVQiMwyeQcyDZNh', 'width': 4000}]",ChIJ1QNFoR6HJS4RKIbbyak3cMg,5.0,"['tourist_attraction', 'point_of_interest', 'establishment']",2.0,-1.673185,103.5922357
"9J82+JHH, Suka Karya, Kota Baru, Jambi City, Jambi 36129, Indonesia",KOLAM PEMANCINNGAN SATRIA,"[{'height': 1800, 'html_attributions': ['<a href=""https://maps.google.com/maps/contrib/113385892919611394318"">Tommy Caesar</a>'], 'photo_reference': 'AUGGfZlOjpIVyq9c_KPcwYvpSNE40cxFxJK6GyXNGKWuNs5l3m8gLlSME6fBntflArpfbIWjVYZM3d0xDrBVz2ftvTgVjXylc0s7o6reFzISOXzik1DgvZXSvUiUpW-4x8D-lRqVEkyy-cdZloaj1lqi0xZS5W12PbSRD6S7mCLtHG8xPqNk', 'width': 4000}]",ChIJTY9dCjGHJS4RwoqQE3tsPq4,4.4,"['tourist_attraction', 'point_of_interest', 'establishment']",7.0,-1.6334468,103.6014836
"Jl. Premix, Kenali Asam Bawah, Kec. Kota Baru, Kota Jambi, Jambi 36129, Indonesia","Urut tulang, saraf, urat, otot lek sirann",,ChIJNYVy826HJS4RPVsZHkdl3GU,5.0,"['tourist_attraction', 'point_of_interest', 'establishment']",1.0,-1.6559465,103.6039027
"Jl. Yulius Usman Lrg. Mangga 1 No.7B, Pematang Sulur, Kec. Telanaipura, Kota Jambi, Jambi 36361, Indonesia",ARENA BERKUDA SAPARI STABLES,"[{'height': 1844, 'html_attributions': ['<a href=""https://maps.google.com/maps/contrib/103847135469829677290"">haisstis_jambi</a>'], 'photo_reference': 'AUGGfZlq5b2oTTURx6uF7aEPeQpiaWCNZ-HyM1465DvlPs9-h12CdGhGRi6_Qa5v0S28719HThKwadVKpJa-UnKlDay9CzW3GL2bNLkzd6rSRg1HaQhjoC5_zmq5kN36EwR33biny9J80gDdn91SO9OsDqTxU_ZUpxOAx1yUSQ1LbqBpEUmf', 'width': 4000}]",ChIJm_eyO7OJJS4RcIjcB4SQS0o,4.8,"['tourist_attraction', 'point_of_interest', 'establishment']",27.0,-1.6060092,103.5595067
"9HPV+G78, Jl. Kol Abunjani, Selamat, Kec. Telanaipura, Kota Jambi, Jambi 36124, Indonesia",Pasar malam JBC,,ChIJ6yTacACJJS4RNkAVWSyqk-c,5.0,"['tourist_attraction', 'point_of_interest', 'establishment']",1.0,-1.6137137,103.5932076
"Jl. Lkr. Barat 3 No.108, Kenali Besar, Kec. Kota Baru, Kota Jambi, Jambi 36361, Indonesia",Wisata Kampoeng Radja,"[{'height': 2448, 'html_attributions': ['<a href=""https://maps.google.com/maps/contrib/110196630727540286056"">Firman Al amin</a>'], 'photo_reference': 'AUGGfZmD7C4iif1JfvgWSZ0Pef44u8JVyk1Po5WPDGETAtM-W_NLOm8itazvi5hQ-mDNF7PxAdI81Hgy1mqvhDMrx6-Ntwk0n-0viwTPpJzoZpkqIJlLUPappDxu8mX2BDQ42370npBgkShdcJhw57A8r1pLX0OHvKfXl75Cz9jxclkKBxW3', 'width': 3264}]",ChIJJazZlnGIJS4RidoVp4KmHDk,4.2,"['amusement_park', 'tourist_attraction', 'park', 'point_of_interest', 'establishment']",2108.0,-1.6342753,103.5491872
"CJ57+PVQ, Jl. Orang Kayo Hitam, Arab Melayu, Kec. Ps. Jambi, Kota Jambi, Jambi 36123, Indonesia",Magat Sari Grand Mosque,"[{'height': 3096, 'html_attributions': ['<a href=""https://maps.google.com/maps/contrib/108532649227259036264"">ruri efendi</a>'], 'photo_reference': 'AUGGfZksD4KMPhPdSBN_jD7KkwRFnvKTdxUinSl1zYfyBZoUn6dpP6E5Mak4RVKjEpKL-wQ510mGwxCZvb51Gu8ocEwPF3n65H6_yWUfZOXnPqb3f_Y4HEmX5r0l1fmaUz0BN-4GiZc4uOqZpmJR-w60Db4FkORXEgVQ83pCSzS3Z6ggGQNx', 'width': 4128}]",ChIJ0bQMbSCJJS4RLbPOn7z8pDI,4.6,"['mosque', 'tourist_attraction', 'place_of_worship', 'point_of_interest', 'establishment']",354.0,-1.5907018,103.6148058
"RT.01/RW.No.60, Jl. Sultan Thaha, Legok, Telanaipura, Jambi City, Jambi 36124, Indonesia",Masjid Agung Al Falah Kota Jambi,"[{'height': 2268, 'html_attributions': ['<a href=""https://maps.google.com/maps/contrib/116430383831121077156"">wawan kurnia</a>'], 'photo_reference': 'AUGGfZlDGY0ULYOikC5vrP38-TBXb8PPSQJJ_XpgjhG_nrqvw2t97ZEyHmRTpsROz8z72iwR8NzSXAfrFsz4Z44Y51QpOjJNfrUZC2fmaJQDgLd-0_dR6oT_7qdsSAa0pE9jG9p9SVKSSfYBhvlXb_Do65YYu3sEGXs-jpUjf0Vt8cNdttLM', 'width': 4032}]",ChIJ7zzyVCCJJS4Rf-F1-hk7frE,4.8,"['mosque', 'tourist_attraction', 'place_of_worship', 'point_of_interest', 'establishment']",3236.0,-1.59429,103.6085537
"Jalan Raya East Avenue Blok A No 1, Mendalo Darat, Kec. Jambi Luar Kota, Kabupaten Muaro Jambi, Jambi 36657, Indonesia",World Of Water Waterpark,"[{'height': 2606, 'html_attributions': ['<a href=""https://maps.google.com/maps/contrib/109461339799814605795"">Jakri Yawansyah</a>'], 'photo_reference': 'AUGGfZnh2GxRJhZNetLvDgxKPAWmBEBB3zLXVoLkFLzWhKFx47uREdndVhZ4RPlHQS00-yUd2Yt5njLde8O5OFk2Y8CGZkWZ7nDQiuz_W0QbVbSs5YZgAqAVJQBWDo8h3Ad1V-ldycNtVJQYnF-9AvT8FATmsDPMgLznqOx3Y99ydg4CoTfA', 'width': 3543}]",ChIJtYb-XDB9Ly4RD8tg46mfz8w,4.3,"['amusement_park', 'tourist_attraction', 'point_of_interest', 'establishment']",1222.0,-1.6379102,103.5114375
"FJ4F+J4M, Niaso, Maro Sebo, Muaro Jambi Regency, Jambi 36382, Indonesia",Vila teratai putih datok sarkoni,"[{'height': 4064, 'html_attributions': ['<a href=""https://maps.google.com/maps/contrib/117307720520609674895"">Topik Akbar</a>'], 'photo_reference': 'AUGGfZnBvqDj5qJbf3Nc8GF8BSpVsyeWlRr229qRoCKMfMQClipbJDh3n0ZBQPqYyD3Yi8JP-rPhlCm-s15cQerAp2xh5itY_wW9JHI-hJ9d-ewDc6SU1AXD-UkZB2xJfPDUWBpuUX_IsEvS_f3uQqYvIgp_V_rWGBuKVPXK5OfluUx1u4W3', 'width': 3048}]",ChIJi9MHqiOLJS4RLcudLJWHxwg,3.0,"['tourist_attraction', 'point_of_interest', 'establishment']",1.0,-1.5434186,103.6228011
"9PG5+63G, Tangkit Baru, Sungai Gelam, Muaro Jambi Regency, Jambi 36373, Indonesia",Tugu Nenas,"[{'height': 1152, 'html_attributions': ['<a href=""https://maps.google.com/maps/contrib/109837202792985197535"">Deny Eko Purwanto</a>'], 'photo_reference': 'AUGGfZlCXFY2OEBBC9YB2Wip_e95huwOmuN00QXdd-_skCEgsMMh0ZSBx65V1TK-xxsbd7koQ8Jby--ZhuVMoksk3ShF5FBudWOtBg4QTlJH4bi11yDHu2xGPOrWFXHj9P8NK7pkP9Qe8rXdm0jJLKXFhdeh7OSG8HYHAdC9ZTQHVS06uutp', 'width': 2048}]",ChIJq6qqqu6PJS4RMIC-oW9U-z4,4.5,"['tourist_attraction', 'point_of_interest', 'establishment']",247.0,-1.6244495,103.7077
"Muaro Pijoan, Jambi Luar Kota, Muaro Jambi Regency, Jambi 36361, Indonesia",Wisata Sungai Muaro Pijoan,"[{'height': 900, 'html_attributions': ['<a href=""https://maps.google.com/maps/contrib/109048644769533789019"">A Google User</a>'], 'photo_reference': 'AUGGfZmNi0pSGGpuW7IC2HCZec16CrU0PiJmjmscGzPfOCFpM5QjYcSz5lD91j3EyU2rS9_nPyDb7jA8EZyhlJ-5LfbA3lqFQedR3hvM94OxkukiZnlAvSmXd1BVC00iciqEDFolBOZp-eC9ONb9GIrjDSGcK1mKb8gfp43lHE_jzHINquLL', 'width': 1600}]",ChIJ2a-pKyNjLy4R8g5BgMKeJTo,5.0,"['tourist_attraction', 'point_of_interest', 'establishment']",1.0,-1.572616,103.4924942
"9HWM+4VR, Telanaipura, Jambi City, Jambi 36361, Indonesia",Taman Mayang Mangurai,"[{'height': 3000, 'html_attributions': ['<a href=""https://maps.google.com/maps/contrib/112413767777127625137"">A Google User</a>'], 'photo_reference': 'AUGGfZlzaJYZz5u2nSoCsT3bzttaoofky4dEFISDLXYPOrSVtC425X7Fjg0kHcQDAObq1jgVUGQU66p_v8PjzP0uQORmvQ7LJHmMhciFxMrJJMe9WJ-YSZSvurwqlgPtu6QRfMPH_4fs_Eguzy3eaon4cLBqDharLw4MzoO-zGtGaD44Covl', 'width': 4000}]",ChIJXUoVXFmIJS4R6XjacIRPOEk,4.4,"['park', 'tourist_attraction', 'point_of_interest', 'establishment']",100.0,-1.604641,103.5846383
"9HPP+734, Sei Kambang, Telanaipura, Jambi City, Jambi 36361, Indonesia",Taman Budaya Jambi,"[{'height': 1944, 'html_attributions': ['<a href=""https://maps.google.com/maps/contrib/103661343213361571176"">Adi Kurniadi</a>'], 'photo_reference': 'AUGGfZndKXD619EM_w5TqRdcqHt9ZbHSnPe-5Uu3AHHSr6eqPLS6WRv-YkZlweaQMLs1V-4GcmgJfHk9nOhRXmpTKn981Gwx3ZUAXagdDWKAIIO1GmZ97EzthJvsH0X3fE4duq8AMpkbcps-KlPOImLVF3FEXKHdb-4mkmMvGfaaTJCke_aW', 'width': 2592}]",ChIJfaY9RGGIJS4RPxWeTLVh5xI,4.3,"['park', 'point_of_interest', 'establishment']",1079.0,-1.6143702,103.5852043
