formatted_address,name,photos,place_id,rating,types,user_ratings_total,lat,lng,history_and_cultural,nature_and_adventure,entertainment_and_leisure,spiritual_and_architecture,wildlife_and_conservation
"Xindian Rd, Xindian District, New Taipei City, Taiwan 231",Bitan Tourist Attraction,"[{'height': 3072, 'html_attributions': ['<a href=""https://maps.google.com/maps/contrib/116497199643793092547"">冰羽風</a>'], 'photo_reference': 'AUGGfZkaZtHccLdMS0YGySBjmcsrZh_gbpZ8X68pivl7F1EjR0JNTQ9W_I2C89HCLXLxI0MoJKqzhL66jJL1nrlA-yi6-Gkrk_RVnJWZ1LSYWS73xoHGwGqDwQd-ZyPCnlotB7Ft_2Jm-nA96PVPoM9et5lrLeCspLGuFZNj9WuyzdGGIw8m', 'width': 4080}]",ChIJLY_oiYcBaDQRCELSB3LZxZk,4.3,"['tourist_attraction', 'point_of_interest', 'establishment']",36980,24.9559849,121.5365043,0,0,0,0,0
"Liuqiu Township, Pingtung County, Taiwan 929",Vase Rock,"[{'height': 3024, 'html_attributions': ['<a href=""https://maps.google.com/maps/contrib/102401746445665346598"">垂宏</a>'], 'photo_reference': 'AUGGfZkDcYETs3YipBIzUd4oRclN4I8j_-qRJZuw5TztppBwAfMPsrLLFTqMwV9Fak6U_F9VHjcmsPS8527CNE7CQl4tjOt3ABn7cnJLSyc4jwkDZWgocpFvwnB4sDvskvkwt9FK8m0Lpyi3pOBUOa2fWaEXct3OdYm4dp3yEA2B6ptc3sEI', 'width': 4032}]",ChIJ1z8DOHDlcTQRvxYu08n0Qsg,4.5,"['tourist_attraction', 'point_of_interest', 'establishment']",11142,22.3556469,120.3807532,0,0,0,0,0
"No. 1號, Section 2, Xinsheng S Rd, Da’an District, Taipei City, Taiwan 106",Daan Park,"[{'height': 3000, 'html_attributions': ['<a href=""https://maps.google.com/maps/contrib/109344767831146712206"">A Google User</a>'], 'photo_reference': 'AUGGfZme79xo4ujaI_NJ3GAONXAhSsKJ2GLzsu-YPPKZmwEZkQZK65iz5T-p059dU54PkpG-KMGCYwCFZc8ya-9_8c9hBWrGIsiiQuBPfbNWfhdUYKQLia-__SD9AK_cjcuCRTtHaD7I_x7ZIoS5lyXh09YFQ2Zvu2J9Fbvc7H3BXEUih4yz', 'width': 4000}]",ChIJnzZlOoCpQjQRH-WG9egh-2E,4.6,"['tourist_attraction', 'park', 'point_of_interest', 'establishment']",38639,25.0296587,121.5362867,0,0,1,0,0
"112, Taiwan, Taipei City, Beitou District, 核心區 陽明山國家公園",Bamboo Lake,"[{'height': 3456, 'html_attributions': ['<a href=""https://maps.google.com/maps/contrib/112497744310377015471"">陳寓鈞</a>'], 'photo_reference': 'AUGGfZkROHknPlpbe0kdA6zaQ81MMRjPma2vq50bO97bYPfkvEFyHYWzRgYNPH-npNJirR40xNt5fUrxXF_OcK6bVGW2f4pRUN8aFVRnCUBwvj8ll1HJpE1MJxVfBz45Kfd6iy1U3IbZJo8tNSbSUAGwsfua3lfSsTMAfTim6BCovnlHU21S', 'width': 4608}]",ChIJ77e2jh2yQjQR-H9rpswVIac,4.3,"['tourist_attraction', 'park', 'point_of_interest', 'establishment']",23201,25.1726423,121.5333316,0,0,1,0,0
"429, Taiwan, Taichung City, Shengang District",Tanya Shen Green Bikeway,"[{'height': 4000, 'html_attributions': ['<a href=""https://maps.google.com/maps/contrib/107399526836265891453"">楊淑華</a>'], 'photo_reference': 'AUGGfZkmf3OqMKr8UXD_f79YMQxYDfW3zaSjnrb8LCjLMoMkErAOLL_YnCO6COWzHs4UP9GxccVJa3uz9nAtgvVQecRJJ8gNDP1sKIp9mg9vKiqGx4BTtmZXYiFfWJjr2lvnxPhxSXkFJMsC2sx8hT7ROJcNwa5VSS88LfzO9Phv5HD0diG9', 'width': 3000}]",ChIJDfFZfkYXaTQRJxvCWohoeXk,4.3,"['tourist_attraction', 'point_of_interest', 'establishment']",3879,24.2327778,120.6944444,0,0,0,0,0
"No. 65號, Section 1, Shuangshi Rd, North District, Taichung City, Taiwan 404",Taichung Park,"[{'height': 675, 'html_attributions': ['<a href=""https://maps.google.com/maps/contrib/116005181067002497670"">LIM ENRICO</a>'], 'photo_reference': 'AUGGfZnhqvLAqca8e2Pb2wF6gUDeV4pYneDCcSDd0C-8n3QAl3Ua6xkCI2iSQ6rjSljEYCsoNtZQRpEZfD8aiR3r9vPRa_5LmlY_X8-KzP8yFnWiMvs4jNaNouD428TxJ79el_uq-9ZvEE-6yTxrpJ0lZsOslCHnJGlUpfDmR41_w4z_rblw', 'width': 951}]",ChIJ5SQWm2s9aTQRO9CRyPBXThA,4.2,"['park', 'point_of_interest', 'establishment']",19186,24.1448185,120.6844762,0,0,1,0,0
"Gongyuan Rd, Pingtung City, Pingtung County, Taiwan 900",Pingtung Park,"[{'height': 3024, 'html_attributions': ['<a href=""https://maps.google.com/maps/contrib/107392581557936577312"">A Google User</a>'], 'photo_reference': 'AUGGfZn2iJ6AF7S7Ir6zvo1i2dfQZr4jiW0P1cjNdqhbN955EC4D61_d381w08OZmWa7f7UoCu9OdcwXrmomXLzvAJrvsKEDSLDt8H0OYje9jJ3FqdlEnhll0abCNJsq-XHKzrs4TOYWHqeei4Lm8giqNO_PWgo5ED0GbtXr41CXHc0n2g0c', 'width': 4032}]",ChIJzyf7jZoXbjQRt7aDa1spA4k,4.4,"['park', 'tourist_attraction', 'point_of_interest', 'establishment']",12533,22.6746753,120.4923113,0,0,1,0,0
"No. 20號, Zhongxing St, Xinshe District, Taichung City, Taiwan 426",Lavender Cottage,"[{'height': 3044, 'html_attributions': ['<a href=""https://maps.google.com/maps/contrib/100777541282261719134"">薰衣草森林新社店</a>'], 'photo_reference': 'AUGGfZl6CtdAuKJcqQLt-76HLj0zwHe8oVchJRFy9kpa5UBFd7PnSOXmYsmXQTiTHjGnJmuLF_X6qfWAExNNPi_-KNQmj7cieltsQ0tWQPUI8UFwwI4RKkXB-J2cK23RREU7nvGBKKNJKwA_RiwX6WN7q8WI20jJvtCs71pmeO5A3Lv_oEOp', 'width': 4565}]",ChIJD9GIn30faTQRIp0yWTjPWoM,4.8,"['tourist_attraction', 'restaurant', 'food', 'point_of_interest', 'establishment']",30290,24.1291194,120.8414518,0,0,0,0,0
"No. 74號, Jihui Rd, Chenggong Township, Taitung County, Taiwan 961",Sanxiantai,"[{'height': 4000, 'html_attributions': ['<a href=""https://maps.google.com/maps/contrib/106936743296621580887"">Lin Hansum</a>'], 'photo_reference': 'AUGGfZlhb4KOeDIhGqCb8xN18ch9ImX_Z0VGIIg7Ol38I7HwgAMFGujS8KKxwpYWFHs9HF0MZhlJjqVhRKuNyoXN_HazZaARU41NnZmPLOnj1wScWJhhbMzxb2qRnotjSx4Mrcw24m7Loz94MjU8JKthrA7mNnXqww44X4HY-1M7qB-yH52M', 'width': 6000}]",ChIJp1E-7EhwbzQRuDsz-li3qrI,4.6,"['tourist_attraction', 'park', 'point_of_interest', 'establishment']",4899,23.1261358,121.4216802,0,0,1,0,0
"No. 105, Section 3, Xinsheng N Rd, Zhongshan District, Taipei City, Taiwan 10491",Taipei Rose Garden,"[{'height': 12000, 'html_attributions': ['<a href=""https://maps.google.com/maps/contrib/101357579430370216095"">吳朝振</a>'], 'photo_reference': 'AUGGfZmRlyPvmcE1NgLVf6PKrAH7Wv6o4C2m4VAyipZj9c4HeECDJn32tKpBJSmuLrnPQwvYf4vvPmyAq_Nf77KrK6LiqqwoPnibJq4CSdSZQDy-Qyr0EzHaJ_ZbQCg7ES515ACeFr2UHtWbNAJTwdlSfV0zU-Ek7wvMB5oSdbNh2zY2hb3m', 'width': 9000}]",ChIJ5X1aDFGpQjQROYTjlSR0GAQ,4.5,"['tourist_attraction', 'park', 'point_of_interest', 'establishment']",5951,25.0693501,121.5287696,0,0,1,0,0
"958, Taiwan, Taitung County, Chishang Township, 錦新三號道路",Brown Boulevard,"[{'height': 3024, 'html_attributions': ['<a href=""https://maps.google.com/maps/contrib/118091797217018748212"">李欣育</a>'], 'photo_reference': 'AUGGfZmpvnu-8WK34B5nR91CmSiGWCCXLnhBiqkXR2peKdJr0zaaRnXyitD_o5djgMWaPpzatqg7KPSgDusfukuyFXM4_WLHGTaFtDKPqHlm0__TqOTknbhG30nRCzASlN9evo3grDftSEXwmtLTRd7hi_yy0RAPW4PZukFPbWWFvmJkZt9D', 'width': 4032}]",ChIJZatyKu4JbzQRyHuSojQ6qQ0,4.4,"['tourist_attraction', 'point_of_interest', 'establishment']",8818,23.0988065,121.2130022,0,0,0,0,0
Taiwan,Yangmingshan National Park,"[{'height': 1836, 'html_attributions': ['<a href=""https://maps.google.com/maps/contrib/112108570517420389054"">hsiu hsieh</a>'], 'photo_reference': 'AUGGfZnx-hYhGSiTV-MyvyfDzRZKEmAMDUDKkxhZQldbWgun0ggZBuYykmNSRkkH_OKV0vcOK5CPLOzrL-n9zX3rAMyNPaKiI5Uk9fCcrD9WhezPP5NZPiihZ0VY4f_YhwWi667jakGGb3KkqP23P-Ej19h-cMHtClnvbt1kU-eNGKVBY-BJ', 'width': 3264}]",ChIJS8fPJPitQjQRebDDT6PjC1w,4.5,"['tourist_attraction', 'park', 'point_of_interest', 'establishment']",24571,25.1942462,121.5609363,0,0,1,0,0
"No. 1, Section 3, Minquan E Rd, Zhongshan District, Taipei City, Taiwan 10491",Rongxing Garden,"[{'height': 3000, 'html_attributions': ['<a href=""https://maps.google.com/maps/contrib/117962519922192707353"">A Google User</a>'], 'photo_reference': 'AUGGfZkjYYy3jYIEVxqHrddp79iipSAUY0siUsuZpEOF3nT9U-T_oddJWHFiDsoocFGB26i3YBIKuvp2D1xniEZzRfqxzFHWQdX_jqJ4TPyD6zwyrse8qqrkpLpTbYIvit3KXwj2zKK2ZRsgjWmo1Onm1WB5MjGO1Dzs7J8O4d68AvrudalQ', 'width': 3000}]",ChIJ293KxeKrQjQRewbnsVtdLBg,4.3,"['tourist_attraction', 'park', 'point_of_interest', 'establishment']",9251,25.0634668,121.5391412,0,0,1,0,0
"955, Taiwan, Taitung County, Luye Township, 瑞隆村坪頂路",Luye Two-storey Water Bridge,"[{'height': 3096, 'html_attributions': ['<a href=""https://maps.google.com/maps/contrib/116978339839668239713"">詠竣解</a>'], 'photo_reference': 'AUGGfZm4zKS5KZXJTc3b_XpGpWRngEltGnErwav3ctGGfJa0YzbiIF33s7I0rfKY7eZC6i6LwIi7K37ngo57kNRLdv9UYuJbA2wHtiGsjYLQxC77cWsKgjI-D-S_ImLszEoXClh5kSPPq-havEDJMJSUGLB_Fw4mBWkwV05hPX3ncreC8wAM', 'width': 5504}]",ChIJ_8kmOKmmbzQRZuWLD5i0dI0,4.3,"['tourist_attraction', 'point_of_interest', 'establishment']",1589,22.951493,121.162537,0,0,0,0,0
"976, Taiwan, Hualien County, Guangfu Township, 農場路32號",Danongdafu Forest Park,"[{'height': 3024, 'html_attributions': ['<a href=""https://maps.google.com/maps/contrib/108322305097540044275"">A Google User</a>'], 'photo_reference': 'AUGGfZnEXsxhYXqCh1cejWYa2txIHpe-5Ej7Uj1_SuEPDBpqRtC2yXClQOIy45xafgVr6K8CCEW2pB4O4LciPRFiVZ9-iquvJ5uu4t6iS10Hz7I2T6t6Q22o6LPnpqxw7stSi0JjfxeNazK9EO3508LzEUrVUxgSZxABXr6XU0KeDpp-K08', 'width': 4032}]",ChIJ-b_-vgFNbzQR8qkajZZrKqU,4.3,"['park', 'tourist_attraction', 'point_of_interest', 'establishment']",9343,23.6145565,121.4159184,0,0,1,0,0
"267, Taiwan, Yilan County, Datong Township, 松羅村玉蘭路80號",Yulan Tea Garden,"[{'height': 1046, 'html_attributions': ['<a href=""https://maps.google.com/maps/contrib/114874382852311249704"">玉蘭休閒觀光茶園</a>'], 'photo_reference': 'AUGGfZkXU1Lo1mFeo84CV8-8NOSuealUSRHlFD6IK87EMCtLlWdlagNQjwVY6GmU6fwavB-REqkel17pgZ5QhH592SxlufvyG6Pu9jUvB4ekGHMiMD97GR6IrQZJrF4ritz7uA3s7NcFs7_IwY9dIf1spnC9XBaIvP6_ekz1z9cxTiWXKrLo', 'width': 1568}]",ChIJPfwipf0KaDQRzQtgx7jAzmU,4.3,"['tourist_attraction', 'point_of_interest', 'establishment']",1779,24.67472,121.584629,0,0,0,0,0
"Pingtung County, Taiwan",Kenting National Park,"[{'height': 488, 'html_attributions': ['<a href=""https://maps.google.com/maps/contrib/101431495761220231120"">abdul jaleel</a>'], 'photo_reference': 'AUGGfZknCiBCNGh91QGiPeyfWXqnDPcuFxVWKbhJLPTRK9nffTuDVO2Fu76RGSRl_CFsjodnrn8n8wA2S2sreY1fijbNcEUloD4iJ0eR36JDOeQYazOuZ4FWfJU1M7n5KalgADzXFurz3R1-M6lya6adyF1gyFeiRtv4X-v4SHqjDf3-IKw7', 'width': 736}]",ChIJo3zE2vqzcTQRf_VdSaifF_c,4.5,"['tourist_attraction', 'park', 'point_of_interest', 'establishment']",21297,21.9483307,120.7797516,0,0,1,0,0
"No. 294, Yingtao Rd, Yingge District, New Taipei City, Taiwan 239",Yingge Yongji Park,"[{'height': 1080, 'html_attributions': ['<a href=""https://maps.google.com/maps/contrib/100998115214747928170"">A Google User</a>'], 'photo_reference': 'AUGGfZn65C8M-rV5fNuF_QWszv7VOHnAL67R1aH-VC-8fOXtvmW2WMCXNVFU1eutJzg3TrsMGWruNoHvhOoOGz3m6Utt2pOHPYzmCCkIYsrQ9NWI0roRW1INXpozLm0d6ZyAUp8VLzX0nhGY7g2h5fq3UXQQeOWvyfbpUGjCoyEL9gw7VKNh', 'width': 1440}]",ChIJRbj8_LYeaDQRCzDA9JDXtYc,4.3,"['park', 'tourist_attraction', 'point_of_interest', 'establishment']",3559,24.9614352,121.3348781,0,0,1,0,0
"No. 30號, Xiexing St, Xinshe District, Taichung City, Taiwan 426",Xinshe Sea of Flowers,"[{'height': 3456, 'html_attributions': ['<a href=""https://maps.google.com/maps/contrib/117551600855278604751"">謝靜華</a>'], 'photo_reference': 'AUGGfZnyDM4crqScmNmGzhE0ZLLYCjsXxwFVAy4Hy9pu7zJEe5GUnbE4_nFXru-yN9rztrcQNbC19MkTWYj7j4Ut0iNP_ovi2QgcXrVOV_Ax_WlAJ0GtbxLkSmzRyBrYwqM2aBv19uAAeaNPSmi2BeOB8mKfVShh9OQZGnkSq_LV0umIajys', 'width': 4608}]",ChIJq6qqqtoeaTQRyOOkp6nfoP0,4.2,"['tourist_attraction', 'point_of_interest', 'establishment']",1502,24.2027295,120.8090849,0,0,0,0,0
"31342, Taiwan, Hsinchu County, Jianshi Township, 129號",Lavender Forest Jianshi Store,"[{'height': 1365, 'html_attributions': ['<a href=""https://maps.google.com/maps/contrib/107328775442651482003"">薰衣草森林(尖石店)</a>'], 'photo_reference': 'AUGGfZn_aR7sKL6SvVIj6MtmcEyAY3IbLLD0dstF9tqKE5So9TJjw94ng5PiwwFcTtlokBRj9hp3Cb4gjy1qXVEkCqrMuvfavmb2bZMx9vF0KmgVGLVLwFICq6O3d8M27r31EzYTPYDzsRw4aaCCOYLtKoq49erlVQ2lbCM4RKM_SE8kS5u-', 'width': 2048}]",ChIJ58Fl7JE_aDQR5JhwZsUfWag,4.6,"['tourist_attraction', 'restaurant', 'food', 'point_of_interest', 'establishment']",11729,24.7332278,121.2339472,0,0,0,0,0
"264, Taiwan, Yilan County, Yuanshan Township, 雙埤路福山1號",Fushan Botanical Garden,"[{'height': 878, 'html_attributions': ['<a href=""https://maps.google.com/maps/contrib/108047229583785709648"">Ming-Shiu Yo</a>'], 'photo_reference': 'AUGGfZnKE4Q2xxcA2iT0nS2anCRlJqcMPnnHVDwIQWSOG5ALTyTIq0-bbzYvGQKUPl5GYQ-AElnsXAiUBIpGW7yS8Gsbzv-BbkdNKnPHThFAymEGS_pf6MDK1ymWWJRG2gTjhy5hGqfojcd4X_xZIDFLAA-gl0e3h2UNo6WITrXDerfYCcxJ', 'width': 1170}]",ChIJVUZau6kJaDQRy13vW2fDWaE,4.7,"['tourist_attraction', 'park', 'point_of_interest', 'establishment']",3182,24.7596084,121.5907137,0,0,1,0,0
"No. 221號, Sec 2, Zhi Shan Rd, Shilin District, Taipei City, Taiwan 111",Zhishan Garden,"[{'height': 3024, 'html_attributions': ['<a href=""https://maps.google.com/maps/contrib/111298456837110728862"">A Google User</a>'], 'photo_reference': 'AUGGfZmcjM0BVoaHy4xlb1sup_X8XmRubvkYVlFXm5W9IA5aEat-AzeBqP9Q-6KzrjOOX9uNAPfIw5E-Ql1O4qEsWSjEQr8Vki5kQyteVbH1f0XXA42yb1gZYcmMbeCdYcTi7KhMNgHEJbfynKS0Tt5WEUHo6Npn4c8_NIWklMoQGjClT3uW', 'width': 4032}]",ChIJuZ69VDesQjQRQF_Q_4c_ayk,4.5,"['tourist_attraction', 'park', 'point_of_interest', 'establishment']",3851,25.1013067,121.5498448,0,0,1,0,0
"No. 300號, Huatai Rd, Taitung City, Taitung County, Taiwan 950",Taitung Forest Park,"[{'height': 3024, 'html_attributions': ['<a href=""https://maps.google.com/maps/contrib/115971936625340420633"">林沂蓁</a>'], 'photo_reference': 'AUGGfZmmky6paUwQWodRhFJRngQIATPsFB1JwN51q6TvkkQhCmI4L2NIgvpRBlN2DHD8iVEPERdg0FgpRU4SIgMSuFMWmmjHgpbZYOY4YgtAg3c30Flr2QHd7VEYZVns43eSenoyyaaCq-h0NfxR33ZchbExbu11Yj4aKbzwo44ewr3CJMjn', 'width': 4032}]",ChIJx9oJH165bzQRHtM1Bkgvyyo,4.4,"['park', 'tourist_attraction', 'point_of_interest', 'establishment']",14513,22.7681758,121.156259,0,0,1,0,0
"No. 53號, Nanhai Rd, Zhongzheng District, Taipei City, Taiwan 100",Taipei Botanical Garden,"[{'height': 3968, 'html_attributions': ['<a href=""https://maps.google.com/maps/contrib/106155742109538345316"">洪邦定</a>'], 'photo_reference': 'AUGGfZmlIanJJL_k-D2gq3LgrOfxJCgcUW1fJ4M4-0Hh1CsRUf-aPfmuVJmbJqDtAMul9VQ15txNqKCwkuGGZP3GVqkhq5Spp3koykv2a8V-oQsoajNyi3VYhdl-uh2EncFJi0ZU7CiTkAIPdHbDIOsTmjxB1LCpex8HWFsZFkBgcNoBradk', 'width': 5952}]",ChIJe1ASN0-pQjQRIeghXqXkkAg,4.5,"['tourist_attraction', 'park', 'point_of_interest', 'establishment']",9916,25.0318511,121.5094593,0,0,1,0,0
"Yizhong St, North District, Taichung City, Taiwan 404",Yizhong Street Night Market,"[{'height': 3024, 'html_attributions': ['<a href=""https://maps.google.com/maps/contrib/102153476425375022089"">A Google User</a>'], 'photo_reference': 'AUGGfZmjYXSzJnT7Pyd3uUQSn2AUfLLTjVA_R0bAR0bOihdt5faU88o83nc_l1q0NkQLHjmtVH7y2akYUol9PDqFC6qACsQJjdrjpe5VH2Hx0_CErFkhuOirKskrpCISJewDlBNEc2za63Byq12XVeBpX8prxpHh5qZDY6oC0DMdlVgq4rmW', 'width': 4032}]",ChIJeZhxjmg9aTQRu4ClJlnbzHk,4.3,"['tourist_attraction', 'point_of_interest', 'establishment']",45601,24.1479393,120.6844636,0,0,0,0,0
"604, Taiwan, Chiayi County, Zhuqi Township, 24",Fenqihu Old Street,"[{'height': 3024, 'html_attributions': ['<a href=""https://maps.google.com/maps/contrib/111436133317527413759"">柯玟如</a>'], 'photo_reference': 'AUGGfZlLbdeCSZykiXq-U_1fYrUeONeOA90eM2YmOtc5KZ3oafx5yH-V0m9-sZjORQN5yoHbnigA3okc4XZo_-le7hWU85K2u-DQxOVBx0ZIqO_ji9ylEUw9aFj-0KkewWWTkgEalUjpZhRwxfGwDmrTs_St81dz1z9wUwQi33RB6E15pfRo', 'width': 4032}]",ChIJq6qqqqbCbjQRANB4uDgLE94,4.2,"['tourist_attraction', 'point_of_interest', 'establishment']",26788,23.5051199,120.6949355,0,0,0,0,0
"972, Taiwan, Hualien County, Xiulin Township, 富世291號",Taroko National Park,"[{'height': 2595, 'html_attributions': ['<a href=""https://maps.google.com/maps/contrib/114610628376887622359"">Kirill Tolstikov</a>'], 'photo_reference': 'AUGGfZnk1CUimwKTCJEMsj1uaz0xUl-idbWVk2keN90IyTBQXJ6y5tjrAnovoCDELLU_mU5sXd7WbMxZq-NrmruwgWULWganAHV_FUmZuvoqrS83T7CGr17j1lV1R8f5oAGxeucNQkIZrMfPusld3_cngVQ9LPgRatXaVsUIesprc8AOcqtB', 'width': 3853}]",ChIJ7-fCX4SCaDQRMaqw4IX92d0,4.6,"['park', 'point_of_interest', 'establishment']",24187,24.1939246,121.4906668,0,0,1,0,0
"No. 170號, Renhe Rd, Ren’ai Township, Nantou County, Taiwan 546",Wuling,"[{'height': 3024, 'html_attributions': ['<a href=""https://maps.google.com/maps/contrib/107298097184555610429"">Peter</a>'], 'photo_reference': 'AUGGfZmUEcfU8ZZBPiToQqEgu__iqavsEmyJ6Ctk5GKLp8wliO4hsvf6oEZxYhLHfdPqGgr36CuwXL2GMdkFNeLbFg-eY-rkNOzVrIY_nP6OTgzlnb6x01R-Re2m4dtuJ9FWah5XH7S1DaMZ5CISBZSgA3Oekd-tZaagjmu_IWsc5OptzwWg', 'width': 4032}]",ChIJte6zETiTaDQRA6gtQKdhV8k,4.7,"['tourist_attraction', 'point_of_interest', 'establishment']",24970,24.1371034,121.2758385,0,0,0,0,0
"558, Taiwan, Nantou County, Lugu Township, 森林巷9號",Xitou Nature Education Area,"[{'height': 2268, 'html_attributions': ['<a href=""https://maps.google.com/maps/contrib/101594964849403792098"">鍾維芳</a>'], 'photo_reference': 'AUGGfZnX5-BCEt5KS_4OJl1vFtqfksf2XcnmKMOMZIdf3JXR7uKmCpS5cJwXquPUZU_hDxt9qQ_6GjbdK14Qp0S23EjRcCTVIbuK7kKg-MZKCAXPuW3Vrwci_z3hEf8JKH-uyIfwqWchNv9vbHMy6QNEVi8sTel9T-pCBbPISAUZY_-17CFZ', 'width': 4032}]",ChIJAQAAACzRbjQRUgTggaGCmkA,4.5,"['tourist_attraction', 'point_of_interest', 'establishment']",26629,23.6745178,120.7972515,0,0,0,0,0
"546, Taiwan, Nantou County, Ren’ai Township, 山林巷1號",Huisun Forest Area,"[{'height': 1080, 'html_attributions': ['<a href=""https://maps.google.com/maps/contrib/108757018138728648534"">青潤.吉順</a>'], 'photo_reference': 'AUGGfZnPfpoLtw4TkPdnmnBYFX872IQvI9ShVnVVUMqoH1wtd0gp4hKzgsQntuIq1VftxLAdE4nUQCyr7tItf8v5b9PdGFpFKoiY8lzGyHXs4waApO-LCJ9l4QV2Zl9k9KDPcfXw2OeB7vC9Puvdn00kRT2dAWdqV7KxlCpLyH_gb_FPm5YG', 'width': 1920}]",ChIJv98tC4LnaDQRlpVFQ0Wx5mM,4.4,"['tourist_attraction', 'park', 'point_of_interest', 'establishment']",6971,24.091197,121.033728,0,0,1,0,0
"No. 9號, Liantan Rd, Zuoying District, Kaohsiung City, Taiwan 813",Dragon and Tiger Pagodas,"[{'height': 3262, 'html_attributions': ['<a href=""https://maps.google.com/maps/contrib/117839387905122467514"">林高誌</a>'], 'photo_reference': 'AUGGfZnpy768zZZgh_EqWqIChFlPgOJRQkWnSs_y8UmLYj_zjF9DZe1zsagMJErtr2TIW0xbOPsIPJ_jdyQbv0FAZdLo0gzN-Q15aSwjGjTJV9G_U8d6waWJWshfwTDwwpPyFJyeomvDIWW4LxPfdVejqxclyRBBFmANP-SxNspL658YlhkQ', 'width': 4903}]",ChIJJcBAjaEFbjQRx4A8dRM2bVI,4.3,"['tourist_attraction', 'place_of_worship', 'point_of_interest', 'establishment']",17347,22.6805033,120.2924777,0,0,0,1,0
"No. 212, Section 2, Minzu Rd, West Central District, Tainan City, Taiwan 700",Chikan Tower,"[{'height': 682, 'html_attributions': ['<a href=""https://maps.google.com/maps/contrib/112546264912628277208"">赤崁樓</a>'], 'photo_reference': 'AUGGfZmNNd5_wyYU4HNxwqnRuKjrlrJ6PrUY_P2QyOyc9-bAC707J-LxuuYYUBkGgNs7QISmvjKL1qKovyKmV7lHs_LjnQofilby8kF2paSNrn4EDraL0bej-8avHM4qzDFeCqaQcJVkxxwjsjpKur4v07deBUhp-eXuIM1DGrHYgwe3wL6E', 'width': 1024}]",ChIJbYl7d2F2bjQRnFdvyMBuZfI,4.3,"['tourist_attraction', 'point_of_interest', 'establishment']",23102,22.9974567,120.2026493,0,0,0,0,0
"727, Taiwan, Tainan City, Beimen District, 西南郊復育鹽田",Jingzaijiao Tile-paved Salt Fields,"[{'height': 1081, 'html_attributions': ['<a href=""https://maps.google.com/maps/contrib/117175933993438696634"">A Google User</a>'], 'photo_reference': 'AUGGfZnlOExZyqtuBn6T5u5Buwsr45fE59KIX6D40l-Ag3IrXxV1ZixCIYXVu5WXcp6LcRNyp1D6MfNWlKVcCDfC9ufD65hvSBJimKXfbi-HPEpCG-zGEfdUURRHNIRn-rH2U8i4tzKoPp2aYQ1Uh5kuvUUf85bw6Eb9HAjHnw41PYtCDGP6', 'width': 1920}]",ChIJq6qqqtUqbDQR_ohO2eK2x4E,4.4,"['tourist_attraction', 'point_of_interest', 'establishment']",19603,23.2588308,120.107568,0,0,0,0,0
"602, Taiwan, Chiayi County, Fanlu Township, 阿里山公路27號",Eryanping Trail,"[{'height': 3024, 'html_attributions': ['<a href=""https://maps.google.com/maps/contrib/117513760538279021463"">劉小延</a>'], 'photo_reference': 'AUGGfZlW5682gBPj9EB2koT4qHAMrnUBvrO1eGm1xc0lR_LV1JfLw_Bzd1lNBlid1B9tgRdbRwpFduGSBr1PjTNWOWoIbRIVrHjB7nJYPYDgVRUHu9psqdqwxMrHQ3VpDDfmdKnuWT8rA44XuTgkPhyFm2oECV2Kbmy2TtQuuxmQCuJ29QrA', 'width': 4032}]",ChIJ1dho897rbjQRXffAYU9d-SU,4.5,"['tourist_attraction', 'park', 'point_of_interest', 'establishment']",9113,23.4175793,120.650847,0,0,1,0,0
"100, Taiwan, Taipei City, Zhongzheng District",Chiang Kai-shek Memorial Hall,"[{'height': 3024, 'html_attributions': ['<a href=""https://maps.google.com/maps/contrib/108993998564157521575"">A Google User</a>'], 'photo_reference': 'AUGGfZkB6rX_fI8AZLQT58fU4qYAcohr0sJB5XvgbtF8hf4LSFXrNA6rJ_E-ZrcQ_W-jjU-9Q7eKBQZFv8pY2yTsgnFCimd5IZXmBL5efrqRI14GGSCDxicfxG55iBHdqq7omFijDWtEedxi7ZRWtHiHSiGd_Rb0CpqgafwDpQyNljpCJxd3', 'width': 4032}]",ChIJTamiuZ2pQjQRsmnfkkID6UM,4.5,"['tourist_attraction', 'point_of_interest', 'establishment']",71355,25.035502,121.5201832,0,0,0,0,0
"605, Taiwan, Chiayi County, Alishan Township, 59號",Alishan National Forest Recreation Area,"[{'height': 3456, 'html_attributions': ['<a href=""https://maps.google.com/maps/contrib/103331819049703137340"">Bernie Chen</a>'], 'photo_reference': 'AUGGfZl02_LRSIOMO8Orqg8Fo0-UsK1NK9CaaEhgqBTAfLqtyww5Sl4Xq7v_ttzlSMdAeEfq4cyBiS3n7271X6Y85chUDVoGYPkuma1uRDoJqnAK2bGD9bD8_WvuL7ck7JHusGhQ_T_0CqP7kcbtcjimASpLkn1s-oOJNDICl92L69NWBBWq', 'width': 4608}]",ChIJOxUmrCDcbjQR1L87oFz49_8,4.6,"['park', 'point_of_interest', 'establishment']",38551,23.5109539,120.8034992,0,0,1,0,0
"No. 139, Beian Rd, Zhongshan District, Taipei City, Taiwan 10491",National Revolutionary Martyrs' Shrine,"[{'height': 2359, 'html_attributions': ['<a href=""https://maps.google.com/maps/contrib/102718609793525143678"">A Google User</a>'], 'photo_reference': 'AUGGfZkk13nsButtGZ4kqRiWZZ_u26fb-XqiSh5eHRBwEx0fQ4BwzQ561quughqMjDZpZ44ld2VfW4PjVmki0aLJ-3ooufXrJT78-xM90ONJ4dU3Cp1b_3ntnczqkeSteyOe4hVJygCzIMmQSWFD5TKoi1lm_IJbXN6Dd2qdvQpBn3PRei9F', 'width': 4192}]",ChIJb5w3o6uuQjQRlsXYoJ97zS4,4.4,"['tourist_attraction', 'point_of_interest', 'establishment']",4783,25.0794115,121.5329556,0,0,0,1,0
"Jishan St, Ruifang District, New Taipei City, Taiwan 224",Jiufen Old Street,"[{'height': 3024, 'html_attributions': ['<a href=""https://maps.google.com/maps/contrib/102981056380450305287"">陳麗美</a>'], 'photo_reference': 'AUGGfZlxfILG1yZUCdbG_mbpV-xRM4i_xuRvMhbAJsmQxEC7JegRVZ1METHbb-Vo7il2rssuSOFnZm9Si2eGRezFDNhNTNTH-72R1OZvXXnIXstr_IRfEBUmP4D9pLxY92n4bAAH22PwhEg7cyuxQHzL51as8eK7Gl7WtTqhG0ljameqWQyG', 'width': 4032}]",ChIJcZT7-hdFXTQR0qekplqCFV8,4.2,"['tourist_attraction', 'point_of_interest', 'establishment']",95225,25.1098695,121.8451827,0,0,0,0,0
"Jinshui Rd, Ruifang District, New Taipei City, Taiwan 224",Golden Waterfall,"[{'height': 4016, 'html_attributions': ['<a href=""https://maps.google.com/maps/contrib/110164073843221254416"">pesotech</a>'], 'photo_reference': 'AUGGfZkroUFRWaNfb9mzJpD_rJRlZNuECIvtXq4rVcGSeZYWdrDr76IGr5FJ8ZQ3T6fYprcWuYqWotE7RYN_Wk7LwSDhQb414E24uVpItTDfy0HHD7Vv39wseY1htxmZKnQu5KaLkQ_EowPWzBynExyWo8gq7HMnazXGApByUVtAiGmcQahO', 'width': 6016}]",ChIJV6Smh_xEXTQR8GdS0X6lqds,4.4,"['tourist_attraction', 'point_of_interest', 'establishment']",12075,25.1171278,121.8614895,0,0,0,0,0
"Bitou Rd, Ruifang District, New Taipei City, Taiwan 224",Bitoujiao Trail,"[{'height': 3670, 'html_attributions': ['<a href=""https://maps.google.com/maps/contrib/104556048420826021695"">William Wu</a>'], 'photo_reference': 'AUGGfZk0yG2BuUv1Lsnvt5FwTcDSHKkogaatt9WQ9uA2nQ5UOPnEaImunCBrkjw_SlUMTLG85yRvNxRzE5Z8OyXM5sFg-y_y7F_ALbZ9o2snj5CZ5goRO-1-sB21CbfJun-kdFDwoVtfVaEO3jkzZnenpS4gmspToRhL9JwdwlSfXksSaogT', 'width': 2752}]",ChIJa-bmgJBDXTQR7UOjGLWI5KI,4.6,"['tourist_attraction', 'park', 'point_of_interest', 'establishment']",5846,25.1250672,121.9214144,0,0,1,0,0
"No. 81號, Shifen St, Pingxi District, New Taipei City, Taiwan 226",Shifen Old Street,"[{'height': 3024, 'html_attributions': ['<a href=""https://maps.google.com/maps/contrib/110527189600758329952"">蔡豐陽</a>'], 'photo_reference': 'AUGGfZmxDX9hdok5n3NcbI-sQccG0Lo4gUSbP6R7q4ZrNuU9I2HIBT1eZw-iZiZSi8hyZ8O8zk0WvUgz8_40q7BiCZWCKxZyh5N8T5o_WWJViYPWIznURETPFgStSVep79H94uxfP1-u2sZhqy2HEPf5-40aoilFYcTQn8hVvFAUwtqcCk4', 'width': 4032}]",ChIJ_____y9RXTQRvnNyOkDE3vY,4.2,"['tourist_attraction', 'point_of_interest', 'establishment']",44146,25.0426687,121.7766757,0,0,0,0,0
"226, Taiwan, New Taipei City, Pingxi District, 乾坑10號",Shifen Waterfall,"[{'height': 3024, 'html_attributions': ['<a href=""https://maps.google.com/maps/contrib/100516349151207417331"">tszkin kwok</a>'], 'photo_reference': 'AUGGfZnTv9uge9-2mQ8QRyaHIJvBWGx0r8AJBHmUf-49IJ9axTesokfumFbUqdgkHnsIMZ8YaZv4tP4b-hYTfEe5zGXUBbRC7LgRkgighwXXmEtsC4WCWduUoCN6E2f2b9TJC8iGo0qxc38ZxP4C8lQ0kLczFqblgsdl8C0ijkvW1-_Q-d8', 'width': 4032}]",ChIJ8Z5my_JQXTQRSSmYoOP3EbA,4.4,"['tourist_attraction', 'point_of_interest', 'establishment']",23227,25.0489711,121.7874553,0,0,0,0,0
"224, Taiwan, New Taipei City, Ruifang District",Shen’ao Elephant Trunk Rock,"[{'height': 4480, 'html_attributions': ['<a href=""https://maps.google.com/maps/contrib/108521124819426567375"">王寶輝</a>'], 'photo_reference': 'AUGGfZkRvL__33WSWBzQSOIvlFsmWoeJoN1eKmjsO6PtfamPDRR0tYWaWJXcYUmzJgpMdO00YytM5urM-JM4Hq1Em5rqA7MOORpLU7yx95yQ-TsklEjnxGcAtkfJ4e3-n70XJ5yyVY8w8Gha1lKsBsrtcNovtKhoofQrxUEcwUCOAf1Ji4yS', 'width': 6720}]",ChIJR3oKC51FXTQRV7n_bJH8yjI,4.4,"['tourist_attraction', 'point_of_interest', 'establishment']",10987,25.1355953,121.8244308,0,0,0,0,0
"974, Taiwan, Hualien County, Shoufeng Township, 福德189號",Farglory Ocean Park,"[{'height': 9000, 'html_attributions': ['<a href=""https://maps.google.com/maps/contrib/113123627551966324940"">大哥</a>'], 'photo_reference': 'AUGGfZmphGhq-PiRMvipstXvHdZ6wMdcEU1QclGb1-xQQ28eIcYWa5aLS7EPBzDtD22z8tW6c8YPZceuNcGhAUeR14ZjPVwdkSXQRfP3cVms8hx8HDORZFdQzdToWVdCZCYEX3a0JZQikSScpkmq76hJ09CvKWJCrXzvQQHIROUg9SmmD3-e', 'width': 12000}]",ChIJ-Qdkbe2gaDQRCtLcEau0bi8,4.4,"['amusement_park', 'tourist_attraction', 'park', 'point_of_interest', 'establishment']",24002,23.9012596,121.6035363,0,0,1,0,0
"No. 100, Xiaquan Rd, Hengchun Township, Pingtung County, Taiwan 946",Maobitou Park,"[{'height': 3024, 'html_attributions': ['<a href=""https://maps.google.com/maps/contrib/116578652563460814155"">A Google User</a>'], 'photo_reference': 'AUGGfZn0XlAxBLHMhV_Fn_8Ak1MuI1-7iRbwGVakiiWGfQC7xynXPi8BXMWUdTFdIQDZAEd4OQxNm_4DMQSehxxAUZUBuxjFOrmPF7ARrRn8OlUFeVZoO17t9QgbkmwnJd6cAOV0gHHRSUzzpOnBpqLYTEaCO8zCiu6GQqjsFDe4PXb3gs96', 'width': 4032}]",ChIJJVE29t6vcTQRC_jrh2AFxCI,4.2,"['park', 'tourist_attraction', 'point_of_interest', 'establishment']",6127,21.9220656,120.7379635,0,0,1,0,0
"仁安里拱子溝 60 號, Guanxi Township, Hsinchu County, Taiwan 306",Leofoo Village Theme Park,"[{'height': 2783, 'html_attributions': ['<a href=""https://maps.google.com/maps/contrib/109309667051443875581"">朱進展</a>'], 'photo_reference': 'AUGGfZnJDUw_iM9VLXSR2ESVFsaAzFVYSFpwFD3u92oCFto_rOAb_MSOO7trf30Zo4ao2pwWMZL32DsEw40X5oNYREPdb2GNGTe5MW0rdmulvqu7ZRSD7LurycdpW_8R3Rafx8nn0JkpmIejPkLY_0s3k6KLF4fkf4gsxAzIMLl60a2FIGHv', 'width': 4175}]",ChIJV-Ai7AQ8aDQRU-Dpi0F7gUE,4.6,"['amusement_park', 'tourist_attraction', 'point_of_interest', 'establishment']",46252,24.8252617,121.1806044,0,0,1,0,0
"Jinsha Township, Kinmen County, 890",Mashan Observation Post,"[{'height': 3072, 'html_attributions': ['<a href=""https://maps.google.com/maps/contrib/112567722663522800172"">Rich Fang</a>'], 'photo_reference': 'AUGGfZlYRjY0rEb9EATKK6eB5iNey9yH1KFkH5YtqjRKPZfl0njmuqylNLVdFhw25kl1mimm5u_fTl_saECDK4yoBMJKlFkiAxcngb3Lc74Lb8gxtL0GQOXnO79aiWmtx-kFwXQWU5SeoGaTwcnlslenoOTFADxRfQTV-ghGtrP1o5sjGts4', 'width': 4080}]",ChIJwXSlI5q7FDQRQvx3GXW9Sck,4.5,"['tourist_attraction', 'museum', 'point_of_interest', 'establishment']",2508,24.5277161,118.4088789,1,0,0,0,0
"367, Taiwan, Miaoli County, Sanyi Township, 雙潭村雙連潭108號",Fodingshan Chaosheng Temple,"[{'height': 3000, 'html_attributions': ['<a href=""https://maps.google.com/maps/contrib/111784475759280624044"">Yu chunglung</a>'], 'photo_reference': 'AUGGfZlFpV1TZJfuvGLM8k4_jb-E9rd2zT73giTn6JzjtAqzQ6reUnTebAy6kwRhFquBlkI8npX0HJYOHbg3LlQMFpjmLZf4wbXbD59nHZMy4tiWJ2Ambv_VjbbKjileFAYbdFuYvHJuv3ygdv2Gq9pYsUuXoy6DfTjZ9hGcMszkVbamJxk', 'width': 3000}]",ChIJ5yv8Vb0GaTQRCDU71DMzMl4,4.5,"['tourist_attraction', 'place_of_worship', 'point_of_interest', 'establishment']",3011,24.4055984,120.778614,0,0,0,1,0
"No. 1號, Dayong Rd, Yancheng District, Kaohsiung City, Taiwan 803",The Pier2 Art Center,"[{'height': 3000, 'html_attributions': ['<a href=""https://maps.google.com/maps/contrib/100046813080940408142"">A.S. Chiu</a>'], 'photo_reference': 'AUGGfZmWbtSdwU0mfTRayOhYHrhOJWYoypoRVtIT899uhVYR5n2-8zOA_Cr99GXeIpZPoHiAF8q5nq-20ppA6k0AKXd2JJoN6nNeslYAVpR2LTH9lPNWTNEb8JYCBpPMVGv0qqT1WpLEQiUvXnglbNPaTwvw_eBAJ9jWOLJl1mSfvbIru_IW', 'width': 4000}]",ChIJW8ThIHYEbjQR8k12HL3R1uY,4.4,"['tourist_attraction', 'point_of_interest', 'store', 'establishment']",69483,22.6199803,120.2815287,0,0,0,0,0
"Kinmen County, Jinsha Township, 890",Shanhou Folk Culture Village,"[{'height': 3024, 'html_attributions': ['<a href=""https://maps.google.com/maps/contrib/112809539254439079458"">康之淺田</a>'], 'photo_reference': 'AUGGfZm4PnRj8J7buCJLjYjdeB0vHZwt2MPEN4FR7SV5NBMXPSI9XrtKJKFmgWiwbJDlMiqP9NIwUnACo0yM1cfX0XGy58wyljyJI4SSOt7JGwtXUJxFENQCfX2Y0_liNnSIiBVxepbO1JXGEJhYqptcbcNdUvT4qBmz2xNQjOpPRMPbIu_T', 'width': 4032}]",ChIJAQAAADC7FDQRSsMDz6QkKfE,4.4,"['tourist_attraction', 'museum', 'point_of_interest', 'establishment']",7049,24.5038116,118.4404129,1,0,0,0,0
"No. 21, Zhongshan S Rd, Zhongzheng District, Taipei City, Taiwan 100",Liberty Square Arch,"[{'height': 664, 'html_attributions': ['<a href=""https://maps.google.com/maps/contrib/105636189192463747084"">Marronesca Timida</a>'], 'photo_reference': 'AUGGfZnOMq18shOI749TARlEiakKScsmCDbEsCn_yXo_ipcH27hTlc9zf7u9CtAgp3M7jp-l5D8dLT9cTXhIiS7f-8HEQgqydIxnPwE5tY-Rk5WUtotu4hGSS2EH4Cva0ixRdrj4Dy-c-zqQ5kGa8j2KpyyfwXoHmi_lS7nUyDy2u_pr-9GG', 'width': 889}]",ChIJoXv-L56pQjQRJ0xYVbIxJrY,4.5,"['tourist_attraction', 'point_of_interest', 'establishment']",4545,25.0366259,121.5175666,0,0,0,0,0
"Dengta Rd, Hengchun Township, Pingtung County, Taiwan 946",Southernmost Point of Taiwan,"[{'height': 12000, 'html_attributions': ['<a href=""https://maps.google.com/maps/contrib/101401753606587347797"">hjoetw LIN</a>'], 'photo_reference': 'AUGGfZm60ifdg6p_1UxwNOJY-zdkTas-nrwwUipDANSps5o4xA1DBqZdWhb2Odx5lpaiiusmjLaWIPXcw1PEXqA0vfR-nn22J2EUfAFNnliKU0Kg599jNfRtG5Aa5UrzqR6vwKQearmYUgm1w-CFVeeGiDDCa4Q7uG9FzVYERIs66mgZljty', 'width': 9000}]",ChIJCSlHUHytcTQR51I5IHG3WrE,4.3,"['tourist_attraction', 'point_of_interest', 'establishment']",5517,21.8976373,120.8578766,0,0,0,0,0
894,Hujingtou Battle Museum,"[{'height': 3024, 'html_attributions': ['<a href=""https://maps.google.com/maps/contrib/114991104943080679192"">A Google User</a>'], 'photo_reference': 'AUGGfZmplgoCfwbNymEib8z5UVaRLBLCv3B4-kKa_8EC-otyJEW4IWZfPOwaX5-d-Hiag-bdl0UR6tPJx_S3E8bWbWYrHriOIpMVZUBvofeHCUv4sV50avYPrJFMAAb5rjP7BQr1mcPLIS2MKpGKjbQdgq2bR8rjjib5cYC9npnyMI1qYluf', 'width': 4032}]",ChIJt9tTxj-ZFDQRABIXGaQKLxk,4.3,"['tourist_attraction', 'museum', 'point_of_interest', 'establishment']",3308,24.4466177,118.2310556,1,0,0,0,0
"946, Taiwan, Pingtung County, Hengchun Township",船帆石小沙灘,"[{'height': 3000, 'html_attributions': ['<a href=""https://maps.google.com/maps/contrib/117042460526754208961"">Homchi Lin</a>'], 'photo_reference': 'AUGGfZmDjFGZ5zX2SLBze5EYLVk0ey7H5o0puw0ZXHDiYASW0QmE9LDGTD9HeLJIbzdL7Jcc5fWnEGEKKlD0Tpgw1mARWtERsJRcYkDHlqu-5y5CYK4K_UF_jFYiGfenpRQstuC0YBnQHyTGCVrXPaRFCaRvM-NUH36hSftpKHG2jQmsOJ-r', 'width': 3000}]",ChIJ64vjeLOzcTQRzTOqZSJ-ITU,4.3,"['tourist_attraction', 'park', 'point_of_interest', 'establishment']",2896,21.9352507,120.8217416,0,0,1,0,0
"No. 1-1號, Zhong'an Rd, Cianjhen District, Kaohsiung City, Taiwan 806",Suzuka Circuit Park,"[{'height': 2448, 'html_attributions': ['<a href=""https://maps.google.com/maps/contrib/100726169644033946822"">A Google User</a>'], 'photo_reference': 'AUGGfZlljyNbXpHz7wqnn0cTnPf7nGUbSGdS5X0z6y_Yj9DUkG5kXm0nwLTiO-g_fcvTAHFn8q1GFJREMiWruZznpUDV21sxxKGiKwHeawdm-UBTQrmqiGAJ8GUuUFU22XGqXU--bPXnDHrCuCoI4YYEU9-lWba8qMoAIe84imsOjSq9Y-tP', 'width': 3264}]",ChIJ1wrJezkDbjQRtULFwHw-q1s,4.3,"['amusement_park', 'tourist_attraction', 'health', 'point_of_interest', 'establishment']",8329,22.5834212,120.3286197,0,0,1,0,0
"893, Kinmen County, Jincheng Township, 賢城路1號",Juguang Tower,"[{'height': 9000, 'html_attributions': ['<a href=""https://maps.google.com/maps/contrib/109708708440668033359"">呂瑞昌</a>'], 'photo_reference': 'AUGGfZmX-qxtBFD37s_2RIKeNJab8CJEE3kTEPbQxy3w5Eu_vksEUMX6lTWCiy2qqobewBhhcaDqn6jIbO_6SHd4xXuvbjFxUN8k6QbM0j7CCXN5vNJCSxTOx9nsPaPZWAGf5hUCBOIm-FyIaTVXmabwhKcR1gtxP-Rj3M0t1KYDpHlV_QXz', 'width': 12000}]",ChIJ70TZ8BSiFDQRT8LTUZGitRU,4.4,"['tourist_attraction', 'point_of_interest', 'establishment']",9111,24.4249535,118.318941,0,0,0,0,0
"No. 42, Gongyuan Rd, Taoyuan District, Taoyuan City, Taiwan 330",Hutoushan Park,"[{'height': 3072, 'html_attributions': ['<a href=""https://maps.google.com/maps/contrib/108813130142511681737"">allenz jason</a>'], 'photo_reference': 'AUGGfZmiBp_KH1iSNFZ0EVF7yDWMbmZKaC-w76cidYWpabJKDfA2xS3IuwLWQkdTMGffyVQi5wsEpe92X44Ozy5AnnQPAO5QwcjKNTK5jQ0RjcZkolA3zebfc2dwHPrbJWDPHnMFr7t1GxcA4xchg1FQRkFMwrdx7iEiniChEi-7xc5lb6Z4', 'width': 4080}]",ChIJpWeyD14eaDQRfKFO3bEGa9k,4.4,"['park', 'tourist_attraction', 'point_of_interest', 'establishment']",16724,25.0017706,121.3309308,0,0,1,0,0
"No. 31, Alley 401, Lane 150, Section 5, Xinyi Rd, Xinyi District, Taipei City, Taiwan 110",Xiangshan,"[{'height': 2673, 'html_attributions': ['<a href=""https://maps.google.com/maps/contrib/107181191320069143764"">Lee</a>'], 'photo_reference': 'AUGGfZkWQytcdizMrvTDiLi5o1LHlA3puio3H9hyVc0O5SHy22V0KwztrIL-sND7kTaaEFO47kNrdWtBpvXygFbgWV5MaTdam8piYAav8EW0_4GnHAmR1piZ_noaAGAsPB7r97UAWuEMhPuNbLcgJfGBYWdKxSZAUrurLafuqDouDD3nMHz2', 'width': 4010}]",ChIJJa7chrKrQjQR2GI4GGWVdjg,4.7,"['tourist_attraction', 'park', 'point_of_interest', 'establishment']",4952,25.0271493,121.5731954,0,0,1,0,0
"No. 25, Xincun Rd, Chenggong Township, Taitung County, Taiwan 96144",East Coast National Scenic Area,"[{'height': 3120, 'html_attributions': ['<a href=""https://maps.google.com/maps/contrib/104342053323909805500"">之靜東巡</a>'], 'photo_reference': 'AUGGfZlT3J7cyE6pSBKJveVZ6KpD0RjG-VMnp_wGc44l-qVjtpfM06BFdcYXJrGE4_4IIj12yJX6PFdrOLXRCOISjVX9rvKPIxHJtlY0ahgo1tOKQ_sCt2nQfC5ny1nJGKeeJSL2eEYJmdLEug0Wdrgm2hbA_P0KcIIBTYurE7nOyM2EWUHu', 'width': 4160}]",ChIJ82el9vKgaDQRoDGNDCMauMY,4.5,"['tourist_attraction', 'point_of_interest', 'establishment']",14066,23.0201614,121.3245523,0,0,0,0,0
"314, Taiwan, Hsinchu County, Beipu Township, 隘子7鄰20號",Green World Ecological Farm,"[{'height': 1108, 'html_attributions': ['<a href=""https://maps.google.com/maps/contrib/111460849356231444595"">A Google User</a>'], 'photo_reference': 'AUGGfZlbtEy-vIy4Ha5HOfVaeLoJH7YP5W5VIpqUKS2PC482Uv-IsEahHN3c8HQtvIseP6Z_i8Sj_-iiNCHD9oNsVi4IzJ5_GeZlWRhEQ88yqytXVSzcG3Jd_WhQM_1chbwZTejn_mONZgzrEH7FQygOHvl7ue3vhKf8KBqjsSXV8Ug7k9C9', 'width': 1477}]",ChIJE4DOdplIaDQRONNfLcJwi9A,4.5,"['tourist_attraction', 'zoo', 'amusement_park', 'park', 'point_of_interest', 'establishment']",26999,24.6988096,121.071096,0,0,1,0,1
"Lane 150, Section 5, Xinyi Rd, Xinyi District, Taipei City, Taiwan 110",Xiangshan Park,"[{'height': 3024, 'html_attributions': ['<a href=""https://maps.google.com/maps/contrib/108152221722541196560"">zhenyi zhao</a>'], 'photo_reference': 'AUGGfZmB9mib031FtOHWeeQqz6hckN6OffssLLgdjPdOX5jPEw8YIQhB3XXFweZJ8TVKG28Kgg6Mf00lpjRFZ8_ru6vZpB92xGY-Sx9A3rFuROKdXFYt6aaYVkRjcFIyyMC77ka_oTlrGgfVri_Hl1Vi4zD0Yy8KCF-qQKOSLgyShEQRgTxo', 'width': 4032}]",ChIJuwDE9bGrQjQRY7eR6Ve0Kik,4.5,"['park', 'tourist_attraction', 'point_of_interest', 'establishment']",7014,25.0303924,121.5701294,0,0,1,0,0
"No. 290號, Longquan Rd, Beinan Township, Taitung County, Taiwan 954",Jhihben National Forest Recreation Area,"[{'height': 2448, 'html_attributions': ['<a href=""https://maps.google.com/maps/contrib/113418323096508252447"">劉玉霜</a>'], 'photo_reference': 'AUGGfZl05D1avEpPGHGQPvCNPUqgoThQYXs-d55Cn3bDvW522WFoKhlcNMSnUpEzPa-cZ6B08V6zUIHixKO28IuQXsVyU7Xed3T591QqkzOtm5mKnoMwqkvC84vTCLnkRW2nv3j55byVvkSYs-VcB2OBIDBcuVhF_iT5Ikm4VofEYBrCyfdE', 'width': 3264}]",ChIJz3XTnoHJbzQRPeHfWKc1twg,4.3,"['tourist_attraction', 'park', 'point_of_interest', 'establishment']",6574,22.6874498,120.9912777,0,0,1,0,0
