formatted_address,geometry,name,photos,place_id,rating,types,user_ratings_total
"8HJ3+XV4, Karang Anyar Pantai, Tarakan Barat, Tarakan City, North Kalimantan, Indonesia","{'location': {'lat': 3.3323961, 'lng': 117.5546899}, 'viewport': {'northeast': {'lat': 3.333878679892722, 'lng': 117.5560763298927}, 'southwest': {'lat': 3.331179020107277, 'lng': 117.5533766701073}}}",Baloy Mayo Adat Tidung Kalimantan,"[{'height': 2998, 'html_attributions': ['<a href=""https://maps.google.com/maps/contrib/108551404396431875534"">dwi hartanto</a>'], 'photo_reference': 'AUGGfZmTQjCEw4LiIfQmbWql-5jBpvr5npB7XANIHkqEky2iU3LA2ehQZl1ghUN20q7FocmlWsozhKLz7eshs-Vwxg5K-c-jJITdbk0qDapMBQBzPGGmxoG6rfySlOcCIr0B2WClzXdAVTw9AMDcHOHZWph2yq7EQwUj3wkv7oi09lZAnmC_', 'width': 3998}]",ChIJJUPMIkx1FDIRvrsabxmZwBU,4.4,"['tourist_attraction', 'point_of_interest', 'establishment']",420
"Karang Rejo, Tarakan Barat, Karang Rejo, Kec. Tarakan Bar., Kota Tarakan, Kalimantan Utara, Indonesia","{'location': {'lat': 3.305523, 'lng': 117.5771055}, 'viewport': {'northeast': {'lat': 3.306731329892723, 'lng': 117.5780562798927}, 'southwest': {'lat': 3.304031670107278, 'lng': 117.5753566201072}}}",Kawasan Konservasi Mangrove Dan Bekantan,"[{'height': 1081, 'html_attributions': ['<a href=""https://maps.google.com/maps/contrib/100466152699510448004"">Ntrie Martini</a>'], 'photo_reference': 'AUGGfZkyVhwp1EeGDcJRtcm490MVRenSrw3izImmLPui4ZlAIIBe1b3ba3rI0RTEy28v5GO18wb7I5wKNdFLDNu_JeaGpIinV15hg_y378I0dhi-M7CDuhU8CXdBWcoUfRnOXrjG7ioHcjIyYgCA0I98OpUa66cGtXQViQNPsKDob5nNDJ07', 'width': 1919}]",ChIJ7amgSJSKEzIR4Ls6XSYvrws,4.3,"['tourist_attraction', 'park', 'point_of_interest', 'establishment']",2520
"9H49+9PF, Juata Kerikil, Tarakan Utara, Tarakan City, North Kalimantan, Indonesia","{'location': {'lat': 3.3559286, 'lng': 117.5692895}, 'viewport': {'northeast': {'lat': 3.357264279892722, 'lng': 117.5706476798927}, 'southwest': {'lat': 3.354564620107278, 'lng': 117.5679480201073}}}",Wisata Persemaian,"[{'height': 3000, 'html_attributions': ['<a href=""https://maps.google.com/maps/contrib/105091872202979407280"">A Google User</a>'], 'photo_reference': 'AUGGfZl3dtvRBdhU0u2CI57cJpdaYrmcY5rDzn-5YGLciAr1jMDEEkZpurvt6iHJ3ZVKZWA6RxuWLPRpZVjHV_gOVDHDEmyK6gg8jPiPKvnGd2I2soOjdeIq8RPCIN81ZHacoSzcqAeo3HbpcGmE0HmVsqrx0ROCv8DAeQp4_Z_OAUdu70HR', 'width': 4000}]",ChIJn8BRiQ11FDIRezYnPVyaOk8,4.4,"['tourist_attraction', 'point_of_interest', 'establishment']",126
"jl. ringroad No.rt 17, Karang Anyar, Kec. Tarakan Bar., Kota Tarakan, Kalimantan Utara, Indonesia","{'location': {'lat': 3.3273637, 'lng': 117.5785098}, 'viewport': {'northeast': {'lat': 3.328443279892722, 'lng': 117.5799938298928}, 'southwest': {'lat': 3.325743620107277, 'lng': 117.5772941701073}}}",agus riyanto,,ChIJzTuwOgB1FDIR6s6tNmvHxvE,0.0,"['tourist_attraction', 'point_of_interest', 'establishment']",0
"8J56+HGW, Jalan Telaga Keramat, Kampung Enam, Tarakan Timur, Tarakan City, North Kalimantan, Indonesia","{'location': {'lat': 3.308989, 'lng': 117.6113218}, 'viewport': {'northeast': {'lat': 3.310163829892722, 'lng': 117.6125079798927}, 'southwest': {'lat': 3.307464170107278, 'lng': 117.6098083201072}}}",Balai Adat Tidung dan Budaya Kota Tarakan,"[{'height': 3120, 'html_attributions': ['<a href=""https://maps.google.com/maps/contrib/110439612850053801452"">A Google User</a>'], 'photo_reference': 'AUGGfZl2BoloS1QLCXx1wU3ByM_UTHCsrK0NSzeVOdtx4uHbClDZ3Vz6lnvXRNDnRqI5ZtDsJ4WTuJSt7BwXrBB5JvHVjzvnLfH9LHaihiQRVzSgJQ2N168py83zDau0s2lYP9XYJYAUxE3SGGZBqF00a2EZMkPGgBaAwpI46cwmFbJSYxzt', 'width': 4160}]",ChIJYzsUK26KEzIRqYuBIfNYcBo,4.5,"['tourist_attraction', 'museum', 'point_of_interest', 'establishment']",243
"7HPR+GRW, Karang Anyar, Tarakan Barat, Tarakan City, North Kalimantan, Indonesia","{'location': {'lat': 3.2863568, 'lng': 117.5920675}, 'viewport': {'northeast': {'lat': 3.288162379892722, 'lng': 117.5937523798927}, 'southwest': {'lat': 3.285462720107277, 'lng': 117.5910527201073}}}",Taman Berlabuh,"[{'height': 6000, 'html_attributions': ['<a href=""https://maps.google.com/maps/contrib/112290835121581114366"">rhadick my</a>'], 'photo_reference': 'AUGGfZkjqmEThNgXU-R57lnSJmeKgH_1vnwoE_S47EQ4WIfW7VKZHJcm7BV2soW9Sbm8hTiS8K_AHJFsI3ftoXhI-WrTdpdIpvxg_oxkEww80WAzKl3OrGE4dyGMavqAs1-EKZgNotyFhO0qT28isYSIQgl2VhumNNymt08AZKCPqKaZpqC2', 'width': 4000}]",ChIJqT8iv_6KEzIRE5ThQG9_-4c,4.3,"['park', 'tourist_attraction', 'point_of_interest', 'establishment']",2037
"8HGH+WCR, Karang Anyar, Tarakan Barat, Tarakan City, North Kalimantan, Indonesia","{'location': {'lat': 3.3273637, 'lng': 117.5785098}, 'viewport': {'northeast': {'lat': 3.328443279892722, 'lng': 117.5799938298928}, 'southwest': {'lat': 3.325743620107277, 'lng': 117.5772941701073}}}",Pondok Baco,,ChIJA12hy9J1FDIRO2_ujPJZo_M,0.0,"['tourist_attraction', 'point_of_interest', 'establishment']",0
"9G3X+GH, Karang Harapan, Tarakan Barat, Tarakan City, North Kalimantan, Indonesia","{'location': {'lat': 3.353764, 'lng': 117.548897}, 'viewport': {'northeast': {'lat': 3.355181629892722, 'lng': 117.5501100798927}, 'southwest': {'lat': 3.352481970107278, 'lng': 117.5474104201073}}}",Cokro,,ChIJlwQWHgALFDIR0s-IYvZGJ5A,0.0,"['tourist_attraction', 'point_of_interest', 'establishment']",0
"8GJW+H7, Karang Harapan, Tarakan Barat, Tarakan City, North Kalimantan, Indonesia","{'location': {'lat': 3.331482, 'lng': 117.545744}, 'viewport': {'northeast': {'lat': 3.332831729892722, 'lng': 117.5471142798927}, 'southwest': {'lat': 3.330132070107278, 'lng': 117.5444146201073}}}",Tambak Penelitian UBT,"[{'height': 1080, 'html_attributions': ['<a href=""https://maps.google.com/maps/contrib/116243064054826642344"">Muh Amien</a>'], 'photo_reference': 'AUGGfZld8uNLVAvcec-8vJvgwHeQQFcuMftGlVsVGEz1mTFs988toUQIk-T0TSa1U1hF4ZMd6MGxM3UeoAE0ti3o7cmZ6x-tyKz39x_1oiaKWkgZbwHMJBrP6kokriOYQJUtU0C25FahugMVCWy-vBsNESVbj4LdZz_E5OM4eTAnIElDrE7u', 'width': 1920}]",ChIJDc8NZEULFDIRqLKHBhFK1aE,2.0,"['tourist_attraction', 'point_of_interest', 'establishment']",3
"9G2P+HCC, Karang Harapan, Tarakan Barat, Tarakan City, North Kalimantan, Indonesia","{'location': {'lat': 3.3514392, 'lng': 117.5360312}, 'viewport': {'northeast': {'lat': 3.352803329892723, 'lng': 117.5373576798927}, 'southwest': {'lat': 3.350103670107278, 'lng': 117.5346580201072}}}",Ridwan Noor lands,,ChIJcaRRZQALFDIRq8JV8deOAoQ,5.0,"['tourist_attraction', 'point_of_interest', 'establishment']",1
"Jl. Damai Bakti No.RT. 16, Karang Harapan, Kec. Tarakan Bar., Kota Tarakan, Kalimantan Utara 77122, Indonesia","{'location': {'lat': 3.3543468, 'lng': 117.558962}, 'viewport': {'northeast': {'lat': 3.355649679892722, 'lng': 117.5601112798928}, 'southwest': {'lat': 3.352950020107277, 'lng': 117.5574116201073}}}",RIZKY AGRO CLARIAS,"[{'height': 1080, 'html_attributions': ['<a href=""https://maps.google.com/maps/contrib/100625844006094681358"">fendi asrian</a>'], 'photo_reference': 'AUGGfZnLTnx3pcR0JF_M7OB55pWgtn2g--KdeVU5do7SEjHhxzA9_cKWq2P0GfzsujHz9cietNiq2wNZaQHmC0SgMDKga3sWq-f1sp8yxtvpdibMBGGX8RcEN7WwLVW9UA9I0UMpnaDVfZlK5gxSCbIPerFjhHtySXMx9JD6irP4vR2lNRcu', 'width': 1920}]",ChIJdUtoqnV1FDIRlr0IPDN8bbc,5.0,"['tourist_attraction', 'point_of_interest', 'establishment']",1
"7JX2+Q75, Jl. Kusuma Bangsa, RT.09/RW.No. 49, Gn. Lingkas, Kec. Tarakan Tim., Kota Tarakan, Kalimantan Utara, Indonesia","{'location': {'lat': 3.2993848, 'lng': 117.6007448}, 'viewport': {'northeast': {'lat': 3.300670529892722, 'lng': 117.6020901798927}, 'southwest': {'lat': 3.297970870107278, 'lng': 117.5993905201073}}}",Khentank,,ChIJC5G0MwCLEzIRiR9W5pU3fE8,0.0,"['tourist_attraction', 'point_of_interest', 'establishment']",0
"Pamusian, Tarakan Tengah, Tarakan City, North Kalimantan, Indonesia","{'location': {'lat': 3.3113883, 'lng': 117.5947061}, 'viewport': {'northeast': {'lat': 3.312735179892722, 'lng': 117.5960292798927}, 'southwest': {'lat': 3.310035520107277, 'lng': 117.5933296201072}}}",Museum Rumah Bundar Tarakan,"[{'height': 3000, 'html_attributions': ['<a href=""https://maps.google.com/maps/contrib/110479389145614650488"">A Google User</a>'], 'photo_reference': 'AUGGfZkOgDUWlSqWupSf_1Tt4OKvPZnuwP3kRoq1nvk73HI-Uu5Kk51Ab4xkpdoWdYasl1h3huoFwPL_A64_vU6b3jwEiF6uLX6KwaXL9Ji46u31rKAf6C_dJSKcUGeMuKIwP3aIQdHnUR1P-R5y9vQr_O88aaJlcA86gVmsDZGvkMCx9SpA', 'width': 4000}]",ChIJnQRRo4eKEzIRcrpEB-pF0HQ,4.3,"['museum', 'tourist_attraction', 'point_of_interest', 'establishment']",163
"8HJC+92R Maf, Karang Anyar Pantai, Kec. Tarakan Bar., Kota Tarakan, Kalimantan Utara, Indonesia","{'location': {'lat': 3.3313063, 'lng': 117.5705612}, 'viewport': {'northeast': {'lat': 3.332629279892722, 'lng': 117.5718460798928}, 'southwest': {'lat': 3.329929620107277, 'lng': 117.5691464201073}}}",TRK Spotters,"[{'height': 1080, 'html_attributions': ['<a href=""https://maps.google.com/maps/contrib/110812687510756575585"">A Google User</a>'], 'photo_reference': 'AUGGfZlWz939tr-bVDDaiNVwkmle-VlWzydodF6NKqHGBp66MLFcaEV4tIHdB_1vfEdXNekuHXawf6OxugFm-E20TYk4X3kVBEDxZtKe5mtBesNO_MHZ4FWfM-e_mM1c5LyJDrtnUvY2YSTBLWnt9QLbr1mG7CpiJ9Gs6zBiEN2HM8ek2Tq3', 'width': 1080}]",ChIJrzwbUrp1FDIRIXoWO_5hhk4,5.0,"['tourist_attraction', 'point_of_interest', 'establishment']",2
"Taman Oval Ladang, Pamusian,, Pamusian, Kec. Tarakan Tengah, Kota Tarakan, Kalimantan Utara, Indonesia","{'location': {'lat': 3.3124837, 'lng': 117.6016142}, 'viewport': {'northeast': {'lat': 3.313829629892722, 'lng': 117.6030447798927}, 'southwest': {'lat': 3.311129970107277, 'lng': 117.6003451201073}}}",Oval Park Ladang,"[{'height': 3000, 'html_attributions': ['<a href=""https://maps.google.com/maps/contrib/102927879436043183678"">Sam Aprilino</a>'], 'photo_reference': 'AUGGfZnL7ma1YENTvb3VSNjmomiCP-UtoSym9p8e8V_cxhfRiKcTSn7x9Gr1o6iswXV5ZQlsu2CIF5gpxCksh0pLv-Cu36DZR5suyVxzOk7oaBcdVrbRxz49JprSEftFyyEUkn5rf8z7VCZ3IyOSKL7jhw49LhyySRMI5DwX1I-rsOyXs-Ao', 'width': 4000}]",ChIJT8dtZXyKEzIRIbq5NyrNQKM,4.2,"['park', 'tourist_attraction', 'point_of_interest', 'establishment']",1005
"8HHQ+8CW, Karang Anyar, Tarakan Barat, Tarakan City, North Kalimantan, Indonesia","{'location': {'lat': 3.3283548, 'lng': 117.588589}, 'viewport': {'northeast': {'lat': 3.329196079892722, 'lng': 117.5899412298927}, 'southwest': {'lat': 3.326496420107278, 'lng': 117.5872415701073}}}",Mata air RBM,,ChIJsT3ko3t1FDIRQvL7mfmkAcw,4.7,"['tourist_attraction', 'point_of_interest', 'establishment']",3
"7JR2+J7H, Jl. Malundung, Gn. Lingkas, Kec. Tarakan Tim., Kota Tarakan, Kalimantan Utara, Indonesia","{'location': {'lat': 3.291571, 'lng': 117.6007487}, 'viewport': {'northeast': {'lat': 3.292949129892722, 'lng': 117.6021119798927}, 'southwest': {'lat': 3.290249470107278, 'lng': 117.5994123201073}}}",Area Pertambakan G. Lingkas,,ChIJ9xMn75-LEzIR9tzI-MK0qIg,5.0,"['tourist_attraction', 'point_of_interest', 'establishment']",2
"8HCH+XFV, Karang Anyar, Tarakan Barat, Tarakan City, North Kalimantan, Indonesia","{'location': {'lat': 3.3225099, 'lng': 117.5786645}, 'viewport': {'northeast': {'lat': 3.323858029892722, 'lng': 117.5800139798927}, 'southwest': {'lat': 3.321158370107278, 'lng': 117.5773143201073}}}",Pemancingan sintaq mujang,,ChIJ4VXMA3d1FDIRVtq1kN9KkA4,0.0,"['tourist_attraction', 'point_of_interest', 'establishment']",0
"Jl. Mulawarman No.RT 044, Karanganyar, Gunung Peningki, Kota Tarakan, Kalimantan Utara 77111, Indonesia","{'location': {'lat': 3.3196537, 'lng': 117.5829329}, 'viewport': {'northeast': {'lat': 3.320923379892722, 'lng': 117.5842996798927}, 'southwest': {'lat': 3.318223720107278, 'lng': 117.5816000201073}}}",Taman langit tarakan,"[{'height': 3264, 'html_attributions': ['<a href=""https://maps.google.com/maps/contrib/105791368799302501272"">A Google User</a>'], 'photo_reference': 'AUGGfZm0lbbd4tJgVro0vq7PMVntPNfiYlXFrsvBF6uxpdmsrEPmRorylfNnx5l0s3Hkzk7kXZsZROanLBrLMd6Lng3jTxolHRJqEaWhbjYvTQDCD6KMHrvVGCIOC35W00Io7g9FmvboX1H94DbenehaDENOK3dTpZCRNlNxShA3zlH9Lxot', 'width': 2448}]",ChIJuQG6fK51FDIR0GgwChBcoOM,4.0,"['tourist_attraction', 'point_of_interest', 'establishment']",54
"8HMX+R3, Kampung Satu Skip, Tarakan Tengah, Tarakan City, North Kalimantan, Indonesia","{'location': {'lat': 3.3346129, 'lng': 117.5976824}, 'viewport': {'northeast': {'lat': 3.335912979892722, 'lng': 117.5990220298927}, 'southwest': {'lat': 3.333213320107277, 'lng': 117.5963223701073}}}",Wisata Alam GUNUNG SELATAN,,ChIJNeQxXQB1FDIRY52ofajnQcY,0.0,"['tourist_attraction', 'point_of_interest', 'establishment']",0
"7JX4+X6V, Pamusian, Tarakan Tengah, Tarakan City, North Kalimantan, Indonesia","{'location': {'lat': 3.2998327, 'lng': 117.6054189}, 'viewport': {'northeast': {'lat': 3.301255929892722, 'lng': 117.6068477798927}, 'southwest': {'lat': 3.298556270107277, 'lng': 117.6041481201073}}}",SpotKerapu,,ChIJnQASWQCLEzIRRcEn-M4yiYY,0.0,"['tourist_attraction', 'point_of_interest', 'establishment']",0
"9HF6+MV, Juata Kerikil, Tarakan Utara, Tarakan City, North Kalimantan, Indonesia","{'location': {'lat': 3.3742409, 'lng': 117.5621934}, 'viewport': {'northeast': {'lat': 3.375590729892722, 'lng': 117.5635432298927}, 'southwest': {'lat': 3.372891070107277, 'lng': 117.5608435701073}}}",RJ Farm,"[{'height': 6000, 'html_attributions': ['<a href=""https://maps.google.com/maps/contrib/101452743507831695111"">Betha Oct</a>'], 'photo_reference': 'AUGGfZnp5j1XuKp2aDFT3WtKfm84x71Z9TAMNDKAkYA_baaW3NZPaXNZxg5Q7oTLB7ZiIEEuqSM6o-ysLJAdJSY2SyKa7ZsRrHF-xQHW0Imt14lO5aIftxlmWZa14kbX6a0AWEd4a-OrvIoasiQLyCuRvUVLkP17nJdwyZJLVMyf1lp42JVf', 'width': 8000}]",ChIJtbc7vu91FDIRgg1NaJkXXeY,0.0,"['tourist_attraction', 'point_of_interest', 'establishment']",0
"Jl. Bhayangkara, Juata Permai, Kec. Tarakan Utara, Kota Tarakan, Kalimantan Utara 77212, Indonesia","{'location': {'lat': 3.3758674, 'lng': 117.5410066}, 'viewport': {'northeast': {'lat': 3.376987879892722, 'lng': 117.5423204298927}, 'southwest': {'lat': 3.374288220107277, 'lng': 117.5396207701073}}}",KEBUN PAK TRIS TARAKAN,"[{'height': 4080, 'html_attributions': ['<a href=""https://maps.google.com/maps/contrib/109373526988998573423"">A Google User</a>'], 'photo_reference': 'AUGGfZktUE6AgWrXNhxBWXk_HgvqVPd7uME5iIfwOdgZwzGeFuStadIe_Cp0sUusQbIexHahbdy6kiTNIk3RNoIwAn3iHVlEmKZtiIMxCEwDtFMIbiOQOUU3IsXBj_akCplyazQudcRIdbdgxs4f3WKMZxJMjGlYOcQtjF9_Oew6kOjZwQb5', 'width': 3072}]",ChIJm8wlEY4LFDIRQIEuZErSE0E,0.0,"['tourist_attraction', 'point_of_interest', 'establishment']",0
"9HGH+759, Juata Kerikil, Tarakan Utara, Tarakan City, North Kalimantan, Indonesia","{'location': {'lat': 3.3756604, 'lng': 117.5779859}, 'viewport': {'northeast': {'lat': 3.377137029892722, 'lng': 117.5791399798927}, 'southwest': {'lat': 3.374437370107277, 'lng': 117.5764403201073}}}",Sungai Bidadari Juata Kerikil,"[{'height': 4160, 'html_attributions': ['<a href=""https://maps.google.com/maps/contrib/101758354879588752882"">Diani Suhartatik</a>'], 'photo_reference': 'AUGGfZnAVSasgGXmU_S19vLUURXgX1_qaTUwgbw5XQtRurpD5SwpM8JzGvJ1BYcDjSxsI1HtzYO2gubEPvvAd_hAtaCYAnNmZh_YU5eLUjFFmVlWqrhcJiZ7nJnoKtAJc8m597jMUl5MnVSPHLPweb1nk-EkyZkl3vCjVh2w2UdoHFxuaExV', 'width': 3120}]",ChIJpfu0A8J1FDIRqNKmbhfzBvk,4.8,"['tourist_attraction', 'point_of_interest', 'establishment']",20
"9HH4+PC, Juata Kerikil, Tarakan Utara, Tarakan City, North Kalimantan, Indonesia","{'location': {'lat': 3.3793688, 'lng': 117.5560378}, 'viewport': {'northeast': {'lat': 3.380816879892723, 'lng': 117.5571684798928}, 'southwest': {'lat': 3.378117220107278, 'lng': 117.5544688201073}}}",Bukit Pasir,"[{'height': 4000, 'html_attributions': ['<a href=""https://maps.google.com/maps/contrib/105057770550687767261"">A Google User</a>'], 'photo_reference': 'AUGGfZmZrrOvIbFvw8vjJg7Jam9dSAJCuOxHf29W4t7qoKx2AAM-R9Z1sK1C91bzvNUr5nL9yUYmzTGSUV_79SGtTLQ5TQdcbWv43cUjUuoGoPDQeFxCoKwZy13EzfPT0P23UJSuMSntGiz_-h864ZvyeulAknJCgdmNtQQ8xe1AAButt4xW', 'width': 3000}]",ChIJx5QtPDF1FDIRPEWU4iZpKQ8,5.0,"['tourist_attraction', 'point_of_interest', 'establishment']",3
"9HF5+MQ4, Pamusian, Tarakan Tengah, Tarakan City, North Kalimantan, Indonesia","{'location': {'lat': 3.3741258, 'lng': 117.5594666}, 'viewport': {'northeast': {'lat': 3.375231379892722, 'lng': 117.5607362298927}, 'southwest': {'lat': 3.372531720107278, 'lng': 117.5580365701073}}}",Embung Bengawan,"[{'height': 2448, 'html_attributions': ['<a href=""https://maps.google.com/maps/contrib/105006511877763856579"">sahbudiman mbojo</a>'], 'photo_reference': 'AUGGfZl63Tz6hEdSfLni1eBgBSWdQ8znhn9eujCeWkLVaxYdB6Wo3qtHQ9weLw2mlE2IaaaVEEf_kJ7907YspKKAwmEeOOOeNOrUT91FhPUaUBXkfMt5v9gsIRy5Tbz8t1aTihJbun-DoykbEYQytWTK30G87OIOiEr68E6UgQwx_0K9VSjB', 'width': 3264}]",ChIJVeC97ZCLEzIR9qrDS3syrCs,4.1,"['tourist_attraction', 'point_of_interest', 'establishment']",24
"9GGQ+QR, Juata Permai, Tarakan Utara, Tarakan City, North Kalimantan, Indonesia","{'location': {'lat': 3.3769004, 'lng': 117.5396236}, 'viewport': {'northeast': {'lat': 3.377908129892722, 'lng': 117.5407690298927}, 'southwest': {'lat': 3.375208470107278, 'lng': 117.5380693701073}}}",Wisata Petik Melon,,ChIJPwZ6V4wLFDIRaU_hzYpveSU,4.3,"['tourist_attraction', 'point_of_interest', 'establishment']",6
"9HQ2+2RX, Juata Laut, Tarakan Utara, Tarakan City, North Kalimantan, Indonesia","{'location': {'lat': 3.3876237, 'lng': 117.5521066}, 'viewport': {'northeast': {'lat': 3.389006679892722, 'lng': 117.5534965798927}, 'southwest': {'lat': 3.386307020107278, 'lng': 117.5507969201072}}}",Rain Forest Kingdom Farm,"[{'height': 1980, 'html_attributions': ['<a href=""https://maps.google.com/maps/contrib/111196517937069575195"">Yudanto Rahmad</a>'], 'photo_reference': 'AUGGfZlZR7G5ZSd6Vn4rd-645DMkHC0l8ELR98e2s6ME7eyYJPCWe0OQW9BE3JEuBAi9F2JGbPfdGXhwRi-INne4mki15Nt6KBFt5bvlnsy_VJwsgkZIklkH0m8LAIubgilPMx3xA8AJv6X_yAQnncVMGAd7yzflD0sP3MCKCpwWOD1rVmp7', 'width': 3520}]",ChIJqbvn3G1zFDIR-3tMCfQPZEE,4.5,"['tourist_attraction', 'point_of_interest', 'establishment']",15
"9HG3+P3V, Juata Kerikil, Tarakan Utara, Tarakan City, North Kalimantan, Indonesia","{'location': {'lat': 3.3830464, 'lng': 117.552522}, 'viewport': {'northeast': {'lat': 3.384396579892722, 'lng': 117.5538739798927}, 'southwest': {'lat': 3.381696920107277, 'lng': 117.5511743201073}}}",bukit sunset,"[{'height': 4160, 'html_attributions': ['<a href=""https://maps.google.com/maps/contrib/118269219295655271293"">A Google User</a>'], 'photo_reference': 'AUGGfZnFKObV0e9JunqRyp6KKija2bWug8gGkc_oNTVHevinFOdbwqLQbm4FcWMPi6Ni_jYqm_uSJMcqGe-KlIc6tt_AjIA6tOAtvEbZByWMt8R3G5uuwi0c-vz3YzSjXssOekplLUn8vRtcmvfj-QI-nzjLGJUDbpqrJN5xJ8EbrlkdSHSU', 'width': 1920}]",ChIJg2eM-jd1FDIRNwqJyP1xBsg,0.0,"['tourist_attraction', 'point_of_interest', 'establishment']",0
"9G5X+H5Q, Jl. Damai Bakti, Karang Harapan, Kec. Tarakan Utara, Kota Tarakan, Kalimantan Utara, Indonesia","{'location': {'lat': 3.358959, 'lng': 117.5479717}, 'viewport': {'northeast': {'lat': 3.360312679892723, 'lng': 117.5493171798927}, 'southwest': {'lat': 3.357613020107278, 'lng': 117.5466175201073}}}",Tembusan Belakang Kandang Buaya (Persemaian) dan Intraca,,ChIJP7fxdwALFDIR7Z9YxaUCgVU,5.0,"['park', 'point_of_interest', 'establishment']",2
"7MQ3+CWW, Pantai Amal, Tarakan Timur, Tarakan City, North Kalimantan, Indonesia","{'location': {'lat': 3.2886158, 'lng': 117.6548314}, 'viewport': {'northeast': {'lat': 3.289963329892722, 'lng': 117.6560520298927}, 'southwest': {'lat': 3.287263670107277, 'lng': 117.6533523701073}}}",Pantai Amal Lama,"[{'height': 1856, 'html_attributions': ['<a href=""https://maps.google.com/maps/contrib/106804621174147818974"">Jundan Arif</a>'], 'photo_reference': 'AUGGfZn-nAxHoZ_IB2f28yWpFI2THK4KquiqL-0l_4AVqOj7GMU9WDOxNylAGbb4nqp5-1KVRKp3pOJZCsZHgwQqbRGIfWeAOjX2iArN1pqePdGPKrtHauAZpxEdG5AAj_25o94OCp7zs-wDNql8nW8fzyEfnmnx1rxDt_Q3chRweNxOcCfa', 'width': 2688}]",ChIJhSMN5SGJEzIR5TPF2aLtC6s,4.5,"['tourist_attraction', 'point_of_interest', 'establishment']",149
"9GQW+M8H, Jl. Pangeran Aji Iskandar, Juata Laut, Kec. Tarakan Utara, Kota Tarakan, Kalimantan Utara, Indonesia","{'location': {'lat': 3.3891999, 'lng': 117.5458531}, 'viewport': {'northeast': {'lat': 3.390641879892722, 'lng': 117.5472088798927}, 'southwest': {'lat': 3.387942220107278, 'lng': 117.5445092201072}}}",MERSILO,"[{'height': 3120, 'html_attributions': ['<a href=""https://maps.google.com/maps/contrib/114192361634643672658"">A Google User</a>'], 'photo_reference': 'AUGGfZmL0C5oBmRL5K_difDpqQNEdGv1qOwlx5FH60dnKp3vo_QuJkPKFhTA2tRCJx3eYpgS5qzwDBFHCgJCDJNlYvn6iwlXmPed9U4B_Nfd8ugMXHcZlrI2bW8dTZT19xDXJYXDv_0z2Nze5GToIfdKEZq9JbH3P9lRYKgmzDi7XvDDbLrw', 'width': 4160}]",ChIJl2-A-7oLFDIROsKS8q5HZmY,5.0,"['tourist_attraction', 'point_of_interest', 'establishment']",2
"8JCH+WW, Kampung Enam, Tarakan Timur, Tarakan City, North Kalimantan, Indonesia","{'location': {'lat': 3.3222872, 'lng': 117.6297546}, 'viewport': {'northeast': {'lat': 3.323558379892722, 'lng': 117.6311665798927}, 'southwest': {'lat': 3.320858720107277, 'lng': 117.6284669201073}}}",ulat cacing,"[{'height': 899, 'html_attributions': ['<a href=""https://maps.google.com/maps/contrib/112726971519952267512"">A Google User</a>'], 'photo_reference': 'AUGGfZkU1ZQVNj1HIwZDrV6j50xnsI76fGgN9IHtB0D6C_nEZ6tKUDopG_XmA98vqgkwCZdHp4u9z-BUEqvy1vX8kWD1bhNdM1CYjBU6_k144eErgU27aZeH2KIhUsBbSl6YvFphljEE8N8OFbdaguL5mV9SU70XgqXJoIkdTvezIdLxkII5', 'width': 1599}]",ChIJubqMQQB1FDIRfNGexj8dZVc,5.0,"['tourist_attraction', 'point_of_interest', 'establishment']",2
"Jl. Pangeran Aji Iskandar No.RT 14, JEMBATAN KUNING, Kec. Tarakan Utara, Kota Tarakan, Kalimantan Utara, Indonesia","{'location': {'lat': 3.3896444, 'lng': 117.5556589}, 'viewport': {'northeast': {'lat': 3.3917186, 'lng': 117.5567710500001}, 'southwest': {'lat': 3.388952999999999, 'lng': 117.55232245}}}",BUKIT SUNSET JK,"[{'height': 1280, 'html_attributions': ['<a href=""https://maps.google.com/maps/contrib/101728252565864363242"">A Google User</a>'], 'photo_reference': 'AUGGfZkkDyvu0-Boe0mdV726cuPAxiPInV7XK0B6x_pg4eEj6NgJnQP914voWDRO5b2C1hFnvi-Pa32l3-U6XBs3Swqrr4iV9trnIpSIAs8osHlhdoHjiKylU8aQ9w5q5EvYNW4R6Hgh7fiyO01GXiMTHg-4OuttkD78kaz5zu8aEi9olPP3', 'width': 720}]",ChIJffQHkO11FDIRe1Zwc_DSCag,3.7,"['tourist_attraction', 'point_of_interest', 'establishment']",3
"8M34+JRC, Pantai Amal, Tarakan Timur, Tarakan City, North Kalimantan, Indonesia","{'location': {'lat': 3.3040713, 'lng': 117.6570085}, 'viewport': {'northeast': {'lat': 3.305433879892723, 'lng': 117.6582627798928}, 'southwest': {'lat': 3.302734220107278, 'lng': 117.6555631201073}}}",Kawasan Wisata Ratu Intan Pantai Amal,"[{'height': 3024, 'html_attributions': ['<a href=""https://maps.google.com/maps/contrib/106330023463763336960"">A Google User</a>'], 'photo_reference': 'AUGGfZmBAlRBIHd3i703QXdsCPmXn2td-YOuGh4UEvMnl4UwBhSoxBehQ_ZeYfitlrO5ph6p-L-6lTbgc3wk9edO58WLxFWzwAXjl-gIa2PUlP6QGMdsRq2-u02zdobMPg6T-PgfnGEepqiFp8ANrHaR5rCLCiPvbxV3DLIg4_YanJbPk0nK', 'width': 4032}]",ChIJKzQZELeJEzIRIScVSh13ucM,4.8,"['tourist_attraction', 'point_of_interest', 'establishment']",6
"7HHW+8F, Mamburungan, Tarakan City, North Kalimantan, Indonesia","{'location': {'lat': 3.2783515, 'lng': 117.5961914}, 'viewport': {'northeast': {'lat': 3.279701329892722, 'lng': 117.5975412298927}, 'southwest': {'lat': 3.277001670107277, 'lng': 117.5948415701073}}}",Rumpon ubur-ubur,,ChIJBwyNdwCLEzIRZcQzNY0d7L0,0.0,"['tourist_attraction', 'point_of_interest', 'establishment']",0
"CH33+RW, Juata Laut, Tarakan Utara, Tarakan City, North Kalimantan, Indonesia","{'location': {'lat': 3.404603, 'lng': 117.55482}, 'viewport': {'northeast': {'lat': 3.4059936, 'lng': 117.5556536298927}, 'southwest': {'lat': 3.4004312, 'lng': 117.5529539701073}}}",Pondok kebun Hilda S.T,,ChIJNzf5GQBzFDIRaAVVd8Nh1Jk,0.0,"['tourist_attraction', 'point_of_interest', 'establishment']",0
"7JC8+HV9, Jl. Sei Ngingitan, Mamburungan Tim., Kec. Tarakan Tim., Kota Tarakan, Kalimantan Utara, Indonesia","{'location': {'lat': 3.2717681, 'lng': 117.6179817}, 'viewport': {'northeast': {'lat': 3.272846329892723, 'lng': 117.6191809298927}, 'southwest': {'lat': 3.270146670107278, 'lng': 117.6164812701072}}}",Ruang Terbuka Hijau,,ChIJSRZEHwCLEzIRIzgnI51yZZY,0.0,"['tourist_attraction', 'point_of_interest', 'establishment']",0
"7J9G+WGR, East Mamburungan, Tarakan Timur, Tarakan City, North Kalimantan, Indonesia","{'location': {'lat': 3.2698611, 'lng': 117.626267}, 'viewport': {'northeast': {'lat': 3.271217929892722, 'lng': 117.6276195298927}, 'southwest': {'lat': 3.268518270107277, 'lng': 117.6249198701073}}}",Kampung Salak matarin,"[{'height': 3264, 'html_attributions': ['<a href=""https://maps.google.com/maps/contrib/100742869268602312951"">Kuli Tube</a>'], 'photo_reference': 'AUGGfZmyQE7cIGJ2IUkGH1mN7_F-jW1AsUYmVrQ87Yaya441c0V-y3ZbPY-ObVwLEMHtJxJId8WcKCVCtSFWMj4DhNix0v4BQtCJa6t82_R4PoThEL6dF-AKhAz8nRjesHwWJnHAlS1847DG9Bb_s-YrvCb1aGtn3b8xZTxGYAidchKcXfGt', 'width': 2448}]",ChIJv7g_sGeLEzIRzqIljryno88,4.8,"['tourist_attraction', 'point_of_interest', 'establishment']",4
"7JHM+R37, East Mamburungan, Tarakan Timur, Tarakan City, North Kalimantan, Indonesia","{'location': {'lat': 3.2795291, 'lng': 117.6326768}, 'viewport': {'northeast': {'lat': 3.280842229892722, 'lng': 117.6340852298927}, 'southwest': {'lat': 3.278142570107278, 'lng': 117.6313855701072}}}",Agrowisata Karungan,"[{'height': 4160, 'html_attributions': ['<a href=""https://maps.google.com/maps/contrib/105147064358719238388"">andri gandhi</a>'], 'photo_reference': 'AUGGfZm6b89Xxwk-MfeIvtFvI9InH9VL-HsHKS12ZBWpcr2U7wixsqZ3F_K5ZICRo4LrAZf94hZZsuUhqTBpk-Y3lv25yLpAeoxFyx4h_A0Q8iRFqEabpc_AALWdZD723EvNC39XVi4rJCC6CeSo8U-9G498rMshKLKrULYr6ocRydhZ-mxB', 'width': 3120}]",ChIJCVkoidKLEzIRoVZEtCKGjqQ,4.1,"['tourist_attraction', 'point_of_interest', 'establishment']",21
"7JH6+M7, Mamburungan, Tarakan Timur, Tarakan City, North Kalimantan, Indonesia","{'location': {'lat': 3.2792372, 'lng': 117.6106871}, 'viewport': {'northeast': {'lat': 3.280308279892722, 'lng': 117.6167882}, 'southwest': {'lat': 3.277608620107277, 'lng': 117.6086534}}}",Muara Besar Sungai PT Idec di Tarakan Timur,,ChIJs0AZawCLEzIRUqXAjCEMP2g,5.0,"['tourist_attraction', 'point_of_interest', 'establishment']",1
"9GPH+8RC, Juata Permai, Tarakan Utara, Tarakan City, North Kalimantan, Indonesia","{'location': {'lat': 3.3858065, 'lng': 117.5295182}, 'viewport': {'northeast': {'lat': 3.387186379892722, 'lng': 117.5308775298927}, 'southwest': {'lat': 3.384486720107278, 'lng': 117.5281778701073}}}",Wisata Bunga & Buah,"[{'height': 780, 'html_attributions': ['<a href=""https://maps.google.com/maps/contrib/106146200497783170086"">A Google User</a>'], 'photo_reference': 'AUGGfZn5fybNQghtNS4_jAxYcxPuQYX3TdbXxO9uzS5edZVt3wRw0ZEeEcRET3wEc1axbaBGPM9W-x5W6GABSlD6gS20oeMbzz_tGvcR8X6VSG9z82bzWOWVrgA7timK4zkHIbaEscef7v_M9J4Z_dZ9q5ZOpg16VJbPEsL5j7mGitwwi2Cq', 'width': 1040}]",ChIJw6_wiW8LFDIRMUiwwuxSR84,4.7,"['tourist_attraction', 'point_of_interest', 'establishment']",10
"6JRX+XGX, Jl. Tj. Pasir, Mamburungan, Kec. Tarakan Tim., Kota Tarakan, Kalimantan Utara, Indonesia","{'location': {'lat': 3.2424849, 'lng': 117.6488665}, 'viewport': {'northeast': {'lat': 3.243834729892722, 'lng': 117.6502163298927}, 'southwest': {'lat': 3.241135070107278, 'lng': 117.6475166701073}}}",Batu perawan,"[{'height': 4032, 'html_attributions': ['<a href=""https://maps.google.com/maps/contrib/102106764482425574136"">Fadilah Ramadita</a>'], 'photo_reference': 'AUGGfZlmZeJQBIUNcwYaQULVA-jiygRzv2uuHqIpELdgRf2ihXeE5GxKv7LaLIEkxcx10cwu9WHXUFPrXncai4VeMy4lAOfinDcHv59Fb-2wp2dhF4aoUkv1RrnqeVGJuiHqmbOH0VExBtX5BOFxEiQVHtYkaSi15bPMbatnoNG8gKJP7XH4', 'width': 3024}]",ChIJyx5DeWKLEzIR7GV_A-4AkCA,5.0,"['tourist_attraction', 'point_of_interest', 'establishment']",3
"7JCX+3W, Pantai Amal, Tarakan Timur, Tarakan City, North Kalimantan, Indonesia","{'location': {'lat': 3.2701875, 'lng': 117.6498125}, 'viewport': {'northeast': {'lat': 3.271488279892722, 'lng': 117.6518104298927}, 'southwest': {'lat': 3.268788620107277, 'lng': 117.6491107701073}}}",Wisata tuak /ballo,,ChIJc5hnsIyJEzIRWdYQE9plcZI,0.0,"['tourist_attraction', 'point_of_interest', 'establishment']",0
"7M44+49Q, Mamburungan, Tarakan City, Indonesia","{'location': {'lat': 3.2553371, 'lng': 117.6559906}, 'viewport': {'northeast': {'lat': 3.256686929892722, 'lng': 117.6573404298928}, 'southwest': {'lat': 3.253987270107277, 'lng': 117.6546407701073}}}",Batu Merah Beach,"[{'height': 3096, 'html_attributions': ['<a href=""https://maps.google.com/maps/contrib/112082206233662842141"">Febri Paradino</a>'], 'photo_reference': 'AUGGfZlTXql4H3zFFDm90ihWM5VkkalgmWy1kkgNYO07vR6hqaKa-CDCElZDFdk40ReEYD1ITll0h-y5zGC0YPFa5_-5YKjcMr_qheahFVM54amcpZwmSrlVkXOqg3-IWPExMk1nvSsDU3LZaHIQMzJTLFBHauqz_vtl6Q3L_uMiO3G_fapT', 'width': 5504}]",ChIJKURMjSqJEzIRQmdZF6qnx8Y,4.9,"['tourist_attraction', 'point_of_interest', 'establishment']",14
"8MG4+PM6, Jl. Ringroad Binalatung, Pantai Amal, Kec. Tarakan Tim., Kota Tarakan, Kalimantan Utara, Indonesia","{'location': {'lat': 3.3267924, 'lng': 117.6566455}, 'viewport': {'northeast': {'lat': 3.328136529892722, 'lng': 117.6580263798927}, 'southwest': {'lat': 3.325436870107278, 'lng': 117.6553267201073}}}",Pantai Amal Tarakan,"[{'height': 3280, 'html_attributions': ['<a href=""https://maps.google.com/maps/contrib/101203207578514899305"">A Google User</a>'], 'photo_reference': 'AUGGfZlOT6ZPMJlqRohIf5mdrKfOYX0dt5DoVQA5fuoEWdFyYU8pkYD1MMMhAXeYYsklFkbirZ7LcZ8CL6uEmN3exVxkkIA0Mxd_PH1Jt0ZftCe92NbDP4f3L9L4BKXcFw-szzdXIq7ZRaYiITSbecvVqkwfFcszQqIgWoVmVEewN9GXgkN9', 'width': 2464}]",ChIJLQ7OV4V3FDIR2ZyC0NQhGGg,4.3,"['tourist_attraction', 'point_of_interest', 'establishment']",20
"6JMR+3C, Mamburungan, Tarakan Timur, Tarakan City, North Kalimantan, Indonesia","{'location': {'lat': 3.232073, 'lng': 117.6410339}, 'viewport': {'northeast': {'lat': 3.233422829892722, 'lng': 117.6423837298927}, 'southwest': {'lat': 3.230723170107277, 'lng': 117.6396840701073}}}",Tempat,,ChIJu2wWOMSNEzIRukKyzbGRpFM,0.0,"['tourist_attraction', 'point_of_interest', 'establishment']",0
"Jl. Pantai Amal Lama No.rt 01, Pantai Amal, Kec. Tarakan Tim., Kota Tarakan, Kalimantan Utara 77123, Indonesia","{'location': {'lat': 3.2715853, 'lng': 117.6535174}, 'viewport': {'northeast': {'lat': 3.2723359, 'lng': 117.6546011298927}, 'southwest': {'lat': 3.2693335, 'lng': 117.6519014701073}}}",Wisata Bra Terbang,"[{'height': 3840, 'html_attributions': ['<a href=""https://maps.google.com/maps/contrib/105504797499543563028"">A Google User</a>'], 'photo_reference': 'AUGGfZlMZqjLi66M_xoJWdNiGHozazH0s9HrQARg68rMAqNEeeLV0e6mVmfq2cNqVdERazcp-XtFlqDuRq8Us6GsiBfTU_sO9mhK0rI84jhnQlTFKLhRSyF-DNwvWy1LhMbKor2Oa-pG-7zg2YspcpCUlH1I7KzyHKL2x2CS1cBnkl3Nl9OH', 'width': 2160}]",ChIJvQ-ueZWJEzIRI1T7edPWRZE,5.0,"['tourist_attraction', 'point_of_interest', 'establishment']",4
"6JRQ+5MJ, Pantai Amal, Kec. Tarakan Tim., Kota Tarakan, Kalimantan Utara, Indonesia","{'location': {'lat': 3.2404533, 'lng': 117.6391517}, 'viewport': {'northeast': {'lat': 3.241803379892723, 'lng': 117.6404971298928}, 'southwest': {'lat': 3.239103720107278, 'lng': 117.6377974701073}}}",Mamburungan timur Tanjung batu,"[{'height': 4160, 'html_attributions': ['<a href=""https://maps.google.com/maps/contrib/116243064054826642344"">Muh Amien</a>'], 'photo_reference': 'AUGGfZmaQwo5rVpKycegu1WSSaBd4D9YNUTgro9ipNmg-SqBvpIOAHcdGsDtnWGkXl7y7Mmqs2lNihA4MQeh7WtFTILk2672zxBkDyrrpc_dnxEMvw2jTmPuxjHKccU2yMI06rmUUsHbZ7IT4GnW2iz5o3UlkGJkFciUesUSbcE6kRi8ha-p', 'width': 1920}]",ChIJAXajTEWNEzIRsd439f3fLXE,4.7,"['tourist_attraction', 'point_of_interest', 'establishment']",7
"CJM3+WX, Juata Laut, Tarakan Utara, Tarakan City, North Kalimantan, Indonesia","{'location': {'lat': 3.4348507, 'lng': 117.604921}, 'viewport': {'northeast': {'lat': 3.436278679892722, 'lng': 117.6062863298927}, 'southwest': {'lat': 3.433579020107278, 'lng': 117.6035866701073}}}",Pasir Salju Juata Laut,"[{'height': 2448, 'html_attributions': ['<a href=""https://maps.google.com/maps/contrib/104472747929617987609"">A Google User</a>'], 'photo_reference': 'AUGGfZmLeIHjSBsaAqXhN6aC4aq-gfwnpY_wz43OWi4Z0rspdH2cyVhYAruSFHfuwgn7i6BcPejIY4l8om4L-cujPQlWbEP9pNbVNCYAP9YWk8xqudUXwbDhxXgYaTRaER1hXqcHGM0eOedy073SoKku85DlQJyfUfqq91o3tgnbq96Cx9uy', 'width': 3264}]",ChIJsehK4uNzFDIR-0JM8ZS4RqQ,4.5,"['tourist_attraction', 'point_of_interest', 'establishment']",11
"7M24+X6, Mamburungan, Tarakan City, North Kalimantan, Indonesia","{'location': {'lat': 3.252464, 'lng': 117.6555115}, 'viewport': {'northeast': {'lat': 3.253813829892722, 'lng': 117.6568613298927}, 'southwest': {'lat': 3.251114170107278, 'lng': 117.6541616701072}}}",Pantai tebing pohon besar,,ChIJT-fqeQCJEzIRseeFihVLHq4,0.0,"['tourist_attraction', 'point_of_interest', 'establishment']",0
"8M34+QRP, Unnamed Road, Pantai Amal, Kec. Tarakan Tim., Kota Tarakan, Kalimantan Utara, Indonesia","{'location': {'lat': 3.3044579, 'lng': 117.6570638}, 'viewport': {'northeast': {'lat': 3.305820679892722, 'lng': 117.6583162798927}, 'southwest': {'lat': 3.303121020107278, 'lng': 117.6556166201073}}}",Tugu Pantai Amal (Wisata Pantai Amal),"[{'height': 2685, 'html_attributions': ['<a href=""https://maps.google.com/maps/contrib/117071190237224068186"">p90 roud</a>'], 'photo_reference': 'AUGGfZlB0_rJpXuSqHBMqFibUh_957Z8VieMWwZ0P6aAFZ8P2U2qGH-YlvjR2aoXgFKM6DUfTgQYNxfxawXDYhubtHPGS4dWxMs-jLfnmUcVCUqt1QhFpwyiOFbWioBK61tOe7tnCvt3ht9jFtvHNPM-5A-bc_AIP89BHAdi-DUcXm46TzwG', 'width': 2685}]",ChIJm2jeAa2JEzIR0tkPxk7ifGw,4.4,"['tourist_attraction', 'point_of_interest', 'establishment']",11
"8P29+X65, Tarakan City, North Kalimantan, Indonesia","{'location': {'lat': 3.3023967, 'lng': 117.718105}, 'viewport': {'northeast': {'lat': 3.303746529892722, 'lng': 117.7194548298927}, 'southwest': {'lat': 3.301046870107277, 'lng': 117.7167551701073}}}",Ikan merah (ikan tompel>,,ChIJRX8WRgCJEzIRfe17uAj1fWw,0.0,"['tourist_attraction', 'point_of_interest', 'establishment']",0
"6MX3+CF7, Mamburungan, Tarakan Timur, Tarakan City, North Kalimantan, Indonesia","{'location': {'lat': 3.2485426, 'lng': 117.6536648}, 'viewport': {'northeast': {'lat': 3.249892429892722, 'lng': 117.6550146298928}, 'southwest': {'lat': 3.247192770107278, 'lng': 117.6523149701073}}}",Pantai tebing tinggi,,ChIJT8NhRACJEzIRJPhU0ZlkPeo,0.0,"['tourist_attraction', 'point_of_interest', 'establishment']",0
"7JFH+8X8, East Mamburungan, Tarakan Timur, Tarakan City, North Kalimantan, Indonesia","{'location': {'lat': 3.2496875, 'lng': 117.6243125}, 'viewport': {'northeast': {'lat': 3.253110500000001, 'lng': 117.6257910298927}, 'southwest': {'lat': 3.248546499999999, 'lng': 117.6230913701073}}}",Muara Sungai Karungan,,ChIJU9CHhUOLEzIRFZALtFEM1dk,5.0,"['tourist_attraction', 'point_of_interest', 'establishment']",2
"8MC5+96F, Jl. Ringroad Binalatung, Pantai Amal, Kec. Tarakan Tim., Kota Tarakan, Kalimantan Utara, Indonesia","{'location': {'lat': 3.3209356, 'lng': 117.6580412}, 'viewport': {'northeast': {'lat': 3.322254229892723, 'lng': 117.6590203298927}, 'southwest': {'lat': 3.319554570107278, 'lng': 117.6563206701073}}}",Pantai Binalatung,"[{'height': 1800, 'html_attributions': ['<a href=""https://maps.google.com/maps/contrib/108947759793032717876"">Ahyan Fuadi</a>'], 'photo_reference': 'AUGGfZn9WgkERor0FUKwCG1S9Sf3Xf-yxeD5iW8ir3xDN_ZNwA7fCWgbw2HaCqIa-3vUVJmM0xHtq-znnOJn4288DVpB6srD8FIhsbGetpRph0my31cjJ2VnfgN8k8b-XRl5ZSOYPbZV2BUKuF-r_uegY1ONFZyxFgg1Rj9RlOcau-hoGdJ4', 'width': 4000}]",ChIJ3-YriEd3FDIRnhjqqj1PLtA,4.6,"['tourist_attraction', 'point_of_interest', 'establishment']",18
"7M63+R85, Unnamed Road, Tim, Pantai Amal, Kec. Tarakan Tim., Kota Tarakan, Kalimantan Utara, Indonesia","{'location': {'lat': 3.2620187, 'lng': 117.6533704}, 'viewport': {'northeast': {'lat': 3.263299829892722, 'lng': 117.65469115}, 'southwest': {'lat': 3.260600170107278, 'lng': 117.64940815}}}",Pantai Pohon Kenangan,"[{'height': 3264, 'html_attributions': ['<a href=""https://maps.google.com/maps/contrib/116366321581036811782"">A Google User</a>'], 'photo_reference': 'AUGGfZmXFvMkoqoZa_gBnTRbxXjgkAs_fEYe08dqQFZGRSzhabybiZqugTjwGnMgLmOVKkF3KlPwEBYWwZTalu390J4RJFuwDVJEqKo9wvp3bShBO0q1SNT9MZOBF_gfp-2vMqzyn_Hemoexqbl4dwgySt5kTtv9afR3JGoI9pxpR6-3hIsy', 'width': 1836}]",ChIJXySqqtiJEzIRBlCFb_fieoU,4.2,"['tourist_attraction', 'point_of_interest', 'establishment']",6
"9H4C+JF4, Jl. Aki Balak, Juata Kerikil, Kec. Tarakan Utara, Kota Tarakan, Kalimantan Utara, Indonesia","{'location': {'lat': 3.3565096, 'lng': 117.571209}, 'viewport': {'northeast': {'lat': 3.357804279892722, 'lng': 117.5725864298927}, 'southwest': {'lat': 3.355104620107277, 'lng': 117.5698867701072}}}",Wana Wisata Persemaian,"[{'height': 3472, 'html_attributions': ['<a href=""https://maps.google.com/maps/contrib/100541216586598986831"">Dwi Muhammad Fajar</a>'], 'photo_reference': 'AUGGfZl6vwOtxq8gm94cc2aX8JQA9AYaurRGmbBAcVzBMcf7kp3ZA7D8T3MLhIE2k9DaWEmVk2KewfQMtvChuHvh-qKQvIZ5ws3ofkKzbxOGc-Q0xynGRWPpEAwmsQdddAPp2-s9-suIvj1qajk10feLcx0u_EYuRUwxxHgJ5RjP2GyOVdea', 'width': 4624}]",ChIJsYrN5Sp1FDIRu1Q-_qeLQZk,4.0,"['campground', 'park', 'lodging', 'point_of_interest', 'establishment']",43
"8J92+8XC, Kampung Satu Skip, Tarakan Tengah, Tarakan City, North Kalimantan, Indonesia","{'location': {'lat': 3.3183142, 'lng': 117.6023896}, 'viewport': {'northeast': {'lat': 3.319641979892722, 'lng': 117.6039037798927}, 'southwest': {'lat': 3.316942320107278, 'lng': 117.6012041201073}}}",TELAGA AIR,,ChIJ3Rh5KXWLEzIR0M_NteGJr8c,0.0,"['point_of_interest', 'establishment']",0
"7JX9+RQ6, Kampung Empat, Tarakan Timur, Tarakan City, North Kalimantan, Indonesia","{'location': {'lat': 3.2995442, 'lng': 117.6193845}, 'viewport': {'northeast': {'lat': 3.301253829892722, 'lng': 117.6208882798927}, 'southwest': {'lat': 3.298554170107277, 'lng': 117.6181886201072}}}",Taman Berkampung,"[{'height': 3000, 'html_attributions': ['<a href=""https://maps.google.com/maps/contrib/105894976811112536212"">A Google User</a>'], 'photo_reference': 'AUGGfZlDZ2jif50VdtzOEfmVT79zLEZdi-l3LoBQA2ILFBOYezDfXCpAD9EEJDsep9SlfcpRuzalsEaESYBUWZY7o5okM-U_2_ZpudO3qKdgcL_pFPwScU9vD8ENkV11uEbkNP_4n-ne2yIAMnIYfGbG9N8Oky1uN5uG6XhAQxJ4mmpxBFV5', 'width': 4000}]",ChIJwSzGHO2LEzIR1HnE_CkAanI,4.4,"['park', 'point_of_interest', 'establishment']",1523
"9M5Q+X5X, Pantai Amal, Tarakan City, North Kalimantan, Indonesia","{'location': {'lat': 3.3599775, 'lng': 117.6879967}, 'viewport': {'northeast': {'lat': 3.361327329892722, 'lng': 117.6893465298927}, 'southwest': {'lat': 3.358627670107277, 'lng': 117.6866468701073}}}",Pendasi 1 magfirah,"[{'height': 4000, 'html_attributions': ['<a href=""https://maps.google.com/maps/contrib/106466706636224851953"">A Google User</a>'], 'photo_reference': 'AUGGfZnh-WTc3tXGMlEsS-lQ2dk8EBKyQXtodt5GoR6uW9op1DQtpQ7Ppx5oap_gBLJnW30bEBV5cnH3pM9IOCBZU7puVn4tyR84VEsrQHTeNF60lhpMpWKdrlMrBMp969fE00xTEPcOmKJHW5cosKuRzugC5KkLjfrIi_z7TlSfmfbWB_1h', 'width': 3000}]",ChIJZURPQwB3FDIR3vhPLzu2T_M,5.0,"['tourist_attraction', 'point_of_interest', 'establishment']",1
"8J64+V6R, Jl. Pulau Tibie, Kp. Satu Skip, Kec. Tarakan Tengah, Kota Tarakan, Kalimantan Utara, Indonesia","{'location': {'lat': 3.3118433, 'lng': 117.6054817}, 'viewport': {'northeast': {'lat': 3.313197279892723, 'lng': 117.6068540298927}, 'southwest': {'lat': 3.310497620107278, 'lng': 117.6041543701073}}}",tempat istimewa,,ChIJZ7d8HGiLEzIR7dxja8Eqfjg,0.0,"['park', 'point_of_interest', 'establishment']",0
"8HHP+8VP, Karang Anyar, Tarakan Barat, Tarakan City, North Kalimantan, Indonesia","{'location': {'lat': 3.3283344, 'lng': 117.5872131}, 'viewport': {'northeast': {'lat': 3.329173429892722, 'lng': 117.5885733298928}, 'southwest': {'lat': 3.326473770107278, 'lng': 117.5858736701073}}}",Rekreasi Bukit Mas,"[{'height': 1280, 'html_attributions': ['<a href=""https://maps.google.com/maps/contrib/107199616888338010090"">A Google User</a>'], 'photo_reference': 'AUGGfZkanvjwveQpinN6WVK9EdGJdNLH1eUbPtZOKhl94UoP5ueRztSFsFXvuwiCLfoljtp3kQYpOYdTwuSEO9pWPQwU63GBzqS4nEralyCn8SL42rB0Fl4ewLlLWLW4hz492URz2or75VHYqCtZjCuH4EsGx7G2reDTgRA9-f9xsgF9BhoX', 'width': 960}]",ChIJW32368J1FDIRlr6JwzEk6i0,4.4,"['park', 'point_of_interest', 'establishment']",9
"Pantai Amal, Kota Tarakan, Kalimantan Utara, Indonesia","{'location': {'lat': 3.3115203, 'lng': 117.6951996}, 'viewport': {'northeast': {'lat': 3.312870129892723, 'lng': 117.6965494298927}, 'southwest': {'lat': 3.310170470107278, 'lng': 117.6938497701073}}}",Pondasi rumput laut,"[{'height': 4128, 'html_attributions': ['<a href=""https://maps.google.com/maps/contrib/102278264584150794662"">A Google User</a>'], 'photo_reference': 'AUGGfZnb9eC28tIdI9wq50D-Mx56w82lZ87oml5XDU73XJ0sFBMfXmePpx8EcRvKnti06zFY5KCsAjanvMjKUqtZ6hWdcvJpGEQUNMEXsV9od_9i0k0BcQ_eo6xRSI58tUmmBqR5UVM-rGVd7TrxqhdSnIVuHAxbnNtIzeprmGDRCzHGUqJI', 'width': 3096}]",ChIJ8-NrxjaJEzIRn5tyHN-_CPc,4.2,"['tourist_attraction', 'point_of_interest', 'establishment']",5
