formatted_address,geometry,icon,icon_background_color,icon_mask_base_uri,name,photos,place_id,reference,types,business_status,opening_hours,rating,user_ratings_total,plus_code,price_level,url
"Sungai Liat, Bangka Regency, Bangka Belitung Islands, Indonesia","{'location': {'lat': -1.877183, 'lng': 106.1149182}, 'viewport': {'northeast': {'lat': -1.801628, 'lng': 106.1800672}, 'southwest': {'lat': -1.959183, 'lng': 106.0628161}}}",https://maps.gstatic.com/mapfiles/place_api/icons/v1/png_71/geocode-71.png,#7B9EB0,https://maps.gstatic.com/mapfiles/place_api/icons/v2/generic_pinlet,Sungai Liat,"[{'height': 2340, 'html_attributions': ['<a href=""https://maps.google.com/maps/contrib/112066834335948166162"">A Google User</a>'], 'photo_reference': 'AUGGfZnk1pm80DdpRnVnl6trFfax565-JMqK3zJXh9mJcaYTbYJMEwoTBAHhvoed3GgwPTwhCbaq7mPb3cnfTMuw8Za0ZQ93hO6HsTpVwCZt7t8FH_HDVKrCP1IJvM2kaEYfKA1q4C5fELZRIiv3YJK-uBd-SHfIKNSSuwje5VQ0ahBlRpa7', 'width': 4160}]",ChIJ1XUsjkvyIi4RcAAhsoCdAwQ,ChIJ1XUsjkvyIi4RcAAhsoCdAwQ,"['locality', 'political']",,,,,,,https://www.google.com/maps/place/?q=place_id:ChIJ1XUsjkvyIi4RcAAhsoCdAwQ
"6436+GH3, Jl. Pantai Matras, Sinar Baru, Sungai Liat, Kabupaten Bangka, Kepulauan Bangka Belitung, Indonesia","{'location': {'lat': -1.7962278, 'lng': 106.111412}, 'viewport': {'northeast': {'lat': -1.795038920107278, 'lng': 106.1126526298927}, 'southwest': {'lat': -1.797738579892722, 'lng': 106.1099529701073}}}",https://maps.gstatic.com/mapfiles/place_api/icons/v1/png_71/generic_business-71.png,#13B5C7,https://maps.gstatic.com/mapfiles/place_api/icons/v2/generic_pinlet,Pantai Matras area tengah,"[{'height': 2250, 'html_attributions': ['<a href=""https://maps.google.com/maps/contrib/112721885141703612416"">Yanarto Utoyo</a>'], 'photo_reference': 'AUGGfZmq07dlnynfrUAVj4Ceuahxlm3QNC2lwEFlCWEv3vH3ocIFjSu4hHveqjf_T_3iLMP5hcouBBUNdNOCphxsbmW2YHYSjje_J3qa8pBJPyuLWvcBlcQWdRpufN3kDfisTwVvZf6wQG2n-8OuSZ1bFJCxIm4D2K2GiRAo6C86fx5iblI4', 'width': 4000}]",ChIJVw9K8IL1Ii4RNAuwFtbxPT0,ChIJVw9K8IL1Ii4RNAuwFtbxPT0,"['tourist_attraction', 'point_of_interest', 'establishment']",OPERATIONAL,{'open_now': True},4.5,78.0,,,https://www.google.com/maps/place/?q=place_id:ChIJVw9K8IL1Ii4RNAuwFtbxPT0
"54WG+WHQ, Sinar Baru, Sungai Liat, Bangka Regency, Bangka Belitung Islands, Indonesia","{'location': {'lat': -1.8026653, 'lng': 106.1264769}, 'viewport': {'northeast': {'lat': -1.80193995, 'lng': 106.1284093298927}, 'southwest': {'lat': -1.80484135, 'lng': 106.1257096701073}}}",https://maps.gstatic.com/mapfiles/place_api/icons/v1/png_71/generic_business-71.png,#13B5C7,https://maps.gstatic.com/mapfiles/place_api/icons/v2/generic_pinlet,Pantai Teluk Karang,"[{'height': 3000, 'html_attributions': ['<a href=""https://maps.google.com/maps/contrib/107451165108802079450"">rizky Widyawati</a>'], 'photo_reference': 'AUGGfZnkHy_wGu8V6Vlik6RAA-Ej9m1caeRlA3QKtK2g16CCBGyhdWscJ5IFrfCCZr5-8RbHjsdDrSBa8i7ibER_TxuuiNqfoLf3ENt8ncbRv_42zjNQzz6IUU6RyTkGNRIlUlT-9-_PN-PP0ifRtEqU45V17AVhhh2gw-PxY-TWdN7QTMh0', 'width': 4000}]",ChIJ53mxYbT1Ii4RtPHB467aues,ChIJ53mxYbT1Ii4RtPHB467aues,"['tourist_attraction', 'point_of_interest', 'establishment']",OPERATIONAL,{'open_now': True},4.7,60.0,,,https://www.google.com/maps/place/?q=place_id:ChIJ53mxYbT1Ii4RtPHB467aues
"35XP+797, Parit Padang, Sungai Liat, Bangka Regency, Bangka Belitung Islands 33211, Indonesia","{'location': {'lat': -1.9018475, 'lng': 106.1859211}, 'viewport': {'northeast': {'lat': -1.900624170107278, 'lng': 106.1869284298927}, 'southwest': {'lat': -1.903323829892722, 'lng': 106.1842287701073}}}",https://maps.gstatic.com/mapfiles/place_api/icons/v1/png_71/generic_business-71.png,#13B5C7,https://maps.gstatic.com/mapfiles/place_api/icons/v2/generic_pinlet,Pantai Tikus,"[{'height': 1920, 'html_attributions': ['<a href=""https://maps.google.com/maps/contrib/111625709352876888514"">Tony Ng</a>'], 'photo_reference': 'AUGGfZmMeFRw-jbNckjzewICMMfuDya5WtZ0tdqvh23ZNAG1ImMEadjboWzym0E5bOuSwHh_cR965em8bwPObUnSZsjjytBqzsWJ2zQIkp4KBFaHL2BrKxRVax5S4vXGYdNbY-OI1XBa1KihGEdaA-hCy-2TXA9acYFkt6UIATDXxMGL-WFe', 'width': 2560}]",ChIJzw-hu2iNIi4RrmzkdLFhIkc,ChIJzw-hu2iNIi4RrmzkdLFhIkc,"['tourist_attraction', 'point_of_interest', 'establishment']",OPERATIONAL,{'open_now': True},4.5,716.0,,,https://www.google.com/maps/place/?q=place_id:ChIJzw-hu2iNIi4RrmzkdLFhIkc
"Sungai Liat, Bangka Regency, Bangka Belitung Islands, Indonesia","{'location': {'lat': -1.8911008, 'lng': 106.1345705}, 'viewport': {'northeast': {'lat': -1.7776079, 'lng': 106.1866298}, 'southwest': {'lat': -1.959554, 'lng': 106.0615899}}}",https://maps.gstatic.com/mapfiles/place_api/icons/v1/png_71/geocode-71.png,#7B9EB0,https://maps.gstatic.com/mapfiles/place_api/icons/v2/generic_pinlet,Sungai Liat,"[{'height': 1080, 'html_attributions': ['<a href=""https://maps.google.com/maps/contrib/101706666606744706303"">Perzi Dendang</a>'], 'photo_reference': 'AUGGfZmzXqlTNYeVzqxdBboiU-uiMknnWJcGMZogviMyfchjX5HLl_OeykhXDyvdQbGjxTLvNzvflmwvQBvPDXvYgCBZRl8rR0889kQnxNnT9xJ5Igvro4zPOyiytN4mwnW8TrdNRLL5PQ-VtHP5e2uICAl48Y1x4ZMfvIiGZOJDV2l2o5lB', 'width': 720}]",ChIJ21LUvRzzIi4RALoUJi7N0zY,ChIJ21LUvRzzIi4RALoUJi7N0zY,"['administrative_area_level_3', 'political']",,,,,,,https://www.google.com/maps/place/?q=place_id:ChIJ21LUvRzzIi4RALoUJi7N0zY
"54W9+72P, Jl. Pantai Matras, Kelurahan Matras, Sungai Liat, Kabupaten Bangka, Kepulauan Bangka Belitung 33211, Indonesia","{'location': {'lat': -1.8042802, 'lng': 106.1175831}, 'viewport': {'northeast': {'lat': -1.803256220107278, 'lng': 106.1183597798927}, 'southwest': {'lat': -1.805955879892722, 'lng': 106.1156601201073}}}",https://maps.gstatic.com/mapfiles/place_api/icons/v1/png_71/generic_business-71.png,#13B5C7,https://maps.gstatic.com/mapfiles/place_api/icons/v2/generic_pinlet,Bukit Pilar Matras,"[{'height': 6792, 'html_attributions': ['<a href=""https://maps.google.com/maps/contrib/115950182747452146522"">Jon Jonnz</a>'], 'photo_reference': 'AUGGfZnQE9NGWmTb500V7VCW-0mUGs9yR_b2UyZwd2zVnnk06HHq0V2UqOK_TlhKydBg1LXwIBRaR48r2LjuKtkXhVriDFFTuDBAi3TC3lsuaJ7QAh_OBGlGkd2xARn-M-M_mfNGwNBzcRn388ivKIJ-nboVGR6bAHmJ-6YidpRrEM1G4D0E', 'width': 9168}]",ChIJzQ-PrD31Ii4ROZgvqrq7JGI,ChIJzQ-PrD31Ii4ROZgvqrq7JGI,"['tourist_attraction', 'point_of_interest', 'establishment']",OPERATIONAL,,4.5,49.0,,,https://www.google.com/maps/place/?q=place_id:ChIJzQ-PrD31Ii4ROZgvqrq7JGI
"45CF+X5M, Parit Padang, Sungai Liat, Bangka Regency, Bangka Belitung Islands, Indonesia","{'location': {'lat': -1.8775391, 'lng': 106.172909}, 'viewport': {'northeast': {'lat': -1.876238470107278, 'lng': 106.1737711298927}, 'southwest': {'lat': -1.878938129892722, 'lng': 106.1710714701073}}}",https://maps.gstatic.com/mapfiles/place_api/icons/v1/png_71/generic_business-71.png,#13B5C7,https://maps.gstatic.com/mapfiles/place_api/icons/v2/generic_pinlet,Pantai Tanjung Batu,"[{'height': 3024, 'html_attributions': ['<a href=""https://maps.google.com/maps/contrib/100273324107333383217"">Irwan Endrayanto</a>'], 'photo_reference': 'AUGGfZkfOhO6v9ky6-BPECMCb_-e9lCfo4ZTNJIfZWazGMdAr_ea6vvNDgAftz5BLq-LR3BmzbeIU40yPyCVRgsXCktSBgRwiAMogI6xLb4EsdQOKEq-6DN6QsfGXRMDlPCO_DZ5y5W-wNJ67TRUv7qfUpSIyMKz79QXM0vX0JKWN6BbACaJ', 'width': 4032}]",ChIJe51X6f6NIi4RB4lw34tWmGw,ChIJe51X6f6NIi4RB4lw34tWmGw,"['tourist_attraction', 'point_of_interest', 'establishment']",OPERATIONAL,{'open_now': True},4.7,15.0,,,https://www.google.com/maps/place/?q=place_id:ChIJe51X6f6NIi4RB4lw34tWmGw
"5454+45V, Jalan Toba I, Kudai Utara, Sinar Jaya, Sinar Baru, Sungai Liat, Kabupaten Bangka, Kepulauan Bangka Belitung 33212, Indonesia","{'location': {'lat': -1.8421444, 'lng': 106.105424}, 'viewport': {'northeast': {'lat': -1.840823470107278, 'lng': 106.1066243798927}, 'southwest': {'lat': -1.843523129892722, 'lng': 106.1039247201073}}}",https://maps.gstatic.com/mapfiles/place_api/icons/v1/png_71/generic_business-71.png,#13B5C7,https://maps.gstatic.com/mapfiles/place_api/icons/v2/generic_pinlet,TELAGA EMAS BERSINAR,"[{'height': 7200, 'html_attributions': ['<a href=""https://maps.google.com/maps/contrib/115049208906263047036"">raider malindo</a>'], 'photo_reference': 'AUGGfZkHtCXZ0SNdhtUByDjEgoLF7h_KnrrmCLlZX1v38Ge_LcVLtzu5o4-krYcsTOMu240ZFmg7B016U0CFFj4Day7RqKysJYbQ5jCZbrFhYvAKO6i3Un50peOrgYtLRWL6jLMaa9s-wV1Y44E_N43T7a8iraMWvC0SvYcOih882UglQNeN', 'width': 9600}]",ChIJMaPriY7zIi4RlA1X4tO__pc,ChIJMaPriY7zIi4RlA1X4tO__pc,"['tourist_attraction', 'point_of_interest', 'establishment']",OPERATIONAL,{'open_now': False},4.4,548.0,,,https://www.google.com/maps/place/?q=place_id:ChIJMaPriY7zIi4RlA1X4tO__pc
"455H+9W, Parit Padang, Sungai Liat, Bangka Regency, Bangka Belitung Islands, Indonesia","{'location': {'lat': -1.8915802, 'lng': 106.1797503}, 'viewport': {'northeast': {'lat': -1.890632220107278, 'lng': 106.1810235298927}, 'southwest': {'lat': -1.893331879892723, 'lng': 106.1783238701073}}}",https://maps.gstatic.com/mapfiles/place_api/icons/v1/png_71/generic_business-71.png,#13B5C7,https://maps.gstatic.com/mapfiles/place_api/icons/v2/generic_pinlet,Pantai Batu Barisan,"[{'height': 2992, 'html_attributions': ['<a href=""https://maps.google.com/maps/contrib/114512159843940573120"">Fian Chandra</a>'], 'photo_reference': 'AUGGfZkSxN1GDiP3HPpWn0mNUYJrC1i68RE_ELmwQyTz-7VoBgyI-JWSr5OJTyxCNvSFc4rIh3U9FzlTBfRH0szF6cx_xCyaIVudwZDJpE98DtVmE1OI9Pj3lGYy49M7-PAulS6KclgkJPjfBFX__axMC5YleBu-USnJvmJoNAHdWDvgIXfK', 'width': 4000}]",ChIJwx6R0R-NIi4RzVsH0O1V7Hw,ChIJwx6R0R-NIi4RzVsH0O1V7Hw,"['tourist_attraction', 'point_of_interest', 'establishment']",OPERATIONAL,,4.8,12.0,,,https://www.google.com/maps/place/?q=place_id:ChIJwx6R0R-NIi4RzVsH0O1V7Hw
"Sinar Baru, Sungai Liat, Bangka Regency, Bangka Belitung Islands, Indonesia","{'location': {'lat': -1.8069204, 'lng': 106.099291}, 'viewport': {'northeast': {'lat': -1.7776079, 'lng': 106.129906}, 'southwest': {'lat': -1.8479279, 'lng': 106.0615899}}}",https://maps.gstatic.com/mapfiles/place_api/icons/v1/png_71/geocode-71.png,#7B9EB0,https://maps.gstatic.com/mapfiles/place_api/icons/v2/generic_pinlet,Sinar Baru,"[{'height': 6936, 'html_attributions': ['<a href=""https://maps.google.com/maps/contrib/114789451743653620237"">A Google User</a>'], 'photo_reference': 'AUGGfZkDhQpqz_m4bH6tjm6kZyXv1WaYoXJn79AABuXXNiC5066-YwmKUucnWsHopPrp1eEEaB0lo46zPdi3PyJ-d1WXQfElNo1qFMAu3c7SSzuvSFpxE004gv-qVN35j-jmfCJHP5MighzYNOHNjyDLm6BWAFUqzeYykpgAcped_TA741s', 'width': 9248}]",ChIJ7RJvmEP0Ii4RFCwUjgscEzc,ChIJ7RJvmEP0Ii4RFCwUjgscEzc,"['administrative_area_level_4', 'political']",,,,,,,https://www.google.com/maps/place/?q=place_id:ChIJ7RJvmEP0Ii4RFCwUjgscEzc
"Jl. Jend. Sudirman, Parit Padang, Sungai Liat, Kabupaten Bangka, Kepulauan Bangka Belitung 33211, Indonesia","{'location': {'lat': -1.8951564, 'lng': 106.1117245}, 'viewport': {'northeast': {'lat': -1.893772270107277, 'lng': 106.1130862298927}, 'southwest': {'lat': -1.896471929892722, 'lng': 106.1103865701073}}}",https://maps.gstatic.com/mapfiles/place_api/icons/v1/png_71/generic_business-71.png,#13B5C7,https://maps.gstatic.com/mapfiles/place_api/icons/v2/generic_pinlet,Kebun anggur,"[{'height': 8160, 'html_attributions': ['<a href=""https://maps.google.com/maps/contrib/103862372033272817525"">A Google User</a>'], 'photo_reference': 'AUGGfZnXwTlPkOLewM1M81Fj_TWlqO0nIBwsq-niaCDfylvx6akWXpZ3zqgjjDSeIzUwUk-ZzBXqcl9bbrNHZIlao2Jq8h2xNz-lUcuHg65wPc68eAVeY2vbWQ9w3TIEhccj5F6NdVaFuWC6p7UcerH097N_I0x57s4tUgjUNK1S4LnmdTC8', 'width': 6144}]",ChIJpfigEfLzIi4REDqXCE6BZC8,ChIJpfigEfLzIi4REDqXCE6BZC8,"['tourist_attraction', 'point_of_interest', 'establishment']",OPERATIONAL,{'open_now': False},4.8,10.0,"{'compound_code': '4436+WM Parit Padang, Bangka Regency, Bangka Belitung Islands, Indonesia', 'global_code': '6PC84436+WM'}",,https://www.google.com/maps/place/?q=place_id:ChIJpfigEfLzIi4REDqXCE6BZC8
"53FW+9Q7, Unnamed Road, Sinar Baru, Sungai Liat, Kabupaten Bangka, Kepulauan Bangka Belitung 33211, Indonesia","{'location': {'lat': -1.8265957, 'lng': 106.096921}, 'viewport': {'northeast': {'lat': -1.825235720107278, 'lng': 106.0983158798927}, 'southwest': {'lat': -1.827935379892722, 'lng': 106.0956162201073}}}",https://maps.gstatic.com/mapfiles/place_api/icons/v1/png_71/generic_business-71.png,#13B5C7,https://maps.gstatic.com/mapfiles/place_api/icons/v2/generic_pinlet,Tugu Lingkungan Ake,"[{'height': 738, 'html_attributions': ['<a href=""https://maps.google.com/maps/contrib/101933975125891135652"">A Google User</a>'], 'photo_reference': 'AUGGfZnyAJ-5c6ugZezRZOlD7Bh0GqmQAVurKHYWYS6cMJeGntmEI5Y8X8pZBwClQcRssZZ2gUyE0ekp61ZParAOQhWrkJK1xJj_rMA1Ve6xel1kSK_ZhEWYRnw59nuIH6f4vcxh_P9omUH7wOcjOMmEM9HiViAcWlmEg6snKOMD4slYJGM', 'width': 1600}]",ChIJzwvd1QT1Ii4R3g_1veo8cvE,ChIJzwvd1QT1Ii4R3g_1veo8cvE,"['tourist_attraction', 'point_of_interest', 'establishment']",OPERATIONAL,{'open_now': True},4.2,49.0,,,https://www.google.com/maps/place/?q=place_id:ChIJzwvd1QT1Ii4R3g_1veo8cvE
"452M+4MF Pantai Tikus, Parit Padang, Sungai Liat, Bangka Regency, Bangka Belitung Islands 33211, Indonesia","{'location': {'lat': -1.8995636, 'lng': 106.1839935}, 'viewport': {'northeast': {'lat': -1.898252670107278, 'lng': 106.1853006298927}, 'southwest': {'lat': -1.900952329892722, 'lng': 106.1826009701073}}}",https://maps.gstatic.com/mapfiles/place_api/icons/v1/png_71/worship_dharma-71.png,#7B9EB0,https://maps.gstatic.com/mapfiles/place_api/icons/v2/generic_pinlet,Puri Tri Agung,"[{'height': 12000, 'html_attributions': ['<a href=""https://maps.google.com/maps/contrib/110454777804883646981"">Bobby Kul</a>'], 'photo_reference': 'AUGGfZkXjD1w4FWhDqcHM-zLs7eaHXT9ipdraULXjBzF-rc1w3tCwZMRqShwytI4QBJDGqGEv5MFmUmQXQ4lB2zf55MRGUkVxgD7nvd2QX0xB2igKLkti9TsUGw4-7nHGOP7ZbQ9_fYIY6kWp850RSg2GkEy2DH1ayjGBYjQ2pRpSvRaUjsH', 'width': 9000}]",ChIJkd-pfmiNIi4RheY8CTNe4k0,ChIJkd-pfmiNIi4RheY8CTNe4k0,"['tourist_attraction', 'place_of_worship', 'point_of_interest', 'establishment']",OPERATIONAL,,4.6,1623.0,,,https://www.google.com/maps/place/?q=place_id:ChIJkd-pfmiNIi4RheY8CTNe4k0
"452P+7JR, Parit Padang, Sungai Liat, Bangka Regency, Bangka Belitung Islands 33211, Indonesia","{'location': {'lat': -1.8993648, 'lng': 106.1858205}, 'viewport': {'northeast': {'lat': -1.898012970107277, 'lng': 106.1871708298927}, 'southwest': {'lat': -1.900712629892722, 'lng': 106.1844711701073}}}",https://maps.gstatic.com/mapfiles/place_api/icons/v1/png_71/generic_business-71.png,#13B5C7,https://maps.gstatic.com/mapfiles/place_api/icons/v2/generic_pinlet,Pantai Batu Ketak,"[{'height': 565, 'html_attributions': ['<a href=""https://maps.google.com/maps/contrib/112807795797840814788"">yurry saputra</a>'], 'photo_reference': 'AUGGfZkCeA9QA1f77juHLltgIlMkI9MINhrfdST3C70bHZfdLY2nn_AG5BMHvtV90aVoLCa8L7yDsDgi_E7qA1DdQyPmqbhlhsA4fAAanHEqu1te_tCht9u0dvrkwUKZeyWeP9J8yJJ6t9mVqGtl28Ia4p8m12_G1U4t3BucI7RSnY4jcaS4', 'width': 1080}]",ChIJwTOlBmONIi4RM-lLM9MeFF8,ChIJwTOlBmONIi4RM-lLM9MeFF8,"['tourist_attraction', 'point_of_interest', 'establishment']",OPERATIONAL,{'open_now': True},4.6,123.0,,,https://www.google.com/maps/place/?q=place_id:ChIJwTOlBmONIi4RM-lLM9MeFF8
"Jl. Laut, Kampung Pasir, Sungai Liat, Kabupaten Bangka, Kepulauan Bangka Belitung 33211, Indonesia","{'location': {'lat': -1.8323636, 'lng': 106.121308}, 'viewport': {'northeast': {'lat': -1.831117320107278, 'lng': 106.1227817798927}, 'southwest': {'lat': -1.833816979892722, 'lng': 106.1200821201073}}}",https://maps.gstatic.com/mapfiles/place_api/icons/v1/png_71/generic_business-71.png,#13B5C7,https://maps.gstatic.com/mapfiles/place_api/icons/v2/generic_pinlet,De' Loco,"[{'height': 3000, 'html_attributions': ['<a href=""https://maps.google.com/maps/contrib/103173698326380228223"">A Google User</a>'], 'photo_reference': 'AUGGfZkeLXKErzdLJRjR3_yf-ycou3j8o8KFAT0XK74QyWMixPNm1ifxX8RSvgo_o4qMrk9DPjNlmn87NapVdLlMpDbV5Gi0IRaFXTJPG4nj-MltA7yWOThJ0VEdagW9dIbWjxBJUz4kNVUne2aeyERinyoZCrz0JwURPwRnEM7kjn1PzDdQ', 'width': 4000}]",ChIJ6ZDnGIP0Ii4RPllCPWxSCM4,ChIJ6ZDnGIP0Ii4RPllCPWxSCM4,"['tourist_attraction', 'cafe', 'restaurant', 'food', 'point_of_interest', 'establishment']",OPERATIONAL,{'open_now': False},4.4,854.0,"{'compound_code': '549C+3G Sinar Baru, Bangka Regency, Bangka Belitung Islands, Indonesia', 'global_code': '6PC8549C+3G'}",2.0,https://www.google.com/maps/place/?q=place_id:ChIJ6ZDnGIP0Ii4RPllCPWxSCM4
"5439+FCM, Sungailiat, Sungai Liat, Bangka Regency, Bangka Belitung Islands, Indonesia","{'location': {'lat': -1.8462988, 'lng': 106.1185416}, 'viewport': {'northeast': {'lat': -1.845020670107278, 'lng': 106.1198730298927}, 'southwest': {'lat': -1.847720329892722, 'lng': 106.1171733701073}}}",https://maps.gstatic.com/mapfiles/place_api/icons/v1/png_71/generic_business-71.png,#13B5C7,https://maps.gstatic.com/mapfiles/place_api/icons/v2/generic_pinlet,Natak Kampong,"[{'height': 4000, 'html_attributions': ['<a href=""https://maps.google.com/maps/contrib/108594966080727452498"">antie mistike</a>'], 'photo_reference': 'AUGGfZnTmhmOR3abFvhWHGuGW9zEg73HiGN3XVWa1l4CbT9huN285PnNLHz8dsrYHH1QX0x49JnjG57dY3BFQT_W62ZjTB8M6ktctR8bKbtCe9BFv1unvcBa5RKBHWrV64aZxdRl5RBTT03ldcJvMiqo5wquafhlJQyvCfAa4fOeeVQj8Xqz', 'width': 1840}]",ChIJF2KOEw3zIi4RsLXxyUrDo48,ChIJF2KOEw3zIi4RsLXxyUrDo48,"['tourist_attraction', 'point_of_interest', 'establishment']",OPERATIONAL,,4.2,37.0,,,https://www.google.com/maps/place/?q=place_id:ChIJF2KOEw3zIi4RsLXxyUrDo48
"44M9+R3Q, Sungailiat, Sungai Liat, Bangka Regency, Bangka Belitung Islands 33215, Indonesia","{'location': {'lat': -1.8654049, 'lng': 106.1177494}, 'viewport': {'northeast': {'lat': -1.863928870107278, 'lng': 106.1192126298927}, 'southwest': {'lat': -1.866628529892722, 'lng': 106.1165129701073}}}",https://maps.gstatic.com/mapfiles/place_api/icons/v1/png_71/generic_business-71.png,#13B5C7,https://maps.gstatic.com/mapfiles/place_api/icons/v2/generic_pinlet,Bangka belitung,"[{'height': 3456, 'html_attributions': ['<a href=""https://maps.google.com/maps/contrib/102626762269251675738"">A Google User</a>'], 'photo_reference': 'AUGGfZngAAyfk4zU3Ipn34P-_CmZpEFJwxr15sktDrG23uSoCw6AVET3MGq3QlcbF34aKrAJDI1B3kfC5ILpoR0Hz944T9HABzo9sIp6UFIb9AD8GOBsi714OkbFpxvD1DHNgAWKFzYw08f4WwihAIgSv15i09KU1luLGyiI6fihN2pQgUEZ', 'width': 3456}]",ChIJo-iXNoLzIi4RG8nXcgJKyus,ChIJo-iXNoLzIi4RG8nXcgJKyus,"['tourist_attraction', 'point_of_interest', 'establishment']",OPERATIONAL,{'open_now': False},5.0,10.0,,,https://www.google.com/maps/place/?q=place_id:ChIJo-iXNoLzIi4RG8nXcgJKyus
"54XF+JH5, Sinar Baru, Sungai Liat, Bangka Regency, Bangka Belitung Islands, Indonesia","{'location': {'lat': -1.8009831, 'lng': 106.1239764}, 'viewport': {'northeast': {'lat': -1.799840270107277, 'lng': 106.1253079798927}, 'southwest': {'lat': -1.802539929892722, 'lng': 106.1226083201073}}}",https://maps.gstatic.com/mapfiles/place_api/icons/v1/png_71/generic_business-71.png,#13B5C7,https://maps.gstatic.com/mapfiles/place_api/icons/v2/generic_pinlet,Pantai Turun Aban,"[{'height': 4000, 'html_attributions': ['<a href=""https://maps.google.com/maps/contrib/108075061770819738148"">Dina Agustina</a>'], 'photo_reference': 'AUGGfZmSuVOV4f9X3oVuPSGUuVOwzc4V9W9nXkhhiA_VbNcRdZqsuO7W3W_0rSWsesi4wgPuxW3iDBOdO9OKALH1OqO0ChJ84Q3YwSTlIyAIbXbfztq4R9TRXXP-oSSkbV-f0AnqyqgJhKAGqzl2mmteDy3fqCTULtg7tOvxoGHv6Z7l8lfq', 'width': 3000}]",ChIJ_-Mouyj1Ii4RGTrOoErX02g,ChIJ_-Mouyj1Ii4RGTrOoErX02g,"['tourist_attraction', 'point_of_interest', 'establishment']",OPERATIONAL,,4.6,20.0,,,https://www.google.com/maps/place/?q=place_id:ChIJ_-Mouyj1Ii4RGTrOoErX02g
"45H9+339, Parit Padang, Sungai Liat, Bangka Regency, Bangka Belitung Islands, Indonesia","{'location': {'lat': -1.872329, 'lng': 106.167733}, 'viewport': {'northeast': {'lat': -1.870979170107277, 'lng': 106.1690828298927}, 'southwest': {'lat': -1.873678829892722, 'lng': 106.1663831701073}}}",https://maps.gstatic.com/mapfiles/place_api/icons/v1/png_71/generic_business-71.png,#13B5C7,https://maps.gstatic.com/mapfiles/place_api/icons/v2/generic_pinlet,Pantai sunyu,"[{'height': 1800, 'html_attributions': ['<a href=""https://maps.google.com/maps/contrib/112807795797840814788"">yurry saputra</a>'], 'photo_reference': 'AUGGfZlUxw6hlNkQGeCmVeoOd9O5zW70CmL7HKsG1S_inojwY0vJil9YpZmJhDmyjsHHWPPHU-2p04_p8pQfE-dAd4ZTLQ5DRrWKH40RjUtp5qN4w5d4Glw8TiH-VZx6a1FlvnjWZAVtL48BRMlj3f9J_rthpBfaYiRjvdBWg1N_PJcvpe9Y', 'width': 3438}]",ChIJwdsUVLKNIi4Ras-1qs0NZic,ChIJwdsUVLKNIi4Ras-1qs0NZic,"['tourist_attraction', 'point_of_interest', 'establishment']",OPERATIONAL,,4.5,12.0,,,https://www.google.com/maps/place/?q=place_id:ChIJwdsUVLKNIi4Ras-1qs0NZic
"45H4+QXM, Sungailiat, Sungai Liat, Bangka Regency, Bangka Belitung Islands, Indonesia","{'location': {'lat': -1.8705359, 'lng': 106.1574145}, 'viewport': {'northeast': {'lat': -1.869267420107278, 'lng': 106.1587291798927}, 'southwest': {'lat': -1.871967079892722, 'lng': 106.1560295201073}}}",https://maps.gstatic.com/mapfiles/place_api/icons/v1/png_71/generic_business-71.png,#13B5C7,https://maps.gstatic.com/mapfiles/place_api/icons/v2/generic_pinlet,Pantai Tambak Udang,"[{'height': 2760, 'html_attributions': ['<a href=""https://maps.google.com/maps/contrib/113815744921683302643"">Aufar Tirta</a>'], 'photo_reference': 'AUGGfZkQYQ4kmlbkcXgpg-Zgp3KpGydrVEOB8-BUCj0lFCK1QLF3CNXefH2ECnMhF7uYPzZgXVFMyWTCiCb6WrZEm8q4oOlHp08K8SvDUKvEprpWn56uJIxtHJpFn-9Q5XdKKDt_IR95Khi7nKRohIRBcL70ek_2E1_UvLPseYjcNn47C1Ez', 'width': 4896}]",ChIJ4dtozyrzIi4RaaZe55X1yX0,ChIJ4dtozyrzIi4RaaZe55X1yX0,"['tourist_attraction', 'point_of_interest', 'establishment']",OPERATIONAL,{'open_now': True},4.2,33.0,,,https://www.google.com/maps/place/?q=place_id:ChIJ4dtozyrzIi4RaaZe55X1yX0
"34XM+49W, Jl. Bukit Permai, Parit Padang, Sungai Liat, Kabupaten Bangka, Kepulauan Bangka Belitung 33211, Indonesia","{'location': {'lat': -1.9021467, 'lng': 106.1334594}, 'viewport': {'northeast': {'lat': -1.900643970107277, 'lng': 106.1347822298927}, 'southwest': {'lat': -1.903343629892722, 'lng': 106.1320825701073}}}",https://maps.gstatic.com/mapfiles/place_api/icons/v1/png_71/generic_business-71.png,#13B5C7,https://maps.gstatic.com/mapfiles/place_api/icons/v2/generic_pinlet,Kolong,,ChIJm3cAT47zIi4R5OMdC3jfqGk,ChIJm3cAT47zIi4R5OMdC3jfqGk,"['tourist_attraction', 'point_of_interest', 'establishment']",OPERATIONAL,,3.0,1.0,,,https://www.google.com/maps/place/?q=place_id:ChIJm3cAT47zIi4R5OMdC3jfqGk
"Jl. Laut, Kampung Pasir, Sungai Liat, Kabupaten Bangka, Kepulauan Bangka Belitung 33211, Indonesia","{'location': {'lat': -1.8335753, 'lng': 106.1223595}, 'viewport': {'northeast': {'lat': -1.832273020107277, 'lng': 106.1236237298927}, 'southwest': {'lat': -1.834972679892722, 'lng': 106.1209240701073}}}",https://maps.gstatic.com/mapfiles/place_api/icons/v1/png_71/generic_business-71.png,#13B5C7,https://maps.gstatic.com/mapfiles/place_api/icons/v2/generic_pinlet,Pantai Tongaci,"[{'height': 3216, 'html_attributions': ['<a href=""https://maps.google.com/maps/contrib/106908615661712670331"">A Google User</a>'], 'photo_reference': 'AUGGfZkc8rB7uC20sNI7_NlKy45k6rCIN4uXvwUSA8vgL0uAC3raLNCQ1bZL4cPc8lLC30lQXTHS_vuZmgKLZvR4jo6bFxjkWEbnncRgkibbyrZckcq0Y3TEJZW6L3mQ1vCETN6Ae1EceLF9QvKB6otmfUPZSJ_Uouyt593VezS4XK-8PZtI', 'width': 4288}]",ChIJYX1gu4X1Ii4RoRZ-jpDXlmo,ChIJYX1gu4X1Ii4RoRZ-jpDXlmo,"['tourist_attraction', 'point_of_interest', 'establishment']",OPERATIONAL,{'open_now': False},4.9,7.0,"{'compound_code': '548C+HW Sinar Baru, Bangka Regency, Bangka Belitung Islands, Indonesia', 'global_code': '6PC8548C+HW'}",,https://www.google.com/maps/place/?q=place_id:ChIJYX1gu4X1Ii4RoRZ-jpDXlmo
"Jl. Pagoda, Rebo, Sungai Liat, Kabupaten Bangka, Kepulauan Bangka Belitung 33211, Indonesia","{'location': {'lat': -1.9105585, 'lng': 106.1556329}, 'viewport': {'northeast': {'lat': -1.909205820107277, 'lng': 106.1569802798927}, 'southwest': {'lat': -1.911905479892722, 'lng': 106.1542806201073}}}",https://maps.gstatic.com/mapfiles/place_api/icons/v1/png_71/generic_business-71.png,#13B5C7,https://maps.gstatic.com/mapfiles/place_api/icons/v2/generic_pinlet,Pagoda Hill,"[{'height': 3472, 'html_attributions': ['<a href=""https://maps.google.com/maps/contrib/109573216170658456167"">VK VK</a>'], 'photo_reference': 'AUGGfZmRITSUra8ZQuZeK-crv6OvVBPzFnJQ0QSqPnPd8KlSNUcRyIckunxhbCbOvcvFNHEzcYEhlwXCafaDOHf8Oaf3h3vybvKVxMaakeWKH4uVEPfXugAm0WjvkV0xhOOGg5gpmWDS6es4P9Vmx2n0DX1OLxa0R5i6nJMz7ZqfZocyPucI', 'width': 4624}]",ChIJI44rgUztIi4RTSAnvlRhVJw,ChIJI44rgUztIi4RTSAnvlRhVJw,"['tourist_attraction', 'point_of_interest', 'establishment']",OPERATIONAL,{'open_now': False},4.2,171.0,"{'compound_code': '35Q4+Q7 Rebo, Bangka Regency, Bangka Belitung Islands, Indonesia', 'global_code': '6PC835Q4+Q7'}",,https://www.google.com/maps/place/?q=place_id:ChIJI44rgUztIi4RTSAnvlRhVJw
"44VP+6R, Sungailiat, Sungai Liat, Bangka Regency, Bangka Belitung Islands, Indonesia","{'location': {'lat': -1.8569279, 'lng': 106.1371099}, 'viewport': {'northeast': {'lat': -1.855606920107278, 'lng': 106.1385199298927}, 'southwest': {'lat': -1.858306579892722, 'lng': 106.1358202701073}}}",https://maps.gstatic.com/mapfiles/place_api/icons/v1/png_71/generic_business-71.png,#13B5C7,https://maps.gstatic.com/mapfiles/place_api/icons/v2/generic_pinlet,Pantai gurun pasir,"[{'height': 2176, 'html_attributions': ['<a href=""https://maps.google.com/maps/contrib/113491610408119982763"">A Google User</a>'], 'photo_reference': 'AUGGfZl9gbnwpVK9nqjAoAAVEVKcdyEJ4lScmAF6RrPycW-F-uRdYkg_HFBPLJxPbsf4H2r7iJR5-Hquxhrut1Dt29Aa14406ghb7e2v2vSohqtCFHQn3ZCJRqYNzCOzcv_OWyKhLNqEyI-VAIjpo9t0JeCBrdN5RVeKG5Ye66pwRXGWP5x_', 'width': 3776}]",ChIJfa3AiFLzIi4RIaQyUKOilDE,ChIJfa3AiFLzIi4RIaQyUKOilDE,"['tourist_attraction', 'point_of_interest', 'establishment']",OPERATIONAL,{'open_now': True},3.5,2.0,,,https://www.google.com/maps/place/?q=place_id:ChIJfa3AiFLzIi4RIaQyUKOilDE
"44F7+4XF, Parit Padang, Sungai Liat, Bangka Regency, Bangka Belitung Islands 33215, Indonesia","{'location': {'lat': -1.877183, 'lng': 106.1149182}, 'viewport': {'northeast': {'lat': -1.875836270107277, 'lng': 106.1162873298927}, 'southwest': {'lat': -1.878535929892722, 'lng': 106.1135876701073}}}",https://maps.gstatic.com/mapfiles/place_api/icons/v1/png_71/generic_business-71.png,#13B5C7,https://maps.gstatic.com/mapfiles/place_api/icons/v2/generic_pinlet,wisata,,ChIJd_HEoZTzIi4RewXtOxBb9aE,ChIJd_HEoZTzIi4RewXtOxBb9aE,"['tourist_attraction', 'point_of_interest', 'establishment']",OPERATIONAL,,0.0,0.0,,,https://www.google.com/maps/place/?q=place_id:ChIJd_HEoZTzIi4RewXtOxBb9aE
"35J8+4J9, Jl. Patimura, Rebo, Sungai Liat, Kabupaten Bangka, Kepulauan Bangka Belitung 33211, Indonesia","{'location': {'lat': -1.9197027, 'lng': 106.1666056}, 'viewport': {'northeast': {'lat': -1.918352870107278, 'lng': 106.1679554298927}, 'southwest': {'lat': -1.921052529892722, 'lng': 106.1652557701073}}}",https://maps.gstatic.com/mapfiles/place_api/icons/v1/png_71/generic_business-71.png,#13B5C7,https://maps.gstatic.com/mapfiles/place_api/icons/v2/generic_pinlet,Rumah kiki,,ChIJW6sIFQCTIi4R-dzUj-m96zU,ChIJW6sIFQCTIi4R-dzUj-m96zU,"['tourist_attraction', 'point_of_interest', 'establishment']",OPERATIONAL,,0.0,0.0,,,https://www.google.com/maps/place/?q=place_id:ChIJW6sIFQCTIi4R-dzUj-m96zU
"53VX+6PM, Sinar Baru, Sungai Liat, Bangka Regency, Bangka Belitung Islands 33211, Indonesia","{'location': {'lat': -1.8069204, 'lng': 106.099291}, 'viewport': {'northeast': {'lat': -1.805672820107277, 'lng': 106.1010130298927}, 'southwest': {'lat': -1.808372479892722, 'lng': 106.0983133701073}}}",https://maps.gstatic.com/mapfiles/place_api/icons/v1/png_71/generic_business-71.png,#13B5C7,https://maps.gstatic.com/mapfiles/place_api/icons/v2/generic_pinlet,Kebun sahang,,ChIJvXGlf7j1Ii4Rwr4JDrFLiAU,ChIJvXGlf7j1Ii4Rwr4JDrFLiAU,"['tourist_attraction', 'point_of_interest', 'establishment']",OPERATIONAL,,0.0,0.0,,,https://www.google.com/maps/place/?q=place_id:ChIJvXGlf7j1Ii4Rwr4JDrFLiAU
"44P3+FVQ, Sri Menanti, Sungai Liat, Bangka Regency, Bangka Belitung Islands 33215, Indonesia","{'location': {'lat': -1.8635287, 'lng': 106.1048161}, 'viewport': {'northeast': {'lat': -1.862178870107277, 'lng': 106.1061659298927}, 'southwest': {'lat': -1.864878529892722, 'lng': 106.1034662701073}}}",https://maps.gstatic.com/mapfiles/place_api/icons/v1/png_71/generic_business-71.png,#13B5C7,https://maps.gstatic.com/mapfiles/place_api/icons/v2/generic_pinlet,Flora dan Fauna Koko,"[{'height': 978, 'html_attributions': ['<a href=""https://maps.google.com/maps/contrib/111041338551133022895"">A Google User</a>'], 'photo_reference': 'AUGGfZlHQTH3OznOFTmtzwJjJ-ji6frGa7lSLgNwmZZW_KlQv0qb5u0e0n7iXbIqcPu104u-RWx9FI8rO4Sl_JTvdddVor19qBBgkDGTscZNo1NScwN08jzkj1f5zWtFXawY0s9gBFsWt1oqwc3BIIDSh1DC-NlG0AJfh3ZcFgTq8uV926ZW', 'width': 828}]",ChIJafYrmbvzIi4RyJvBMJH8jBE,ChIJafYrmbvzIi4RyJvBMJH8jBE,"['tourist_attraction', 'point_of_interest', 'establishment']",OPERATIONAL,{'open_now': True},5.0,2.0,,,https://www.google.com/maps/place/?q=place_id:ChIJafYrmbvzIi4RyJvBMJH8jBE
"Lingkungan, Jl. Bukit Semut, Parit Padang, Sungai Liat, Kabupaten Bangka, Kepulauan Bangka Belitung 33215, Indonesia","{'location': {'lat': -1.9104052, 'lng': 106.1005591}, 'viewport': {'northeast': {'lat': -1.908787370107278, 'lng': 106.1015466798927}, 'southwest': {'lat': -1.911487029892722, 'lng': 106.0988470201073}}}",https://maps.gstatic.com/mapfiles/place_api/icons/v1/png_71/generic_business-71.png,#13B5C7,https://maps.gstatic.com/mapfiles/place_api/icons/v2/generic_pinlet,Bangka Menanam,"[{'height': 2160, 'html_attributions': ['<a href=""https://maps.google.com/maps/contrib/107164229660104940036"">A Google User</a>'], 'photo_reference': 'AUGGfZlkypz7OJrihglfG4mn6qkYBPCxjKiU3opsAzrw3n6KCCosKflMK4mMqCUbv4NYe-c9QiltdPCU_bZPqjrH9dYzG18G4zxAkBPY71AshbET0MbJZPZtuvJQWVM9SB3nHljrA-pr2gg1Z3XgaI4tp_HeIqR44eDLghhSIiKnAKyAPQbg', 'width': 3840}]",ChIJKVFaU4ntIi4Ru3ALma7veXg,ChIJKVFaU4ntIi4Ru3ALma7veXg,"['tourist_attraction', 'point_of_interest', 'establishment']",OPERATIONAL,,5.0,1.0,"{'compound_code': '34Q2+R6 Parit Padang, Bangka Regency, Bangka Belitung Islands, Indonesia', 'global_code': '6PC834Q2+R6'}",,https://www.google.com/maps/place/?q=place_id:ChIJKVFaU4ntIi4Ru3ALma7veXg
"439W+CWC, Parit Padang, Sungai Liat, Bangka Regency, Bangka Belitung Islands 33215, Indonesia","{'location': {'lat': -1.8814311, 'lng': 106.0972777}, 'viewport': {'northeast': {'lat': -1.878741299999999, 'lng': 106.0987273298927}, 'southwest': {'lat': -1.8823277, 'lng': 106.0960276701073}}}",https://maps.gstatic.com/mapfiles/place_api/icons/v1/png_71/generic_business-71.png,#13B5C7,https://maps.gstatic.com/mapfiles/place_api/icons/v2/generic_pinlet,Bukit Siam,"[{'height': 3120, 'html_attributions': ['<a href=""https://maps.google.com/maps/contrib/103015589314056715990"">agus ferjhonatan</a>'], 'photo_reference': 'AUGGfZkDGKcSb2FSK6ol_xGj24DS4XJJ2KLyFHf8D_nmHECCAinOXb0NM0q1kq1cynxgyaYQl-mvJpkntFGeSpZdwRYyoi-BxosBfeBvzGBQEj9PpR4XRN7q2uFpPbfrDPsv59Yb_EbkyMPK8RV3nAq784Xw4p9MCG-3AP0IiaJxQ3k1RMSd', 'width': 4160}]",ChIJg0u1bvnyIi4RYEPWyWY31I8,ChIJg0u1bvnyIi4RYEPWyWY31I8,"['tourist_attraction', 'point_of_interest', 'establishment']",OPERATIONAL,{'open_now': False},4.2,97.0,,,https://www.google.com/maps/place/?q=place_id:ChIJg0u1bvnyIi4RYEPWyWY31I8
"35H8+836, Jl. Lintas Timur, Rebo, Sungai Liat, Kabupaten Bangka, Kepulauan Bangka Belitung 33211, Indonesia","{'location': {'lat': -1.9217059, 'lng': 106.1651366}, 'viewport': {'northeast': {'lat': -1.919943170107278, 'lng': 106.1668725298927}, 'southwest': {'lat': -1.922642829892722, 'lng': 106.1641728701073}}}",https://maps.gstatic.com/mapfiles/place_api/icons/v1/png_71/generic_business-71.png,#13B5C7,https://maps.gstatic.com/mapfiles/place_api/icons/v2/generic_pinlet,Cemara Beach Resort,"[{'height': 3464, 'html_attributions': ['<a href=""https://maps.google.com/maps/contrib/108857313235319288724"">Anthon</a>'], 'photo_reference': 'AUGGfZmUQybZTpqIenakHtEsH8U7gBeYidQ7h1IGhNIGXEfwVWpHqIvHJC_mGZTC_n_oponl493tSyVZKbFozCh6deVSAdAXfveeDrglOjkvU7012mCGvXaPgucUurSNcZ2Gpu_ltDcyqJQ9O06Ggq9dyhdC0DMWq3tHWoPdNTmO1fnUisAp', 'width': 4618}]",ChIJ-SPLo_OTIi4RfwtiAXLKsAc,ChIJ-SPLo_OTIi4RfwtiAXLKsAc,"['tourist_attraction', 'point_of_interest', 'establishment']",OPERATIONAL,{'open_now': False},4.2,175.0,,,https://www.google.com/maps/place/?q=place_id:ChIJ-SPLo_OTIi4RfwtiAXLKsAc
"455H+9W, Parit Padang, Sungai Liat, Kabupaten Bangka, Kepulauan Bangka Belitung, Indonesia","{'location': {'lat': -1.8895211, 'lng': 106.1786395}, 'viewport': {'northeast': {'lat': -1.888199170107278, 'lng': 106.1799611798927}, 'southwest': {'lat': -1.890898829892722, 'lng': 106.1772615201073}}}",https://maps.gstatic.com/mapfiles/place_api/icons/v1/png_71/generic_business-71.png,#13B5C7,https://maps.gstatic.com/mapfiles/place_api/icons/v2/generic_pinlet,Pantai Banda,"[{'height': 3120, 'html_attributions': ['<a href=""https://maps.google.com/maps/contrib/116227863987486863162"">A Google User</a>'], 'photo_reference': 'AUGGfZmz3NKJJX2p0rDH2N1bLWKaoyxYX5gsAWl6SdAAcLLsJL4KQmahJmF_CX4tr5JCV7hFv4QT-vVHn9sK7RnK-w0gqQh9Zfk-mxzUT_ES5ET6308iAykGEJn76hLSkczvI8VG8KPxfP9a913P4QC0XRx58syEqV9CmgOH5VbKIijGrDvw', 'width': 4160}]",ChIJc9AGVgCNIi4RqcVrzlGeAaM,ChIJc9AGVgCNIi4RqcVrzlGeAaM,"['tourist_attraction', 'point_of_interest', 'establishment']",OPERATIONAL,{'open_now': True},0.0,0.0,,,https://www.google.com/maps/place/?q=place_id:ChIJc9AGVgCNIi4RqcVrzlGeAaM
"53JQ+24, Sinar Baru, Sungai Liat, Bangka Regency, Bangka Belitung Islands, Indonesia","{'location': {'lat': -1.8198872, 'lng': 106.0878464}, 'viewport': {'northeast': {'lat': -1.818473720107278, 'lng': 106.0892722298927}, 'southwest': {'lat': -1.821173379892722, 'lng': 106.0865725701073}}}",https://maps.gstatic.com/mapfiles/place_api/icons/v1/png_71/generic_business-71.png,#13B5C7,https://maps.gstatic.com/mapfiles/place_api/icons/v2/generic_pinlet,Plantation home,,ChIJ5Tf1VQD1Ii4RNoCVXeeXjkY,ChIJ5Tf1VQD1Ii4RNoCVXeeXjkY,"['tourist_attraction', 'point_of_interest', 'establishment']",OPERATIONAL,,0.0,0.0,,,https://www.google.com/maps/place/?q=place_id:ChIJ5Tf1VQD1Ii4RNoCVXeeXjkY
"5455+CC, Kuday, Sungai Liat, Bangka Regency, Bangka Belitung Islands, Indonesia","{'location': {'lat': -1.8414418, 'lng': 106.1085564}, 'viewport': {'northeast': {'lat': -1.840329370107278, 'lng': 106.1100570298927}, 'southwest': {'lat': -1.843029029892723, 'lng': 106.1073573701073}}}",https://maps.gstatic.com/mapfiles/place_api/icons/v1/png_71/generic_business-71.png,#13B5C7,https://maps.gstatic.com/mapfiles/place_api/icons/v2/generic_pinlet,Keramba Apung,"[{'height': 4160, 'html_attributions': ['<a href=""https://maps.google.com/maps/contrib/108727760858248925455"">Deddy Agus</a>'], 'photo_reference': 'AUGGfZkjytirjETAELfsI5oDwvwVByWCHKPXIEFhn0E88YRyZjwW4e8Ce_WWYF4ZetLEhK6k0M8G_ukeqr5l-JuJcLTKt6wH43Ok40srn-8N5Y9zcYlYZYd_xnjRpXzD4ETb2RJiBwuclF36Nxf5LoHAi2x1_rTgnf-EkjP3ucOxYxAbaHsO', 'width': 1872}]",ChIJ00h3oRnzIi4RItlSROI79P8,ChIJ00h3oRnzIi4RItlSROI79P8,"['tourist_attraction', 'point_of_interest', 'establishment']",OPERATIONAL,,4.5,2.0,,,https://www.google.com/maps/place/?q=place_id:ChIJ00h3oRnzIi4RItlSROI79P8
"Jalan Lintas Timur, Rebo, Sungai Liat, Kabupaten Bangka, Kepulauan Bangka Belitung, Indonesia","{'location': {'lat': -1.929867, 'lng': 106.1612784}, 'viewport': {'northeast': {'lat': -1.928025320107278, 'lng': 106.16305345}, 'southwest': {'lat': -1.930724979892722, 'lng': 106.15595325}}}",https://maps.gstatic.com/mapfiles/place_api/icons/v1/png_71/generic_business-71.png,#13B5C7,https://maps.gstatic.com/mapfiles/place_api/icons/v2/generic_pinlet,Pantai Indah Rebo,"[{'height': 2084, 'html_attributions': ['<a href=""https://maps.google.com/maps/contrib/107674440185997182005"">A Google User</a>'], 'photo_reference': 'AUGGfZmrMMmnlRQjNLFvVbLqjZhPzm3nukyGT0oTJnxtlCqwNSdrxxuNYXgin32uYJ5N7GjmKYVJ4lrjueMIVCaGiRQZ4QCtB5umaWq0z2EwaETQ8fc92B7q0m5W-AgBOI_2js0kNvOtZ4tmGNhtDTSXYUbskuz7uGFh6t87kAjVlNvnNY-x', 'width': 4624}]",ChIJ-WX8JICTIi4R29xI0eaK9f8,ChIJ-WX8JICTIi4R29xI0eaK9f8,"['tourist_attraction', 'point_of_interest', 'establishment']",OPERATIONAL,{'open_now': False},5.0,8.0,"{'compound_code': '35C6+3G Rebo, Bangka Regency, Bangka Belitung Islands, Indonesia', 'global_code': '6PC835C6+3G'}",,https://www.google.com/maps/place/?q=place_id:ChIJ-WX8JICTIi4R29xI0eaK9f8
"539W+HX7, Jl. Matras Lama, Sinar Baru, Sungai Liat, Kabupaten Bangka, Kepulauan Bangka Belitung 33211, Indonesia","{'location': {'lat': -1.8310882, 'lng': 106.0974081}, 'viewport': {'northeast': {'lat': -1.829738370107278, 'lng': 106.0987579298927}, 'southwest': {'lat': -1.832438029892723, 'lng': 106.0960582701073}}}",https://maps.gstatic.com/mapfiles/place_api/icons/v1/png_71/generic_business-71.png,#13B5C7,https://maps.gstatic.com/mapfiles/place_api/icons/v2/generic_pinlet,Pantai tanjung Kelayang,,ChIJJy1wRgD1Ii4RZsUI9Ls45Hc,ChIJJy1wRgD1Ii4RZsUI9Ls45Hc,"['tourist_attraction', 'point_of_interest', 'establishment']",OPERATIONAL,,0.0,0.0,,,https://www.google.com/maps/place/?q=place_id:ChIJJy1wRgD1Ii4RZsUI9Ls45Hc
"45CF+X5M, Parit Padang, Sungai Liat, Bangka Regency, Bangka Belitung Islands, Indonesia","{'location': {'lat': -1.8770385, 'lng': 106.1718584}, 'viewport': {'northeast': {'lat': -1.875970920107277, 'lng': 106.1732330298927}, 'southwest': {'lat': -1.878670579892722, 'lng': 106.1705333701073}}}",https://maps.gstatic.com/mapfiles/place_api/icons/v1/png_71/generic_business-71.png,#13B5C7,https://maps.gstatic.com/mapfiles/place_api/icons/v2/generic_pinlet,Pantai Tanjung Batu Uber Pesona,,ChIJH6EYCwCNIi4RgwoyLAOmQ50,ChIJH6EYCwCNIi4RgwoyLAOmQ50,"['tourist_attraction', 'point_of_interest', 'establishment']",OPERATIONAL,,1.0,1.0,,,https://www.google.com/maps/place/?q=place_id:ChIJH6EYCwCNIi4RgwoyLAOmQ50
"Depan islamic center, Kelurahan Matras Lingkungan Hakok, Jl. Matras Lama, Pandan, Sungai Liat, Kabupaten Bangka, Kepulauan Bangka Belitung 33215, Indonesia","{'location': {'lat': -1.8242165, 'lng': 106.0995989}, 'viewport': {'northeast': {'lat': -1.822767120107278, 'lng': 106.1009849798927}, 'southwest': {'lat': -1.825466779892722, 'lng': 106.0982853201073}}}",https://maps.gstatic.com/mapfiles/place_api/icons/v1/png_71/generic_business-71.png,#13B5C7,https://maps.gstatic.com/mapfiles/place_api/icons/v2/generic_pinlet,Kelekak Kulong Pandan Al Ghifari,"[{'height': 3120, 'html_attributions': ['<a href=""https://maps.google.com/maps/contrib/107760007351182717188"">A Google User</a>'], 'photo_reference': 'AUGGfZnmysjRkaGHLEfvi1GBRMGIzuvHX9MWueefraPvvP5qK3iVhxtgmyHgjZxSvl3u_gUesgSZ-gwHB82e1WlUcXVxkB5NjdNX40NC2b-J-XB9dWrv17lQzb1OkMuimO99MKcyTI10OgiZZrimIQRlU_0l-gfX6psR8gCl-Xrz_rH2GgBk', 'width': 4160}]",ChIJIVcCHVX1Ii4RbSO20w_ulcI,ChIJIVcCHVX1Ii4RbSO20w_ulcI,"['tourist_attraction', 'point_of_interest', 'establishment']",OPERATIONAL,{'open_now': False},4.6,5.0,"{'compound_code': '53GX+8R Sinar Baru, Bangka Regency, Bangka Belitung Islands, Indonesia', 'global_code': '6PC853GX+8R'}",,https://www.google.com/maps/place/?q=place_id:ChIJIVcCHVX1Ii4RbSO20w_ulcI
"457G+24H, Parit Padang, Sungai Liat, Bangka Regency, Bangka Belitung Islands 33211, Indonesia","{'location': {'lat': -1.887892, 'lng': 106.175642}, 'viewport': {'northeast': {'lat': -1.886671970107278, 'lng': 106.1769040298927}, 'southwest': {'lat': -1.889371629892722, 'lng': 106.1742043701073}}}",https://maps.gstatic.com/mapfiles/place_api/icons/v1/png_71/generic_business-71.png,#13B5C7,https://maps.gstatic.com/mapfiles/place_api/icons/v2/generic_pinlet,Pantai Tikus Emas,"[{'height': 2322, 'html_attributions': ['<a href=""https://maps.google.com/maps/contrib/113375756505955995352"">3n.face</a>'], 'photo_reference': 'AUGGfZnt4fcKpKM-WneewG_89koMrTqWH0xZHXL2NrCKGFPPjti_dY0qp6DZOV7xtJVuroxvZZTjGgeRndd1Dybme_Va14Whr7mQF-n8N_9SUQ-9wzCzZa_MIqt3IHL7A_YIJt1fReOrbZMmnvOhrk7sy4hSKSx9uZ2LfV08CMZtrjxzpyTO', 'width': 4128}]",ChIJhSjUMEmNIi4RTcVxdboI120,ChIJhSjUMEmNIi4RTcVxdboI120,"['tourist_attraction', 'point_of_interest', 'establishment']",OPERATIONAL,,4.7,18.0,,,https://www.google.com/maps/place/?q=place_id:ChIJhSjUMEmNIi4RTcVxdboI120
"45G9+RX, Parit Padang, Sungai Liat, Bangka Regency, Bangka Belitung Islands, Indonesia","{'location': {'lat': -1.872973, 'lng': 106.1698867}, 'viewport': {'northeast': {'lat': -1.871806120107277, 'lng': 106.1712664298927}, 'southwest': {'lat': -1.874505779892722, 'lng': 106.1685667701073}}}",https://maps.gstatic.com/mapfiles/place_api/icons/v1/png_71/generic_business-71.png,#13B5C7,https://maps.gstatic.com/mapfiles/place_api/icons/v2/generic_pinlet,Pos 1,"[{'height': 1800, 'html_attributions': ['<a href=""https://maps.google.com/maps/contrib/112807795797840814788"">yurry saputra</a>'], 'photo_reference': 'AUGGfZmkk_awMzE9qMr7H2cbuJ7ut-KJ-zjM41vcsJwbB8TyeXcoQIOlP9jsm7KsqI7OA8D4P4JI52q4ANvhoygNB7KjYtOCxpd981dZnxfvj-mBOIwOYEtIOWiNNdsrujaABH1pxwSvasnTwQkxaCKj1uuvjYV1m0ERuu8uSHbmAcR8QCrA', 'width': 4000}]",ChIJL3pUQaeNIi4RxFXdoarkfIk,ChIJL3pUQaeNIi4RxFXdoarkfIk,"['tourist_attraction', 'point_of_interest', 'establishment']",OPERATIONAL,,5.0,1.0,,,https://www.google.com/maps/place/?q=place_id:ChIJL3pUQaeNIi4RxFXdoarkfIk
"Uber Bay, Parit Padang, Sungai Liat, Kabupaten Bangka, Kepulauan Bangka Belitung, Indonesia","{'location': {'lat': -1.8752685, 'lng': 106.1715464}, 'viewport': {'northeast': {'lat': -1.873903320107278, 'lng': 106.1728584798927}, 'southwest': {'lat': -1.876602979892722, 'lng': 106.1701588201073}}}",https://maps.gstatic.com/mapfiles/place_api/icons/v1/png_71/generic_business-71.png,#13B5C7,https://maps.gstatic.com/mapfiles/place_api/icons/v2/generic_pinlet,PANTAI TELUK UBER,"[{'height': 1536, 'html_attributions': ['<a href=""https://maps.google.com/maps/contrib/113506834805088439374"">Nata Bangka</a>'], 'photo_reference': 'AUGGfZl5sIfHQRybIPodpqJQXfJGJ9L2IXxva2fSWt9R1AyE01v_ne77vmcBOS4_r53fsqsay47UfeXG0pJkNzTY9xm7L8op9wkmdj1OhA0JsTrUfFwLMQG0Uy3UbvZJvdtyvDt_CJGCcPTenDS3JFywVNNerBxxjhxc68c1LcONYHs3eyxP', 'width': 2048}]",ChIJU1EYQSaNIi4R2kV0xCQgNuk,ChIJU1EYQSaNIi4R2kV0xCQgNuk,"['tourist_attraction', 'point_of_interest', 'establishment']",OPERATIONAL,{'open_now': False},4.2,354.0,"{'compound_code': '45FC+VJ Parit Padang, Bangka Regency, Bangka Belitung Islands, Indonesia', 'global_code': '6PC845FC+VJ'}",,https://www.google.com/maps/place/?q=place_id:ChIJU1EYQSaNIi4R2kV0xCQgNuk
"452P+5JW, Parit Padang, Sungai Liat, Bangka Regency, Bangka Belitung Islands, Indonesia","{'location': {'lat': -1.8995166, 'lng': 106.1865919}, 'viewport': {'northeast': {'lat': -1.898089270107278, 'lng': 106.1876089298927}, 'southwest': {'lat': -1.900788929892723, 'lng': 106.1849092701073}}}",https://maps.gstatic.com/mapfiles/place_api/icons/v1/png_71/generic_business-71.png,#13B5C7,https://maps.gstatic.com/mapfiles/place_api/icons/v2/generic_pinlet,Pantai Batu Perahu,"[{'height': 4032, 'html_attributions': ['<a href=""https://maps.google.com/maps/contrib/107664214503646090172"">Ridho Agusliandi Putra</a>'], 'photo_reference': 'AUGGfZmHw_7XbVPU50_d1kSAL83in2-YbOqFQ17O5U_nlBqmyN9l4XWAfHMNeS2Jel70TdBWq99QK0i4tHh8AzTwoRLwds35yCbXi2pGvXurru_8H4NgjFBakqxhw2BN68GBSCxbw-Gkg6eQSMPD8aASChq-7Kwbta2iwNiA0Dt-hCnL0kUv', 'width': 3024}]",ChIJB7NrvaSNIi4R56zmpg7p3tg,ChIJB7NrvaSNIi4R56zmpg7p3tg,"['tourist_attraction', 'point_of_interest', 'establishment']",OPERATIONAL,{'open_now': False},4.8,6.0,,,https://www.google.com/maps/place/?q=place_id:ChIJB7NrvaSNIi4R56zmpg7p3tg
"35VJ+GC7, Unnamed Road, Parit Padang, Sungai Liat, Kabupaten Bangka, Kepulauan Bangka Belitung 33211, Indonesia","{'location': {'lat': -1.9062177, 'lng': 106.1810515}, 'viewport': {'northeast': {'lat': -1.904952870107278, 'lng': 106.1824558798927}, 'southwest': {'lat': -1.907652529892722, 'lng': 106.1797562201073}}}",https://maps.gstatic.com/mapfiles/place_api/icons/v1/png_71/generic_business-71.png,#13B5C7,https://maps.gstatic.com/mapfiles/place_api/icons/v2/generic_pinlet,TAMAN ALAM PUNDOK UTAN,"[{'height': 3000, 'html_attributions': ['<a href=""https://maps.google.com/maps/contrib/107869882317033005926"">Arie Yuranda</a>'], 'photo_reference': 'AUGGfZkPnzWvCLsqjd68-XfHunp779YtOhOlc1gCHcpbbzj3OtdGKOyPnLeTF0BpMt2-svmACEmF8d3UQ9nhALCNmijkSHA28pPAslcjDyZ5cjWgo_oCsKXl-m0ekz-h9b-KUhInnMbXIqcouogBGrIzZiDJ_cD26egsvhbfKtkzW-vGAkky', 'width': 4000}]",ChIJ23HigICNIi4Rlaxhza1QhxA,ChIJ23HigICNIi4Rlaxhza1QhxA,"['tourist_attraction', 'point_of_interest', 'establishment']",OPERATIONAL,{'open_now': False},3.3,3.0,,,https://www.google.com/maps/place/?q=place_id:ChIJ23HigICNIi4Rlaxhza1QhxA
"346W+QGW Pantai Cemara Beach Resort, Jl. Lintas Timur, Rebo, Sungai Liat, Kabupaten Bangka, Kepulauan Bangka Belitung, Indonesia","{'location': {'lat': -1.9380041, 'lng': 106.1463317}, 'viewport': {'northeast': {'lat': -1.936506870107278, 'lng': 106.1480459798927}, 'southwest': {'lat': -1.939206529892722, 'lng': 106.1453463201073}}}",https://maps.gstatic.com/mapfiles/place_api/icons/v1/png_71/generic_business-71.png,#13B5C7,https://maps.gstatic.com/mapfiles/place_api/icons/v2/generic_pinlet,Herman,,ChIJ97N3WgDtIi4RcBmtBMDUFZg,ChIJ97N3WgDtIi4RcBmtBMDUFZg,"['tourist_attraction', 'point_of_interest', 'establishment']",OPERATIONAL,,0.0,0.0,,,https://www.google.com/maps/place/?q=place_id:ChIJ97N3WgDtIi4RcBmtBMDUFZg
"35WP+726, Jl. Pagoda, Rebo, Sungai Liat, Kabupaten Bangka, Kepulauan Bangka Belitung, Indonesia","{'location': {'lat': -1.9043449, 'lng': 106.1850115}, 'viewport': {'northeast': {'lat': -1.902643220107277, 'lng': 106.1857932798927}, 'southwest': {'lat': -1.905342879892722, 'lng': 106.1830936201073}}}",https://maps.gstatic.com/mapfiles/place_api/icons/v1/png_71/generic_business-71.png,#13B5C7,https://maps.gstatic.com/mapfiles/place_api/icons/v2/generic_pinlet,Pantai Mutiara Tikus,"[{'height': 3048, 'html_attributions': ['<a href=""https://maps.google.com/maps/contrib/102786262507533991396"">alhati diva</a>'], 'photo_reference': 'AUGGfZlAYpnDSLr5bRQ5TeuFO0_R5K6P-8cvvVYhYw0WfGmlPWzrJkKA0ex7WwycoNCjikLs_sDt7-JZQ7-XjQO1bQLqvdsQgpY1BJYxBxHBHT33SXy-bxhPfhKntLYBDZZXCAWdg_kWPRVa7l01SjNXUS_rtqySvoc-0Epclq7h_h5hYjW4', 'width': 4064}]",ChIJYTngNtaNIi4RzWNXcCBSt60,ChIJYTngNtaNIi4RzWNXcCBSt60,"['tourist_attraction', 'point_of_interest', 'establishment']",OPERATIONAL,{'open_now': True},4.6,14.0,,,https://www.google.com/maps/place/?q=place_id:ChIJYTngNtaNIi4RzWNXcCBSt60
"34CW+M8R, Jl. Pagoda, Rebo, Sungai Liat, Kabupaten Bangka, Kepulauan Bangka Belitung 33211, Indonesia","{'location': {'lat': -1.9282667, 'lng': 106.1457633}, 'viewport': {'northeast': {'lat': -1.927002870107278, 'lng': 106.1470401798927}, 'southwest': {'lat': -1.929702529892722, 'lng': 106.1443405201073}}}",https://maps.gstatic.com/mapfiles/place_api/icons/v1/png_71/generic_business-71.png,#13B5C7,https://maps.gstatic.com/mapfiles/place_api/icons/v2/generic_pinlet,Rumah jodoh na jaemin,,ChIJdXbdiaztIi4RE5hiVRvX9ZA,ChIJdXbdiaztIi4RE5hiVRvX9ZA,"['tourist_attraction', 'point_of_interest', 'establishment']",OPERATIONAL,,5.0,1.0,,,https://www.google.com/maps/place/?q=place_id:ChIJdXbdiaztIi4RE5hiVRvX9ZA
"35RM+VM, Parit Padang, Sungai Liat, Kabupaten Bangka, Kepulauan Bangka Belitung, Indonesia","{'location': {'lat': -1.9078205, 'lng': 106.1842068}, 'viewport': {'northeast': {'lat': -1.904453300000001, 'lng': 106.1851836}, 'southwest': {'lat': -1.9089429, 'lng': 106.1812764}}}",https://maps.gstatic.com/mapfiles/place_api/icons/v1/png_71/generic_business-71.png,#13B5C7,https://maps.gstatic.com/mapfiles/place_api/icons/v2/generic_pinlet,Pantai Ujung Batu,"[{'height': 9248, 'html_attributions': ['<a href=""https://maps.google.com/maps/contrib/117748360828072332047"">A Google User</a>'], 'photo_reference': 'AUGGfZkk--mC3Y35_jwDUn8oaM9q9w6tCKkCfP-8tn4AGxG1-q7TG8hxrvDIhHbufuU5Wmfqj_xOCnVJp_59MZvc6illg2Ti94oCQpQSJd28dRY-bVugg7kdF5jJOyUxuikSLBfj-6dtyPoBb2Nw56kZOJe3VfIBL445dN3cwy5tOo0dmlDC', 'width': 6936}]",ChIJqzf_OACNIi4RaWlV6qge_E8,ChIJqzf_OACNIi4RaWlV6qge_E8,"['tourist_attraction', 'point_of_interest', 'establishment']",OPERATIONAL,,5.0,1.0,,,https://www.google.com/maps/place/?q=place_id:ChIJqzf_OACNIi4RaWlV6qge_E8
"6369+M8G, Sinar Baru, Sungai Liat, Bangka Regency, Bangka Belitung Islands 33253, Indonesia","{'location': {'lat': -1.7883199, 'lng': 106.0683146}, 'viewport': {'northeast': {'lat': -1.787163820107278, 'lng': 106.0703552}, 'southwest': {'lat': -1.789863479892722, 'lng': 106.0676344}}}",https://maps.gstatic.com/mapfiles/place_api/icons/v1/png_71/generic_business-71.png,#13B5C7,https://maps.gstatic.com/mapfiles/place_api/icons/v2/generic_pinlet,Danau Kauhin,,ChIJBfr8hVz1Ii4R4BZ9q1T7yyY,ChIJBfr8hVz1Ii4R4BZ9q1T7yyY,"['tourist_attraction', 'point_of_interest', 'establishment']",OPERATIONAL,,5.0,1.0,,,https://www.google.com/maps/place/?q=place_id:ChIJBfr8hVz1Ii4R4BZ9q1T7yyY
"35C8+V3F, Sungai Liat, Indonesia","{'location': {'lat': -1.9278135, 'lng': 106.1651829}, 'viewport': {'northeast': {'lat': -1.926191420107278, 'lng': 106.1665866298927}, 'southwest': {'lat': -1.928891079892722, 'lng': 106.1638869701073}}}",https://maps.gstatic.com/mapfiles/place_api/icons/v1/png_71/generic_business-71.png,#13B5C7,https://maps.gstatic.com/mapfiles/place_api/icons/v2/generic_pinlet,Pantai Mang Kalok,,ChIJ6VLEKwCTIi4RN_-Yh-e_FRI,ChIJ6VLEKwCTIi4RN_-Yh-e_FRI,"['tourist_attraction', 'point_of_interest', 'establishment']",OPERATIONAL,,0.0,0.0,,,https://www.google.com/maps/place/?q=place_id:ChIJ6VLEKwCTIi4RN_-Yh-e_FRI
"45J2+X45, Pulau, Sungailiat, Kepulauan Bangka Belitung, Indonesia","{'location': {'lat': -1.8676078, 'lng': 106.150361}, 'viewport': {'northeast': {'lat': -1.8666833, 'lng': 106.1513797}, 'southwest': {'lat': -1.8703813, 'lng': 106.1473049}}}",https://maps.gstatic.com/mapfiles/place_api/icons/v1/png_71/generic_business-71.png,#13B5C7,https://maps.gstatic.com/mapfiles/place_api/icons/v2/generic_pinlet,Bangka Bay Resort (BBR),"[{'height': 4067, 'html_attributions': ['<a href=""https://maps.google.com/maps/contrib/114296908132089582894"">Fernando Lian</a>'], 'photo_reference': 'AUGGfZmRfA80_-l3E12EzyPRQy5i04mD0KyT-7Qw2FCQELCDdMG3jHRA5tzacnA813M2tdhiE6x8_3Tidy5vU0cRf5I8bx9knXEQyqwQ_3lsuvX2uYufb1jfwN_ucKt7Stxqu1GpSdL0_1-klu5LdE56PbjUgxNiu8Wfa_AS0wbmSg8dPykx', 'width': 5429}]",ChIJg369yZzzIi4R9zAfbLGhi3E,ChIJg369yZzzIi4R9zAfbLGhi3E,"['tourist_attraction', 'point_of_interest', 'establishment']",OPERATIONAL,{'open_now': True},4.3,27.0,,,https://www.google.com/maps/place/?q=place_id:ChIJg369yZzzIi4R9zAfbLGhi3E
"3576+Q4, Rebo, Sungai Liat, Bangka Regency, Bangka Belitung Islands, Indonesia","{'location': {'lat': -1.9355625, 'lng': 106.1603125}, 'viewport': {'northeast': {'lat': -1.933768920107277, 'lng': 106.16221605}, 'southwest': {'lat': -1.936468579892722, 'lng': 106.15460185}}}",https://maps.gstatic.com/mapfiles/place_api/icons/v1/png_71/generic_business-71.png,#13B5C7,https://maps.gstatic.com/mapfiles/place_api/icons/v2/generic_pinlet,Kawasan Konservasi Bakau Yayasan Ikebana,"[{'height': 2252, 'html_attributions': ['<a href=""https://maps.google.com/maps/contrib/109195913366413233492"">muhammad irvan</a>'], 'photo_reference': 'AUGGfZl8xBUyKZtqUD9wHYaBUy_rCMsXhPg5hwCznNK3USaaaW06pCyD5M6_R4hNaSfgdVHYQjcpOSyv0rsEccqdQBVZ1t0sPgpj5rFygV1C_YwX0I9jz8XYmxQGnthHf3-WT1UJMwB6ZAozptT2w_KlEStAvos22aOX1rEzdf5AngAh-Cd2', 'width': 4000}]",ChIJr08b7ViTIi4R74uDePvu3GQ,ChIJr08b7ViTIi4R74uDePvu3GQ,"['tourist_attraction', 'point_of_interest', 'establishment']",OPERATIONAL,{'open_now': True},5.0,3.0,,,https://www.google.com/maps/place/?q=place_id:ChIJr08b7ViTIi4R74uDePvu3GQ
"Pantai Tongaci, Jl. Laut, Kampung Pasir, Sungai Liat, Kabupaten Bangka, Kepulauan Bangka Belitung 33211, Indonesia","{'location': {'lat': -1.8329963, 'lng': 106.1220644}, 'viewport': {'northeast': {'lat': -1.831700070107278, 'lng': 106.1233180798927}, 'southwest': {'lat': -1.834399729892722, 'lng': 106.1206184201073}}}",https://maps.gstatic.com/mapfiles/place_api/icons/v1/png_71/generic_business-71.png,#7B9EB0,https://maps.gstatic.com/mapfiles/place_api/icons/v2/generic_pinlet,Hatchlings Babel Sea Turtle Conservation,"[{'height': 1440, 'html_attributions': ['<a href=""https://maps.google.com/maps/contrib/118211902516677576175"">dwi oktarina</a>'], 'photo_reference': 'AUGGfZnC8y4vgdc8oBXeamwyZponFds16IST7Zl-grtOplrkG87q-Hgnf2KO4wgSeHhAdDR_L5VOHOJCra-TG7lmcpG6ag_oz_rGAQXxeH3yg3nqKCOqbL-0cHbah6PZbMZXxsNkGGv8CG6ADfVqNJjEnNr0LrKf2ONPA5wC2cWhpW12dT31', 'width': 2560}]",ChIJ58-72oL0Ii4REhOVwRoARx8,ChIJ58-72oL0Ii4REhOVwRoARx8,"['tourist_attraction', 'point_of_interest', 'establishment']",OPERATIONAL,{'open_now': False},4.3,63.0,"{'compound_code': '548C+RR Sinar Baru, Bangka Regency, Bangka Belitung Islands, Indonesia', 'global_code': '6PC8548C+RR'}",,https://www.google.com/maps/place/?q=place_id:ChIJ58-72oL0Ii4REhOVwRoARx8
"54P9+3J Teluk Pikat Camp Ground, Sinar Baru, Sungai Liat, Kabupaten Bangka, Kepulauan Bangka Belitung 33211, Indonesia","{'location': {'lat': -1.814052, 'lng': 106.1196343}, 'viewport': {'northeast': {'lat': -1.812467970107278, 'lng': 106.1208578798927}, 'southwest': {'lat': -1.815167629892722, 'lng': 106.1181582201073}}}",https://maps.gstatic.com/mapfiles/place_api/icons/v1/png_71/generic_business-71.png,#13B5C7,https://maps.gstatic.com/mapfiles/place_api/icons/v2/generic_pinlet,Dermaga DARU,,ChIJLTkPdgD1Ii4RYwNXS4pk72o,ChIJLTkPdgD1Ii4RYwNXS4pk72o,"['tourist_attraction', 'point_of_interest', 'establishment']",OPERATIONAL,,5.0,2.0,,,https://www.google.com/maps/place/?q=place_id:ChIJLTkPdgD1Ii4RYwNXS4pk72o
"639W+3G, Sinar Baru, Sungai Liat, Bangka Regency, Bangka Belitung Islands, Indonesia","{'location': {'lat': -1.782365, 'lng': 106.096322}, 'viewport': {'northeast': {'lat': -1.780871420107278, 'lng': 106.0979099798927}, 'southwest': {'lat': -1.783571079892722, 'lng': 106.0952103201073}}}",https://maps.gstatic.com/mapfiles/place_api/icons/v1/png_71/generic_business-71.png,#13B5C7,https://maps.gstatic.com/mapfiles/place_api/icons/v2/generic_pinlet,Tambang timah rajuk,,ChIJ91qKKQD1Ii4ROTiCcLjrIPc,ChIJ91qKKQD1Ii4ROTiCcLjrIPc,"['tourist_attraction', 'point_of_interest', 'establishment']",OPERATIONAL,{'open_now': True},1.0,1.0,,,https://www.google.com/maps/place/?q=place_id:ChIJ91qKKQD1Ii4ROTiCcLjrIPc
"35RH+X4H, Parit Padang, Sungai Liat, Bangka Regency, Bangka Belitung Islands 33211, Indonesia","{'location': {'lat': -1.9075001, 'lng': 106.1778942}, 'viewport': {'northeast': {'lat': -1.906135020107278, 'lng': 106.1791796298927}, 'southwest': {'lat': -1.908834679892722, 'lng': 106.1764799701073}}}",https://maps.gstatic.com/mapfiles/place_api/icons/v1/png_71/park-71.png,#4DB546,https://maps.gstatic.com/mapfiles/place_api/icons/v2/tree_pinlet,Taman Bintang Samudra,"[{'height': 768, 'html_attributions': ['<a href=""https://maps.google.com/maps/contrib/117470707341480289374"">Wibowo Gunawan</a>'], 'photo_reference': 'AUGGfZlj7X4w-H25HfA5Tsg9rJtZ67QxeDAU97BKRZYkHu6y2vq6N5ut2j3FMVPTSe3-zSRA5XG4w2meTefTvRr5Wxh_OviEp7LSErKzZHp2TKZHy3etlMiVNwHY71fbEcmdeluzEihVdqftnSGCbhbQILZQozS0LtJNMEJMmfR-H4p81iNN', 'width': 1024}]",ChIJz5KFuoyNIi4RZNtcQgV-tDc,ChIJz5KFuoyNIi4RZNtcQgV-tDc,"['park', 'point_of_interest', 'establishment']",OPERATIONAL,,4.9,84.0,,,https://www.google.com/maps/place/?q=place_id:ChIJz5KFuoyNIi4RZNtcQgV-tDc
"25C3+H6H, Dusun, Batu Ampar, Merawang, Bangka Belitung Islands 33172, Indonesia","{'location': {'lat': -1.978567, 'lng': 106.153121}, 'viewport': {'northeast': {'lat': -1.9734091, 'lng': 106.1540643298927}, 'southwest': {'lat': -1.980286300000001, 'lng': 106.1513646701073}}}",https://maps.gstatic.com/mapfiles/place_api/icons/v1/png_71/generic_business-71.png,#13B5C7,https://maps.gstatic.com/mapfiles/place_api/icons/v2/generic_pinlet,Pantai Batu Ampar,"[{'height': 1080, 'html_attributions': ['<a href=""https://maps.google.com/maps/contrib/114269665890376364090"">A Google User</a>'], 'photo_reference': 'AUGGfZnSkQgZr8rwO2q8Bjabef91hfW7h4CZ-rVdu3OUa94JUCHWAIY15Q5yE0lyTYGRruqczqkUHKwLh0EHFjggJ6rqeDXBrOyNFzZMBqoR8x85DY0sCSvsh31_W5j0K-FVwRchPBsvMGX0wHovx3k6jEqTeh8zzqzWqvOGaTd11gu-pK5-', 'width': 1920}]",ChIJSSf2nYvtIi4RkQR1mcQQAWw,ChIJSSf2nYvtIi4RkQR1mcQQAWw,"['tourist_attraction', 'point_of_interest', 'establishment']",OPERATIONAL,,4.1,15.0,,,https://www.google.com/maps/place/?q=place_id:ChIJSSf2nYvtIi4RkQR1mcQQAWw
"Unnamed Rd, Pemali, Bangka, Kepulauan Bangka Belitung 33211, Penyamun, Kec. Pemali, Kabupaten Bangka, Kepulauan Bangka Belitung 33211, Indonesia","{'location': {'lat': -1.860688, 'lng': 106.0466123}, 'viewport': {'northeast': {'lat': -1.859344370107277, 'lng': 106.0479487298927}, 'southwest': {'lat': -1.862044029892722, 'lng': 106.0452490701073}}}",https://maps.gstatic.com/mapfiles/place_api/icons/v1/png_71/generic_business-71.png,#13B5C7,https://maps.gstatic.com/mapfiles/place_api/icons/v2/generic_pinlet,Pemandian Air Panas Tirta Tapta Pemali Bangka,"[{'height': 3120, 'html_attributions': ['<a href=""https://maps.google.com/maps/contrib/107492649282163752190"">A Google User</a>'], 'photo_reference': 'AUGGfZmxSKyYbNIm06cvgGOBML4m4Et52Ncztwpa8R21dndnAaAR3UsUhPVisRklQUsCwvBlxIWHh6S07JSO3kFa1HfMPaUTO8RP4S2ZMiGm64V5EqIjQacCxsswLUawCcxdTLdPE42xbw5hj672TXG8MeAKiK4BD4XnFeF2g025KegJYI4s', 'width': 4160}]",ChIJuTqrnW7xIi4RSLH8It8beCo,ChIJuTqrnW7xIi4RSLH8It8beCo,"['tourist_attraction', 'point_of_interest', 'establishment']",OPERATIONAL,{'open_now': False},3.9,565.0,"{'compound_code': '42QW+PM Penyamun, Bangka Regency, Bangka Belitung Islands, Indonesia', 'global_code': '6PC842QW+PM'}",,https://www.google.com/maps/place/?q=place_id:ChIJuTqrnW7xIi4RSLH8It8beCo
"6437+6H, Sinar Baru, Kabupaten Bangka, Kepulauan Bangka Belitung, Indonesia","{'location': {'lat': -1.796953, 'lng': 106.1139255}, 'viewport': {'northeast': {'lat': -1.796119520107277, 'lng': 106.1148604798927}, 'southwest': {'lat': -1.798819179892722, 'lng': 106.1121608201073}}}",https://maps.gstatic.com/mapfiles/place_api/icons/v1/png_71/generic_business-71.png,#13B5C7,https://maps.gstatic.com/mapfiles/place_api/icons/v2/generic_pinlet,Pantai matras,"[{'height': 4000, 'html_attributions': ['<a href=""https://maps.google.com/maps/contrib/111250638446438217961"">ponni ornas</a>'], 'photo_reference': 'AUGGfZnFD1sd9oI9G_1hhrbsyyaAczDmjAUGrFuaMbPbM4f5Qk-BvjbmF57Cyu01oqUvkMeAPNGBseXnu0vwhgH7Uf5JV9z6KDiBUHkjwPxfJk1RSIjIAm4Hc3biNTly0s1uGf0IjGxNexv02evk3nTKMMi5VX6vmNx7ggZvQumXm-zRJeBg', 'width': 1848}]",ChIJnynqWb71Ii4R85tahZr5tLE,ChIJnynqWb71Ii4R85tahZr5tLE,"['tourist_attraction', 'point_of_interest', 'establishment']",OPERATIONAL,,4.4,19.0,,,https://www.google.com/maps/place/?q=place_id:ChIJnynqWb71Ii4R85tahZr5tLE
"44X9+CCC, Sungailiat, Sungai Liat, Bangka Regency, Bangka Belitung Islands 33211, Indonesia","{'location': {'lat': -1.851441, 'lng': 106.1185158}, 'viewport': {'northeast': {'lat': -1.850202420107277, 'lng': 106.1198922798927}, 'southwest': {'lat': -1.852902079892722, 'lng': 106.1171926201073}}}",https://maps.gstatic.com/mapfiles/place_api/icons/v1/png_71/park-71.png,#4DB546,https://maps.gstatic.com/mapfiles/place_api/icons/v2/tree_pinlet,Taman Kota Sungailiat,"[{'height': 3096, 'html_attributions': ['<a href=""https://maps.google.com/maps/contrib/106419949878159604041"">surtam@ymail.com</a>'], 'photo_reference': 'AUGGfZkWX8rXOuqTLSJ5sKx2lh-FwE-YzGjxvlmBe_WNLbWc2irdf-rjSi-NeEe2dZ3cVBHWZvwX4ogmvfkecXORfpwFGB0gDiFu9IfAkOZm51sHo6n7FKfpTB3lKMmGPek8N01C4zcvT7gZKKufR35OxpostxA4kMKIETFRY__5YWSoWiDp', 'width': 4128}]",ChIJI5xEb-HzIi4Rq7VrVbe8uKA,ChIJI5xEb-HzIi4Rq7VrVbe8uKA,"['park', 'point_of_interest', 'establishment']",OPERATIONAL,{'open_now': True},4.3,443.0,,,https://www.google.com/maps/place/?q=place_id:ChIJI5xEb-HzIi4Rq7VrVbe8uKA
"54XC+RP, Sinar Baru, Bangka Regency, Bangka Belitung Islands, Indonesia","{'location': {'lat': -1.8003976, 'lng': 106.1218528}, 'viewport': {'northeast': {'lat': -1.79945135, 'lng': 106.1231674298927}, 'southwest': {'lat': -1.80323635, 'lng': 106.1204677701073}}}",https://maps.gstatic.com/mapfiles/place_api/icons/v1/png_71/generic_business-71.png,#13B5C7,https://maps.gstatic.com/mapfiles/place_api/icons/v2/generic_pinlet,Pantai Kelayang,,ChIJa4EALwD1Ii4RF0L5asTiF68,ChIJa4EALwD1Ii4RF0L5asTiF68,"['tourist_attraction', 'point_of_interest', 'establishment']",OPERATIONAL,,0.0,0.0,,,https://www.google.com/maps/place/?q=place_id:ChIJa4EALwD1Ii4RF0L5asTiF68
