business_status,formatted_address,geometry,icon,icon_background_color,icon_mask_base_uri,name,place_id,rating,reference,types,user_ratings_total,photos,opening_hours,plus_code,url
OPERATIONAL,"M5CP+6V6, Namang, Central Bangka Regency, Bangka Belitung Islands, Indonesia","{'location': {'lat': -2.3294622, 'lng': 106.1871554}, 'viewport': {'northeast': {'lat': -2.328136970107277, 'lng': 106.1884856798927}, 'southwest': {'lat': -2.330836629892722, 'lng': 106.1857860201073}}}",https://maps.gstatic.com/mapfiles/place_api/icons/v1/png_71/generic_business-71.png,#13B5C7,https://maps.gstatic.com/mapfiles/place_api/icons/v2/generic_pinlet,Kelekak pacer,ChIJnSm8YAC1Ii4Ry8_uQfjIiQQ,0.0,ChIJnSm8YAC1Ii4Ry8_uQfjIiQQ,"['tourist_attraction', 'point_of_interest', 'establishment']",0,,,,https://www.google.com/maps/place/?q=place_id:ChIJnSm8YAC1Ii4Ry8_uQfjIiQQ
OPERATIONAL,"9QXG+WWP, RT.06/RW.01, Batu Beriga, Kec. Lubuk Besar, Kabupaten Bangka Tengah, Kepulauan Bangka Belitung, Indonesia","{'location': {'lat': -2.6001562, 'lng': 106.7773388}, 'viewport': {'northeast': {'lat': -2.598750820107278, 'lng': 106.7786267798927}, 'southwest': {'lat': -2.601450479892722, 'lng': 106.7759271201073}}}",https://maps.gstatic.com/mapfiles/place_api/icons/v1/png_71/generic_business-71.png,#13B5C7,https://maps.gstatic.com/mapfiles/place_api/icons/v2/generic_pinlet,Pondok debat,ChIJQetgTgDpFy4R6-JfMBbDJUU,5.0,ChIJQetgTgDpFy4R6-JfMBbDJUU,"['tourist_attraction', 'point_of_interest', 'establishment']",1,"[{'height': 3264, 'html_attributions': ['<a href=""https://maps.google.com/maps/contrib/115050584869334198472"">Ahmadi Rifa&#39;ie</a>'], 'photo_reference': 'AUGGfZmQ0vU4Ch5jPaJ0CXKbUW5c6yNLMBUGV3Nfbv62zVaeEyUJBLDEKGesjms-HaLcuA9LoMouA5ZcOdcSs33vcZrsYNTe01qBtDv3_ILqJpQwU8L4jdZ0KdUwk2LR88pGxomlQpT2Oz_fyNYDOiEat5pUFyvCKxFsXjuBMMLKlZrcvFaD', 'width': 2448}]",,,https://www.google.com/maps/place/?q=place_id:ChIJQetgTgDpFy4R6-JfMBbDJUU
OPERATIONAL,"H8G5+C7, Penyak, Koba, Central Bangka Regency, Bangka Belitung Islands, Indonesia","{'location': {'lat': -2.4238043, 'lng': 106.3081671}, 'viewport': {'northeast': {'lat': -2.422488020107278, 'lng': 106.3094655298927}, 'southwest': {'lat': -2.425187679892722, 'lng': 106.3067658701073}}}",https://maps.gstatic.com/mapfiles/place_api/icons/v1/png_71/generic_business-71.png,#13B5C7,https://maps.gstatic.com/mapfiles/place_api/icons/v2/generic_pinlet,Perindu's Hang Out,ChIJg3tyGwBNPS4R7JJkRMgHydY,5.0,ChIJg3tyGwBNPS4R7JJkRMgHydY,"['tourist_attraction', 'point_of_interest', 'establishment']",1,,,,https://www.google.com/maps/place/?q=place_id:ChIJg3tyGwBNPS4R7JJkRMgHydY
OPERATIONAL,"9GPG+M9W, Unnamed Road, Perlang, Kec. Lubuk Besar, Kabupaten Bangka Tengah, Kepulauan Bangka Belitung 33681, Indonesia","{'location': {'lat': -2.6132599, 'lng': 106.5259387}, 'viewport': {'northeast': {'lat': -2.611910070107278, 'lng': 106.5272885298927}, 'southwest': {'lat': -2.614609729892723, 'lng': 106.5245888701073}}}",https://maps.gstatic.com/mapfiles/place_api/icons/v1/png_71/generic_business-71.png,#13B5C7,https://maps.gstatic.com/mapfiles/place_api/icons/v2/generic_pinlet,Sadap waterfall,ChIJMUk1S4NfPS4RbwTyNTylBp4,4.3,ChIJMUk1S4NfPS4RbwTyNTylBp4,"['tourist_attraction', 'point_of_interest', 'establishment']",11,"[{'height': 4032, 'html_attributions': ['<a href=""https://maps.google.com/maps/contrib/112677273086222989901"">Mufid Muyassar</a>'], 'photo_reference': 'AUGGfZnouPHyrG-0z9pz7xsF8TzZWDHdGtHNgl0oJsvJB8wMVo2khkn6Bku4O7wYYU8Nh7FmyGNnuAYwsttOdbCei706DZ6fY0NZFDw7LOqpC6gIFVrM3PW6qZimk3BCaTggXTAPY6IZbMhNYsWr7Fff_HQ7Jgm9cH-hU1woOP-QxhATC65Z', 'width': 3024}]",,,https://www.google.com/maps/place/?q=place_id:ChIJMUk1S4NfPS4RbwTyNTylBp4
OPERATIONAL,"Dusun sadap, Perlang, Lubuk Besar, Central Bangka Regency, Bangka Belitung Islands 33681, Indonesia","{'location': {'lat': -2.6132599, 'lng': 106.5259387}, 'viewport': {'northeast': {'lat': -2.611910070107278, 'lng': 106.5272885298927}, 'southwest': {'lat': -2.614609729892723, 'lng': 106.5245888701073}}}",https://maps.gstatic.com/mapfiles/place_api/icons/v1/png_71/generic_business-71.png,#13B5C7,https://maps.gstatic.com/mapfiles/place_api/icons/v2/generic_pinlet,Air Terjun Sadap,ChIJV8kqHtZfPS4RVhFDf5yxTrs,4.3,ChIJV8kqHtZfPS4RVhFDf5yxTrs,"['tourist_attraction', 'point_of_interest', 'establishment']",48,"[{'height': 4000, 'html_attributions': ['<a href=""https://maps.google.com/maps/contrib/110874956824489973663"">A Google User</a>'], 'photo_reference': 'AUGGfZl0nAS2fmarHfQXt2YlhoiAKI90AyxURG1k9ALoe7OUhKqxwJSrBjZYbB6BuB6Jc3vu7ut0us7pvnGDXDG-BWRvYszBn3e2lLQU_vV_YR-4FyUs9ro32D6fKuE7-33n99c5NhC10zuxFTQaIWj8VceyrGZZWTQg0QGjeMeHl0EIE5jt', 'width': 3000}]",{'open_now': False},"{'compound_code': '9GPG+M9 Perlang, Central Bangka Regency, Bangka Belitung Islands, Indonesia', 'global_code': '6P989GPG+M9'}",https://www.google.com/maps/place/?q=place_id:ChIJV8kqHtZfPS4RVhFDf5yxTrs
OPERATIONAL,"Q5P3+6F6, Jl. Pangkol, Air Mesu, Kec. Pangkalan Baru, Kabupaten Bangka Tengah, Kepulauan Bangka Belitung 33139, Indonesia","{'location': {'lat': -2.2134213, 'lng': 106.1542807}, 'viewport': {'northeast': {'lat': -2.212142970107278, 'lng': 106.1556854298927}, 'southwest': {'lat': -2.214842629892722, 'lng': 106.1529857701073}}}",https://maps.gstatic.com/mapfiles/place_api/icons/v1/png_71/generic_business-71.png,#13B5C7,https://maps.gstatic.com/mapfiles/place_api/icons/v2/generic_pinlet,Peternakan entok yoki,ChIJBcH6SEvJIi4RSQlgFvGJP3U,0.0,ChIJBcH6SEvJIi4RSQlgFvGJP3U,"['tourist_attraction', 'point_of_interest', 'establishment']",0,,,,https://www.google.com/maps/place/?q=place_id:ChIJBcH6SEvJIi4RSQlgFvGJP3U
OPERATIONAL,"H6X4+M3J, Belilik, Namang, Central Bangka Regency, Bangka Belitung Islands, Indonesia","{'location': {'lat': -2.4007823, 'lng': 106.2051484}, 'viewport': {'northeast': {'lat': -2.399432470107278, 'lng': 106.2064982298927}, 'southwest': {'lat': -2.402132129892722, 'lng': 106.2037985701073}}}",https://maps.gstatic.com/mapfiles/place_api/icons/v1/png_71/generic_business-71.png,#13B5C7,https://maps.gstatic.com/mapfiles/place_api/icons/v2/generic_pinlet,Pemancingan Tirta lembah hijau,ChIJ05_q1lxLPS4RiR74Sc3Bixs,5.0,ChIJ05_q1lxLPS4RiR74Sc3Bixs,"['tourist_attraction', 'point_of_interest', 'establishment']",1,"[{'height': 1600, 'html_attributions': ['<a href=""https://maps.google.com/maps/contrib/111626476499215984516"">A Google User</a>'], 'photo_reference': 'AUGGfZmpOiyEjVhMDjr2kOwjkh3CGjPgeTSx31NJ8IN9F88i1dmcuz8dO1fKEbIZHNNemstX1IG5XdAXK_Ce0-Q0SKaxVlXd8p5PaGXS-T1-KtiWduIV18gsa9CWWYK4JWZ7Qc2TSLK2PKZxyb6v0U5v1M7xFFTyeCgMhByTHXZfZUMAsVX3', 'width': 904}]",{'open_now': False},,https://www.google.com/maps/place/?q=place_id:ChIJ05_q1lxLPS4RiR74Sc3Bixs
OPERATIONAL,"Gang BAIM RT 01/153 MANGKOL BKA TENGAH, Mangkol, Kec. Pangkalan Baru, Kabupaten Bangka Tengah, Kepulauan Bangka Belitung 33684, Indonesia","{'location': {'lat': -2.147727, 'lng': 106.0922861}, 'viewport': {'northeast': {'lat': -2.146368470107277, 'lng': 106.0935826798927}, 'southwest': {'lat': -2.149068129892722, 'lng': 106.0908830201073}}}",https://maps.gstatic.com/mapfiles/place_api/icons/v1/png_71/generic_business-71.png,#13B5C7,https://maps.gstatic.com/mapfiles/place_api/icons/v2/generic_pinlet,Komunitas Puring Bangka,ChIJ-YcSpiPHIi4RN2xO2rj0m4A,0.0,ChIJ-YcSpiPHIi4RN2xO2rj0m4A,"['tourist_attraction', 'point_of_interest', 'establishment']",0,"[{'height': 1920, 'html_attributions': ['<a href=""https://maps.google.com/maps/contrib/102675408999189206408"">A Google User</a>'], 'photo_reference': 'AUGGfZnOOe0F42jadnEJGoLNPkFx_wQa2MUxC3tHrOtZHsEuuv48Vpetvva-2lGtdvsF3eF2wiNHmll97ZLxrRIA-1svGY2U0eBEDY5S01ofndEYy3EZ0HlwZEl7VN-y4yOqsNeXMt3kdhZJGJ-cQDEFBdZxfv8RJn5SFB5TUXQkw0LG2Wwt', 'width': 1080}]",{'open_now': False},"{'compound_code': 'V32R+WW Mangkol, Central Bangka Regency, Bangka Belitung Islands, Indonesia', 'global_code': '6P98V32R+WW'}",https://www.google.com/maps/place/?q=place_id:ChIJ-YcSpiPHIi4RN2xO2rj0m4A
OPERATIONAL,"J5MJ+JW, Namang, Central Bangka Regency, Bangka Belitung Islands, Indonesia","{'location': {'lat': -2.3659905, 'lng': 106.1822733}, 'viewport': {'northeast': {'lat': -2.364652320107278, 'lng': 106.1836078298927}, 'southwest': {'lat': -2.367351979892722, 'lng': 106.1809081701073}}}",https://maps.gstatic.com/mapfiles/place_api/icons/v1/png_71/generic_business-71.png,#13B5C7,https://maps.gstatic.com/mapfiles/place_api/icons/v2/generic_pinlet,Kebun kalong/kalung,ChIJlSDrcABLPS4RiaQcxWcxdyU,0.0,ChIJlSDrcABLPS4RiaQcxWcxdyU,"['tourist_attraction', 'point_of_interest', 'establishment']",0,,,,https://www.google.com/maps/place/?q=place_id:ChIJlSDrcABLPS4RiaQcxWcxdyU
OPERATIONAL,"Air Mesu, Pangkalan Baru, Central Bangka Regency, Bangka Belitung Islands, Indonesia","{'location': {'lat': -2.2119245, 'lng': 106.1286841}, 'viewport': {'northeast': {'lat': -2.210574670107278, 'lng': 106.1300339298927}, 'southwest': {'lat': -2.213274329892722, 'lng': 106.1273342701073}}}",https://maps.gstatic.com/mapfiles/place_api/icons/v1/png_71/generic_business-71.png,#13B5C7,https://maps.gstatic.com/mapfiles/place_api/icons/v2/generic_pinlet,Kebun Kelkak Seki,ChIJcQyhyfXJIi4RY4YMC5yfvdw,5.0,ChIJcQyhyfXJIi4RY4YMC5yfvdw,"['tourist_attraction', 'point_of_interest', 'establishment']",1,"[{'height': 3120, 'html_attributions': ['<a href=""https://maps.google.com/maps/contrib/107235100766419436174"">A Google User</a>'], 'photo_reference': 'AUGGfZkAz41MCmRLze1s7iFYWs5U7qSFhO0WvI0_p7z8gjo-TB0vMss9kIlPP5zYFu6ynCd7knu9a2j3q0FW1cDYIMzD4qXgGwWfjW8cAbQ66CBj_MlYCP4u4D00zpuVtYS1TYk62DJUQyHa8ByhCohDW6UFvwsjF0h5FVpq1oDA4TmSBIit', 'width': 4160}]",{'open_now': False},"{'compound_code': 'Q4QH+6F Air Mesu, Central Bangka Regency, Bangka Belitung Islands, Indonesia', 'global_code': '6P98Q4QH+6F'}",https://www.google.com/maps/place/?q=place_id:ChIJcQyhyfXJIi4RY4YMC5yfvdw
OPERATIONAL,"J3G4+6W, Lampur, Sungai Selan, Central Bangka Regency, Bangka Belitung Islands, Indonesia","{'location': {'lat': -2.3743933, 'lng': 106.0573283}, 'viewport': {'northeast': {'lat': -2.373216020107278, 'lng': 106.0586276298927}, 'southwest': {'lat': -2.375915679892723, 'lng': 106.0559279701073}}}",https://maps.gstatic.com/mapfiles/place_api/icons/v1/png_71/generic_business-71.png,#13B5C7,https://maps.gstatic.com/mapfiles/place_api/icons/v2/generic_pinlet,Pemancingan aloi,ChIJVR6kEQ0zPS4RNiOKHQHA8D0,5.0,ChIJVR6kEQ0zPS4RNiOKHQHA8D0,"['tourist_attraction', 'point_of_interest', 'establishment']",4,"[{'height': 1920, 'html_attributions': ['<a href=""https://maps.google.com/maps/contrib/115560190768955022811"">A Google User</a>'], 'photo_reference': 'AUGGfZnys6QFlDlmaLzSHyJYNHvRt_SOfAPlFeUkK2dkke5C0I6hkKC2DNWaX1Wr56ktS7dlotfXysCfGgDgsvTZbYfzNJ8oay7Ka1o7pUr6Qxiz2VY3CPjRp_ilk9v-HkyLwLyi-WsxEqWSF_VgVKeD7ItmVFh5_KNVzyic_FQQZGLvvsIW', 'width': 1080}]",,,https://www.google.com/maps/place/?q=place_id:ChIJVR6kEQ0zPS4RNiOKHQHA8D0
OPERATIONAL,"JXJG+85C, Selan River, Sungai Selan, Central Bangka Regency, Bangka Belitung Islands 33674, Indonesia","{'location': {'lat': -2.3691893, 'lng': 105.9753757}, 'viewport': {'northeast': {'lat': -2.367839470107278, 'lng': 105.9767255298927}, 'southwest': {'lat': -2.370539129892722, 'lng': 105.9740258701073}}}",https://maps.gstatic.com/mapfiles/place_api/icons/v1/png_71/generic_business-71.png,#13B5C7,https://maps.gstatic.com/mapfiles/place_api/icons/v2/generic_pinlet,"Aik Sabek rendem, Sungaiselan",ChIJJSc0cF8zPS4RJIfBVqD_UGQ,3.3,ChIJJSc0cF8zPS4RJIfBVqD_UGQ,"['tourist_attraction', 'point_of_interest', 'establishment']",4,"[{'height': 493, 'html_attributions': ['<a href=""https://maps.google.com/maps/contrib/106577428161505296666"">hallo hdr</a>'], 'photo_reference': 'AUGGfZnrUp6JsJhHplncX8dQUZT1EUKqDzNpyrQpUV_OMVhrSCsWSnNfMWIO7EUrSad4siLM9xWGGfrjHdWV40wbeuXdVWrc6YXiBjP4CpGnbx0xBN2xI_P-oFDDloImxFDfrZAgAFJIKkfqmkKQNp5FCotjS0LyGbrRvOkyHMaqXdMHD_4M', 'width': 1040}]",,,https://www.google.com/maps/place/?q=place_id:ChIJJSc0cF8zPS4RJIfBVqD_UGQ
OPERATIONAL,"M6X9+63Q, Belilik, Namang, Central Bangka Regency, Bangka Belitung Islands, Indonesia","{'location': {'lat': -2.3019024, 'lng': 106.2177364}, 'viewport': {'northeast': {'lat': -2.300552570107278, 'lng': 106.2190862298927}, 'southwest': {'lat': -2.303252229892722, 'lng': 106.2163865701073}}}",https://maps.gstatic.com/mapfiles/place_api/icons/v1/png_71/generic_business-71.png,#13B5C7,https://maps.gstatic.com/mapfiles/place_api/icons/v2/generic_pinlet,Pondok Kebun 025,ChIJI9mH_sC1Ii4RCbj-8bMzUsU,5.0,ChIJI9mH_sC1Ii4RCbj-8bMzUsU,"['tourist_attraction', 'point_of_interest', 'establishment']",1,"[{'height': 2080, 'html_attributions': ['<a href=""https://maps.google.com/maps/contrib/108542586044867463848"">Rangga Pranata Illusionist</a>'], 'photo_reference': 'AUGGfZmMpVCuwNWepNKAC-A0SgBeMd5FtuSNZX5XXvgQ8HWDWtniVV456QA9F3Aefa9X7f7ODqcw97KPR8gvxZ5NfADUuJEmKWIvjyecFNmp6bIsaVNKvdcJfGcl2klPPy47tOWHBOdbJwrvMtwfcQyV7wtx4m_eqgR6UpKoYggOP5iEBwpO', 'width': 4624}]",,,https://www.google.com/maps/place/?q=place_id:ChIJI9mH_sC1Ii4RCbj-8bMzUsU
OPERATIONAL,"Q48V+789, Cambai, Namang, Central Bangka Regency, Bangka Belitung Islands 33131, Indonesia","{'location': {'lat': -2.2343448, 'lng': 106.1433626}, 'viewport': {'northeast': {'lat': -2.232846370107278, 'lng': 106.1450481798927}, 'southwest': {'lat': -2.235546029892722, 'lng': 106.1423485201073}}}",https://maps.gstatic.com/mapfiles/place_api/icons/v1/png_71/generic_business-71.png,#13B5C7,https://maps.gstatic.com/mapfiles/place_api/icons/v2/generic_pinlet,Pemancingan Alami H.UUL,ChIJ586fuE7JIi4R0G9cJKZpP00,3.6,ChIJ586fuE7JIi4R0G9cJKZpP00,"['tourist_attraction', 'point_of_interest', 'establishment']",7,"[{'height': 4608, 'html_attributions': ['<a href=""https://maps.google.com/maps/contrib/100843921741033723986"">A Google User</a>'], 'photo_reference': 'AUGGfZmbWdMeD2RIcNAd33qh2YikWfeNcGP4TO3id23bDZFU0p4T46VdnWc4vJI4QG4a1k0QtAoZ6_lIXLtsBuuS-NroOBguWfuOsIR28Pmh9MkuOrt8ZhzVy6dmOMVJwRZIKxtJJGIeSP-vmFLmoYTQepS22SkzTXjlIBPMVMMQr5GoUiJS', 'width': 3456}]",,,https://www.google.com/maps/place/?q=place_id:ChIJ586fuE7JIi4R0G9cJKZpP00
OPERATIONAL,"M5MV+39F, Jalan, Koba, Namang, Central Bangka Regency, Bangka Belitung Islands 33684, Indonesia","{'location': {'lat': -2.3173149, 'lng': 106.1934162}, 'viewport': {'northeast': {'lat': -2.315946370107278, 'lng': 106.1946917798927}, 'southwest': {'lat': -2.318646029892723, 'lng': 106.1919921201073}}}",https://maps.gstatic.com/mapfiles/place_api/icons/v1/png_71/generic_business-71.png,#13B5C7,https://maps.gstatic.com/mapfiles/place_api/icons/v2/generic_pinlet,Kayu Melanger Desa Namang,ChIJRxli9GK1Ii4RagVSD2OM4SM,0.0,ChIJRxli9GK1Ii4RagVSD2OM4SM,"['tourist_attraction', 'point_of_interest', 'establishment']",0,"[{'height': 4160, 'html_attributions': ['<a href=""https://maps.google.com/maps/contrib/107482167643497935638"">A Google User</a>'], 'photo_reference': 'AUGGfZnB2hUPAQ4mGCuYysbynesSjzDihSS4ZCd7xSkaz_SVm-Vet8aOEPbbMKzHu4CD1dtXnE5k6Z3Ljmb13MWY5610AiQlqNLIulIFQdPeW1iNwE3QGby9uPqJxrGimmg9iDCY9YVcWWBILO85ezRiRHrL_tkXueoMglnXmYIptTHLnWFR', 'width': 3120}]",{'open_now': False},,https://www.google.com/maps/place/?q=place_id:ChIJRxli9GK1Ii4RagVSD2OM4SM
OPERATIONAL,"CG6F+JJX, Perlang, Lubuk Besar, Central Bangka Regency, Bangka Belitung Islands, Indonesia","{'location': {'lat': -2.588395, 'lng': 106.5240946}, 'viewport': {'northeast': {'lat': -2.586973370107277, 'lng': 106.5254021}, 'southwest': {'lat': -2.589673029892722, 'lng': 106.5201721}}}",https://maps.gstatic.com/mapfiles/place_api/icons/v1/png_71/generic_business-71.png,#13B5C7,https://maps.gstatic.com/mapfiles/place_api/icons/v2/generic_pinlet,Danau pading,ChIJzfVBEV1fPS4RyxYXIv7piBM,4.6,ChIJzfVBEV1fPS4RyxYXIv7piBM,"['tourist_attraction', 'point_of_interest', 'establishment']",45,"[{'height': 2610, 'html_attributions': ['<a href=""https://maps.google.com/maps/contrib/109461032708545582641"">A Google User</a>'], 'photo_reference': 'AUGGfZkBkE37ImY7goA6UDBAxlA9HMN2qe6Nit_bOjYwDKmF3xH5eAoQMvPmpTgbkYqIP5hq4TxOlXLetUDRPOGPknEr733X2_IqfZbcTdu9rImbCqKrDcszaI80kkQmu6CFXzLsUVEPaB92QQp5PqiSO2c0k0Jf5UDHieLKlAA3eb55pzuH', 'width': 4640}]",,,https://www.google.com/maps/place/?q=place_id:ChIJzfVBEV1fPS4RyxYXIv7piBM
OPERATIONAL,"R4RC+HVG, Dul, Pangkalan Baru, Central Bangka Regency, Bangka Belitung Islands 33684, Indonesia","{'location': {'lat': -2.1585716, 'lng': 106.1221998}, 'viewport': {'northeast': {'lat': -2.15437265, 'lng': 106.1239433298927}, 'southwest': {'lat': -2.15997125, 'lng': 106.1212436701073}}}",https://maps.gstatic.com/mapfiles/place_api/icons/v1/png_71/generic_business-71.png,#13B5C7,https://maps.gstatic.com/mapfiles/place_api/icons/v2/generic_pinlet,Air batu kuning,ChIJ2WSqsarHIi4RWFg5qprCSV4,4.7,ChIJ2WSqsarHIi4RWFg5qprCSV4,"['tourist_attraction', 'point_of_interest', 'establishment']",7,"[{'height': 1968, 'html_attributions': ['<a href=""https://maps.google.com/maps/contrib/106050405938971686446"">A Google User</a>'], 'photo_reference': 'AUGGfZlBES07nsAv1TpLrXO7qDLpGQmFU9586TQJPg9OKrQlQ7TPp4-dCGv8-XZIFo-1CNCguOwl1mKLEBe11q1p4VR67FL1whkQwvmUbnMR8kWgyvqYKK49SAAs0P3dTP6EhCa4cnFAcO3FMdM3SbBQDE4GsSikXy-RBPjI5xuVQecEkwVQ', 'width': 4160}]",,,https://www.google.com/maps/place/?q=place_id:ChIJ2WSqsarHIi4RWFg5qprCSV4
OPERATIONAL,"J5PJ+WF, Namang, Central Bangka Regency, Bangka Belitung Islands, Indonesia","{'location': {'lat': -2.362706, 'lng': 106.181185}, 'viewport': {'northeast': {'lat': -2.361321120107277, 'lng': 106.1823842798927}, 'southwest': {'lat': -2.364020779892722, 'lng': 106.1796846201073}}}",https://maps.gstatic.com/mapfiles/place_api/icons/v1/png_71/generic_business-71.png,#13B5C7,https://maps.gstatic.com/mapfiles/place_api/icons/v2/generic_pinlet,VILLA LEBAH PELAWAN,ChIJqxWc-k21Ii4R_GoxU7e-J5k,4.8,ChIJqxWc-k21Ii4R_GoxU7e-J5k,"['tourist_attraction', 'point_of_interest', 'establishment']",5,"[{'height': 720, 'html_attributions': ['<a href=""https://maps.google.com/maps/contrib/113282796670905580299"">Bambang Santoso</a>'], 'photo_reference': 'AUGGfZn4fylNxfUHrw5CCIzkztgwgEhuh81AYFAmakjGWRFEtzos_yUwtVucOSK-6BZbXQ5oPBX88vDoXS3rdZlOx-SKnq5ChpuPjA2f2H6CXp94gC3wXdssivdqfweQUkH9M-6mtcTx30nx262o5q8hI25rRUABDeinGDmQjWuGHeVcHVIw', 'width': 1600}]",,,https://www.google.com/maps/place/?q=place_id:ChIJqxWc-k21Ii4R_GoxU7e-J5k
OPERATIONAL,"R7VV+3Q, Padang Baru, Pangkalan Baru, Central Bangka Regency, Bangka Belitung Islands, Indonesia","{'location': {'lat': -2.157283, 'lng': 106.2944771}, 'viewport': {'northeast': {'lat': -2.155933170107278, 'lng': 106.2958269298927}, 'southwest': {'lat': -2.158632829892722, 'lng': 106.2931272701073}}}",https://maps.gstatic.com/mapfiles/place_api/icons/v1/png_71/generic_business-71.png,#13B5C7,https://maps.gstatic.com/mapfiles/place_api/icons/v2/generic_pinlet,Dermaga Semujur,ChIJ_0UofgC7Ii4R53mYT5LIHjQ,5.0,ChIJ_0UofgC7Ii4R53mYT5LIHjQ,"['tourist_attraction', 'point_of_interest', 'establishment']",1,,,,https://www.google.com/maps/place/?q=place_id:ChIJ_0UofgC7Ii4R53mYT5LIHjQ
OPERATIONAL,"Q4Q3+CH, Air Mesu, Pangkalan Baru, Central Bangka Regency, Bangka Belitung Islands 33118, Indonesia","{'location': {'lat': -2.211432, 'lng': 106.103973}, 'viewport': {'northeast': {'lat': -2.210054470107278, 'lng': 106.1055869798927}, 'southwest': {'lat': -2.212754129892722, 'lng': 106.1028873201073}}}",https://maps.gstatic.com/mapfiles/place_api/icons/v1/png_71/generic_business-71.png,#13B5C7,https://maps.gstatic.com/mapfiles/place_api/icons/v2/generic_pinlet,PEMANDIAN AEK LUBUK UJUNG MANGKOL,ChIJ0dkzt7PHIi4RSVcJDTDI5WQ,4.6,ChIJ0dkzt7PHIi4RSVcJDTDI5WQ,"['tourist_attraction', 'point_of_interest', 'establishment']",22,"[{'height': 1504, 'html_attributions': ['<a href=""https://maps.google.com/maps/contrib/112095229104332182570"">A Google User</a>'], 'photo_reference': 'AUGGfZmZOCxHwP84R15_twvmUmdJgsgRT0mhzDsJI3XNSS7eV_XRorYg_cdQ35yqlQwMwsYkzqKxrFR-t22yvalFc_dql_SjKNU0bw2N5ru0QYCZIQyu7gkaWQdvBrgyquim6flv6SsQ-Jmr1mwoVUXpYPd3xNFAs4tvrBzbBuO5k-giCASr', 'width': 3264}]",,,https://www.google.com/maps/place/?q=place_id:ChIJ0dkzt7PHIi4RSVcJDTDI5WQ
OPERATIONAL,"R38Q+6QF, Terak, Simpang Katis, Central Bangka Regency, Bangka Belitung Islands 33684, Indonesia","{'location': {'lat': -2.184439, 'lng': 106.089436}, 'viewport': {'northeast': {'lat': -2.183097320107277, 'lng': 106.0907709798927}, 'southwest': {'lat': -2.185796979892722, 'lng': 106.0880713201073}}}",https://maps.gstatic.com/mapfiles/place_api/icons/v1/png_71/generic_business-71.png,#13B5C7,https://maps.gstatic.com/mapfiles/place_api/icons/v2/generic_pinlet,TAHURA BUKIT MANGKOL DESA TERAK,ChIJF7q_EIfHIi4Rp1iTXy2aAbE,4.4,ChIJF7q_EIfHIi4Rp1iTXy2aAbE,"['tourist_attraction', 'point_of_interest', 'establishment']",21,"[{'height': 3456, 'html_attributions': ['<a href=""https://maps.google.com/maps/contrib/108938332383567046196"">romie wibowo</a>'], 'photo_reference': 'AUGGfZnwkEHkWyHMjTNiWxvjAP8YZuViETC8ZnTy6mjv1uwJgYNkvuUJi1iBm5EeeUp8UQnKZZA7CHNF4CNKqtf1do8B4xz3ZrYqXiR3hubWU8n9y6xMHIsTyE2GKBu1sQYKVPbgh0RI4AOSvNedV6C37uaF8fWj-5CNbEHNUsXh2nDGMMXu', 'width': 5184}]",{'open_now': False},,https://www.google.com/maps/place/?q=place_id:ChIJF7q_EIfHIi4Rp1iTXy2aAbE
OPERATIONAL,"FG2W+MV, Perlang, Lubuk Besar, Central Bangka Regency, Bangka Belitung Islands, Indonesia","{'location': {'lat': -2.5483309, 'lng': 106.5471345}, 'viewport': {'northeast': {'lat': -2.546416049999999, 'lng': 106.5487003798927}, 'southwest': {'lat': -2.554075450000001, 'lng': 106.5460007201073}}}",https://maps.gstatic.com/mapfiles/place_api/icons/v1/png_71/generic_business-71.png,#13B5C7,https://maps.gstatic.com/mapfiles/place_api/icons/v2/generic_pinlet,Kulong bedelew,ChIJ_bZ_X_PjFy4RQdFvUVQPlEw,5.0,ChIJ_bZ_X_PjFy4RQdFvUVQPlEw,"['tourist_attraction', 'point_of_interest', 'establishment']",2,"[{'height': 4032, 'html_attributions': ['<a href=""https://maps.google.com/maps/contrib/118118994340514322641"">A Google User</a>'], 'photo_reference': 'AUGGfZmMQEBTCPawJzEJ0QGDzH92wD2kUFT2LLFaEb7YMQUal3ucf5Kqa0w8X8RxCzCZEvZJBBVvweNu0S5PL5eWDtBqxBCg1jxwvZa8iikKv6RCMpUXrXnbGDzqJqovryNB5qh3DaOrPu8RgSFzpu-XIbBp7jKtKXwjAgldKfORrkPoGN7o', 'width': 3024}]",{'open_now': True},,https://www.google.com/maps/place/?q=place_id:ChIJ_bZ_X_PjFy4RQdFvUVQPlEw
OPERATIONAL,"R4CG+77R, Jl.bukit pinteir, Dul, Kec. Pangkalan Baru, Kabupaten Bangka Tengah, Kepulauan Bangka Belitung 33684, Indonesia","{'location': {'lat': -2.1792633, 'lng': 106.12564}, 'viewport': {'northeast': {'lat': -2.177821670107278, 'lng': 106.1269470798927}, 'southwest': {'lat': -2.180521329892722, 'lng': 106.1242474201073}}}",https://maps.gstatic.com/mapfiles/place_api/icons/v1/png_71/generic_business-71.png,#13B5C7,https://maps.gstatic.com/mapfiles/place_api/icons/v2/generic_pinlet,Rumah ku,ChIJh_YIxfrHIi4RBxzbbCSag7g,0.0,ChIJh_YIxfrHIi4RBxzbbCSag7g,"['tourist_attraction', 'point_of_interest', 'establishment']",0,,,,https://www.google.com/maps/place/?q=place_id:ChIJh_YIxfrHIi4RBxzbbCSag7g
OPERATIONAL,"Q6C6+G33, Kayu Besi, Namang, Central Bangka Regency, Bangka Belitung Islands, Indonesia","{'location': {'lat': -2.2287443, 'lng': 106.2101602}, 'viewport': {'northeast': {'lat': -2.227358720107277, 'lng': 106.2112673298927}, 'southwest': {'lat': -2.230058379892722, 'lng': 106.2085676701073}}}",https://maps.gstatic.com/mapfiles/place_api/icons/v1/png_71/generic_business-71.png,#13B5C7,https://maps.gstatic.com/mapfiles/place_api/icons/v2/generic_pinlet,Pantai Pangkul Pantai Menung Kayu Besi,ChIJRdLZl3S3Ii4R9ee4PV8lgrQ,4.3,ChIJRdLZl3S3Ii4R9ee4PV8lgrQ,"['tourist_attraction', 'point_of_interest', 'establishment']",94,"[{'height': 1800, 'html_attributions': ['<a href=""https://maps.google.com/maps/contrib/117938932300005145470"">Bernhard Purba</a>'], 'photo_reference': 'AUGGfZlO6xpYe-NVzytuf0z5X95ZK6m1d6y5imG4s-F37GRFBECmNQipU2rXFMbBT9kfMuLeyYwg_w3trCCurqVK9I-VuTZDhu9D0Rrjq8ix1jQ9X4mGUGkX0WiaW8YKlJREar0H4aoDTpq7iGU6TaRtASvR4FMc2SOxoZHhODrTbAI0w6hd', 'width': 4000}]",,,https://www.google.com/maps/place/?q=place_id:ChIJRdLZl3S3Ii4R9ee4PV8lgrQ
OPERATIONAL,"Batu Belubang, Pangkalan Baru, Central Bangka Regency, Bangka Belitung Islands, Indonesia","{'location': {'lat': -2.1845298, 'lng': 106.1976849}, 'viewport': {'northeast': {'lat': -2.182833320107278, 'lng': 106.1986247798927}, 'southwest': {'lat': -2.185532979892722, 'lng': 106.1959251201073}}}",https://maps.gstatic.com/mapfiles/place_api/icons/v1/png_71/generic_business-71.png,#13B5C7,https://maps.gstatic.com/mapfiles/place_api/icons/v2/generic_pinlet,Pantai TELAPAK ANTU,ChIJz7Y0XU64Ii4RCRwYitLsW_s,4.2,ChIJz7Y0XU64Ii4RCRwYitLsW_s,"['tourist_attraction', 'park', 'point_of_interest', 'establishment']",611,"[{'height': 3024, 'html_attributions': ['<a href=""https://maps.google.com/maps/contrib/117938932300005145470"">Bernhard Purba</a>'], 'photo_reference': 'AUGGfZkq8WMDOeJNmsmAhUAqedOCZliXC8MSzu9qcE7OrjUlITcoj7ry3z-lrKRtOFPc3szl_IzaS9Cfb11usG6rQ_rndUkhsUkHuwYStAs0JdtROW5rawkfn5dGPuAVB623NSLdEjz1hH30x9txIelC4wpamGuAqWwpO9agjjQ1UcgQl8Od', 'width': 4032}]",{'open_now': True},"{'compound_code': 'R58X+53 Batu Belubang, Central Bangka Regency, Bangka Belitung Islands, Indonesia', 'global_code': '6P98R58X+53'}",https://www.google.com/maps/place/?q=place_id:ChIJz7Y0XU64Ii4RCRwYitLsW_s
OPERATIONAL,"P5RH+XWJ, Unnamed Road, Cambai, Kec. Namang, Kabupaten Bangka Tengah, Kepulauan Bangka Belitung 33143, Indonesia","{'location': {'lat': -2.2575315, 'lng': 106.1797811}, 'viewport': {'northeast': {'lat': -2.256517420107278, 'lng': 106.1811701798927}, 'southwest': {'lat': -2.259217079892723, 'lng': 106.1784705201073}}}",https://maps.gstatic.com/mapfiles/place_api/icons/v1/png_71/generic_business-71.png,#13B5C7,https://maps.gstatic.com/mapfiles/place_api/icons/v2/generic_pinlet,Rajawali Land Cambai,ChIJr8TIALi3Ii4Rg3RFAYJx_m4,0.0,ChIJr8TIALi3Ii4Rg3RFAYJx_m4,"['tourist_attraction', 'point_of_interest', 'establishment']",0,,,,https://www.google.com/maps/place/?q=place_id:ChIJr8TIALi3Ii4Rg3RFAYJx_m4
OPERATIONAL,"H8G5+C7, Penyak, Koba, Central Bangka Regency, Bangka Belitung Islands, Indonesia","{'location': {'lat': -2.42388, 'lng': 106.308235}, 'viewport': {'northeast': {'lat': -2.422567920107278, 'lng': 106.3095269798927}, 'southwest': {'lat': -2.425267579892723, 'lng': 106.3068273201073}}}",https://maps.gstatic.com/mapfiles/place_api/icons/v1/png_71/generic_business-71.png,#13B5C7,https://maps.gstatic.com/mapfiles/place_api/icons/v2/generic_pinlet,Buluh Perindu,ChIJDaLTLRhNPS4R-nuE_NFJ9rA,4.3,ChIJDaLTLRhNPS4R-nuE_NFJ9rA,"['tourist_attraction', 'point_of_interest', 'establishment']",3,,{'open_now': True},,https://www.google.com/maps/place/?q=place_id:ChIJDaLTLRhNPS4R-nuE_NFJ9rA
OPERATIONAL,"Jl. Raya Toboali, Nibung, Kec. Koba, Kabupaten Bangka Tengah, Kepulauan Bangka Belitung 33782, Indonesia","{'location': {'lat': -2.5478741, 'lng': 106.3528592}, 'viewport': {'northeast': {'lat': -2.546472170107278, 'lng': 106.3542086798927}, 'southwest': {'lat': -2.549171829892723, 'lng': 106.3515090201073}}}",https://maps.gstatic.com/mapfiles/place_api/icons/v1/png_71/generic_business-71.png,#13B5C7,https://maps.gstatic.com/mapfiles/place_api/icons/v2/generic_pinlet,Danau Kaolin/Kulong Biru (Bangka Tengah),ChIJaWXmvBNFPS4R34HYFMR-C7Y,4.6,ChIJaWXmvBNFPS4R34HYFMR-C7Y,"['tourist_attraction', 'point_of_interest', 'establishment']",3772,"[{'height': 2604, 'html_attributions': ['<a href=""https://maps.google.com/maps/contrib/102089034466121970590"">Dian Mayasari</a>'], 'photo_reference': 'AUGGfZmASeggsb6nEL3dy8DXRESJYuL4441SiNZFKuOeog09v5NdQaWJ8AKJf_wpEY-xmETe3UJAKzl-MItl_RyhSawGaMIuECl_OMW-8TK1hcAaiPVORPSJ7ST0jlBgtuEu5XtvJqghr2ifGR2LtrFkCfzOZW2jwMJj5owedojlTa2fQo7g', 'width': 4624}]",{'open_now': False},"{'compound_code': 'F923+V4 Nibung, Central Bangka Regency, Bangka Belitung Islands, Indonesia', 'global_code': '6P98F923+V4'}",https://www.google.com/maps/place/?q=place_id:ChIJaWXmvBNFPS4R34HYFMR-C7Y
OPERATIONAL,"J5CP+5W8, Namang, Central Bangka Regency, Bangka Belitung Islands 33684, Indonesia","{'location': {'lat': -2.3795773, 'lng': 106.1873138}, 'viewport': {'northeast': {'lat': -2.378227470107278, 'lng': 106.1886636298927}, 'southwest': {'lat': -2.380927129892723, 'lng': 106.1859639701073}}}",https://maps.gstatic.com/mapfiles/place_api/icons/v1/png_71/generic_business-71.png,#13B5C7,https://maps.gstatic.com/mapfiles/place_api/icons/v2/generic_pinlet,"Danau Pelawan, Gurun Pelawan",ChIJg6kUIaJLPS4RdligkVTK_nU,4.4,ChIJg6kUIaJLPS4RdligkVTK_nU,"['tourist_attraction', 'point_of_interest', 'establishment']",110,"[{'height': 810, 'html_attributions': ['<a href=""https://maps.google.com/maps/contrib/111482723272511289055"">A Google User</a>'], 'photo_reference': 'AUGGfZll3yw3Evxs2hSpBCuBTX5jRmyrdbbcXyUuZ7LLeQPWIY7YZHmEX_lTTuJ9nfd84nmoEqX0aKfHMwLfR2wxlFeGxDMjesumInVsIPC61-hi8u4jONbLIQ8SUVcsVhb2mDPc6LsKIB2SI8cF5FgmTzcvM31x-H2PMaIRUhWZdVjt2Q', 'width': 1080}]",{'open_now': True},,https://www.google.com/maps/place/?q=place_id:ChIJg6kUIaJLPS4RdligkVTK_nU
OPERATIONAL,"Unnamed Road, Keretak, Kec. Sungai Selan, Kabupaten Bangka Tengah, Kepulauan Bangka Belitung 33684, Indonesia","{'location': {'lat': -2.3194769, 'lng': 106.0374315}, 'viewport': {'northeast': {'lat': -2.318128120107278, 'lng': 106.0387828798927}, 'southwest': {'lat': -2.320827779892722, 'lng': 106.0360832201073}}}",https://maps.gstatic.com/mapfiles/place_api/icons/v1/png_71/generic_business-71.png,#13B5C7,https://maps.gstatic.com/mapfiles/place_api/icons/v2/generic_pinlet,Air Panas Keretak,ChIJRWSX9_bNIi4RnKRxCd4h7JI,4.0,ChIJRWSX9_bNIi4RnKRxCd4h7JI,"['tourist_attraction', 'point_of_interest', 'establishment']",49,"[{'height': 3120, 'html_attributions': ['<a href=""https://maps.google.com/maps/contrib/114650744700025436765"">A Google User</a>'], 'photo_reference': 'AUGGfZnBLGrHWrQD--nllLc4zNLEjZwJyoMTv_pVoWrdTkJmsfVlQjgOQoC6IWPPZc9Q0XFaOqeQUBiYrrvz7yxexyS8rduxioGfoy4Zkqx_5I2eVqF6bI2myR06Dcyc4ijYN79X5MLFd9ilFaJ63bKbQLFiGnkXBo-UsJ4Knpui9TPOexdj', 'width': 4160}]",{'open_now': False},"{'compound_code': 'M2JP+6X Keretak, Central Bangka Regency, Bangka Belitung Islands, Indonesia', 'global_code': '6P98M2JP+6X'}",https://www.google.com/maps/place/?q=place_id:ChIJRWSX9_bNIi4RnKRxCd4h7JI
OPERATIONAL,"FGV4+V4P, Trubus, Kec. Lubuk Besar, Kabupaten Bangka Tengah, Kepulauan Bangka Belitung 33681, Indonesia","{'location': {'lat': -2.5052841, 'lng': 106.5053309}, 'viewport': {'northeast': {'lat': -2.504093820107278, 'lng': 106.5066526298927}, 'southwest': {'lat': -2.506793479892722, 'lng': 106.5039529701073}}}",https://maps.gstatic.com/mapfiles/place_api/icons/v1/png_71/generic_business-71.png,#13B5C7,https://maps.gstatic.com/mapfiles/place_api/icons/v2/generic_pinlet,Pantai Paiadep,ChIJ6R05KDFXPS4RmkqWkGPGt78,5.0,ChIJ6R05KDFXPS4RmkqWkGPGt78,"['tourist_attraction', 'point_of_interest', 'establishment']",1,"[{'height': 1872, 'html_attributions': ['<a href=""https://maps.google.com/maps/contrib/112027140817416442717"">Masham Wae</a>'], 'photo_reference': 'AUGGfZk9AZOrtvOoCVRkAYj_GbSEaaTAhohJWLzL9lIaLDtperrX5tlsfF0cg-ovDRYC9IGemzUWB2pQdEpnHw6NAxX75bJ28TPaimHAU7CFo_OD49WEP9O0cz01Qd6qYPeZzqWuoDwFNBATeIimGD15iQAvbwiEm5iQi2JLYJS0JU9bFBjy', 'width': 4160}]",,,https://www.google.com/maps/place/?q=place_id:ChIJ6R05KDFXPS4RmkqWkGPGt78
OPERATIONAL,"M66J+QGV, Kurau, Koba, Central Bangka Regency, Bangka Belitung Islands 33681, Indonesia","{'location': {'lat': -2.3380038, 'lng': 106.2312839}, 'viewport': {'northeast': {'lat': -2.336500620107278, 'lng': 106.2326949798927}, 'southwest': {'lat': -2.339200279892722, 'lng': 106.2299953201073}}}",https://maps.gstatic.com/mapfiles/place_api/icons/v1/png_71/generic_business-71.png,#13B5C7,https://maps.gstatic.com/mapfiles/place_api/icons/v2/generic_pinlet,Wisata Sungai Tebok,ChIJmXOVsWW1Ii4RzPsngFwejw0,4.0,ChIJmXOVsWW1Ii4RzPsngFwejw0,"['tourist_attraction', 'point_of_interest', 'establishment']",10,"[{'height': 2340, 'html_attributions': ['<a href=""https://maps.google.com/maps/contrib/112305475892910451958"">Joko Tole</a>'], 'photo_reference': 'AUGGfZmYdGqs1affiiKqrndv82CIb1rs9nQRBrbt7bV2XmRJ58hUnQ85KI1lcgySYDMKpBtoaiJy4w-9DEXjqWANj3BzS96V12cyUiS_7PrF1FMthVhwTfmr_rUPJ35oz1BR43VSZJfWTNvvrkewsTC9poqZfkBHDzjJuQrvMmeD2yFu0IQ', 'width': 4160}]",,,https://www.google.com/maps/place/?q=place_id:ChIJmXOVsWW1Ii4RzPsngFwejw0
OPERATIONAL,"Namang, Central Bangka Regency, Bangka Belitung Islands 33684, Indonesia","{'location': {'lat': -2.3258984, 'lng': 106.1876782}, 'viewport': {'northeast': {'lat': -2.324581920107278, 'lng': 106.1891252798927}, 'southwest': {'lat': -2.327281579892722, 'lng': 106.1864256201073}}}",https://maps.gstatic.com/mapfiles/place_api/icons/v1/png_71/generic_business-71.png,#13B5C7,https://maps.gstatic.com/mapfiles/place_api/icons/v2/generic_pinlet,Wisata Pelangi Sawah Desa Namang,ChIJRWb1LPO1Ii4R0kQnlJ_DxN8,4.5,ChIJRWb1LPO1Ii4R0kQnlJ_DxN8,"['tourist_attraction', 'point_of_interest', 'establishment']",8,"[{'height': 1200, 'html_attributions': ['<a href=""https://maps.google.com/maps/contrib/113017948814704891382"">A Google User</a>'], 'photo_reference': 'AUGGfZl-AKpU3lgXJvXm46ZZMZQ3TMpj6jPsBB1DeXtVpLNJQRJUEZX4MnwBM2TMWe2gp2_-dWHltAg1ZpOtRj9nw8DjuQSUg_VFJxrMZd7YlKXULkkKkkOj9KLaYDsFN3ztg05fak2OxyUQFQlFVcotYCDEDY22H1YJx1t_H8ZlAp1fA48C', 'width': 1600}]",{'open_now': False},"{'compound_code': 'M5FQ+J3 Namang, Central Bangka Regency, Bangka Belitung Islands, Indonesia', 'global_code': '6P98M5FQ+J3'}",https://www.google.com/maps/place/?q=place_id:ChIJRWb1LPO1Ii4R0kQnlJ_DxN8
OPERATIONAL,"M2RH+F2, Keretak, Sungai Selan, Central Bangka Regency, Bangka Belitung Islands, Indonesia","{'location': {'lat': -2.3088581, 'lng': 106.027598}, 'viewport': {'northeast': {'lat': -2.306998299999999, 'lng': 106.03051655}, 'southwest': {'lat': -2.314437500000001, 'lng': 106.02662515}}}",https://maps.gstatic.com/mapfiles/place_api/icons/v1/png_71/generic_business-71.png,#13B5C7,https://maps.gstatic.com/mapfiles/place_api/icons/v2/generic_pinlet,Kebun Bai Suwandi,ChIJu-JeQgDNIi4RCxVMZjDzI68,0.0,ChIJu-JeQgDNIi4RCxVMZjDzI68,"['tourist_attraction', 'point_of_interest', 'establishment']",0,,,,https://www.google.com/maps/place/?q=place_id:ChIJu-JeQgDNIi4RCxVMZjDzI68
OPERATIONAL,"Namang, Central Bangka Regency, Bangka Belitung Islands 33684, Indonesia","{'location': {'lat': -2.3675692, 'lng': 106.1833851}, 'viewport': {'northeast': {'lat': -2.366255270107278, 'lng': 106.1846477798927}, 'southwest': {'lat': -2.368954929892722, 'lng': 106.1819481201073}}}",https://maps.gstatic.com/mapfiles/place_api/icons/v1/png_71/park-71.png,#4DB546,https://maps.gstatic.com/mapfiles/place_api/icons/v2/tree_pinlet,Wisata Hutan Pelawan,ChIJ89g-IcpKPS4RAVBA4CdfhGw,3.9,ChIJ89g-IcpKPS4RAVBA4CdfhGw,"['tourist_attraction', 'park', 'point_of_interest', 'establishment']",248,"[{'height': 3120, 'html_attributions': ['<a href=""https://maps.google.com/maps/contrib/103066694328011121755"">Hengki Lie</a>'], 'photo_reference': 'AUGGfZkU5T3xnoOIZhurWzojgmHTTGofuWPHJSeORA0W4PWBGqJXhT-cJCtSsN4zNJu7pL8807JxBDB4jB-zjkJbTvvUwjGQTETKczIq0cnuRE9VTtXT7cLwEeanBlQq4-60EvVfryafUsOVc-S1GRxhBhQlJgHVdgPszqJvdiyfrsPBET_o', 'width': 4160}]",{'open_now': False},"{'compound_code': 'J5JM+X9 Namang, Central Bangka Regency, Bangka Belitung Islands, Indonesia', 'global_code': '6P98J5JM+X9'}",https://www.google.com/maps/place/?q=place_id:ChIJ89g-IcpKPS4RAVBA4CdfhGw
OPERATIONAL,"R36M+F75, Terak, Simpang Katis, Central Bangka Regency, Bangka Belitung Islands, Indonesia","{'location': {'lat': -2.1888505, 'lng': 106.0832211}, 'viewport': {'northeast': {'lat': -2.187060920107278, 'lng': 106.0841644798927}, 'southwest': {'lat': -2.189760579892722, 'lng': 106.0814648201073}}}",https://maps.gstatic.com/mapfiles/place_api/icons/v1/png_71/generic_business-71.png,#13B5C7,https://maps.gstatic.com/mapfiles/place_api/icons/v2/generic_pinlet,Air Panas Terak,ChIJmx6BrODHIi4RBQUDNgGpTyc,5.0,ChIJmx6BrODHIi4RBQUDNgGpTyc,"['tourist_attraction', 'point_of_interest', 'establishment']",1,,,,https://www.google.com/maps/place/?q=place_id:ChIJmx6BrODHIi4RBQUDNgGpTyc
OPERATIONAL,"Jl. Sekip Dalam, Berok, Kec. Koba, Kabupaten Bangka Tengah, Kepulauan Bangka Belitung 33681, Indonesia","{'location': {'lat': -2.4867013, 'lng': 106.4041699}, 'viewport': {'northeast': {'lat': -2.485351470107278, 'lng': 106.4055197298927}, 'southwest': {'lat': -2.488051129892722, 'lng': 106.4028200701073}}}",https://maps.gstatic.com/mapfiles/place_api/icons/v1/png_71/generic_business-71.png,#13B5C7,https://maps.gstatic.com/mapfiles/place_api/icons/v2/generic_pinlet,ananda,ChIJU8BDYABRPS4RXb_ZoYIduIo,0.0,ChIJU8BDYABRPS4RXb_ZoYIduIo,"['tourist_attraction', 'point_of_interest', 'establishment']",0,,,,https://www.google.com/maps/place/?q=place_id:ChIJU8BDYABRPS4RXb_ZoYIduIo
OPERATIONAL,"R487+6F, Dul, Pangkalan Baru, Central Bangka Regency, Bangka Belitung Islands 33117, Indonesia","{'location': {'lat': -2.1844857, 'lng': 106.1136596}, 'viewport': {'northeast': {'lat': -2.18367575, 'lng': 106.1154757798927}, 'southwest': {'lat': -2.18691555, 'lng': 106.1127761201073}}}",https://maps.gstatic.com/mapfiles/place_api/icons/v1/png_71/generic_business-71.png,#13B5C7,https://maps.gstatic.com/mapfiles/place_api/icons/v2/generic_pinlet,Bukit Pau,ChIJJYk5XWzHIi4RQaJeBND87JY,4.9,ChIJJYk5XWzHIi4RQaJeBND87JY,"['tourist_attraction', 'point_of_interest', 'establishment']",24,"[{'height': 3024, 'html_attributions': ['<a href=""https://maps.google.com/maps/contrib/106341596212406984537"">Nizar 2000</a>'], 'photo_reference': 'AUGGfZlHfKA5uqVbVVnwFpLv_Hw-8FPzkgBnSX9uFOeCvu_VpeXjBAeAJ5cZeHC_3OMjjfVVCFG8pmj7VTfy4XB_Q_cLGW6UEjIXfhY82BOAid-Yd3PaXIXwj2t7tHK8D_t80jt5YLVcUZTmbIbDCCGTSBfOtOFTQGCIZM4yq6uutBj1Y7V_', 'width': 4032}]",{'open_now': True},,https://www.google.com/maps/place/?q=place_id:ChIJJYk5XWzHIi4RQaJeBND87JY
OPERATIONAL,"R436+MXR, Dul, Pangkalan Baru, Central Bangka Regency, Bangka Belitung Islands 33117, Indonesia","{'location': {'lat': -2.1957717, 'lng': 106.1123769}, 'viewport': {'northeast': {'lat': -2.194711770107277, 'lng': 106.115133}, 'southwest': {'lat': -2.197411429892722, 'lng': 106.1114582}}}",https://maps.gstatic.com/mapfiles/place_api/icons/v1/png_71/generic_business-71.png,#13B5C7,https://maps.gstatic.com/mapfiles/place_api/icons/v2/generic_pinlet,Pos 4 Bukit Pinteir,ChIJQeRikUPHIi4R5ux2HV3xfVo,5.0,ChIJQeRikUPHIi4R5ux2HV3xfVo,"['tourist_attraction', 'point_of_interest', 'establishment']",12,"[{'height': 1960, 'html_attributions': ['<a href=""https://maps.google.com/maps/contrib/117545916532718878585"">Ronny Setiawan</a>'], 'photo_reference': 'AUGGfZmH1wnUjpSgTUP9NAbwwyMeVT9WhtfaOC6qQqsG19DeKFJsB0yNVaM_PzMH3cYxZh0Z_pO9Ru2owl5j1G9tMOrpNQJo4v3qKZuWig4iN34ydhNaQiMh7VfOZqIiUuQNF0xV1a21grGBtenRUsa9caSwDz5ISNZdF7yNqwSwINv_lArD', 'width': 4032}]",,,https://www.google.com/maps/place/?q=place_id:ChIJQeRikUPHIi4R5ux2HV3xfVo
OPERATIONAL,"Q6G4+5WJ, Kayu Besi, Namang, Central Bangka Regency, Bangka Belitung Islands, Indonesia","{'location': {'lat': -2.2245258, 'lng': 106.2072668}, 'viewport': {'northeast': {'lat': -2.223195620107278, 'lng': 106.2085484298927}, 'southwest': {'lat': -2.225895279892722, 'lng': 106.2058487701073}}}",https://maps.gstatic.com/mapfiles/place_api/icons/v1/png_71/generic_business-71.png,#13B5C7,https://maps.gstatic.com/mapfiles/place_api/icons/v2/generic_pinlet,Pantai Pangkul,ChIJaa0w2T-3Ii4RN0bd1l180iQ,4.4,ChIJaa0w2T-3Ii4RN0bd1l180iQ,"['tourist_attraction', 'point_of_interest', 'establishment']",5,"[{'height': 4000, 'html_attributions': ['<a href=""https://maps.google.com/maps/contrib/109099924698320487171"">JFG Gotama</a>'], 'photo_reference': 'AUGGfZmi2oWfix_6H2ZhQn16xWRBQyLtuoewoqpsnSSyhnLQQVjc_86Gh8cyuE0QxbjUfXVYZQd00wJNl3AENKvu77rEAvlRCVBn7vwqc275HxC2M-Wa4vYDDmSI6WLW4JQulrfQ8SUn4oQTqVPPA_HGOVFDtEejatHPmKP3Z1yU5getl8YS', 'width': 1840}]",,,https://www.google.com/maps/place/?q=place_id:ChIJaa0w2T-3Ii4RN0bd1l180iQ
OPERATIONAL,"Q38H+7XV, Jl. Sungai Selan, Teru, Kec. Simpang Katis, Kabupaten Bangka Tengah, Kepulauan Bangka Belitung 33127, Indonesia","{'location': {'lat': -2.2342585, 'lng': 106.0799215}, 'viewport': {'northeast': {'lat': -2.233019070107278, 'lng': 106.0811001798927}, 'southwest': {'lat': -2.235718729892723, 'lng': 106.0784005201073}}}",https://maps.gstatic.com/mapfiles/place_api/icons/v1/png_71/generic_business-71.png,#13B5C7,https://maps.gstatic.com/mapfiles/place_api/icons/v2/generic_pinlet,Parkir Mobil Aek Berambai Teru,ChIJ0esLPdDJIi4R3heIy5nhdRM,4.3,ChIJ0esLPdDJIi4R3heIy5nhdRM,"['tourist_attraction', 'point_of_interest', 'establishment']",3,"[{'height': 1280, 'html_attributions': ['<a href=""https://maps.google.com/maps/contrib/101261875794499692458"">hendri noviyarto</a>'], 'photo_reference': 'AUGGfZlIMNVUNqpeys43L2oUGiQs6Pgwssc83_-EZWx2_ipR1YLEVNrgAgNVKjf103gYjmKdNiJGT_aGhv_ASZFlM3YPD20YRH4gMVZ1VAr-7U-d4eZ1KGaId8cMxrii1nMH30xIqsplogk9YhGFw8QJR0LxOp4iOHvTEu3vu2hh47BPuf-R', 'width': 720}]",,,https://www.google.com/maps/place/?q=place_id:ChIJ0esLPdDJIi4R3heIy5nhdRM
OPERATIONAL,"R5PP+W6Q, Padang Baru, Pangkalan Baru, Central Bangka Regency, Bangka Belitung Islands, Indonesia","{'location': {'lat': -2.1626637, 'lng': 106.1856086}, 'viewport': {'northeast': {'lat': -2.161405070107278, 'lng': 106.1867953798927}, 'southwest': {'lat': -2.164104729892722, 'lng': 106.1840957201073}}}",https://maps.gstatic.com/mapfiles/place_api/icons/v1/png_71/generic_business-71.png,#13B5C7,https://maps.gstatic.com/mapfiles/place_api/icons/v2/generic_pinlet,Pantai Sampur,ChIJDWbOve24Ii4RMJ8Md773wio,3.9,ChIJDWbOve24Ii4RMJ8Md773wio,"['tourist_attraction', 'point_of_interest', 'establishment']",64,"[{'height': 4160, 'html_attributions': ['<a href=""https://maps.google.com/maps/contrib/109214640591377098209"">Jayavati Devi</a>'], 'photo_reference': 'AUGGfZle03e6r_v0zj3HRV3Gxn414e2MsN94uM_LlIC2_CT-QtkscmHFlfpDdaRS7dO078Tz3QodH6PSL_gHwptggRQwxRM0HWyKWgPBPUpDdzuJNmsl7nkRxMWJZc-Ogizx_-R-7lvH-KjPiOjhrpk6nyNWBzt3pJl5xOtgTlqstv9XQqNk', 'width': 3120}]",,,https://www.google.com/maps/place/?q=place_id:ChIJDWbOve24Ii4RMJ8Md773wio
OPERATIONAL,"G9GF+W27, Arung Dalam, Koba, Central Bangka Regency, Bangka Belitung Islands 33681, Indonesia","{'location': {'lat': -2.4727025, 'lng': 106.3725552}, 'viewport': {'northeast': {'lat': -2.471482670107277, 'lng': 106.3738558298927}, 'southwest': {'lat': -2.474182329892722, 'lng': 106.3711561701073}}}",https://maps.gstatic.com/mapfiles/place_api/icons/v1/png_71/generic_business-71.png,#13B5C7,https://maps.gstatic.com/mapfiles/place_api/icons/v2/generic_pinlet,Pantai Arung Dalam,ChIJA0dYAbVRPS4ROIHysXri8Ik,4.1,ChIJA0dYAbVRPS4ROIHysXri8Ik,"['tourist_attraction', 'point_of_interest', 'establishment']",501,"[{'height': 3120, 'html_attributions': ['<a href=""https://maps.google.com/maps/contrib/108962985224755999395"">Rleonardo Vandim</a>'], 'photo_reference': 'AUGGfZkHsI81wsbf3tAQSPiIkuT5Gw20idc2emaWyOsTDUQvN5FDQYte19Pdgvkxt1Vt-m7A9H7nGrJv2FggkkTtyZIIXz4tAs6IJaWGMGUrdUNfhu-sakHkbPM1S_zL8FFnukUmyrYryK0lbNbpIa9EI1mWYAYVj2D0PB2rGkw-j1_bzJM8', 'width': 4160}]",{'open_now': True},,https://www.google.com/maps/place/?q=place_id:ChIJA0dYAbVRPS4ROIHysXri8Ik
OPERATIONAL,"P482+P7J, Puput, Simpang Katis, Central Bangka Regency, Bangka Belitung Islands 33684, Indonesia","{'location': {'lat': -2.283154, 'lng': 106.1006408}, 'viewport': {'northeast': {'lat': -2.281804170107277, 'lng': 106.1019906298927}, 'southwest': {'lat': -2.284503829892722, 'lng': 106.0992909701073}}}",https://maps.gstatic.com/mapfiles/place_api/icons/v1/png_71/generic_business-71.png,#13B5C7,https://maps.gstatic.com/mapfiles/place_api/icons/v2/generic_pinlet,Wisata Batu Akui,ChIJaREwloPJIi4RsEJd2rh8cW0,5.0,ChIJaREwloPJIi4RsEJd2rh8cW0,"['tourist_attraction', 'point_of_interest', 'establishment']",1,"[{'height': 2448, 'html_attributions': ['<a href=""https://maps.google.com/maps/contrib/104731277324681604713"">Ismail Irwansyah</a>'], 'photo_reference': 'AUGGfZl9_eQgl4B90fo2DdR_SFD4RsYnaVgPuhqKdyuNi1hsqtEfn1BH9Lgd5_h8S7bsY2uMki0fRNzx7q-1m-PIi5zIwUXzg9NMj66HKNudBQ_BkFhs4irey5aQ0k6cRo3o9p_WauoMA5lYi_8zKU5GXgoL86vno-mIvEHFPPTDogg53ZX0', 'width': 3264}]",,,https://www.google.com/maps/place/?q=place_id:ChIJaREwloPJIi4RsEJd2rh8cW0
OPERATIONAL,"H8C7+46W, Penyak, Koba, Central Bangka Regency, Bangka Belitung Islands, Indonesia","{'location': {'lat': -2.4296328, 'lng': 106.3130672}, 'viewport': {'northeast': {'lat': -2.428419470107277, 'lng': 106.3142770298927}, 'southwest': {'lat': -2.431119129892722, 'lng': 106.3115773701073}}}",https://maps.gstatic.com/mapfiles/place_api/icons/v1/png_71/generic_business-71.png,#13B5C7,https://maps.gstatic.com/mapfiles/place_api/icons/v2/generic_pinlet,Pantai Mika paradise,ChIJNWc1y4ZNPS4RvRnFVnUz4og,4.7,ChIJNWc1y4ZNPS4RvRnFVnUz4og,"['tourist_attraction', 'point_of_interest', 'establishment']",6,"[{'height': 1080, 'html_attributions': ['<a href=""https://maps.google.com/maps/contrib/115755658950754488326"">Gaung Satrio</a>'], 'photo_reference': 'AUGGfZkju0RrzySjUEpyOAsE90UpN7u7GjQgSLuH75wHYd2UtrLJscmpcBMeLdO713rkA2b-V17-6zwICnFl2O_FMXURgKm4u_sOf2QvfDyZzEVIlbCtRqv0vuKvSOlBGSXsbepdgoGgoaT8hjwi9EgViWi-bpBMM-dXNHZ-asJ64RGmPDdM', 'width': 1920}]",,,https://www.google.com/maps/place/?q=place_id:ChIJNWc1y4ZNPS4RvRnFVnUz4og
OPERATIONAL,"Q25H+CG6, Teru, Simpang Katis, Central Bangka Regency, Bangka Belitung Islands, Indonesia","{'location': {'lat': -2.2414564, 'lng': 106.0287512}, 'viewport': {'northeast': {'lat': -2.2359886, 'lng': 106.0296558}, 'southwest': {'lat': -2.243279, 'lng': 106.0260374}}}",https://maps.gstatic.com/mapfiles/place_api/icons/v1/png_71/generic_business-71.png,#13B5C7,https://maps.gstatic.com/mapfiles/place_api/icons/v2/generic_pinlet,DESA TERU KAB BANGKA YENGAH,ChIJ8bofFADPIi4RDzIeYC016Mo,0.0,ChIJ8bofFADPIi4RDzIeYC016Mo,"['tourist_attraction', 'point_of_interest', 'establishment']",0,,,,https://www.google.com/maps/place/?q=place_id:ChIJ8bofFADPIi4RDzIeYC016Mo
OPERATIONAL,"Padang Baru, Pangkalan Baru, Central Bangka Regency, Bangka Belitung Islands, Indonesia","{'location': {'lat': -2.1560501, 'lng': 106.2964696}, 'viewport': {'northeast': {'lat': -2.154700270107278, 'lng': 106.2978194298927}, 'southwest': {'lat': -2.157399929892723, 'lng': 106.2951197701073}}}",https://maps.gstatic.com/mapfiles/place_api/icons/v1/png_71/generic_business-71.png,#13B5C7,https://maps.gstatic.com/mapfiles/place_api/icons/v2/generic_pinlet,Pulau Semujur,ChIJwWm5_aC7Ii4R_pbSR0ltsU4,4.2,ChIJwWm5_aC7Ii4R_pbSR0ltsU4,"['tourist_attraction', 'point_of_interest', 'establishment']",61,"[{'height': 3120, 'html_attributions': ['<a href=""https://maps.google.com/maps/contrib/105694513616517038447"">Sarjana Muda</a>'], 'photo_reference': 'AUGGfZm43G_2UusRpKdcPlflWsukQacKk8rtheLefKSPRtihy8PE0k9CFwDVPLaFtdqHekiriDIsMV0gYMccVwtsyaOYK6U724m9vhX4HdSd5A0MJeg_s1C5Jl_oUtf1cGFgDL_cx2IkCZj4deTRyjrbG_cGtocX36LO3G6U7lQNuQg7esJC', 'width': 4160}]",{'open_now': True},"{'compound_code': 'R7VW+HH Padang Baru, Central Bangka Regency, Bangka Belitung Islands, Indonesia', 'global_code': '6P98R7VW+HH'}",https://www.google.com/maps/place/?q=place_id:ChIJwWm5_aC7Ii4R_pbSR0ltsU4
OPERATIONAL,"JX9J+VG, Selan River, Sungai Selan, Central Bangka Regency, Bangka Belitung Islands, Indonesia","{'location': {'lat': -2.3803247, 'lng': 105.9812977}, 'viewport': {'northeast': {'lat': -2.379038970107278, 'lng': 105.9825846798927}, 'southwest': {'lat': -2.381738629892722, 'lng': 105.9798850201073}}}",https://maps.gstatic.com/mapfiles/place_api/icons/v1/png_71/generic_business-71.png,#13B5C7,https://maps.gstatic.com/mapfiles/place_api/icons/v2/generic_pinlet,Waterboom,ChIJ9XkDzeozPS4RUhUoD5sWJOQ,0.0,ChIJ9XkDzeozPS4RUhUoD5sWJOQ,"['tourist_attraction', 'point_of_interest', 'establishment']",0,,,,https://www.google.com/maps/place/?q=place_id:ChIJ9XkDzeozPS4RUhUoD5sWJOQ
OPERATIONAL,"Q688+72, Cambai, Kabupaten Bangka Tengah, Kepulauan Bangka Belitung, Indonesia","{'location': {'lat': -2.234338, 'lng': 106.215035}, 'viewport': {'northeast': {'lat': -2.233594120107277, 'lng': 106.21654395}, 'southwest': {'lat': -2.236293779892722, 'lng': 106.21050815}}}",https://maps.gstatic.com/mapfiles/place_api/icons/v1/png_71/generic_business-71.png,#13B5C7,https://maps.gstatic.com/mapfiles/place_api/icons/v2/generic_pinlet,Baskara Bakti,ChIJjxSABDa3Ii4R13bTESA6tgs,5.0,ChIJjxSABDa3Ii4R13bTESA6tgs,"['tourist_attraction', 'point_of_interest', 'establishment']",3,"[{'height': 3072, 'html_attributions': ['<a href=""https://maps.google.com/maps/contrib/101421454047808904740"">A Google User</a>'], 'photo_reference': 'AUGGfZknRt3O7y_i4hxD2E1KmfnW3QDXkSN1WohKwfj47w8YYxFYeSZG6wgyYN1W7XY-8uzz5qd4qDAm8FFY1ER3s8LC9PRReNG86gzQfNLRyImaPbejuXdqeWCj9oWS5icnXg-MCfoEcYXkcSldviBf1uP3gVtjI-H7Epw2mAG7uFlBvH2R', 'width': 4096}]",,,https://www.google.com/maps/place/?q=place_id:ChIJjxSABDa3Ii4R13bTESA6tgs
OPERATIONAL,"H85F+CW, Terentang III, Koba, Central Bangka Regency, Bangka Belitung Islands, Indonesia","{'location': {'lat': -2.4414842, 'lng': 106.324779}, 'viewport': {'northeast': {'lat': -2.440300820107278, 'lng': 106.3258150298927}, 'southwest': {'lat': -2.443000479892723, 'lng': 106.3231153701073}}}",https://maps.gstatic.com/mapfiles/place_api/icons/v1/png_71/generic_business-71.png,#13B5C7,https://maps.gstatic.com/mapfiles/place_api/icons/v2/generic_pinlet,WAHANA OUTBOND POKDARWIS GERHANA,ChIJaYfEFvNPPS4RTciLCwGHPZM,4.8,ChIJaYfEFvNPPS4RTciLCwGHPZM,"['tourist_attraction', 'point_of_interest', 'establishment']",5,"[{'height': 900, 'html_attributions': ['<a href=""https://maps.google.com/maps/contrib/112313172933804579841"">A Google User</a>'], 'photo_reference': 'AUGGfZnTceUyetx6dUTNYEpY5LYHl5_p_QgpnE06s_A5qe0tX8uhwvrClx-6X3mD4z0wMItZri0liePlQOxQIASPkZk79nBfYRO5ppbJI0VhcgvgSJT-tQ3uh6SNKLOqJsZAe400_ZBah4_ep0UxV7G1tOd9SqKL6APkuC0c93-kLpoX4dRn', 'width': 1600}]",{'open_now': False},,https://www.google.com/maps/place/?q=place_id:ChIJaYfEFvNPPS4RTciLCwGHPZM
OPERATIONAL,"J5JQ+5RP, Namang, Central Bangka Regency, Bangka Belitung Islands 33684, Indonesia","{'location': {'lat': -2.369548, 'lng': 106.189577}, 'viewport': {'northeast': {'lat': -2.36713675, 'lng': 106.1911093798927}, 'southwest': {'lat': -2.370351749999999, 'lng': 106.1884097201073}}}",https://maps.gstatic.com/mapfiles/place_api/icons/v1/png_71/generic_business-71.png,#13B5C7,https://maps.gstatic.com/mapfiles/place_api/icons/v2/generic_pinlet,Wisata Danau Pelawan,ChIJ_e0thoJLPS4Rpik5bVgpcec,4.5,ChIJ_e0thoJLPS4Rpik5bVgpcec,"['tourist_attraction', 'point_of_interest', 'establishment']",12,"[{'height': 2304, 'html_attributions': ['<a href=""https://maps.google.com/maps/contrib/115830495043127551045"">Tafia Prasojo</a>'], 'photo_reference': 'AUGGfZlN7aOYNv0pXjAWfQFaYEW-xyb0GRPrkjokBMeL4ZlYpyCchjSeFJxOJFMDPJxm_W6tMfeSQUojKthRQZSboFIKEvxOtljLuvKxr-BK5hwTL9OFa3DossSrsy_qxBYtldwVGgFWmnea1u12byNNIDWVpEWigtuNaJL8olheVcAY7OrH', 'width': 4608}]",{'open_now': False},,https://www.google.com/maps/place/?q=place_id:ChIJ_e0thoJLPS4Rpik5bVgpcec
OPERATIONAL,"Tanjung Gunung, Pangkalan Baru, Central Bangka Regency, Bangka Belitung Islands 33148, Indonesia","{'location': {'lat': -2.1965999, 'lng': 106.1882482}, 'viewport': {'northeast': {'lat': -2.195273720107277, 'lng': 106.19326405}, 'southwest': {'lat': -2.197973379892722, 'lng': 106.18657625}}}",https://maps.gstatic.com/mapfiles/place_api/icons/v1/png_71/generic_business-71.png,#13B5C7,https://maps.gstatic.com/mapfiles/place_api/icons/v2/generic_pinlet,Bukit Bebek Emas,ChIJKRRVNvW5Ii4RQNQodLpI76s,4.5,ChIJKRRVNvW5Ii4RQNQodLpI76s,"['tourist_attraction', 'point_of_interest', 'establishment']",988,"[{'height': 2268, 'html_attributions': ['<a href=""https://maps.google.com/maps/contrib/113450332982327549116"">Anisa No Pratiwi</a>'], 'photo_reference': 'AUGGfZmiG5G6WlKZiyObYWMKJqqppw5hGssDs0Cm0Emj9qCNN8YQicp3-2nxGvn-NIGhV-62mNvyxFakxp-gWu1cr-XX8JvTy9wz0NZfUhptCCnno6RyyOqWIfUBY6xM862HAveZW9rnwDicfiSVxT_D2wiWnNsR2EmrnwOu5YeepppjCjTc', 'width': 4032}]",{'open_now': False},"{'compound_code': 'R53Q+97 Tanjung Gunung, Central Bangka Regency, Bangka Belitung Islands, Indonesia', 'global_code': '6P98R53Q+97'}",https://www.google.com/maps/place/?q=place_id:ChIJKRRVNvW5Ii4RQNQodLpI76s
OPERATIONAL,"P367+CJ8, Katis, Simpang Katis, Bangka Regency, Bangka Belitung Islands, Indonesia","{'location': {'lat': -2.2889537, 'lng': 106.0640653}, 'viewport': {'northeast': {'lat': -2.287797870107278, 'lng': 106.0655948298927}, 'southwest': {'lat': -2.290497529892722, 'lng': 106.0628951701073}}}",https://maps.gstatic.com/mapfiles/place_api/icons/v1/png_71/generic_business-71.png,#13B5C7,https://maps.gstatic.com/mapfiles/place_api/icons/v2/generic_pinlet,Ari,ChIJLZORRgPLIi4RWp5O_J75kwY,3.0,ChIJLZORRgPLIi4RWp5O_J75kwY,"['tourist_attraction', 'point_of_interest', 'establishment']",2,,,,https://www.google.com/maps/place/?q=place_id:ChIJLZORRgPLIi4RWp5O_J75kwY
OPERATIONAL,"Q35H+PC7, Teru, Simpang Katis, Central Bangka Regency, Bangka Belitung Islands, Indonesia","{'location': {'lat': -2.2407087, 'lng': 106.0785531}, 'viewport': {'northeast': {'lat': -2.238936970107277, 'lng': 106.0798979798927}, 'southwest': {'lat': -2.241636629892722, 'lng': 106.0771983201073}}}",https://maps.gstatic.com/mapfiles/place_api/icons/v1/png_71/generic_business-71.png,#13B5C7,https://maps.gstatic.com/mapfiles/place_api/icons/v2/generic_pinlet,Embung Air Baku Desa Teru,ChIJP2tVmeTJIi4Rmb5AjkQiG20,0.0,ChIJP2tVmeTJIi4Rmb5AjkQiG20,"['tourist_attraction', 'point_of_interest', 'establishment']",0,"[{'height': 3120, 'html_attributions': ['<a href=""https://maps.google.com/maps/contrib/113849680165717553684"">Iwan Wan</a>'], 'photo_reference': 'AUGGfZnKA68VHasSUa2TpMULdt-Tmd67gCE4XwSZ3Tj35ODai_JALQidwoxGQ1VxzzBBocESNgCNUnO0EWa1-kChqE6E072ZFREHWgpVWo2xTY-ijjo49I9KS_1AHQt5hdw-oQVwPpbAXDwu0eWS0lbyCV9MnIzjNujS3wJYe_J23tN7IWch', 'width': 4160}]",,,https://www.google.com/maps/place/?q=place_id:ChIJP2tVmeTJIi4Rmb5AjkQiG20
OPERATIONAL,"GF2J+QXF, Unnamed Road, Kulur Ilir, Kec. Lubuk Besar, Kabupaten Bangka Tengah, Kepulauan Bangka Belitung 33681, Indonesia","{'location': {'lat': -2.4980554, 'lng': 106.4824161}, 'viewport': {'northeast': {'lat': -2.497034370107277, 'lng': 106.4836542298927}, 'southwest': {'lat': -2.499734029892722, 'lng': 106.4809545701073}}}",https://maps.gstatic.com/mapfiles/place_api/icons/v1/png_71/generic_business-71.png,#13B5C7,https://maps.gstatic.com/mapfiles/place_api/icons/v2/generic_pinlet,Pantai Kulur,ChIJjdYGgaRXPS4RTMuYi1W7zAo,4.5,ChIJjdYGgaRXPS4RTMuYi1W7zAo,"['tourist_attraction', 'point_of_interest', 'establishment']",11,"[{'height': 4000, 'html_attributions': ['<a href=""https://maps.google.com/maps/contrib/105686894450198588816"">Ayah Qiran</a>'], 'photo_reference': 'AUGGfZlhPbPXxIFGg9ibExkedqukbUrG_YmREV5W9nxAg0Zsh3adKt7SPYbW64ZevZOuswtVYoA7BmedYTycTW5e6FqervKrwxMKKG7CtZtrTCXOKFTdARFSA5wKxw0AfXpayOnXsUg0wUQLFcr4EBd15gXMXbEB6y9ctQnWbiM4NFu_bkbM', 'width': 2256}]",{'open_now': True},,https://www.google.com/maps/place/?q=place_id:ChIJjdYGgaRXPS4RTMuYi1W7zAo
OPERATIONAL,"R5MQ+X4W, Batu Belubang, Pangkalan Baru, Central Bangka Regency, Bangka Belitung Islands, Indonesia","{'location': {'lat': -2.165009, 'lng': 106.1878365}, 'viewport': {'northeast': {'lat': -2.164025220107278, 'lng': 106.1890452798927}, 'southwest': {'lat': -2.166724879892723, 'lng': 106.1863456201073}}}",https://maps.gstatic.com/mapfiles/place_api/icons/v1/png_71/generic_business-71.png,#13B5C7,https://maps.gstatic.com/mapfiles/place_api/icons/v2/generic_pinlet,Wisata Alam Mangrove Dusun Pantai Batu Belubang,ChIJnZzjqOK5Ii4Rp0i_qqhX_l0,5.0,ChIJnZzjqOK5Ii4Rp0i_qqhX_l0,"['tourist_attraction', 'point_of_interest', 'establishment']",3,"[{'height': 1200, 'html_attributions': ['<a href=""https://maps.google.com/maps/contrib/112564594355254307816"">Andi Nur</a>'], 'photo_reference': 'AUGGfZnxZ4zwwYZZRZdUEjLl8TwUTmXAo-AWmSXEV9Nt9vS3SkNURshty5IKcBcbE8VzYLErFtD08YTfwxQVTFUmbJ-M-Kby_jJm-GnAnnCHMc8rK31o5UdCzSkg7Ij4EV8RKWM-Cn1us9zJiu6U6PHLxT8ITowLFp6pfY7hG8ZnXLM1yp21', 'width': 1600}]",,,https://www.google.com/maps/place/?q=place_id:ChIJnZzjqOK5Ii4Rp0i_qqhX_l0
OPERATIONAL,"Q83W+RV, Kurau, Kec. Koba, Kabupaten Bangka Tengah, Kepulauan Bangka Belitung, Indonesia","{'location': {'lat': -2.2587276, 'lng': 106.3490758}, 'viewport': {'northeast': {'lat': -2.257377770107277, 'lng': 106.3504256298927}, 'southwest': {'lat': -2.260077429892722, 'lng': 106.3477259701073}}}",https://maps.gstatic.com/mapfiles/place_api/icons/v1/png_71/generic_business-71.png,#13B5C7,https://maps.gstatic.com/mapfiles/place_api/icons/v2/generic_pinlet,PULAU GUSUNG ASEM,ChIJLUU0X6WvIi4RG8eVHCeFG7o,5.0,ChIJLUU0X6WvIi4RG8eVHCeFG7o,"['tourist_attraction', 'point_of_interest', 'establishment']",4,"[{'height': 3024, 'html_attributions': ['<a href=""https://maps.google.com/maps/contrib/102905507949182649677"">Prabu Notonegoro</a>'], 'photo_reference': 'AUGGfZlHybaSjs4I9n5XMn-6KNSuUJ57spPLa8ofrkFLAj907g7wptpVOwec0dCzoqzfJ2MKdXs79d5QSFFDF6NOxTna5sNaaCOc4zu9fD3wbYI2ksHtKN05gVgR_0O7WUdBFmgMd-7wiOPwA99vKzJ6aNIDMMsIYLCqg9EX3t3u78QY3ZTp', 'width': 4032}]",,,https://www.google.com/maps/place/?q=place_id:ChIJLUU0X6WvIi4RG8eVHCeFG7o
OPERATIONAL,"Q3CQ+329, Jl. Sungai Selan, Teru, Kec. Simpang Katis, Kabupaten Bangka Tengah, Kepulauan Bangka Belitung 33121, Indonesia","{'location': {'lat': -2.2298439, 'lng': 106.0876228}, 'viewport': {'northeast': {'lat': -2.228494070107278, 'lng': 106.0889726298927}, 'southwest': {'lat': -2.231193729892723, 'lng': 106.0862729701073}}}",https://maps.gstatic.com/mapfiles/place_api/icons/v1/png_71/generic_business-71.png,#13B5C7,https://maps.gstatic.com/mapfiles/place_api/icons/v2/generic_pinlet,Aek Berambai Teru,ChIJca2u1ovJIi4RDdqnCJyq_Yc,4.2,ChIJca2u1ovJIi4RDdqnCJyq_Yc,"['tourist_attraction', 'point_of_interest', 'establishment']",16,"[{'height': 2736, 'html_attributions': ['<a href=""https://maps.google.com/maps/contrib/101261875794499692458"">hendri noviyarto</a>'], 'photo_reference': 'AUGGfZlBoevOG3abJ7A2FkKrDEOk6DHfPpYLGiiQQ_7fekQZCOz5wFRc2_pKK6N6ftPPdKxRiM_Nj3tUtPAZSmBoktxkMWRuXRF4BdcdCGIr-eP3snUr8xjYrVtD4jjFQ9n5KTg8s7tRFe59_Sj4EVwaGSX1D5dpu4bZzlTPIBZPvHL-K_2D', 'width': 4864}]",,,https://www.google.com/maps/place/?q=place_id:ChIJca2u1ovJIi4RDdqnCJyq_Yc
OPERATIONAL,"R488+PW, Dul, Pangkalan Baru, Central Bangka Regency, Bangka Belitung Islands, Indonesia","{'location': {'lat': -2.1842145, 'lng': 106.1175546}, 'viewport': {'northeast': {'lat': -2.182870820107278, 'lng': 106.1190903298927}, 'southwest': {'lat': -2.185570479892723, 'lng': 106.1163906701073}}}",https://maps.gstatic.com/mapfiles/place_api/icons/v1/png_71/generic_business-71.png,#13B5C7,https://maps.gstatic.com/mapfiles/place_api/icons/v2/generic_pinlet,Bukit Pinteir Garden,ChIJpVfHRDXHIi4RM7-My36c1L0,4.5,ChIJpVfHRDXHIi4RM7-My36c1L0,"['tourist_attraction', 'point_of_interest', 'establishment']",2,"[{'height': 4000, 'html_attributions': ['<a href=""https://maps.google.com/maps/contrib/116311078550529274320"">A Google User</a>'], 'photo_reference': 'AUGGfZk-vNlasMCaSjss5ZgHW0ZZQQA7mAzu0iFjIcyxY5T_duj91xkCi6_IIRhTF6hsVQ0uth7r7hk5H1vii026jY2aaoEVWAA5wxT7T45H3ZWTbB-EJrtQi6_NJ9Wk-ozrnm5r4AdpL8oDbpAla-BCVFKkAszBo4RZEm4aWdveMs6pBcb9', 'width': 3000}]",{'open_now': False},,https://www.google.com/maps/place/?q=place_id:ChIJpVfHRDXHIi4RM7-My36c1L0
OPERATIONAL,"Beluluk, Pangkalan Baru, Central Bangka Regency, Bangka Belitung Islands 33684, Indonesia","{'location': {'lat': -2.1821656, 'lng': 106.1352033}, 'viewport': {'northeast': {'lat': -2.181174999999999, 'lng': 106.1369248798927}, 'southwest': {'lat': -2.185137400000001, 'lng': 106.1342252201073}}}",https://maps.gstatic.com/mapfiles/place_api/icons/v1/png_71/generic_business-71.png,#13B5C7,https://maps.gstatic.com/mapfiles/place_api/icons/v2/generic_pinlet,Bukit Kejora,ChIJiajUotTHIi4RAuQCwfBfePI,4.5,ChIJiajUotTHIi4RAuQCwfBfePI,"['tourist_attraction', 'point_of_interest', 'establishment']",124,"[{'height': 3000, 'html_attributions': ['<a href=""https://maps.google.com/maps/contrib/106735124003862231659"">Sittiiy Solihah</a>'], 'photo_reference': 'AUGGfZkmYpuDDceAubX1foincFoji2aG6YH0JXt-h8th5vW8GDOjM5tF7Z8owtXiFNuaBSlybEFRUq7hQmEjJcjssWUOMUnBXTVEAYZ3vbx7MQG8_umIvxXXr9A9X5pGamsRZ85CbyL4Ej8s8HgHn-9ek_WqYC8bqhrLMlVQ9lnUys9W-y3S', 'width': 4000}]",{'open_now': True},"{'compound_code': 'R49P+43 Beluluk, Central Bangka Regency, Bangka Belitung Islands, Indonesia', 'global_code': '6P98R49P+43'}",https://www.google.com/maps/place/?q=place_id:ChIJiajUotTHIi4RAuQCwfBfePI
