business_status,formatted_address,geometry,icon,icon_background_color,icon_mask_base_uri,name,opening_hours,photos,place_id,plus_code,rating,reference,types,user_ratings_total,permanently_closed,url
OPERATIONAL,"851, Taiwan, Kaohsiung City, Maolin District","{'location': {'lat': 22.888268, 'lng': 120.6630446}, 'viewport': {'northeast': {'lat': 22.88938607989272, 'lng': 120.6646791298927}, 'southwest': {'lat': 22.88668642010728, 'lng': 120.6619794701073}}}",https://maps.gstatic.com/mapfiles/place_api/icons/v1/png_71/park-71.png,#4DB546,https://maps.gstatic.com/mapfiles/place_api/icons/v2/tree_pinlet,Purple Butterfly Valley,{'open_now': True},"[{'height': 2268, 'html_attributions': ['<a href=""https://maps.google.com/maps/contrib/118003096501437918719"">Johan Kromhout</a>'], 'photo_reference': 'AUGGfZlyfYj-omvoFFy87c7CSYmfyF9ZPCft9af2zKzHIuX4OlMMhbm1fMVCB-fxPPu3giGsHpAOjqEzlVlARjQAQxBNO7TUO1dxbIvZAI5vHCctDtTli0s4WJEG3CEpmZv1Pz9agYEjgv9eo7Ime-2dVYV77r1zeK_IqMiHb2yViuToEjtv', 'width': 4032}]",ChIJLWAkAcxFbjQR_s1Zcc0y-Hg,"{'compound_code': 'VMQ7+86 Maolin District, Kaohsiung City', 'global_code': '7QJ2VMQ7+86'}",4.4,ChIJLWAkAcxFbjQR_s1Zcc0y-Hg,"['tourist_attraction', 'park', 'point_of_interest', 'establishment']",61,,https://www.google.com/maps/place/?q=place_id:ChIJLWAkAcxFbjQR_s1Zcc0y-Hg
OPERATIONAL,"26, Alishan Township, Chiayi County, Taiwan 605","{'location': {'lat': 23.4548846, 'lng': 120.7496079}, 'viewport': {'northeast': {'lat': 23.45628457989272, 'lng': 120.7509606798927}, 'southwest': {'lat': 23.45358492010728, 'lng': 120.7482610201073}}}",https://maps.gstatic.com/mapfiles/place_api/icons/v1/png_71/generic_business-71.png,#13B5C7,https://maps.gstatic.com/mapfiles/place_api/icons/v2/generic_pinlet,Dabang Kuba,{'open_now': True},"[{'height': 2208, 'html_attributions': ['<a href=""https://maps.google.com/maps/contrib/101911237759738873657"">福氣</a>'], 'photo_reference': 'AUGGfZk6GkMvX0KWWW46BURG_criyhAlbesx-tAZPhUY3mkI_6kkVsNzmdKLZSPFEjFbgC6LSCTM02d_uj1d70_xiyCLxjhu31Diw4s5TSS49e36zBrZK50cZZDWQ4AWfgPkKeyGf-fGeffRzoxD3ZqYHm7YnEgLT7IPDSl1lE7OLAsE225p', 'width': 3928}]",ChIJ3ZoW44TnbjQRlig7HMVx-dI,"{'compound_code': 'FP3X+XR Alishan Township, Chiayi County', 'global_code': '7QM2FP3X+XR'}",4.5,ChIJ3ZoW44TnbjQRlig7HMVx-dI,"['tourist_attraction', 'point_of_interest', 'establishment']",30,,https://www.google.com/maps/place/?q=place_id:ChIJ3ZoW44TnbjQRlig7HMVx-dI
OPERATIONAL,"402, Taiwan, Taichung City, South District","{'location': {'lat': 24.1205836, 'lng': 120.6747867}, 'viewport': {'northeast': {'lat': 24.12193342989272, 'lng': 120.6761365298927}, 'southwest': {'lat': 24.11923377010728, 'lng': 120.6734368701073}}}",https://maps.gstatic.com/mapfiles/place_api/icons/v1/png_71/generic_business-71.png,#13B5C7,https://maps.gstatic.com/mapfiles/place_api/icons/v2/generic_pinlet,Taiwan Lake,{'open_now': True},"[{'height': 3024, 'html_attributions': ['<a href=""https://maps.google.com/maps/contrib/111273074406283896961"">Ji-hung Liou</a>'], 'photo_reference': 'AUGGfZmyjZh0Qn0aOTg2ECxyS1LRYUjvpC6NhHd1WJHdp-jJzvIzdY3HdnsFfIWDlU9fW7_23cuBeETxob6OQn9y7_WwDQ38TU-QiIXGODED6AxUsywKdij5OgHcC6XP7a6sQoNT2id4cru-4MeVNSNxclLJR8ZKW_3IV7BuXNmS5uF2Ob5d', 'width': 4032}]",ChIJ7_OLn5c9aTQRibZH39f8_ZU,"{'compound_code': '4MCF+6W 積善里 Taichung City, South District', 'global_code': '7QP24MCF+6W'}",4.6,ChIJ7_OLn5c9aTQRibZH39f8_ZU,"['tourist_attraction', 'point_of_interest', 'establishment']",54,,https://www.google.com/maps/place/?q=place_id:ChIJ7_OLn5c9aTQRibZH39f8_ZU
OPERATIONAL,"No. 25, Xincun Rd, Chenggong Township, Taitung County, Taiwan 96144","{'location': {'lat': 23.0201614, 'lng': 121.3245523}, 'viewport': {'northeast': {'lat': 23.02151122989272, 'lng': 121.3259021298928}, 'southwest': {'lat': 23.01881157010728, 'lng': 121.3232024701073}}}",https://maps.gstatic.com/mapfiles/place_api/icons/v1/png_71/generic_business-71.png,#13B5C7,https://maps.gstatic.com/mapfiles/place_api/icons/v2/generic_pinlet,East Coast National Scenic Area,{'open_now': False},"[{'height': 1865, 'html_attributions': ['<a href=""https://maps.google.com/maps/contrib/110244590763501513798"">miao hsin sun</a>'], 'photo_reference': 'AUGGfZl32gN9bEJVt4CO6QMDzomKEok36gKji_F8TUOFRReCs-XqLJk0igekteKJRk35WIchV-0lXQfejaQIK_EvwT6kWbaI_xk9stjN8IrIeuzK-ih1-J285MKOlgQCwIGKYIlGqqWB0l6bLJjBzImqiK-Ik55bpMuo-qr_LvxADl__Z0ZN', 'width': 3316}]",ChIJ82el9vKgaDQRoDGNDCMauMY,"{'compound_code': '28CF+3R 信義里 Taitung County, Chenggong Township', 'global_code': '7QM328CF+3R'}",4.5,ChIJ82el9vKgaDQRoDGNDCMauMY,"['tourist_attraction', 'point_of_interest', 'establishment']",14066,,https://www.google.com/maps/place/?q=place_id:ChIJ82el9vKgaDQRoDGNDCMauMY
OPERATIONAL,"No. 153號, Section 1, Xiyuan Rd, Wanhua District, Taipei City, Taiwan 108","{'location': {'lat': 25.0355043, 'lng': 121.49952}, 'viewport': {'northeast': {'lat': 25.03685642989272, 'lng': 121.5007814298927}, 'southwest': {'lat': 25.03415677010728, 'lng': 121.4980817701073}}}",https://maps.gstatic.com/mapfiles/place_api/icons/v1/png_71/generic_business-71.png,#13B5C7,https://maps.gstatic.com/mapfiles/place_api/icons/v2/generic_pinlet,Taipei's Origin & Longshan Temple - Taiwan Cultural Free Walking Tour Meeting Point - TourMeAway,{'open_now': False},"[{'height': 3024, 'html_attributions': ['<a href=""https://maps.google.com/maps/contrib/102561983437623547031"">Chad Robertson</a>'], 'photo_reference': 'AUGGfZm-FEMpBztlqOQLcwwMd8eblfNZa7jJ0v065FC8F8_hmqjOBp2T9Z7cQoXL59yZYD_mLMNUoq6GDTjb7BKF3M5BV4K-foQgaIgFq6UjQs8XOmUo3-1i1Ta-v3_Lv9zuJKGZckOwJoQRxovt7kc6xnM6XHd0NjK0E31d_AyAWQBua8-7', 'width': 4032}]",ChIJG1wo2q6pQjQR4c2_HtMhbUU,"{'compound_code': '2FPX+6R 富民里 Taipei City, Wanhua District', 'global_code': '7QQ32FPX+6R'}",4.9,ChIJG1wo2q6pQjQR4c2_HtMhbUU,"['tourist_attraction', 'point_of_interest', 'establishment']",269,,https://www.google.com/maps/place/?q=place_id:ChIJG1wo2q6pQjQR4c2_HtMhbUU
OPERATIONAL,"972, Taiwan, Hualien County, Xiulin Township, 富世291號","{'location': {'lat': 24.1939246, 'lng': 121.4906668}, 'viewport': {'northeast': {'lat': 24.2791268, 'lng': 121.7962248}, 'southwest': {'lat': 24.08791759999999, 'lng': 121.0978312}}}",https://maps.gstatic.com/mapfiles/place_api/icons/v1/png_71/park-71.png,#4DB546,https://maps.gstatic.com/mapfiles/place_api/icons/v2/tree_pinlet,Taroko National Park,,"[{'height': 978, 'html_attributions': ['<a href=""https://maps.google.com/maps/contrib/103829844627175481707"">Saeed Ullah</a>'], 'photo_reference': 'AUGGfZkmkT-cVjGortU3uP4D4D9cakv6IBL-QmVGSS-m0OGs0lgXbz89fuMe0vajKv2edXVgA2KNZl9WKwGKPmPOsR5KeV_sqB4J9WL49V3VyJLuK0XRd2qnrKlRK4mBxN5mDQiTlQpQYddGMLxjzsGI-JD-b0czrtspb_xDLu7wy4mvIaO3', 'width': 1438}]",ChIJ7-fCX4SCaDQRMaqw4IX92d0,"{'compound_code': '5FVR+H7 富世村 Hualien County, Xiulin Township', 'global_code': '7QP35FVR+H7'}",4.6,ChIJ7-fCX4SCaDQRMaqw4IX92d0,"['park', 'point_of_interest', 'establishment']",24187,,https://www.google.com/maps/place/?q=place_id:ChIJ7-fCX4SCaDQRMaqw4IX92d0
OPERATIONAL,Taiwan,"{'location': {'lat': 25.1942462, 'lng': 121.5609363}, 'viewport': {'northeast': {'lat': 25.30711255, 'lng': 121.70528005}, 'southwest': {'lat': 25.05702154999999, 'lng': 121.41936745}}}",https://maps.gstatic.com/mapfiles/place_api/icons/v1/png_71/park-71.png,#4DB546,https://maps.gstatic.com/mapfiles/place_api/icons/v2/tree_pinlet,Yangmingshan National Park,,"[{'height': 2250, 'html_attributions': ['<a href=""https://maps.google.com/maps/contrib/112874052774177877247"">李嘉銘</a>'], 'photo_reference': 'AUGGfZlccYIxz-QCIeE2-hAHpDyQj0vSsRXC1d_qDD17_2vzjq5vkoYH36zJSa29w_Znnm6YZY8QhDFMhqg_K3phd-fYr5-oZa9SDC9kEJaZGrzVAYt7lA0BrAHIhKbdDswUu99uYKo2pHk2dGaD3_DDXWqR9SBaRcPZqZsxZqqnbAnPXuo', 'width': 4000}]",ChIJS8fPJPitQjQRebDDT6PjC1w,"{'compound_code': '5HV6+M9 湖田里 Taipei City, Beitou District', 'global_code': '7QQ35HV6+M9'}",4.5,ChIJS8fPJPitQjQRebDDT6PjC1w,"['tourist_attraction', 'park', 'point_of_interest', 'establishment']",24571,,https://www.google.com/maps/place/?q=place_id:ChIJS8fPJPitQjQRebDDT6PjC1w
OPERATIONAL,"No. 290號, Longquan Rd, Beinan Township, Taitung County, Taiwan 954","{'location': {'lat': 22.6874498, 'lng': 120.9912777}, 'viewport': {'northeast': {'lat': 22.68904287989272, 'lng': 120.9930947798927}, 'southwest': {'lat': 22.68634322010728, 'lng': 120.9903951201073}}}",https://maps.gstatic.com/mapfiles/place_api/icons/v1/png_71/park-71.png,#4DB546,https://maps.gstatic.com/mapfiles/place_api/icons/v2/tree_pinlet,Jhihben National Forest Recreation Area,{'open_now': False},"[{'height': 2533, 'html_attributions': ['<a href=""https://maps.google.com/maps/contrib/102330244848115530929"">劉昭業</a>'], 'photo_reference': 'AUGGfZnmM3aX1pdoPV3JYYDu0PqBE8lpr1UsAxTiJrpSWM-hCVIhqZZ9OjrJ2CztBPPhYhyfm3YbEKquxKu7FZUVhty_7eHDpSBYKBmR8AOF31L86Xf15FXb6ArNsNvIEX_gg4OsU3AQ5Uc744e-4LIPzGxCdrHkamXlvF3uy_RrMfjfyGa-', 'width': 4000}]",ChIJz3XTnoHJbzQRPeHfWKc1twg,"{'compound_code': 'MXPR+XG 溫泉村 Taitung County, Beinan Township', 'global_code': '7QJ2MXPR+XG'}",4.3,ChIJz3XTnoHJbzQRPeHfWKc1twg,"['tourist_attraction', 'park', 'point_of_interest', 'establishment']",6574,,https://www.google.com/maps/place/?q=place_id:ChIJz3XTnoHJbzQRPeHfWKc1twg
OPERATIONAL,"No. 9號, Liantan Rd, Zuoying District, Kaohsiung City, Taiwan 813","{'location': {'lat': 22.6805033, 'lng': 120.2924777}, 'viewport': {'northeast': {'lat': 22.68202497989272, 'lng': 120.2935006298927}, 'southwest': {'lat': 22.67932532010728, 'lng': 120.2908009701073}}}",https://maps.gstatic.com/mapfiles/place_api/icons/v1/png_71/generic_business-71.png,#7B9EB0,https://maps.gstatic.com/mapfiles/place_api/icons/v2/generic_pinlet,Dragon and Tiger Pagodas,{'open_now': False},"[{'height': 3262, 'html_attributions': ['<a href=""https://maps.google.com/maps/contrib/117839387905122467514"">林高誌</a>'], 'photo_reference': 'AUGGfZnOkHJ53oOmg0_taCJn1ebGzRRqzsd4SBV7HC2HE1HEyV_wlSJyl4rHsnQW6XeNAIli23GTGaNPUfeVRqKfJQm9RYtiyggRnpT0A5GVdWz8TRs69VPD2EqWXQ4zkP2htsAJWTb4LbJP62IKubzxe7pGflbFWVny5wjg3cXpehw-p2uE', 'width': 4903}]",ChIJJcBAjaEFbjQRx4A8dRM2bVI,"{'compound_code': 'M7JR+6X 埤東里 Kaohsiung City, Zuoying District', 'global_code': '7QJ2M7JR+6X'}",4.3,ChIJJcBAjaEFbjQRx4A8dRM2bVI,"['tourist_attraction', 'place_of_worship', 'point_of_interest', 'establishment']",17347,,https://www.google.com/maps/place/?q=place_id:ChIJJcBAjaEFbjQRx4A8dRM2bVI
OPERATIONAL,"73252, Taiwan, Tainan City, Baihe District, 號","{'location': {'lat': 23.3195324, 'lng': 120.4468885}, 'viewport': {'northeast': {'lat': 23.32074447989272, 'lng': 120.4482220798927}, 'southwest': {'lat': 23.31804482010728, 'lng': 120.4455224201073}}}",https://maps.gstatic.com/mapfiles/place_api/icons/v1/png_71/generic_business-71.png,#13B5C7,https://maps.gstatic.com/mapfiles/place_api/icons/v2/generic_pinlet,台灣古鎮文化之都,{'open_now': False},,ChIJzfvEe0-NbjQRjFw6uiKd8HA,"{'compound_code': '8C9W+RQ Liuxi Village, Baihe District, Tainan City', 'global_code': '7QM28C9W+RQ'}",5.0,ChIJzfvEe0-NbjQRjFw6uiKd8HA,"['tourist_attraction', 'point_of_interest', 'establishment']",1,,https://www.google.com/maps/place/?q=place_id:ChIJzfvEe0-NbjQRjFw6uiKd8HA
OPERATIONAL,"605, Taiwan, Chiayi County, Alishan Township, 59號","{'location': {'lat': 23.5109539, 'lng': 120.8034992}, 'viewport': {'northeast': {'lat': 23.51229357989272, 'lng': 120.8048342798928}, 'southwest': {'lat': 23.50959392010728, 'lng': 120.8021346201073}}}",https://maps.gstatic.com/mapfiles/place_api/icons/v1/png_71/park-71.png,#4DB546,https://maps.gstatic.com/mapfiles/place_api/icons/v2/tree_pinlet,Alishan National Forest Recreation Area,{'open_now': True},"[{'height': 3456, 'html_attributions': ['<a href=""https://maps.google.com/maps/contrib/103331819049703137340"">Bernie Chen</a>'], 'photo_reference': 'AUGGfZnRnOuTYUWviuR9yUwoo6RzLqVwlPV5PJ2E2qdPh_Vo_C9RZdM6Y8zNDZ4QE_LQhG1sJgaZV_QILj-nL2jdTEZx1GHcqjq1Hhunq0NYRkxR5XuRCe0Sk10Vj2SKl925Tn4xCdHpCdITHdIeMA5QEo_oG3l5KvxeKQJDXYVlpfKD2PoU', 'width': 4608}]",ChIJOxUmrCDcbjQR1L87oFz49_8,"{'compound_code': 'GR63+99 中正村 Chiayi County, Alishan Township', 'global_code': '7QM2GR63+99'}",4.6,ChIJOxUmrCDcbjQR1L87oFz49_8,"['park', 'point_of_interest', 'establishment']",38551,,https://www.google.com/maps/place/?q=place_id:ChIJOxUmrCDcbjQR1L87oFz49_8
OPERATIONAL,"No. 14號, Ruijing Rd, Dadu District, Taichung City, Taiwan 432","{'location': {'lat': 24.1618468, 'lng': 120.5724168}, 'viewport': {'northeast': {'lat': 24.16319797989272, 'lng': 120.5737344298927}, 'southwest': {'lat': 24.16049832010728, 'lng': 120.5710347701073}}}",https://maps.gstatic.com/mapfiles/place_api/icons/v1/png_71/generic_business-71.png,#13B5C7,https://maps.gstatic.com/mapfiles/place_api/icons/v2/generic_pinlet,世界之窗,,"[{'height': 3024, 'html_attributions': ['<a href=""https://maps.google.com/maps/contrib/114389136977334940987"">葉競聲</a>'], 'photo_reference': 'AUGGfZnCT6NZLewQbcI-b81Z0g56tqUqvpy13_COMhSAbXpmpIL2QS5iQsmP-rgcfeToABozGfafpZkQRUgcMZeuatIcgkzG8hmLdB7O3_c7YCjOlzDqSftjZhaOiL4M1ihgmClOewymJKLoC02Q0VKrU6icg9PeoMyK4zipf78NdMF7XlZD', 'width': 4032}]",ChIJubtIbZ0_aTQRA2bCQPzu0Jw,"{'compound_code': '5H6C+PX 瑞井里 Taichung City, Dadu District', 'global_code': '7QP25H6C+PX'}",4.7,ChIJubtIbZ0_aTQRA2bCQPzu0Jw,"['tourist_attraction', 'point_of_interest', 'establishment']",3,,https://www.google.com/maps/place/?q=place_id:ChIJubtIbZ0_aTQRA2bCQPzu0Jw
OPERATIONAL,"Pingtung County, Taiwan","{'location': {'lat': 21.9483307, 'lng': 120.7797516}, 'viewport': {'northeast': {'lat': 21.95016577989272, 'lng': 120.7808007798927}, 'southwest': {'lat': 21.94746612010728, 'lng': 120.7781011201073}}}",https://maps.gstatic.com/mapfiles/place_api/icons/v1/png_71/park-71.png,#4DB546,https://maps.gstatic.com/mapfiles/place_api/icons/v2/tree_pinlet,Kenting National Park,{'open_now': False},"[{'height': 3024, 'html_attributions': ['<a href=""https://maps.google.com/maps/contrib/118329624172346783857"">莊源標</a>'], 'photo_reference': 'AUGGfZlEdECKYG9o4mkrElAUue10Z5_cKcC3uATsdI7G1Fv2qU76LTt0zcMg_nL0a3bzKcZGT5i29TZNeuUH39j9KGVD-sRSYjSdMVdFBZzHKa8_fp0kGJj1Z-bEs7fwxwd52DimVRRDpVBdVyo1YmfOCHL6IDLw0RkNUi0W_LXOby8tM8EZ', 'width': 4032}]",ChIJo3zE2vqzcTQRf_VdSaifF_c,"{'compound_code': 'WQXH+8W 墾丁里 Pingtung County, Hengchun Township', 'global_code': '7QH2WQXH+8W'}",4.5,ChIJo3zE2vqzcTQRf_VdSaifF_c,"['tourist_attraction', 'park', 'point_of_interest', 'establishment']",21297,,https://www.google.com/maps/place/?q=place_id:ChIJo3zE2vqzcTQRf_VdSaifF_c
OPERATIONAL,"724, Taiwan, Tainan City, Qigu District, 鹽埕里66號","{'location': {'lat': 23.154256, 'lng': 120.1001723}, 'viewport': {'northeast': {'lat': 23.15560582989272, 'lng': 120.1015221298928}, 'southwest': {'lat': 23.15290617010728, 'lng': 120.0988224701073}}}",https://maps.gstatic.com/mapfiles/place_api/icons/v1/png_71/generic_business-71.png,#13B5C7,https://maps.gstatic.com/mapfiles/place_api/icons/v2/generic_pinlet,Qigu Salt Mountain,{'open_now': False},"[{'height': 3266, 'html_attributions': ['<a href=""https://maps.google.com/maps/contrib/113927854273855355544"">邱敬軒</a>'], 'photo_reference': 'AUGGfZnXh95sqnZ68luuLL5nr0dNfLwdMUOnbs0nx_WHIx2B28ygOelffammBU-GdYEckBCHpOPcX65L0x4CB9Orm27c1bo3tAUSguSH1ZIC_5k__dfR_JV4RWjTQuGZ_jC5DlfLAyQjwfQ8SIowKLu4SvZrqRwgmoFUgzNZF8wJBzYTsdhP', 'width': 4899}]",ChIJTRbkzL_WbTQRTrfGfckHIrc,"{'compound_code': '5432+P3 塩埕里 Tainan City, Qigu District', 'global_code': '7QM25432+P3'}",3.8,ChIJTRbkzL_WbTQRTrfGfckHIrc,"['tourist_attraction', 'point_of_interest', 'establishment']",18339,,https://www.google.com/maps/place/?q=place_id:ChIJTRbkzL_WbTQRTrfGfckHIrc
OPERATIONAL,"253, Taiwan, New Taipei City, Shimen District, 下員坑路33之6號","{'location': {'lat': 25.2832984, 'lng': 121.5191243}, 'viewport': {'northeast': {'lat': 25.28453452989272, 'lng': 121.5206387298928}, 'southwest': {'lat': 25.28183487010728, 'lng': 121.5179390701073}}}",https://maps.gstatic.com/mapfiles/place_api/icons/v1/png_71/generic_business-71.png,#7B9EB0,https://maps.gstatic.com/mapfiles/place_api/icons/v2/generic_pinlet,North Coast and Guanyinshan National Scenic Area,{'open_now': False},"[{'height': 2268, 'html_attributions': ['<a href=""https://maps.google.com/maps/contrib/104348250322831055265"">A Google User</a>'], 'photo_reference': 'AUGGfZlhMwJXo2QSfKS-jHPInYwILWEnL-8dEE5cl4cEbSIfDRyeMF1iWnyRDbrgejI78T-bhfJ3UTL0CD8a1Y9ShWn1Y02wrkLNjlnVWhUjetiQh5MeONOCy-XSGqyq_vktBxy8z31r8wKyOZJ4fJmMSozFEAsHaBzCy2a344l02fE_78E0', 'width': 4032}]",ChIJhTuRfY62QjQRMPHdjZqHGjM,"{'compound_code': '7GM9+8J 德茂里 New Taipei City, Shimen District', 'global_code': '7QQ37GM9+8J'}",4.4,ChIJhTuRfY62QjQRMPHdjZqHGjM,"['point_of_interest', 'establishment']",1279,,https://www.google.com/maps/place/?q=place_id:ChIJhTuRfY62QjQRMPHdjZqHGjM
OPERATIONAL,"China, CN 福建省 厦门市 思明区 2688-2东南方向60米 邮政编码: 361005","{'location': {'lat': 24.42873, 'lng': 118.14049}, 'viewport': {'northeast': {'lat': 24.43007982989272, 'lng': 118.1418398298928}, 'southwest': {'lat': 24.42738017010728, 'lng': 118.1391401701073}}}",https://maps.gstatic.com/mapfiles/place_api/icons/v1/png_71/generic_business-71.png,#7B9EB0,https://maps.gstatic.com/mapfiles/place_api/icons/v2/generic_pinlet,Sightseeing Bus Taiwan Folk Vlg Stn,,,ChIJQe5MO5ecFDQRmHiYNnTPozQ,"{'compound_code': 'C4HR+F5 Siming District, Xiamen, Fujian, China', 'global_code': '7PPWC4HR+F5'}",3.0,ChIJQe5MO5ecFDQRmHiYNnTPozQ,"['point_of_interest', 'establishment']",1,,https://www.google.com/maps/place/?q=place_id:ChIJQe5MO5ecFDQRmHiYNnTPozQ
OPERATIONAL,"Taiwan, Nantou County, 嘉義縣，高雄市，臺東縣","{'location': {'lat': 23.4443894, 'lng': 121.03351}, 'viewport': {'northeast': {'lat': 23.70892529999999, 'lng': 121.4298797}, 'southwest': {'lat': 23.1114421, 'lng': 120.6232889}}}",https://maps.gstatic.com/mapfiles/place_api/icons/v1/png_71/park-71.png,#4DB546,https://maps.gstatic.com/mapfiles/place_api/icons/v2/tree_pinlet,Yushan National Park,{'open_now': True},"[{'height': 3265, 'html_attributions': ['<a href=""https://maps.google.com/maps/contrib/102396375470418934578"">蔡文博</a>'], 'photo_reference': 'AUGGfZl7_5HOsk64q3jjgnRChu9z9OM_h4BKgnMwJrBTTTaNAwCkdBbk4vvPRYESMrc7RL0WctdcAIUtPOBhdsEAZ7l6KGFpZ54H5ePMFi8MGS5TKAX3hCWU3AQqdvW94RQ93KogKJ9XQ_ZYQmMJvBpNiTJQOwy6XOiFO-RHee3yxqtICWKu', 'width': 4898}]",ChIJYc8Y_HrfbjQRG8xfRpLIDJA,"{'compound_code': 'C2VM+QC 東埔村 Nantou County, Xinyi Township', 'global_code': '7QM3C2VM+QC'}",4.6,ChIJYc8Y_HrfbjQRG8xfRpLIDJA,"['tourist_attraction', 'park', 'point_of_interest', 'establishment']",4465,,https://www.google.com/maps/place/?q=place_id:ChIJYc8Y_HrfbjQRG8xfRpLIDJA
OPERATIONAL,"228, Taiwan, New Taipei City, Gongliao District, 研海街45號","{'location': {'lat': 25.0412256, 'lng': 121.9264475}, 'viewport': {'northeast': {'lat': 25.04257542989272, 'lng': 121.9277973298927}, 'southwest': {'lat': 25.03987577010728, 'lng': 121.9250976701073}}}",https://maps.gstatic.com/mapfiles/place_api/icons/v1/png_71/park-71.png,#4DB546,https://maps.gstatic.com/mapfiles/place_api/icons/v2/tree_pinlet,Blue Bay Park,{'open_now': False},"[{'height': 3024, 'html_attributions': ['<a href=""https://maps.google.com/maps/contrib/112998656242898561313"">Jeff Wei</a>'], 'photo_reference': 'AUGGfZlyJ4R1rsgNVuA2JVgt1xaj_KMwPMCWx1P61k_kHIVl05H077y8_RYSJSFVfjzlP6bYMS7FM8aLb31bdmOSSWGn915KcuuCf9tZDcKj9cXWzL3nQ3M3TAzOM-MI0iPteHjR7VssxgceQK5nlxspCDuBXrLUYA9BT0t7bQNcRvG0AyQr', 'width': 4032}]",ChIJK97PkO1cXTQRhsV8IQygqiU,"{'compound_code': '2WRG+FH Gongliao District, New Taipei City', 'global_code': '7QQ32WRG+FH'}",4.0,ChIJK97PkO1cXTQRhsV8IQygqiU,"['tourist_attraction', 'park', 'point_of_interest', 'establishment']",1672,,https://www.google.com/maps/place/?q=place_id:ChIJK97PkO1cXTQRhsV8IQygqiU
OPERATIONAL,"Shimen District, New Taipei City, Taiwan 253","{'location': {'lat': 25.2924399, 'lng': 121.5447193}, 'viewport': {'northeast': {'lat': 25.29326752989272, 'lng': 121.5463359798927}, 'southwest': {'lat': 25.29056787010727, 'lng': 121.5436363201073}}}",https://maps.gstatic.com/mapfiles/place_api/icons/v1/png_71/park-71.png,#4DB546,https://maps.gstatic.com/mapfiles/place_api/icons/v2/tree_pinlet,Laomei Green Reef,{'open_now': True},"[{'height': 3078, 'html_attributions': ['<a href=""https://maps.google.com/maps/contrib/108217228526218595599"">techeng lee</a>'], 'photo_reference': 'AUGGfZkyRYDo5KEQwatgqj3zskzLsEoZnjpz102mVxy-N0eG5c2Fm2lwbcFVOfM7edlDvzSUDrS_Wc3nSL71P179r_R20GEfsmzNyh9AOGFqa9ykQ1RieqnOif-84LJ0nhI2c6VwIui69v4r5nUp5hnFRMAEG-UlxkRLlMGKDzn-h1w8XRG0', 'width': 5472}]",ChIJ7UGTS9K1QjQRsjAjSS-NpSg,"{'compound_code': '7GRV+XV 老梅里 New Taipei City, Shimen District', 'global_code': '7QQ37GRV+XV'}",4.3,ChIJ7UGTS9K1QjQRsjAjSS-NpSg,"['tourist_attraction', 'park', 'point_of_interest', 'establishment']",13903,,https://www.google.com/maps/place/?q=place_id:ChIJ7UGTS9K1QjQRsjAjSS-NpSg
OPERATIONAL,"No. 1號, Section 2, Xinsheng S Rd, Da’an District, Taipei City, Taiwan 106","{'location': {'lat': 25.0296587, 'lng': 121.5362867}, 'viewport': {'northeast': {'lat': 25.03571485000001, 'lng': 121.53902685}, 'southwest': {'lat': 25.02651985, 'lng': 121.53300465}}}",https://maps.gstatic.com/mapfiles/place_api/icons/v1/png_71/park-71.png,#4DB546,https://maps.gstatic.com/mapfiles/place_api/icons/v2/tree_pinlet,Daan Park,{'open_now': True},"[{'height': 3000, 'html_attributions': ['<a href=""https://maps.google.com/maps/contrib/109344767831146712206"">A Google User</a>'], 'photo_reference': 'AUGGfZlC73LEVS523gere5CvZxOKBZcTPmhLRXHfxzL3bTo0S6a-U0lhHqVQSXtT6-39iidZWD5N09et7fwKojTGp2Cuu1lzthmy4xgWOWXK60WbykYD2lYZO4ud6-c3IMFlO0vQe2-OzrCcPssWZsstvJoQ-RUc8hLughpgYVb7PGF2-xQA', 'width': 4000}]",ChIJnzZlOoCpQjQRH-WG9egh-2E,"{'compound_code': '2GHP+VG 龍門里 Taipei City, Da’an District', 'global_code': '7QQ32GHP+VG'}",4.6,ChIJnzZlOoCpQjQRH-WG9egh-2E,"['tourist_attraction', 'park', 'point_of_interest', 'establishment']",38639,,https://www.google.com/maps/place/?q=place_id:ChIJnzZlOoCpQjQRH-WG9egh-2E
OPERATIONAL,"224, Taiwan, New Taipei City, Ruifang District","{'location': {'lat': 25.1355953, 'lng': 121.8244308}, 'viewport': {'northeast': {'lat': 25.13660110000001, 'lng': 121.8251445298927}, 'southwest': {'lat': 25.1325779, 'lng': 121.8224448701073}}}",https://maps.gstatic.com/mapfiles/place_api/icons/v1/png_71/generic_business-71.png,#7B9EB0,https://maps.gstatic.com/mapfiles/place_api/icons/v2/generic_pinlet,Shen’ao Elephant Trunk Rock,{'open_now': True},"[{'height': 2268, 'html_attributions': ['<a href=""https://maps.google.com/maps/contrib/112644363280655295145"">cary xie</a>'], 'photo_reference': 'AUGGfZnlwIHfohk2ilVhPlJefBn1A_l_BPqu1CegB_2yeZgbJGBhu96dsF5oaZMv3MFZzExyJ_omgx3GlQXNwxgIeANMVY9GnYy8nRWgoLnvR1Bn78N-ki5N20clp-PcWOUsEnsKZgxn9ZgSN9IwtwW-xLejotWOIpqebV2WekKHThqmTcBl', 'width': 4032}]",ChIJR3oKC51FXTQRV7n_bJH8yjI,"{'compound_code': '4RPF+6Q Ruifang District, New Taipei City', 'global_code': '7QQ34RPF+6Q'}",4.4,ChIJR3oKC51FXTQRV7n_bJH8yjI,"['tourist_attraction', 'point_of_interest', 'establishment']",10987,,https://www.google.com/maps/place/?q=place_id:ChIJR3oKC51FXTQRV7n_bJH8yjI
OPERATIONAL,"Jishan St, Ruifang District, New Taipei City, Taiwan 224","{'location': {'lat': 25.1098695, 'lng': 121.8451827}, 'viewport': {'northeast': {'lat': 25.11122612989272, 'lng': 121.8465566298927}, 'southwest': {'lat': 25.10852647010728, 'lng': 121.8438569701073}}}",https://maps.gstatic.com/mapfiles/place_api/icons/v1/png_71/generic_business-71.png,#13B5C7,https://maps.gstatic.com/mapfiles/place_api/icons/v2/generic_pinlet,Jiufen Old Street,{'open_now': False},"[{'height': 1109, 'html_attributions': ['<a href=""https://maps.google.com/maps/contrib/111519399309441770650"">羽蓁</a>'], 'photo_reference': 'AUGGfZlk6ql1pBibXlRcbQVUvIyDRxUJRTrZFxtiuFyNkM-s8H99mAoYjMTG5TwICXL971EdyH-JBEYL7-zK8M0QCg9888JFndNpPm06o1aBXS4uxvY1MRgbe7K1abFItFwewaHcDDmwc7rAHDCBM--MulcUCTHYIpYvd-4XFBTzZZ3yMCSv', 'width': 1479}]",ChIJcZT7-hdFXTQR0qekplqCFV8,"{'compound_code': '4R5W+W3 Ruifang District, New Taipei City', 'global_code': '7QQ34R5W+W3'}",4.2,ChIJcZT7-hdFXTQR0qekplqCFV8,"['tourist_attraction', 'point_of_interest', 'establishment']",95225,,https://www.google.com/maps/place/?q=place_id:ChIJcZT7-hdFXTQR0qekplqCFV8
OPERATIONAL,"903, Taiwan, Pingtung County, Majia Township, 風景巷104號903","{'location': {'lat': 22.7069254, 'lng': 120.6529188}, 'viewport': {'northeast': {'lat': 22.70820647989272, 'lng': 120.6542151298927}, 'southwest': {'lat': 22.70550682010728, 'lng': 120.6515154701073}}}",https://maps.gstatic.com/mapfiles/place_api/icons/v1/png_71/museum-71.png,#13B5C7,https://maps.gstatic.com/mapfiles/place_api/icons/v2/museum_pinlet,Taiwan Indigenous Culture Park,{'open_now': False},"[{'height': 3024, 'html_attributions': ['<a href=""https://maps.google.com/maps/contrib/114313858267011519355"">lee lora</a>'], 'photo_reference': 'AUGGfZnv7eDyZ6O4mBmjS44DUuTjrSP4Alc7dquKOfgCttavtSKHXX6JlPipsy1vEfM3EEyizv8qiVxGvnh39Str05kiZBK5sjPT5fuEjKxkdM5e4lPPgsZ5E_GOy0w0tuNvVG2V8KCzZAoIkScE2SP_S5u6kqlq_qVr_vIVPbG0JBr6CqNn', 'width': 4032}]",ChIJWabUR9o7bjQRQW1uZFLg14k,"{'compound_code': 'PM43+Q5 北葉村 Pingtung County, Majia Township', 'global_code': '7QJ2PM43+Q5'}",4.2,ChIJWabUR9o7bjQRQW1uZFLg14k,"['museum', 'tourist_attraction', 'point_of_interest', 'establishment']",4922,,https://www.google.com/maps/place/?q=place_id:ChIJWabUR9o7bjQRQW1uZFLg14k
OPERATIONAL,"226, Taiwan, New Taipei City, Pingxi District, 乾坑10號","{'location': {'lat': 25.0489711, 'lng': 121.7874553}, 'viewport': {'northeast': {'lat': 25.0505223, 'lng': 121.79073705}, 'southwest': {'lat': 25.0443175, 'lng': 121.77761005}}}",https://maps.gstatic.com/mapfiles/place_api/icons/v1/png_71/generic_business-71.png,#7B9EB0,https://maps.gstatic.com/mapfiles/place_api/icons/v2/generic_pinlet,Shifen Waterfall,{'open_now': False},"[{'height': 9000, 'html_attributions': ['<a href=""https://maps.google.com/maps/contrib/102364995771697499136"">丁敬軒</a>'], 'photo_reference': 'AUGGfZnOERD19xD2wQIYONlS43oqoFg_shCgHXn27fCPPYaLBajMbWaVBKYOyoP3buZzmpCv2-UhL1Ag-INKglkqZoPx7fAQUsmNchNH72uD_VMnrfjymLSTrSsG7dAJV2KzJCMeAQW-isf5xsXXEfgTHJfrO3F7YgZZIUzb5BHfC_604dr3', 'width': 12000}]",ChIJ8Z5my_JQXTQRSSmYoOP3EbA,"{'compound_code': '2QXP+HX 南山里 New Taipei City, Pingxi District', 'global_code': '7QQ32QXP+HX'}",4.4,ChIJ8Z5my_JQXTQRSSmYoOP3EbA,"['tourist_attraction', 'point_of_interest', 'establishment']",23227,,https://www.google.com/maps/place/?q=place_id:ChIJ8Z5my_JQXTQRSSmYoOP3EbA
OPERATIONAL,"No. 60, Huandao Rd, Lvdao Township, Taitung County, Taiwan 951","{'location': {'lat': 22.6410278, 'lng': 121.48996}, 'viewport': {'northeast': {'lat': 22.64244882989272, 'lng': 121.4913553798927}, 'southwest': {'lat': 22.63974917010727, 'lng': 121.4886557201072}}}",https://maps.gstatic.com/mapfiles/place_api/icons/v1/png_71/park-71.png,#4DB546,https://maps.gstatic.com/mapfiles/place_api/icons/v2/tree_pinlet,Horseshoe Bridge,{'open_now': True},"[{'height': 2250, 'html_attributions': ['<a href=""https://maps.google.com/maps/contrib/107441066143460505436"">Charles Tan</a>'], 'photo_reference': 'AUGGfZk-6uXvqeCk_tuR82FOnUVFKhYNawRojUDjLELwmmVEfpLyWMnx0PIfMcpAM4ZhSSFvyBn_GTGtxh7zVZ_j1ETGEL95Wl9hJ8lpoNH9q6o8qHZRwQzjmyj5LUl4wGX8hFYokm3akUUAMy33J1KFAcoKNzihwcU0VSZlvH6Ii5GeFei8', 'width': 4000}]",ChIJq6qqqgaNbzQRB3yXos2AEHE,"{'compound_code': 'JFRQ+CX 公舘村 Taitung County, Lvdao Township', 'global_code': '7QJ3JFRQ+CX'}",4.3,ChIJq6qqqgaNbzQRB3yXos2AEHE,"['park', 'point_of_interest', 'establishment']",365,,https://www.google.com/maps/place/?q=place_id:ChIJq6qqqgaNbzQRB3yXos2AEHE
OPERATIONAL,"Taiwan, 台東縣海端鄉","{'location': {'lat': 23.1726346, 'lng': 121.0351244}, 'viewport': {'northeast': {'lat': 23.17396277989272, 'lng': 121.0360431298927}, 'southwest': {'lat': 23.17126312010728, 'lng': 121.0333434701073}}}",https://maps.gstatic.com/mapfiles/place_api/icons/v1/png_71/park-71.png,#4DB546,https://maps.gstatic.com/mapfiles/place_api/icons/v2/tree_pinlet,Wulu Gorge,{'open_now': True},"[{'height': 4032, 'html_attributions': ['<a href=""https://maps.google.com/maps/contrib/106423515635991369139"">A Google User</a>'], 'photo_reference': 'AUGGfZkzSTkWYw622I2Zi50aUD8ndbaGXdbHT0PFNdUnb8rmuTkPf1BbpPc8-DrhqeTLsiIYAcz9Ljc3JxWjZPOXq_tRVvaD5ZteyQI6NZNgACflh4-x1RoiWjpIec1Ox0sQKy__pHWuNY1Pfwhspe7mmk2TF7pHV_sUzZQyKW5v0oPVIvdQ', 'width': 3024}]",ChIJDx7giLEFbzQRfe6H2GkmcXI,"{'compound_code': '52FP+32 霧鹿村 Taitung County, Haiduan Township', 'global_code': '7QM352FP+32'}",4.5,ChIJDx7giLEFbzQRfe6H2GkmcXI,"['tourist_attraction', 'park', 'point_of_interest', 'establishment']",263,,https://www.google.com/maps/place/?q=place_id:ChIJDx7giLEFbzQRfe6H2GkmcXI
OPERATIONAL,"605, Taiwan, Chiayi County, Alishan Township","{'location': {'lat': 23.5100861, 'lng': 120.803061}, 'viewport': {'northeast': {'lat': 23.51150362989272, 'lng': 120.8044133298927}, 'southwest': {'lat': 23.50880397010728, 'lng': 120.8017136701073}}}",https://maps.gstatic.com/mapfiles/place_api/icons/v1/png_71/generic_business-71.png,#7B9EB0,https://maps.gstatic.com/mapfiles/place_api/icons/v2/generic_pinlet,Alishan Forest Recreation Area Public Toilet,,"[{'height': 1836, 'html_attributions': ['<a href=""https://maps.google.com/maps/contrib/113998813162748189597"">孫宏昱</a>'], 'photo_reference': 'AUGGfZle-0LU1fOj8WG6csocie1aossW97cMJa5Y-x_Hl58mSlx7EnY4iL1MQyMF7QxLc1aKIwY4Wjk1ddg3G-K9tFqFva_UhbH4W_zlJrnNtTs2b4q_wg8LXfFk5Tw2tOXiAtktAfPpLb_O5aHQbbkAWp9ppD1NmLDbVe8jZglBjf6edZ0m', 'width': 3264}]",ChIJTTXWrOfdbjQRL7wChnHgH5M,,5.0,ChIJTTXWrOfdbjQRL7wChnHgH5M,"['point_of_interest', 'establishment']",1,,https://www.google.com/maps/place/?q=place_id:ChIJTTXWrOfdbjQRL7wChnHgH5M
OPERATIONAL,"No. 300號, Huatai Rd, Taitung City, Taitung County, Taiwan 950","{'location': {'lat': 22.7681758, 'lng': 121.156259}, 'viewport': {'northeast': {'lat': 22.76952562989272, 'lng': 121.1576088298927}, 'southwest': {'lat': 22.76682597010728, 'lng': 121.1549091701072}}}",https://maps.gstatic.com/mapfiles/place_api/icons/v1/png_71/park-71.png,#4DB546,https://maps.gstatic.com/mapfiles/place_api/icons/v2/tree_pinlet,Taitung Forest Park,{'open_now': False},"[{'height': 4608, 'html_attributions': ['<a href=""https://maps.google.com/maps/contrib/108264884516050409804"">剎那</a>'], 'photo_reference': 'AUGGfZm28zvd7ID0_fRSBBJNhvXK_H546yOBAZ3FlU-7S1C3nAxa_wYqkUVFcFXZt9tAC1x7JV9LX1FkgKABMdaHUNsMn0S3qfoAH_qeViOjZibs7cYDbhisN8rNpwDCQX8lMnhWxMEBrCk1SJ4upgOZcD0hj2U7eGrLmPCKLpjdDlhKkquw', 'width': 3456}]",ChIJx9oJH165bzQRHtM1Bkgvyyo,"{'compound_code': 'Q594+7G 中華里 Taitung County, Taitung City', 'global_code': '7QJ3Q594+7G'}",4.4,ChIJx9oJH165bzQRHtM1Bkgvyyo,"['park', 'tourist_attraction', 'point_of_interest', 'establishment']",14513,,https://www.google.com/maps/place/?q=place_id:ChIJx9oJH165bzQRHtM1Bkgvyyo
OPERATIONAL,"27291, Taiwan, Yilan County, Nan'ao Township, 東岳路81巷","{'location': {'lat': 24.5267265, 'lng': 121.8319566}, 'viewport': {'northeast': {'lat': 24.52808727989272, 'lng': 121.8332344798927}, 'southwest': {'lat': 24.52538762010728, 'lng': 121.8305348201072}}}",https://maps.gstatic.com/mapfiles/place_api/icons/v1/png_71/generic_business-71.png,#13B5C7,https://maps.gstatic.com/mapfiles/place_api/icons/v2/generic_pinlet,不打烊體驗文化,{'open_now': False},"[{'height': 540, 'html_attributions': ['<a href=""https://maps.google.com/maps/contrib/102743631983550252518"">A Google User</a>'], 'photo_reference': 'AUGGfZmD75xKGmHhMj0DuBnfxyioiY5cSCJ6fdbegGWp2smzo7DDXfvQ86SrX9EOXpW7HsN6SlMIO2zmOQt4BGmwf4xPNFo3K48l7bS3HI61-qWDOdNX_WeCzrHVIMAe3FDsmWA1TuNvtIXb0D3DNFNrArJjaIxYXzpcS_-qUggoybBUVoQn', 'width': 960}]",ChIJKT73FmjDZzQRYEva-CxC3hc,"{'compound_code': ""GRGJ+MQ 東岳村 Yilan County, Nan'ao Township"", 'global_code': '7QP3GRGJ+MQ'}",5.0,ChIJKT73FmjDZzQRYEva-CxC3hc,"['tourist_attraction', 'point_of_interest', 'establishment']",9,,https://www.google.com/maps/place/?q=place_id:ChIJKT73FmjDZzQRYEva-CxC3hc
OPERATIONAL,"903, Taiwan, Pingtung County, Majia Township, 風景104號","{'location': {'lat': 22.7065306, 'lng': 120.6642778}, 'viewport': {'northeast': {'lat': 22.70726892989272, 'lng': 120.6653931798927}, 'southwest': {'lat': 22.70456927010728, 'lng': 120.6626935201073}}}",https://maps.gstatic.com/mapfiles/place_api/icons/v1/png_71/museum-71.png,#13B5C7,https://maps.gstatic.com/mapfiles/place_api/icons/v2/museum_pinlet,Taiwan Aboriginal Culture Park Thao Homes,,"[{'height': 4032, 'html_attributions': ['<a href=""https://maps.google.com/maps/contrib/109756829234349838717"">chang champion</a>'], 'photo_reference': 'AUGGfZnGXJVr1mJlQp_qiX1eqOhPHvUytUi2ODxojxZyDsYrTnmCFKE_yK8vJ06-VzJ7poPX5vzsp99FePbcczrCE6ZtsvFwT2Qo56jk06NOj4gjpGRvMlx6rfZiOtHl2CfOYn3emb8f9qaTIP9MWhfTqujKmRbEgA3pwP-hlmvsBTeq3Fnt', 'width': 3024}]",ChIJ9wscrcM7bjQRedj18AauocY,"{'compound_code': 'PM47+JP Majia Township, Pingtung County', 'global_code': '7QJ2PM47+JP'}",4.3,ChIJ9wscrcM7bjQRedj18AauocY,"['museum', 'tourist_attraction', 'point_of_interest', 'establishment']",112,,https://www.google.com/maps/place/?q=place_id:ChIJ9wscrcM7bjQRedj18AauocY
OPERATIONAL,"No. 139, Beian Rd, Zhongshan District, Taipei City, Taiwan 10491","{'location': {'lat': 25.0794115, 'lng': 121.5329556}, 'viewport': {'northeast': {'lat': 25.08015137989272, 'lng': 121.5343952798927}, 'southwest': {'lat': 25.07745172010728, 'lng': 121.5316956201073}}}",https://maps.gstatic.com/mapfiles/place_api/icons/v1/png_71/generic_business-71.png,#13B5C7,https://maps.gstatic.com/mapfiles/place_api/icons/v2/generic_pinlet,National Revolutionary Martyrs' Shrine,{'open_now': False},"[{'height': 9000, 'html_attributions': ['<a href=""https://maps.google.com/maps/contrib/117672276629258771204"">Robert Thomas</a>'], 'photo_reference': 'AUGGfZnSACU4Ek0S0JF5FKWt1iwwLVZEDiil2aL8XoURW-xztiy76bBCj_AYSDectAmrJ1YlyCsjsZ5OxaKXWLWJ1PRRIksYTrmsotrjjpJjZqIQVltkqlZRz814EIrBo5MDtWOC-L_VPvYeJCr4NoW0snmeIoHagHvQ-dMRz_8-UoeE34JB', 'width': 12000}]",ChIJb5w3o6uuQjQRlsXYoJ97zS4,"{'compound_code': '3GHM+Q5 劍潭里 Taipei City, Zhongshan District', 'global_code': '7QQ33GHM+Q5'}",4.4,ChIJb5w3o6uuQjQRlsXYoJ97zS4,"['tourist_attraction', 'point_of_interest', 'establishment']",4783,,https://www.google.com/maps/place/?q=place_id:ChIJb5w3o6uuQjQRlsXYoJ97zS4
OPERATIONAL,"Sun Moon Lake Ropeway FACV Station, Yuchi Township, Nantou County, Taiwan 555","{'location': {'lat': 23.8615294, 'lng': 120.9503002}, 'viewport': {'northeast': {'lat': 23.86287922989272, 'lng': 120.9516126298927}, 'southwest': {'lat': 23.86017957010728, 'lng': 120.9489129701072}}}",https://maps.gstatic.com/mapfiles/place_api/icons/v1/png_71/generic_business-71.png,#13B5C7,https://maps.gstatic.com/mapfiles/place_api/icons/v2/generic_pinlet,萬山神石,{'open_now': False},"[{'height': 2992, 'html_attributions': ['<a href=""https://maps.google.com/maps/contrib/110293070494913293352"">A Google User</a>'], 'photo_reference': 'AUGGfZkf-Eqy4XOxN8IyzMStRQB9yFCYKS0U8fWVRa0UEHYwDhR8hAyYhbFYGNHbVpQU-ZHLk3kSW-gYuZDBxTKBKkYWD21iWhKBQSit7S5hA3E9MIoE3VOzPvCDbXu1yRfNtzN1ghKaSZxir1BZORjx_NEOqjQYDp4Om3bzv58METdLmV0X', 'width': 2992}]",ChIJ-2WiYEPXaDQREeTVX-e7XWk,"{'compound_code': 'VX62+J4 Yuchi Township, Nantou County', 'global_code': '7QM2VX62+J4'}",4.8,ChIJ-2WiYEPXaDQREeTVX-e7XWk,"['tourist_attraction', 'point_of_interest', 'establishment']",4,,https://www.google.com/maps/place/?q=place_id:ChIJ-2WiYEPXaDQREeTVX-e7XWk
OPERATIONAL,"No. 115, Wanshou Rd, Wenshan District, Taipei City, Taiwan 116","{'location': {'lat': 24.979824, 'lng': 121.586626}, 'viewport': {'northeast': {'lat': 24.98117382989273, 'lng': 121.5879758298927}, 'southwest': {'lat': 24.97847417010728, 'lng': 121.5852761701072}}}",https://maps.gstatic.com/mapfiles/place_api/icons/v1/png_71/worship_dharma-71.png,#7B9EB0,https://maps.gstatic.com/mapfiles/place_api/icons/v2/generic_pinlet,Zhinan Temple,{'open_now': False},"[{'height': 3024, 'html_attributions': ['<a href=""https://maps.google.com/maps/contrib/114479203440957339041"">Anshera</a>'], 'photo_reference': 'AUGGfZneJOAJ3aLDnYw7Y1rp-WjLdQkAPfNP4TIcEJ4I12bJwXtDBU06NW1DuE9pWe2kfdpeuB85AGCQ30hGeuxLwQ1Y7NP4v11CFwHcE63OJZ5VQs4BbE8UTEB1AOHl90YS4ngrK1jZ_u2TLO_22z2IIkktbJBOm3TCkG3Y7AzWuCcTrK8F', 'width': 4032}]",ChIJVztw6IGqQjQRzHe2LA8qrj8,"{'compound_code': 'XHHP+WM 指南里 Taipei City, Wenshan District', 'global_code': '7QP3XHHP+WM'}",4.5,ChIJVztw6IGqQjQRzHe2LA8qrj8,"['place_of_worship', 'point_of_interest', 'establishment']",1851,,https://www.google.com/maps/place/?q=place_id:ChIJVztw6IGqQjQRzHe2LA8qrj8
OPERATIONAL,"No. 9, Ximen St, Banqiao District, New Taipei City, Taiwan 220","{'location': {'lat': 25.0110814, 'lng': 121.4546023}, 'viewport': {'northeast': {'lat': 25.01253152989272, 'lng': 121.4559077298927}, 'southwest': {'lat': 25.00983187010728, 'lng': 121.4532080701073}}}",https://maps.gstatic.com/mapfiles/place_api/icons/v1/png_71/generic_business-71.png,#7B9EB0,https://maps.gstatic.com/mapfiles/place_api/icons/v2/generic_pinlet,The Lin Family Mansion and Garden,{'open_now': False},"[{'height': 3024, 'html_attributions': ['<a href=""https://maps.google.com/maps/contrib/103094372432247179776"">Jennifer</a>'], 'photo_reference': 'AUGGfZkZdUtz5lN0oubrpyMZ5XL4Z0esinDZJvOqHI4-7saotza9Q_ltwZ5jq-kDos-nPXbHjTF2ZzwhgrxMiXHZ9ULWR0v4WyUtoRhYmGy2IJWKdEqPVQWLhmPiSdDU7LT4i0e2BH-ZCus_cfqmTpQD77Kl15caUj-EMIEz1JEqTuWUj-w2', 'width': 4032}]",ChIJ-bWxkQKoQjQRclXL_gr5kbg,"{'compound_code': '2F63+CR 留侯里 New Taipei City, Banqiao District', 'global_code': '7QQ32F63+CR'}",4.4,ChIJ-bWxkQKoQjQRclXL_gr5kbg,"['tourist_attraction', 'point_of_interest', 'establishment']",15411,,https://www.google.com/maps/place/?q=place_id:ChIJ-bWxkQKoQjQRclXL_gr5kbg
OPERATIONAL,"261, Taiwan, Yilan County, Toucheng Township","{'location': {'lat': 24.9520861, 'lng': 121.9088637}, 'viewport': {'northeast': {'lat': 24.95343592989272, 'lng': 121.9102135298927}, 'southwest': {'lat': 24.95073627010727, 'lng': 121.9075138701073}}}",https://maps.gstatic.com/mapfiles/place_api/icons/v1/png_71/park-71.png,#4DB546,https://maps.gstatic.com/mapfiles/place_api/icons/v2/tree_pinlet,Taoyuan Valley Trail Guanyin stone line,{'open_now': True},"[{'height': 1152, 'html_attributions': ['<a href=""https://maps.google.com/maps/contrib/118022058135261073774"">鄉野頑童</a>'], 'photo_reference': 'AUGGfZnBdsMZPYeiA9HfywfuJjSuduNR5Y6vlJrtnh2manwGfXWMAzWm4_n_v2SKlnUHWrifZ6IGgKwpj_Ez2MXztCsXFVsuPeAvKGMx7fA1Ih0o54MHdBbCiSt6cB0XPC_ZCZ74hvYPy9qzgYAfNgKWWWypvq6igrtTLfhdCs9J4-Au5IvD', 'width': 2048}]",ChIJwZPtk8teXTQRZ3IMqaSBx9A,"{'compound_code': 'XW25+RG Toucheng Township, Yilan County', 'global_code': '7QP3XW25+RG'}",4.0,ChIJwZPtk8teXTQRZ3IMqaSBx9A,"['park', 'point_of_interest', 'establishment']",200,,https://www.google.com/maps/place/?q=place_id:ChIJwZPtk8teXTQRZ3IMqaSBx9A
OPERATIONAL,"No. 5號, Binjiang St, Zhongshan District, Taipei City, Taiwan 10491","{'location': {'lat': 25.0723739, 'lng': 121.5303543}, 'viewport': {'northeast': {'lat': 25.07370114999999, 'lng': 121.5312823298927}, 'southwest': {'lat': 25.07082015, 'lng': 121.5285826701073}}}",https://maps.gstatic.com/mapfiles/place_api/icons/v1/png_71/museum-71.png,#13B5C7,https://maps.gstatic.com/mapfiles/place_api/icons/v2/museum_pinlet,Lin An Tai Historical House and Museum,{'open_now': False},"[{'height': 2922, 'html_attributions': ['<a href=""https://maps.google.com/maps/contrib/103790932309118315764"">Alec Chen</a>'], 'photo_reference': 'AUGGfZmNxxvzRBiFNp97dcfJ2D014acn_cDgmW4ShCJYD5dKKfNm_bPFmJzGcqif1smnqF5-28Y_dZMs2iRH0kvUufDldxhLiSLwejO3EOXszGDLp-8UwSmtd2TxO2OikxCw57fqbPnJ_2w3jhNVO78HPOdNSIKBvDd_gSRRKb5zs19vRlU', 'width': 4032}]",ChIJ85xGkFSpQjQRzTIFvt5DcmU,"{'compound_code': '3GCJ+W4 新庄里 Taipei City, Zhongshan District', 'global_code': '7QQ33GCJ+W4'}",4.6,ChIJ85xGkFSpQjQRzTIFvt5DcmU,"['museum', 'point_of_interest', 'establishment']",5852,,https://www.google.com/maps/place/?q=place_id:ChIJ85xGkFSpQjQRzTIFvt5DcmU
CLOSED_TEMPORARILY,"972, Taiwan, Hualien County, Xiulin Township","{'location': {'lat': 24.1717158, 'lng': 121.5291839}, 'viewport': {'northeast': {'lat': 24.17299682989272, 'lng': 121.5305782798927}, 'southwest': {'lat': 24.17029717010728, 'lng': 121.5278786201073}}}",https://maps.gstatic.com/mapfiles/place_api/icons/v1/png_71/generic_business-71.png,#7B9EB0,https://maps.gstatic.com/mapfiles/place_api/icons/v2/generic_pinlet,Tunnel of Nine Turns,,"[{'height': 1536, 'html_attributions': ['<a href=""https://maps.google.com/maps/contrib/113547901704980113881"">Tzuwei Chuang</a>'], 'photo_reference': 'AUGGfZmiKiUQYnmSOhjEDk4P47rn-K_UYC-mELv0y3SVZQj_e9ufOqlwWUtBpE8z-W8yp952LiteaRgFY5ll_SaoxPB6N7x656owxsxr5NfhMQ17c8R9fO76fmD5yTIz4vPwiXGFW3V9zb5T6DKvB9dHJwp_dpyT3Hnm73JqMXK6GlHVSKi7', 'width': 2048}]",ChIJH95EdpuEaDQRrFH1hN0kpE8,"{'compound_code': '5GCH+MM Xiulin Township, Hualien County', 'global_code': '7QP35GCH+MM'}",4.7,ChIJH95EdpuEaDQRrFH1hN0kpE8,"['tourist_attraction', 'point_of_interest', 'establishment']",3287,True,https://www.google.com/maps/place/?q=place_id:ChIJH95EdpuEaDQRrFH1hN0kpE8
