business_status,formatted_address,geometry,icon,icon_background_color,icon_mask_base_uri,name,opening_hours,place_id,rating,reference,types,user_ratings_total,photos,plus_code,url
OPERATIONAL,"9P8G+46Q, Labuhan Sangoro, Maronge, Sumbawa Regency, West Nusa Tenggara, Indonesia","{'location': {'lat': -8.6346746, 'lng': 117.7256083}, 'viewport': {'northeast': {'lat': -8.63332477010728, 'lng': 117.7269581298927}, 'southwest': {'lat': -8.636024429892723, 'lng': 117.7242584701072}}}",https://maps.gstatic.com/mapfiles/place_api/icons/v1/png_71/generic_business-71.png,#13B5C7,https://maps.gstatic.com/mapfiles/place_api/icons/v2/generic_pinlet,Dermaga lb sangor,{'open_now': True},ChIJr6_sBwClyy0RAbhb50cBr9c,0.0,ChIJr6_sBwClyy0RAbhb50cBr9c,"['tourist_attraction', 'point_of_interest', 'establishment']",0,,,https://www.google.com/maps/place/?q=place_id:ChIJr6_sBwClyy0RAbhb50cBr9c
OPERATIONAL,"9QP5+GP3, Labuhan Sangoro, Maronge, Sumbawa Regency, West Nusa Tenggara, Indonesia","{'location': {'lat': -8.6137295, 'lng': 117.7593026}, 'viewport': {'northeast': {'lat': -8.608139150000003, 'lng': 117.76037315}, 'southwest': {'lat': -8.61559295, 'lng': 117.75609095}}}",https://maps.gstatic.com/mapfiles/place_api/icons/v1/png_71/generic_business-71.png,#13B5C7,https://maps.gstatic.com/mapfiles/place_api/icons/v2/generic_pinlet,Bukit Atsmara,{'open_now': True},ChIJA29OWACxyy0RMyS3mXwEmMQ,0.0,ChIJA29OWACxyy0RMyS3mXwEmMQ,"['tourist_attraction', 'point_of_interest', 'establishment']",0,,,https://www.google.com/maps/place/?q=place_id:ChIJA29OWACxyy0RMyS3mXwEmMQ
OPERATIONAL,"9RWR+3P6, Labuhan Sangoro, Maronge, Sumbawa Regency, West Nusa Tenggara, Indonesia","{'location': {'lat': -8.6048279, 'lng': 117.8417662}, 'viewport': {'northeast': {'lat': -8.603478070107279, 'lng': 117.8431160298927}, 'southwest': {'lat': -8.606177729892723, 'lng': 117.8404163701073}}}",https://maps.gstatic.com/mapfiles/place_api/icons/v1/png_71/generic_business-71.png,#13B5C7,https://maps.gstatic.com/mapfiles/place_api/icons/v2/generic_pinlet,Pulau meriam,,ChIJEXy_XAizyy0ROVAqyYTmLWo,4.8,ChIJEXy_XAizyy0ROVAqyYTmLWo,"['tourist_attraction', 'point_of_interest', 'establishment']",8,"[{'height': 3456, 'html_attributions': ['<a href=""https://maps.google.com/maps/contrib/102514617288384900464"">A Google User</a>'], 'photo_reference': 'AUGGfZnlMypzz98qc_BZNUxBWEXV8qMQmVqL3W0vYrccWn8CfyOrO8REYOyZbc9wr6hZk6y1K9xIS65hvzcLsN8A3PAdDSokz-d3npQ4forFig25NnS-lpK4rWuHVyMBqvoW17qnr_y1v5qxbC9Ojt-gWsJa1O4pS0oCPwUxra2T-wYuf2me', 'width': 4608}]",,https://www.google.com/maps/place/?q=place_id:ChIJEXy_XAizyy0ROVAqyYTmLWo
OPERATIONAL,"6JX9+CHJ, Pemasar, Maronge, Sumbawa Regency, West Nusa Tenggara 84383, Indonesia","{'location': {'lat': -8.751403999999999, 'lng': 117.618878}, 'viewport': {'northeast': {'lat': -8.750054170107278, 'lng': 117.6202278298927}, 'southwest': {'lat': -8.752753829892722, 'lng': 117.6175281701073}}}",https://maps.gstatic.com/mapfiles/place_api/icons/v1/png_71/generic_business-71.png,#13B5C7,https://maps.gstatic.com/mapfiles/place_api/icons/v2/generic_pinlet,Air Terjun Lampas Pasan,{'open_now': True},ChIJdePy6x-hyy0RfXTV-xe8uqU,3.7,ChIJdePy6x-hyy0RfXTV-xe8uqU,"['tourist_attraction', 'point_of_interest', 'establishment']",3,,,https://www.google.com/maps/place/?q=place_id:ChIJdePy6x-hyy0RfXTV-xe8uqU
OPERATIONAL,"8JCW+CX, Pemasar, Maronge, Sumbawa Regency, West Nusa Tenggara, Indonesia","{'location': {'lat': -8.678949099999999, 'lng': 117.6474736}, 'viewport': {'northeast': {'lat': -8.677601870107278, 'lng': 117.6488234298927}, 'southwest': {'lat': -8.680301529892722, 'lng': 117.6461237701073}}}",https://maps.gstatic.com/mapfiles/place_api/icons/v1/png_71/generic_business-71.png,#13B5C7,https://maps.gstatic.com/mapfiles/place_api/icons/v2/generic_pinlet,Bendungan Pemasar,,ChIJP0KZ2pWlyy0Rf_6X04y6Qck,0.0,ChIJP0KZ2pWlyy0Rf_6X04y6Qck,"['tourist_attraction', 'point_of_interest', 'establishment']",0,"[{'height': 3000, 'html_attributions': ['<a href=""https://maps.google.com/maps/contrib/111283029181787597028"">anton prastiyanto</a>'], 'photo_reference': 'AUGGfZlgZKUMzJesEBR0SZsmQAlyeBDoqf1f_6feChNKJKWwPTbxEOktRfmVgLuFXY9Q-sINsTQA34XmeW6tu0UZqKctaJ5kmTXkmRyTW3z5CeG1rFP0RNVGjti_9L1GkdXoCV8UgzNVlds-SUypasNTPZeZ1TtoVTZt_rL6x01QPc8qVVEJ', 'width': 4000}]",,https://www.google.com/maps/place/?q=place_id:ChIJP0KZ2pWlyy0Rf_6X04y6Qck
OPERATIONAL,"9PXR+V5J, Labuhan Sangoro, Maronge, Sumbawa Regency, West Nusa Tenggara, Indonesia","{'location': {'lat': -8.6003135, 'lng': 117.740357}, 'viewport': {'northeast': {'lat': -8.599513250000005, 'lng': 117.74143825}, 'southwest': {'lat': -8.602617049999997, 'lng': 117.73719445}}}",https://maps.gstatic.com/mapfiles/place_api/icons/v1/png_71/generic_business-71.png,#13B5C7,https://maps.gstatic.com/mapfiles/place_api/icons/v2/generic_pinlet,Afrisaa,,ChIJG3bCulixyy0RQY7gGTdXqIA,0.0,ChIJG3bCulixyy0RQY7gGTdXqIA,"['tourist_attraction', 'point_of_interest', 'establishment']",0,"[{'height': 4000, 'html_attributions': ['<a href=""https://maps.google.com/maps/contrib/101237055246673567883"">Roy Zulkiflimansyah</a>'], 'photo_reference': 'AUGGfZliZpZnaPyhimfMrd2N1IJO1JGtb9vFxV5TSEqJRyX8j4iFbCZZ80Abwsd44onf_8eVkpHPRJovLLPW5-v4HY-A4srBR3ODfTtUYJ4HlLu04cEVqYGrilyG7gh298nF5IKe3dwzBwD91ckDjxL9N2_IBmhFS5lxskodfGWaxMgdG34j', 'width': 3000}]",,https://www.google.com/maps/place/?q=place_id:ChIJG3bCulixyy0RQY7gGTdXqIA
OPERATIONAL,"Jalan lintas Sumbawa - Bima, Labuhan Sangoro, Kec. Maronge, Kabupaten Sumbawa, Nusa Tenggara Bar. 83484, Indonesia","{'location': {'lat': -8.6213513, 'lng': 117.7535523}, 'viewport': {'northeast': {'lat': -8.61994697010728, 'lng': 117.7549197798927}, 'southwest': {'lat': -8.622646629892724, 'lng': 117.7522201201073}}}",https://maps.gstatic.com/mapfiles/place_api/icons/v1/png_71/generic_business-71.png,#13B5C7,https://maps.gstatic.com/mapfiles/place_api/icons/v2/generic_pinlet,Tempat Camping healing Whale Shark di Sumbawa - Pokdarwis Labuhan Sangoro,{'open_now': True},ChIJG0cT5cqxyy0RGLJuHuzxl8g,5.0,ChIJG0cT5cqxyy0RGLJuHuzxl8g,"['tourist_attraction', 'point_of_interest', 'establishment']",2,"[{'height': 3456, 'html_attributions': ['<a href=""https://maps.google.com/maps/contrib/113345137176490428617"">A Google User</a>'], 'photo_reference': 'AUGGfZkq3bI9zSRuvCvqkHLOjoBMRL_QM9qYT-KIsnLHy7KnSRx7eyFjIlncBdsON8fwCIkQzkFhFPcMUySMXPY50mr_xMfxYQwcEDUkmwRd1cjO_v0Jh8jI5sAMYBAkgbc_lv6whSJLUfQI9mp_q36yDFOLuowRBMDizvyPxJK_5bD3lsWL', 'width': 5184}]","{'compound_code': '9QH3+FC Labuhan Sangoro, Sumbawa Regency, West Nusa Tenggara, Indonesia', 'global_code': '6P3V9QH3+FC'}",https://www.google.com/maps/place/?q=place_id:ChIJG0cT5cqxyy0RGLJuHuzxl8g
OPERATIONAL,"Labuhan Sangoro, Maronge, Sumbawa Regency, West Nusa Tenggara, Indonesia","{'location': {'lat': -8.667494399999999, 'lng': 117.765243}, 'viewport': {'northeast': {'lat': -8.666735899999997, 'lng': 117.7659799798927}, 'southwest': {'lat': -8.6697699, 'lng': 117.7632803201073}}}",https://maps.gstatic.com/mapfiles/place_api/icons/v1/png_71/generic_business-71.png,#13B5C7,https://maps.gstatic.com/mapfiles/place_api/icons/v2/generic_pinlet,Pantai Pungkin Lambato,{'open_now': False},ChIJifxOB_Gvyy0RdQ42dDdY7lo,0.0,ChIJifxOB_Gvyy0RdQ42dDdY7lo,"['tourist_attraction', 'point_of_interest', 'establishment']",0,"[{'height': 960, 'html_attributions': ['<a href=""https://maps.google.com/maps/contrib/103593124339397538736"">A Google User</a>'], 'photo_reference': 'AUGGfZm16SURbHwekeMdjkT77jq5t-gmsl6Oj0G6Rt8ASz81S5tsY7ij-S45s_fyknQZFe3HOkjvXArcPGNVJL66maL1ed691dF5viCer8IHB4C7Hat60Zus6ZAIvuv4zSpl0UQtDH4f7eAqbtulXgtz4V1qp8EmlwVkzuVurbGLCOxhycKt', 'width': 720}]","{'compound_code': '8QM8+23 Labuhan Sangoro, Sumbawa Regency, West Nusa Tenggara, Indonesia', 'global_code': '6P3V8QM8+23'}",https://www.google.com/maps/place/?q=place_id:ChIJifxOB_Gvyy0RdQ42dDdY7lo
OPERATIONAL,"6PG7+28H, Brang Kolong, Plampang, Sumbawa Regency, West Nusa Tenggara 84383, Indonesia","{'location': {'lat': -8.7749288, 'lng': 117.7133704}, 'viewport': {'northeast': {'lat': -8.773578970107277, 'lng': 117.7147202298927}, 'southwest': {'lat': -8.77627862989272, 'lng': 117.7120205701073}}}",https://maps.gstatic.com/mapfiles/place_api/icons/v1/png_71/generic_business-71.png,#13B5C7,https://maps.gstatic.com/mapfiles/place_api/icons/v2/generic_pinlet,Telaga Lompa,,ChIJxRBQVo2nyy0R7h8uk-eRfiQ,4.4,ChIJxRBQVo2nyy0R7h8uk-eRfiQ,"['tourist_attraction', 'point_of_interest', 'establishment']",7,"[{'height': 3000, 'html_attributions': ['<a href=""https://maps.google.com/maps/contrib/100563236035664211099"">ferdi perdiansyah</a>'], 'photo_reference': 'AUGGfZn3153J2tFKZiG-xX-nzxvD5PBel-nkz4Z6Q7NrfvXJJC7M6AsFisa3rP9iCC4SCuhyMX14o0OaMkne0-sk-1Dxvq_dNx8DyaNkCSdo3EkfY4Qj5TP7pHIVmRKom3dwcJoxI6HiGWPEP1dJEKJMJcpOunJEHOZwuXO0PDeLVdnIENvI', 'width': 4000}]",,https://www.google.com/maps/place/?q=place_id:ChIJxRBQVo2nyy0R7h8uk-eRfiQ
OPERATIONAL,"9J4J+6H, Lape, Sumbawa Regency, West Nusa Tenggara 84382, Indonesia","{'location': {'lat': -8.6444121, 'lng': 117.6314973}, 'viewport': {'northeast': {'lat': -8.643153270107277, 'lng': 117.6327032298927}, 'southwest': {'lat': -8.645852929892722, 'lng': 117.6300035701073}}}",https://maps.gstatic.com/mapfiles/place_api/icons/v1/png_71/generic_business-71.png,#13B5C7,https://maps.gstatic.com/mapfiles/place_api/icons/v2/generic_pinlet,Bendungan Mangkoang,,ChIJc_3bUUGjyy0ROAqmW-224_k,4.0,ChIJc_3bUUGjyy0ROAqmW-224_k,"['tourist_attraction', 'point_of_interest', 'establishment']",3,"[{'height': 3120, 'html_attributions': ['<a href=""https://maps.google.com/maps/contrib/117441224677654686911"">Handoko Seto</a>'], 'photo_reference': 'AUGGfZk6MP1GiEfwmN_1QgyPUvWnui8f8CQZrngjZZNjUk3dBEVZkSfBxzK06yd9pJthsl74_Ex4pypjk4n7HDkGLEVPGs5L8PtcWmKxzzaaNSyfcTeb2ftRL9AJOcWCIwmT9B8ZZj-y_cePvTjuGuLItOMv7mja-Me6KunKAcSLDqXuE9e5', 'width': 4160}]",,https://www.google.com/maps/place/?q=place_id:ChIJc_3bUUGjyy0ROAqmW-224_k
OPERATIONAL,"6PWH+HH, Brang Kolong, Plampang, Sumbawa Regency, West Nusa Tenggara, Indonesia","{'location': {'lat': -8.753512299999999, 'lng': 117.7289256}, 'viewport': {'northeast': {'lat': -8.752151820107276, 'lng': 117.7302686798927}, 'southwest': {'lat': -8.75485147989272, 'lng': 117.7275690201073}}}",https://maps.gstatic.com/mapfiles/place_api/icons/v1/png_71/generic_business-71.png,#13B5C7,https://maps.gstatic.com/mapfiles/place_api/icons/v2/generic_pinlet,Bendungan Muer,,ChIJiVlbjFGnyy0Rv21AkIT_U00,5.0,ChIJiVlbjFGnyy0Rv21AkIT_U00,"['tourist_attraction', 'point_of_interest', 'establishment']",2,"[{'height': 3000, 'html_attributions': ['<a href=""https://maps.google.com/maps/contrib/111283029181787597028"">anton prastiyanto</a>'], 'photo_reference': 'AUGGfZlNtf-i9hlIsYOdG_AbJjzUheMF3iGmxPBbY56buiHnI25-iAUW1UylRU8Az1jPV8RiRSP-zM-PtK7RtBGXxb7NqFp1kyISwOniqMab-Gd2iPhjkG2iZecvVBW8btig6QNPWixoI_5cj1alP5MzJXI1041DwMhwAv9auM1iPkiSe9yE', 'width': 4000}]",,https://www.google.com/maps/place/?q=place_id:ChIJiVlbjFGnyy0Rv21AkIT_U00
OPERATIONAL,"CP5G+4XP, Dusun maja, Labuhan Sangoro, Kec. Maronge, Kabupaten Sumbawa, Nusa Tenggara Bar. 84382, Indonesia","{'location': {'lat': -8.5921541, 'lng': 117.7274659}, 'viewport': {'northeast': {'lat': -8.590863370107279, 'lng': 117.7287266298927}, 'southwest': {'lat': -8.593563029892723, 'lng': 117.7260269701073}}}",https://maps.gstatic.com/mapfiles/place_api/icons/v1/png_71/generic_business-71.png,#13B5C7,https://maps.gstatic.com/mapfiles/place_api/icons/v2/generic_pinlet,CV. Maja Dua,,ChIJG503N6S7yy0RMR0ozEQJfEs,4.6,ChIJG503N6S7yy0RMR0ozEQJfEs,"['tourist_attraction', 'point_of_interest', 'establishment']",12,"[{'height': 4608, 'html_attributions': ['<a href=""https://maps.google.com/maps/contrib/109251123569404948086"">A Google User</a>'], 'photo_reference': 'AUGGfZljoJeNrQ-FdV7uy_cdUxmtXeAZSqlg9ATj6cZdNlfGQQqU_7rPSgFqi2cO0ld-KQhIqYJLpLH-3slh_bTSvdta8egc07k5I1acBQwAEs7qyNlqhfC8tTqzfmI0P0pZeRpapzf3it02TLEFUqV5SW9hRhlIt-T_ZjtOYMCElSsQwTc6', 'width': 3456}]",,https://www.google.com/maps/place/?q=place_id:ChIJG503N6S7yy0RMR0ozEQJfEs
OPERATIONAL,"7P8G+96Q, Brang Kolong, Plampang, Sumbawa Regency, West Nusa Tenggara, Indonesia","{'location': {'lat': -8.734049599999999, 'lng': 117.7256083}, 'viewport': {'northeast': {'lat': -8.732699770107276, 'lng': 117.7269581298927}, 'southwest': {'lat': -8.73539942989272, 'lng': 117.7242584701072}}}",https://maps.gstatic.com/mapfiles/place_api/icons/v1/png_71/generic_business-71.png,#13B5C7,https://maps.gstatic.com/mapfiles/place_api/icons/v2/generic_pinlet,WISATA LABU UJUNG,,ChIJ-w1rEkinyy0RuFh7QjJHSj0,0.0,ChIJ-w1rEkinyy0RuFh7QjJHSj0,"['tourist_attraction', 'point_of_interest', 'establishment']",0,,,https://www.google.com/maps/place/?q=place_id:ChIJ-w1rEkinyy0RuFh7QjJHSj0
OPERATIONAL,"6PGQ+88, Muer, Plampang, Sumbawa Regency, West Nusa Tenggara 84383, Indonesia","{'location': {'lat': -8.77418, 'lng': 117.738269}, 'viewport': {'northeast': {'lat': -8.772830170107278, 'lng': 117.7396188298927}, 'southwest': {'lat': -8.775529829892722, 'lng': 117.7369191701072}}}",https://maps.gstatic.com/mapfiles/place_api/icons/v1/png_71/generic_business-71.png,#13B5C7,https://maps.gstatic.com/mapfiles/place_api/icons/v2/generic_pinlet,Jompong Paragliding,,ChIJoQD4OPqpyy0R8YO_DA5OqVY,3.7,ChIJoQD4OPqpyy0R8YO_DA5OqVY,"['tourist_attraction', 'point_of_interest', 'establishment']",3,"[{'height': 1920, 'html_attributions': ['<a href=""https://maps.google.com/maps/contrib/106217525362714653522"">amran herlambang</a>'], 'photo_reference': 'AUGGfZm2QwPeXON5ZmR-S-Aa846v9ZO-Td-_p_fLfGZam2RQGWrRajp_Ml4frO7F1XWVi2dpKgUqlyfWKfzy4NEScPtzmWiYw97evlDyg2XX22re5tSuF3U7lHz8h-MsxqtL6aKLYMWvrsCFfmk126HSoJotRBagf9pBwtqFUDU0BpiCZIoZ', 'width': 4160}]",,https://www.google.com/maps/place/?q=place_id:ChIJoQD4OPqpyy0R8YO_DA5OqVY
OPERATIONAL,"7P25+R63, Muer, Plampang, Sumbawa Regency, West Nusa Tenggara 84383, Indonesia","{'location': {'lat': -8.7479929, 'lng': 117.7080603}, 'viewport': {'northeast': {'lat': -8.746643070107279, 'lng': 117.7094101298927}, 'southwest': {'lat': -8.749342729892723, 'lng': 117.7067104701073}}}",https://maps.gstatic.com/mapfiles/place_api/icons/v1/png_71/generic_business-71.png,#13B5C7,https://maps.gstatic.com/mapfiles/place_api/icons/v2/generic_pinlet,Air Terjun Lampas,,ChIJN9Saf7Snyy0R9t407XLcK_k,4.7,ChIJN9Saf7Snyy0R9t407XLcK_k,"['tourist_attraction', 'point_of_interest', 'establishment']",19,"[{'height': 3120, 'html_attributions': ['<a href=""https://maps.google.com/maps/contrib/101766252504896027311"">A Google User</a>'], 'photo_reference': 'AUGGfZmL7QIrGQlRrBFqCjgWzjjC48csfu0B8c9bTyhXMMsaKWygrImxBlFk7aEo7H9g6wM5Ueu9GFd8OGJI83ALvaFOj7DFnTkDfbVGTVPFkZdxC4gNJ304IuiTa8PB50MGkCatvt9HBG3ZQxKXUuYD07jKiGpihgJaR8P7n0y6nK8JpZE9', 'width': 4160}]",,https://www.google.com/maps/place/?q=place_id:ChIJN9Saf7Snyy0R9t407XLcK_k
OPERATIONAL,"9QP4+VR, Labuhan Sangoro, Maronge, Sumbawa Regency, West Nusa Tenggara, Indonesia","{'location': {'lat': -8.612754299999999, 'lng': 117.7570197}, 'viewport': {'northeast': {'lat': -8.6097381, 'lng': 117.7577798298927}, 'southwest': {'lat': -8.613759700000001, 'lng': 117.7550801701073}}}",https://maps.gstatic.com/mapfiles/place_api/icons/v1/png_71/generic_business-71.png,#13B5C7,https://maps.gstatic.com/mapfiles/place_api/icons/v2/generic_pinlet,Uriq gelang lab. Sangor,,ChIJMUhEWQCxyy0Rb-l_L2PkGJA,5.0,ChIJMUhEWQCxyy0Rb-l_L2PkGJA,"['tourist_attraction', 'point_of_interest', 'establishment']",1,,,https://www.google.com/maps/place/?q=place_id:ChIJMUhEWQCxyy0Rb-l_L2PkGJA
OPERATIONAL,"FMH2+3X, Labuan Kuris, Lape, Sumbawa Regency, West Nusa Tenggara, Indonesia","{'location': {'lat': -8.522322500000001, 'lng': 117.6524729}, 'viewport': {'northeast': {'lat': -8.520972670107279, 'lng': 117.6538227298927}, 'southwest': {'lat': -8.523672329892722, 'lng': 117.6511230701073}}}",https://maps.gstatic.com/mapfiles/place_api/icons/v1/png_71/generic_business-71.png,#13B5C7,https://maps.gstatic.com/mapfiles/place_api/icons/v2/generic_pinlet,Berang Merungi,,ChIJzXf4Qeu5yy0Rw6Xczpz2X0A,0.0,ChIJzXf4Qeu5yy0Rw6Xczpz2X0A,"['tourist_attraction', 'point_of_interest', 'establishment']",0,"[{'height': 2250, 'html_attributions': ['<a href=""https://maps.google.com/maps/contrib/106853660358412351436"">dhani verdant</a>'], 'photo_reference': 'AUGGfZlQRxgYcgIrj7cbqJpekoi7T1Be3KeBtJKryHo-qzS3JAsrJh3VOa5yi7Wk3P9fv08spiY7Vz5BeCodKnZ43banuI2Lah0sc9fiLkPqaX4wqtQbB67L0UibPVrvBkgjlQq-8CStScHlrtwS6rn6GxkS0t2J3mt7N1GLHQtDc3XtP4ZT', 'width': 4000}]",,https://www.google.com/maps/place/?q=place_id:ChIJzXf4Qeu5yy0Rw6Xczpz2X0A
OPERATIONAL,"7QXH+RW, Teluk Santong, Sumbawa Regency, West Nusa Tenggara, Indonesia","{'location': {'lat': -8.6986432, 'lng': 117.780246}, 'viewport': {'northeast': {'lat': -8.697293370107278, 'lng': 117.7815958298927}, 'southwest': {'lat': -8.699993029892722, 'lng': 117.7788961701073}}}",https://maps.gstatic.com/mapfiles/place_api/icons/v1/png_71/generic_business-71.png,#13B5C7,https://maps.gstatic.com/mapfiles/place_api/icons/v2/generic_pinlet,Sport mancing dangkal,,ChIJ_2pFOwivyy0REhy_E7Yj8u0,4.0,ChIJ_2pFOwivyy0REhy_E7Yj8u0,"['tourist_attraction', 'point_of_interest', 'establishment']",1,,,https://www.google.com/maps/place/?q=place_id:ChIJ_2pFOwivyy0REhy_E7Yj8u0
OPERATIONAL,"Batutering, Moyo Hulu, Sumbawa Regency, West Nusa Tenggara 84371, Indonesia","{'location': {'lat': -8.6927287, 'lng': 117.4908738}, 'viewport': {'northeast': {'lat': -8.69137887010728, 'lng': 117.4922236298927}, 'southwest': {'lat': -8.694078529892725, 'lng': 117.4895239701073}}}",https://maps.gstatic.com/mapfiles/place_api/icons/v1/png_71/generic_business-71.png,#13B5C7,https://maps.gstatic.com/mapfiles/place_api/icons/v2/generic_pinlet,Travel Parks Liang Buccal,,ChIJMyTwwp6Zyy0RxM2dNmQx2ik,4.3,ChIJMyTwwp6Zyy0RxM2dNmQx2ik,"['tourist_attraction', 'point_of_interest', 'establishment']",101,"[{'height': 3120, 'html_attributions': ['<a href=""https://maps.google.com/maps/contrib/114360285297196925260"">Nauval Mining</a>'], 'photo_reference': 'AUGGfZkoYh9v-qFL5Qw1167rbmxs_lx-nivVfP-hHnnP58FGhrE7nTit5O-cDV9aF3XIVYOLOB6jQDoIf-ITyDM5Vk249cfnvNmXHXiBX5sc_IbIfm_NQjEXD2OYV2u-Y6CfWT5kjIErnQnbIiinhHmzOy4h_dmkuNpw-iUPGT72tx0Kj3_p', 'width': 3120}]","{'compound_code': '8F4R+W8 Batutering, Sumbawa Regency, West Nusa Tenggara, Indonesia', 'global_code': '6P3V8F4R+W8'}",https://www.google.com/maps/place/?q=place_id:ChIJMyTwwp6Zyy0RxM2dNmQx2ik
OPERATIONAL,"FV9G+CH, Labuhan Sangoro, Kabupaten Sumbawa, Nusa Tenggara Bar., Indonesia","{'location': {'lat': -8.531445, 'lng': 117.8763847}, 'viewport': {'northeast': {'lat': -8.53009517010728, 'lng': 117.8777345298927}, 'southwest': {'lat': -8.532794829892724, 'lng': 117.8750348701072}}}",https://maps.gstatic.com/mapfiles/place_api/icons/v1/png_71/generic_business-71.png,#13B5C7,https://maps.gstatic.com/mapfiles/place_api/icons/v2/generic_pinlet,Tempat mancing,,ChIJUVhcOgC1yy0RnKgcpCEkiEI,5.0,ChIJUVhcOgC1yy0RnKgcpCEkiEI,"['tourist_attraction', 'point_of_interest', 'establishment']",1,,,https://www.google.com/maps/place/?q=place_id:ChIJUVhcOgC1yy0RnKgcpCEkiEI
OPERATIONAL,"8G72+VFQ, Batutering, Moyo Hulu, Sumbawa Regency, West Nusa Tenggara 84371, Indonesia","{'location': {'lat': -8.6852818, 'lng': 117.5012302}, 'viewport': {'northeast': {'lat': -8.68393197010728, 'lng': 117.5025800298927}, 'southwest': {'lat': -8.686631629892723, 'lng': 117.4998803701073}}}",https://maps.gstatic.com/mapfiles/place_api/icons/v1/png_71/generic_business-71.png,#13B5C7,https://maps.gstatic.com/mapfiles/place_api/icons/v2/generic_pinlet,Liang Petang,,ChIJv0NoqZ6Zyy0RxYy1N0z6oCM,4.8,ChIJv0NoqZ6Zyy0RxYy1N0z6oCM,"['tourist_attraction', 'point_of_interest', 'establishment']",5,"[{'height': 6936, 'html_attributions': ['<a href=""https://maps.google.com/maps/contrib/115126325222404764617"">A Google User</a>'], 'photo_reference': 'AUGGfZlsFdksV6Clu6YFjNOSwsqpo6FprmfBMxYBeCqr0XiRsQAh9Qe7L7T634AZ5reCXFDmBXyBzsy1zdjAAry7Zy1s99Hd7IiM3O7PhM_gkqxNSKNPwL3d-gM_s32v-QA3kcnlrVbnpPdQiqXhvveDTVG-vhKp8lgbRBUehq79dWiBHLUS', 'width': 9248}]",,https://www.google.com/maps/place/?q=place_id:ChIJv0NoqZ6Zyy0RxYy1N0z6oCM
OPERATIONAL,"FM3X+WF5, Labuan Bajo, terata, Labuan Kuris, Kec. Lape, Kabupaten Sumbawa, Nusa Tenggara Bar., Indonesia","{'location': {'lat': -8.5452323, 'lng': 117.698748}, 'viewport': {'northeast': {'lat': -8.54388247010728, 'lng': 117.7000978298927}, 'southwest': {'lat': -8.546582129892723, 'lng': 117.6973981701073}}}",https://maps.gstatic.com/mapfiles/place_api/icons/v1/png_71/generic_business-71.png,#13B5C7,https://maps.gstatic.com/mapfiles/place_api/icons/v2/generic_pinlet,Gili Sejangan,,ChIJv5RAJ5y5yy0R0fr5iscbUkY,4.5,ChIJv5RAJ5y5yy0R0fr5iscbUkY,"['tourist_attraction', 'point_of_interest', 'establishment']",2,"[{'height': 2250, 'html_attributions': ['<a href=""https://maps.google.com/maps/contrib/110189351288263936345"">A Google User</a>'], 'photo_reference': 'AUGGfZm-zl9lMRfmX3ECyNhIsFIi2RiDAWw_kKwamF2_-KBSL4J2Amrfa_ePT3CbVoBbmhYy2z6xzxXOlprLEYRjXnWBCRSWF8ieK6pTGv_1a7kn9MQiVzJEz7klThoaI18qdVs-7x8q6LWTo4qksgcewxRbpJfRZL6YVFC_HyWmVUm1TYt4', 'width': 4000}]",,https://www.google.com/maps/place/?q=place_id:ChIJv5RAJ5y5yy0R0fr5iscbUkY
OPERATIONAL,"9VR8+PXW, Teluk Santong, Plampang, Sumbawa Regency, West Nusa Tenggara, Indonesia","{'location': {'lat': -8.608136199999999, 'lng': 117.867455}, 'viewport': {'northeast': {'lat': -8.606786370107276, 'lng': 117.8688048298927}, 'southwest': {'lat': -8.60948602989272, 'lng': 117.8661051701072}}}",https://maps.gstatic.com/mapfiles/place_api/icons/v1/png_71/generic_business-71.png,#13B5C7,https://maps.gstatic.com/mapfiles/place_api/icons/v2/generic_pinlet,Gili Lampe,,ChIJuRetzluzyy0RVWJAVILw62g,5.0,ChIJuRetzluzyy0RVWJAVILw62g,"['tourist_attraction', 'point_of_interest', 'establishment']",1,"[{'height': 4000, 'html_attributions': ['<a href=""https://maps.google.com/maps/contrib/113698545496130963312"">A Google User</a>'], 'photo_reference': 'AUGGfZl3cVPTaqYE7XIXhgpicxrlJsVdyyg-TCHCFCMEL7b8Iek4V06fez98vKar3Mx1yc0w1Qil9N4W_d449m6O-gSxWTW_Q9F-i_ibSEqyt3GY2TM_6Iv6-RPLSFyQ9kRlZZPBQ3Y8bnPhspXR6n7Xdc4Lslpw3QdgGRgCu7GY4C7g5J5T', 'width': 6000}]",,https://www.google.com/maps/place/?q=place_id:ChIJuRetzluzyy0RVWJAVILw62g
OPERATIONAL,"4M6J+M7, Sepakat, Plampang, Sumbawa Regency, West Nusa Tenggara, Indonesia","{'location': {'lat': -8.8883706, 'lng': 117.6806854}, 'viewport': {'northeast': {'lat': -8.887091520107278, 'lng': 117.68293825}, 'southwest': {'lat': -8.889791179892722, 'lng': 117.67993445}}}",https://maps.gstatic.com/mapfiles/place_api/icons/v1/png_71/generic_business-71.png,#13B5C7,https://maps.gstatic.com/mapfiles/place_api/icons/v2/generic_pinlet,kebun pertanian,,ChIJjwCnawAPyy0R1WvZyH6Xz9g,3.0,ChIJjwCnawAPyy0R1WvZyH6Xz9g,"['tourist_attraction', 'point_of_interest', 'establishment']",2,"[{'height': 3264, 'html_attributions': ['<a href=""https://maps.google.com/maps/contrib/114204214066540994046"">Arjuna Dev</a>'], 'photo_reference': 'AUGGfZmLlFvCYqfLvNebhBZqf6BRZca6UH7by6xHZYQFNWPUCkKkEng33ZdQQfwLG8dh_gmFoqVZ0XvN3gkQUfOypBXPnWzFfcUjediysQEyDGHsk8dWxrSsqmhDdxKBqHbyHxlw7wjCJudyAZGh3pEaaJXg6azOXiYjrkrRhFK891io2Uyq', 'width': 1520}]",,https://www.google.com/maps/place/?q=place_id:ChIJjwCnawAPyy0R1WvZyH6Xz9g
OPERATIONAL,"6PQW+MCJ, RT.001/RW.009, Dusun jompong, Kec. Plampang, Kabupaten Sumbawa, Nusa Tenggara Bar., Indonesia","{'location': {'lat': -8.7607879, 'lng': 117.7460062}, 'viewport': {'northeast': {'lat': -8.759277120107278, 'lng': 117.7474638298927}, 'southwest': {'lat': -8.761976779892722, 'lng': 117.7447641701073}}}",https://maps.gstatic.com/mapfiles/place_api/icons/v1/png_71/generic_business-71.png,#13B5C7,https://maps.gstatic.com/mapfiles/place_api/icons/v2/generic_pinlet,Karang untir batu,,ChIJGdjFYwCpyy0RXI1NXzBH5qg,0.0,ChIJGdjFYwCpyy0RXI1NXzBH5qg,"['tourist_attraction', 'point_of_interest', 'establishment']",0,,,https://www.google.com/maps/place/?q=place_id:ChIJGdjFYwCpyy0RXI1NXzBH5qg
OPERATIONAL,"5P58+6P, Sepakat, Plampang, Sumbawa Regency, West Nusa Tenggara, Indonesia","{'location': {'lat': -8.8419089, 'lng': 117.716861}, 'viewport': {'northeast': {'lat': -8.840559070107277, 'lng': 117.7182108298927}, 'southwest': {'lat': -8.843258729892721, 'lng': 117.7155111701072}}}",https://maps.gstatic.com/mapfiles/place_api/icons/v1/png_71/generic_business-71.png,#13B5C7,https://maps.gstatic.com/mapfiles/place_api/icons/v2/generic_pinlet,Brang Ai Ngelar (Sungai Air Dingin),,ChIJKfYdpXYJyy0RSs3PrlDvsKo,0.0,ChIJKfYdpXYJyy0RSs3PrlDvsKo,"['tourist_attraction', 'point_of_interest', 'establishment']",0,"[{'height': 1800, 'html_attributions': ['<a href=""https://maps.google.com/maps/contrib/104347409506575162549"">A Google User</a>'], 'photo_reference': 'AUGGfZmvWFr_hkIPStWUcZdI5urFtyuR0ItGTFYHVvvTtnyOSrqEKtrP_pLrlDnTxPS2gOSuccFA7tDbiSmZGc0cStgbkj2lTWW7Wokx0F9ABa3nBIrYy2xLCvQKglhQ2hRvtpCC7VdXqDuR8sZCxKMAEBMlENNT7epuab_YctAMkpCDmF-i', 'width': 4000}]",,https://www.google.com/maps/place/?q=place_id:ChIJKfYdpXYJyy0RSs3PrlDvsKo
OPERATIONAL,"CMM7+M33, Dusun Labuhan terata timur, Labuan Kuris, Kec. Lape, kabupaten Sumbawa Besar, Nusa Tenggara Bar., Indonesia","{'location': {'lat': -8.5658643, 'lng': 117.6626676}, 'viewport': {'northeast': {'lat': -8.564556370107278, 'lng': 117.6639722798927}, 'southwest': {'lat': -8.567256029892722, 'lng': 117.6612726201073}}}",https://maps.gstatic.com/mapfiles/place_api/icons/v1/png_71/generic_business-71.png,#13B5C7,https://maps.gstatic.com/mapfiles/place_api/icons/v2/generic_pinlet,Dermaga kelompok kakap putih,,ChIJ4yO26Im7yy0Rn7iQbDTHjMI,4.0,ChIJ4yO26Im7yy0Rn7iQbDTHjMI,"['tourist_attraction', 'point_of_interest', 'establishment']",1,,,https://www.google.com/maps/place/?q=place_id:ChIJ4yO26Im7yy0Rn7iQbDTHjMI
OPERATIONAL,"6CRF+GGX, Desa Ledang, Kec. Lenangguar, Kabupaten Sumbawa, Nusa Tenggara Bar., Indonesia","{'location': {'lat': -8.758644, 'lng': 117.423861}, 'viewport': {'northeast': {'lat': -8.757294170107278, 'lng': 117.4252108298927}, 'southwest': {'lat': -8.759993829892721, 'lng': 117.4225111701073}}}",https://maps.gstatic.com/mapfiles/place_api/icons/v1/png_71/generic_business-71.png,#13B5C7,https://maps.gstatic.com/mapfiles/place_api/icons/v2/generic_pinlet,Goa Tamutung,,ChIJO21f5Xmdyy0RJ-1zy5Tzz7c,0.0,ChIJO21f5Xmdyy0RJ-1zy5Tzz7c,"['tourist_attraction', 'point_of_interest', 'establishment']",0,"[{'height': 1280, 'html_attributions': ['<a href=""https://maps.google.com/maps/contrib/104771465828443245225"">A Google User</a>'], 'photo_reference': 'AUGGfZnulunDf8Rv6769xotXiQcVrM96223TEu4O_ED9mY6MQYshArK-8Q8v-KH81LjYaN-HifKmJ-bR1FpVP5aCj2AsXEQzSTERFy5cGWfQN17WMIUKTgEgHiSN7wwRQslGX8WPdzn2oTC9BjmGZx3gQ_6bQR5l_NsARH_xCizOd-b5v681', 'width': 960}]",,https://www.google.com/maps/place/?q=place_id:ChIJO21f5Xmdyy0RJ-1zy5Tzz7c
OPERATIONAL,"3PW9+H8J, Sekokat, Labangka, Sumbawa Regency, West Nusa Tenggara, Indonesia","{'location': {'lat': -8.9035286, 'lng': 117.7182705}, 'viewport': {'northeast': {'lat': -8.902195070107275, 'lng': 117.7196243298927}, 'southwest': {'lat': -8.90489472989272, 'lng': 117.7169246701073}}}",https://maps.gstatic.com/mapfiles/place_api/icons/v1/png_71/generic_business-71.png,#13B5C7,https://maps.gstatic.com/mapfiles/place_api/icons/v2/generic_pinlet,Lepu labangaka,,ChIJA8exTwAPyy0R7SseIILJxJQ,0.0,ChIJA8exTwAPyy0R7SseIILJxJQ,"['tourist_attraction', 'point_of_interest', 'establishment']",0,,,https://www.google.com/maps/place/?q=place_id:ChIJA8exTwAPyy0R7SseIILJxJQ
OPERATIONAL,"9JJ6+VX, Hijrah, Lape, Sumbawa Regency, West Nusa Tenggara 84382, Indonesia","{'location': {'lat': -8.6177628, 'lng': 117.6124265}, 'viewport': {'northeast': {'lat': -8.616430420107276, 'lng': 117.6135824798927}, 'southwest': {'lat': -8.61913007989272, 'lng': 117.6108828201073}}}",https://maps.gstatic.com/mapfiles/place_api/icons/v1/png_71/generic_business-71.png,#13B5C7,https://maps.gstatic.com/mapfiles/place_api/icons/v2/generic_pinlet,Sawah Orong Dete,,ChIJ5YIU8AO9yy0RLJz-5x3SG8E,0.0,ChIJ5YIU8AO9yy0RLJz-5x3SG8E,"['tourist_attraction', 'point_of_interest', 'establishment']",0,,,https://www.google.com/maps/place/?q=place_id:ChIJ5YIU8AO9yy0RLJz-5x3SG8E
OPERATIONAL,"3MMR+V5J, Jl. Lkr. Selatan, Jaya Makmur, Kec. Labangka, Kabupaten Sumbawa, Nusa Tenggara Bar. 84383, Indonesia","{'location': {'lat': -8.915277999999999, 'lng': 117.6903956}, 'viewport': {'northeast': {'lat': -8.913257370107276, 'lng': 117.6915347798927}, 'southwest': {'lat': -8.91595702989272, 'lng': 117.6888351201072}}}",https://maps.gstatic.com/mapfiles/place_api/icons/v1/png_71/generic_business-71.png,#13B5C7,https://maps.gstatic.com/mapfiles/place_api/icons/v2/generic_pinlet,Lahan saupi,,ChIJDa9kBZYPyy0RtBChp4jqnUQ,5.0,ChIJDa9kBZYPyy0RtBChp4jqnUQ,"['tourist_attraction', 'point_of_interest', 'establishment']",1,"[{'height': 2592, 'html_attributions': ['<a href=""https://maps.google.com/maps/contrib/105038448168949168252"">A Google User</a>'], 'photo_reference': 'AUGGfZnT8F3HTEXifN_mUrxtRmwnMIqxbmZX6G9o_9Z7ut6gmO4vvD2iN8lJpn66r1xoJLlKyXjq4XkfNoYouJlbQ6TInvCXF2OF2-6QUTkiJFbMG0A8XLDpVygTG4reIK1ooTRUvhzE5J5oFT7s3IAZjyQpMVWfqMy0v7NEEBZVigyS4Bmx', 'width': 4608}]",,https://www.google.com/maps/place/?q=place_id:ChIJDa9kBZYPyy0RtBChp4jqnUQ
OPERATIONAL,"FMRF+X9, Labuan Kuris, Lape, Sumbawa Regency, West Nusa Tenggara, Indonesia","{'location': {'lat': -8.5075224, 'lng': 117.6734803}, 'viewport': {'northeast': {'lat': -8.506172570107278, 'lng': 117.6748301298928}, 'southwest': {'lat': -8.508872229892722, 'lng': 117.6721304701073}}}",https://maps.gstatic.com/mapfiles/place_api/icons/v1/png_71/generic_business-71.png,#13B5C7,https://maps.gstatic.com/mapfiles/place_api/icons/v2/generic_pinlet,Teluk Kesaming,{'open_now': True},ChIJUT9-rc65yy0RJVZhz9ZzxUY,0.0,ChIJUT9-rc65yy0RJVZhz9ZzxUY,"['tourist_attraction', 'point_of_interest', 'establishment']",0,"[{'height': 2250, 'html_attributions': ['<a href=""https://maps.google.com/maps/contrib/110189351288263936345"">A Google User</a>'], 'photo_reference': 'AUGGfZlkNQ3ABjLClUcVr-MqSMxHHZxoWJLMLuk8unnAkJaW_6fBO0zpuPG6G8MdU9F65elowoz2XG1-eIUrAYMbHoij0jr-9mJJl_w2pRaoUKqWS8gt3__rv_Frp-WAwLkV0TQBTdg3rpqeJEYhx25rf5U1kg33zDAPatwI-T50J9sReOE4', 'width': 2250}]",,https://www.google.com/maps/place/?q=place_id:ChIJUT9-rc65yy0RJVZhz9ZzxUY
OPERATIONAL,"5MHW+JG7, Muer, Plampang, Sumbawa Regency, West Nusa Tenggara 84383, Indonesia","{'location': {'lat': -8.8209654, 'lng': 117.6962824}, 'viewport': {'northeast': {'lat': -8.819615570107278, 'lng': 117.6976322298927}, 'southwest': {'lat': -8.822315229892721, 'lng': 117.6949325701073}}}",https://maps.gstatic.com/mapfiles/place_api/icons/v1/png_71/park-71.png,#4DB546,https://maps.gstatic.com/mapfiles/place_api/icons/v2/tree_pinlet,Taman Wisata Lala Taranam,,ChIJMW1oZHEJyy0RhvkdtR-jESo,5.0,ChIJMW1oZHEJyy0RhvkdtR-jESo,"['park', 'point_of_interest', 'establishment']",1,"[{'height': 708, 'html_attributions': ['<a href=""https://maps.google.com/maps/contrib/103785144274691251060"">Alrisi kalvin</a>'], 'photo_reference': 'AUGGfZnlMXj9oCWVitzbkOkSlgiRx3wzV5Sy0N4iF5YxDvYci6OQlFNcBv7Bo0jdHmWqeX3WHWKt4mFCv_Iv5FRy8jGDxBDswcub7ce2v07mNmAOA3GoWYCg4xqDXSn2wEjlYBvC7gTHIzljnApP9hMYNV0qMX3gxaSc9dTTVyhz69cUcUyk', 'width': 1080}]",,https://www.google.com/maps/place/?q=place_id:ChIJMW1oZHEJyy0RhvkdtR-jESo
OPERATIONAL,"8F9G+X4G, Batutering, Moyo Hulu, Sumbawa Regency, West Nusa Tenggara 84371, Indonesia","{'location': {'lat': -8.6800623, 'lng': 117.4753224}, 'viewport': {'northeast': {'lat': -8.677414500000003, 'lng': 117.4761058}, 'southwest': {'lat': -8.680944899999998, 'lng': 117.4729722}}}",https://maps.gstatic.com/mapfiles/place_api/icons/v1/png_71/generic_business-71.png,#13B5C7,https://maps.gstatic.com/mapfiles/place_api/icons/v2/generic_pinlet,Tebing Liang Bukal,{'open_now': False},ChIJ9fLBj9aZyy0R8yv6VOhA9D8,4.5,ChIJ9fLBj9aZyy0R8yv6VOhA9D8,"['tourist_attraction', 'point_of_interest', 'establishment']",33,"[{'height': 3461, 'html_attributions': ['<a href=""https://maps.google.com/maps/contrib/102697018243892006963"">Nandita Putri</a>'], 'photo_reference': 'AUGGfZkrq8RYIImCzKz8rCpxIs3hnFsyAbFhKKHDZ9rKQ4V6Z_LOF6JiwU6neh_i-IPfdf9H42Zzp0H0ceCl76zSw6gUWM-X8W210RxhbMaOBTRO29LKtR8zG5fPcoVA0Ec-3E0deeyFN8tnrgvdqSpfR4b2dDRH6PsqR5bgSgMYjBajhlk-', 'width': 4623}]",,https://www.google.com/maps/place/?q=place_id:ChIJ9fLBj9aZyy0R8yv6VOhA9D8
OPERATIONAL,"6P9X+3V, Muer, Plampang, Sumbawa Regency, West Nusa Tenggara 84383, Indonesia","{'location': {'lat': -8.7823733, 'lng': 117.7497348}, 'viewport': {'northeast': {'lat': -8.781023470107277, 'lng': 117.7510846298927}, 'southwest': {'lat': -8.78372312989272, 'lng': 117.7483849701073}}}",https://maps.gstatic.com/mapfiles/place_api/icons/v1/png_71/generic_business-71.png,#13B5C7,https://maps.gstatic.com/mapfiles/place_api/icons/v2/generic_pinlet,Air Terjun Palman,,ChIJM9Wi_U4Hyy0R0NwY-FW4EJA,4.0,ChIJM9Wi_U4Hyy0R0NwY-FW4EJA,"['tourist_attraction', 'point_of_interest', 'establishment']",3,"[{'height': 3456, 'html_attributions': ['<a href=""https://maps.google.com/maps/contrib/107753767136375069242"">made sar</a>'], 'photo_reference': 'AUGGfZlk8QHFOML8Q32QGvhyccwdROMClpvQHajDGq1ghCz5g8re-awnDe6yMN1ieYeUWt0mzrTcbtqLw1AxUPPC8JFSmA43Jt6dCZ0eQmJhV3hYLEvtjiJzC09GG4dkiO6YTSwOrY7M9UnZxim287EA7cFIuBcsslZNv7Ybt-1da_LaLei1', 'width': 4608}]",,https://www.google.com/maps/place/?q=place_id:ChIJM9Wi_U4Hyy0R0NwY-FW4EJA
OPERATIONAL,"FMGG+V5R Liang Island, Labuan Kuris, Lape, Sumbawa Regency, West Nusa Tenggara, Indonesia","{'location': {'lat': -8.5227526, 'lng': 117.6753911}, 'viewport': {'northeast': {'lat': -8.521402770107278, 'lng': 117.6767409298927}, 'southwest': {'lat': -8.524102429892721, 'lng': 117.6740412701073}}}",https://maps.gstatic.com/mapfiles/place_api/icons/v1/png_71/generic_business-71.png,#13B5C7,https://maps.gstatic.com/mapfiles/place_api/icons/v2/generic_pinlet,Pantai Suda',{'open_now': True},ChIJvcMnw5q5yy0RXZvat3z29Ms,0.0,ChIJvcMnw5q5yy0RXZvat3z29Ms,"['tourist_attraction', 'point_of_interest', 'establishment']",0,"[{'height': 2250, 'html_attributions': ['<a href=""https://maps.google.com/maps/contrib/106853660358412351436"">dhani verdant</a>'], 'photo_reference': 'AUGGfZlUUpErpZoGT6qXOghY_4HXRKfsuszrDTClIIWFMG4V-ZLHjk31Ik5LpNr5pzlLaTBxi84ybdwu1R7jrnOZYzhrnmB47COtVRlCOe7vECNUzb_CKmfpvfXCbMD8xD8e9Yn5WVVbvL_x6mb9v5XJAC0x5-mFkXqeGSrkpoTV8Mqr2JrX', 'width': 4000}]",,https://www.google.com/maps/place/?q=place_id:ChIJvcMnw5q5yy0RXZvat3z29Ms
OPERATIONAL,"8H4G+HGR, Mama, Lopok, Sumbawa Regency, West Nusa Tenggara 84382, Indonesia","{'location': {'lat': -8.6935208, 'lng': 117.5762812}, 'viewport': {'northeast': {'lat': -8.691180350000002, 'lng': 117.5774577298927}, 'southwest': {'lat': -8.69430095, 'lng': 117.5747580701073}}}",https://maps.gstatic.com/mapfiles/place_api/icons/v1/png_71/generic_business-71.png,#13B5C7,https://maps.gstatic.com/mapfiles/place_api/icons/v2/generic_pinlet,Bendungan Mamak,,ChIJE_ZCVaGjyy0RqNyfmzgD5gQ,5.0,ChIJE_ZCVaGjyy0RqNyfmzgD5gQ,"['tourist_attraction', 'point_of_interest', 'establishment']",3,"[{'height': 1728, 'html_attributions': ['<a href=""https://maps.google.com/maps/contrib/110904820446569237959"">A Google User</a>'], 'photo_reference': 'AUGGfZnTUr9d1XflVnLT4JWG6F2wHJy4A_UUXSj0gtdFxTixCcL5tYAniQPFkV2vcomKnSoXWflPcz09U9QkRdiJDcLDZG9O6hZ_G84EotuHLLRfmhf6_ggFZxJOu2hQwUIzVvtRqUHlyg7WzlfjXBvdjN39lVKRZSGp8S3iiNOwP_63Y66t', 'width': 3936}]",,https://www.google.com/maps/place/?q=place_id:ChIJE_ZCVaGjyy0RqNyfmzgD5gQ
OPERATIONAL,"9FRC+FMC, Maman, Moyo Hulu, Sumbawa Regency, West Nusa Tenggara 84371, Indonesia","{'location': {'lat': -8.608819100000002, 'lng': 117.471636}, 'viewport': {'northeast': {'lat': -8.607404670107277, 'lng': 117.4730189798927}, 'southwest': {'lat': -8.610104329892721, 'lng': 117.4703193201073}}}",https://maps.gstatic.com/mapfiles/place_api/icons/v1/png_71/generic_business-71.png,#13B5C7,https://maps.gstatic.com/mapfiles/place_api/icons/v2/generic_pinlet,Bendungan Batu Bulan,,ChIJeyKlxjuXyy0RwADrujP2Hp0,4.3,ChIJeyKlxjuXyy0RwADrujP2Hp0,"['tourist_attraction', 'point_of_interest', 'establishment']",155,"[{'height': 4128, 'html_attributions': ['<a href=""https://maps.google.com/maps/contrib/108783442756915749163"">ofiq jalenjenk</a>'], 'photo_reference': 'AUGGfZn088mRVOhLiK1Fxa5_uYSW6XSK8oV-5V97NqrNrfYDBT5as3EmpoQJCucjbXqdosIXof2qrlIsFYwukLyunHHdYUP0GoM2leu_nytlaVbP0NpOcmGr6svOATcgiu5zu7fAAbjUvcDwG21IIOSPWmbH43J4ykXQegdDDGxFC57B4UTz', 'width': 3096}]",,https://www.google.com/maps/place/?q=place_id:ChIJeyKlxjuXyy0RwADrujP2Hp0
OPERATIONAL,"Jl. Lintas Sumbawa-Bima, Tlk. Santong, Kec. Plampang, Kabupaten Sumbawa, Nusa Tenggara Bar. 84383, Indonesia","{'location': {'lat': -8.7368755, 'lng': 117.9019844}, 'viewport': {'northeast': {'lat': -8.735553770107279, 'lng': 117.9033295298927}, 'southwest': {'lat': -8.738253429892723, 'lng': 117.9006298701073}}}",https://maps.gstatic.com/mapfiles/place_api/icons/v1/png_71/generic_business-71.png,#13B5C7,https://maps.gstatic.com/mapfiles/place_api/icons/v2/generic_pinlet,Ekowisata Mangrove Teluk Raya,{'open_now': False},ChIJ57s1Npmryy0RAFVLGOZdo0Y,5.0,ChIJ57s1Npmryy0RAFVLGOZdo0Y,"['tourist_attraction', 'point_of_interest', 'establishment']",3,"[{'height': 1080, 'html_attributions': ['<a href=""https://maps.google.com/maps/contrib/115442237849878447567"">A Google User</a>'], 'photo_reference': 'AUGGfZlutHSotHmq3CVUNPyNMUsWNVCQrWfdDmnJqWSrBzsgEtKGNqhw10XqauMee2O3nwqNtI8tu7UNY46MZB5e40Zaj2FNlqU6H8N98U-WaA1FUsi4F1rUTOYd8LpJqr2vrIgVEcYJiBoqD6yELEw8YPGKCsD36vnJued6edwAS8TL0_IV', 'width': 1920}]","{'compound_code': '7W72+6Q Teluk Santong, Sumbawa Regency, West Nusa Tenggara, Indonesia', 'global_code': '6P3V7W72+6Q'}",https://www.google.com/maps/place/?q=place_id:ChIJ57s1Npmryy0RAFVLGOZdo0Y
OPERATIONAL,"3MFG+854, Jaya Makmur, Labangka, Sumbawa Regency, West Nusa Tenggara, Indonesia","{'location': {'lat': -8.9267263, 'lng': 117.675451}, 'viewport': {'northeast': {'lat': -8.92536842010728, 'lng': 117.6766952798928}, 'southwest': {'lat': -8.928068079892723, 'lng': 117.6739956201073}}}",https://maps.gstatic.com/mapfiles/place_api/icons/v1/png_71/generic_business-71.png,#13B5C7,https://maps.gstatic.com/mapfiles/place_api/icons/v2/generic_pinlet,Pantai Cemplung,,ChIJA7DueUcOyy0RHfAIy6xo4Rc,4.3,ChIJA7DueUcOyy0RHfAIy6xo4Rc,"['tourist_attraction', 'point_of_interest', 'establishment']",120,"[{'height': 2084, 'html_attributions': ['<a href=""https://maps.google.com/maps/contrib/105322269243617831924"">A Google User</a>'], 'photo_reference': 'AUGGfZlW8KJR49uHeDUQWusJTDj6u9PTHS9G2T7WTQE2adqsH1D0gtFhecTnMA2sZvf5VdMURIHp123JyK_vgK0OzAL-o3LFmKRFqp8f-fcRfMzyAZBm4ZgpTf-3RHjB-fPmR_59S8KxcAliV0HAp55ZhTFmb2w4K9CUJEjmh0OG78weg6fL', 'width': 4624}]",,https://www.google.com/maps/place/?q=place_id:ChIJA7DueUcOyy0RHfAIy6xo4Rc
OPERATIONAL,"CQWC+XP, Labuan Kuris, Lape, Sumbawa Regency, West Nusa Tenggara 84382, Indonesia","{'location': {'lat': -8.5526053, 'lng': 117.7718577}, 'viewport': {'northeast': {'lat': -8.551255470107275, 'lng': 117.7732075298927}, 'southwest': {'lat': -8.553955129892719, 'lng': 117.7705078701073}}}",https://maps.gstatic.com/mapfiles/place_api/icons/v1/png_71/generic_business-71.png,#13B5C7,https://maps.gstatic.com/mapfiles/place_api/icons/v2/generic_pinlet,Sello' Buta,,ChIJh2U13Imxyy0RXO1p7LHrOmo,4.8,ChIJh2U13Imxyy0RXO1p7LHrOmo,"['tourist_attraction', 'point_of_interest', 'establishment']",4,"[{'height': 1836, 'html_attributions': ['<a href=""https://maps.google.com/maps/contrib/110398582043306432468"">Andy Suwarno</a>'], 'photo_reference': 'AUGGfZmRv-a9S6ee5JfRslb_rhKC4Z2TNzqyVCDfMJVZTkTU8OLfqsIfxSXK0YTme2R-Ig667cz5aS9K6TOe670eF5SJ8D4KlPpkNOb5-MQONYsRsw_EvonlWetfgT_aBI1_zZH2_4EsPP32b1CUAQ1x6TEMuGbA_-4T2qbhPh-YJIFwmZIb', 'width': 3264}]",,https://www.google.com/maps/place/?q=place_id:ChIJh2U13Imxyy0RXO1p7LHrOmo
OPERATIONAL,"5GW3+PVX, Sepukur, Lantung, Sumbawa Regency, West Nusa Tenggara 84372, Indonesia","{'location': {'lat': -8.8031351, 'lng': 117.5047201}, 'viewport': {'northeast': {'lat': -8.801782620107279, 'lng': 117.5060571298927}, 'southwest': {'lat': -8.804482279892722, 'lng': 117.5033574701073}}}",https://maps.gstatic.com/mapfiles/place_api/icons/v1/png_71/generic_business-71.png,#13B5C7,https://maps.gstatic.com/mapfiles/place_api/icons/v2/generic_pinlet,"Bukit Lenang Indah, Kec. Lantung, Kab. Sumbawa",,ChIJ4wAmSPF1yy0RgvPegZiBkro,4.8,ChIJ4wAmSPF1yy0RgvPegZiBkro,"['tourist_attraction', 'point_of_interest', 'establishment']",8,"[{'height': 3000, 'html_attributions': ['<a href=""https://maps.google.com/maps/contrib/117319180739856005927"">faris azim</a>'], 'photo_reference': 'AUGGfZmlvgmhuCXFF-z9352le_sy6DiHxBxVP3-lJbDPZ_x8bi76cJQE1CfhJTpldGrnSWxMJBhuhxH4nIBnN0tcEA_J-szMIM9NA6xxi-OGVL4HJMrqUXcDT4VCyyKoemJP3MNjNHRS9TRTs9iaJA4_sOJN9sqjRpqW8IViMOpWs1eyzg7n', 'width': 4000}]",,https://www.google.com/maps/place/?q=place_id:ChIJ4wAmSPF1yy0RgvPegZiBkro
OPERATIONAL,"3PHR+GC, Suka Damai, Sumbawa Regency, West Nusa Tenggara, Indonesia","{'location': {'lat': -8.921165499999999, 'lng': 117.7411243}, 'viewport': {'northeast': {'lat': -8.920200670107278, 'lng': 117.7426584798927}, 'southwest': {'lat': -8.922900329892721, 'lng': 117.7399588201073}}}",https://maps.gstatic.com/mapfiles/place_api/icons/v1/png_71/generic_business-71.png,#13B5C7,https://maps.gstatic.com/mapfiles/place_api/icons/v2/generic_pinlet,Tanjung panas labangka,,ChIJk8Z10TgFyy0Rilx1x45YjYc,5.0,ChIJk8Z10TgFyy0Rilx1x45YjYc,"['tourist_attraction', 'point_of_interest', 'establishment']",2,"[{'height': 4624, 'html_attributions': ['<a href=""https://maps.google.com/maps/contrib/112506364377867993899"">A Google User</a>'], 'photo_reference': 'AUGGfZn7qYoYrbDjtc78E2CPp9OUpyEuq2Y7RuPsqDj1VBxPiV0BsoE9Ips41SP0TpHdCy6SpvWavy3nT-cpQ-t-NJ8XarK2u7AhomrQSSFB0rXdDzU2GqeF49v4WSEpW-cOIVkzs6UsBvQxtlRobB1szQ46dPBfchsBlhbe1nXrX1tR6eMl', 'width': 2602}]",,https://www.google.com/maps/place/?q=place_id:ChIJk8Z10TgFyy0Rilx1x45YjYc
OPERATIONAL,"6QC7+F95, Jl. Lintas Sumbawa-Bima, Plampang, Kec. Plampang, Kabupaten Sumbawa, Nusa Tenggara Bar. 84383, Indonesia","{'location': {'lat': -8.7788683, 'lng': 117.7634986}, 'viewport': {'northeast': {'lat': -8.777501620107278, 'lng': 117.7648600798927}, 'southwest': {'lat': -8.780201279892722, 'lng': 117.7621604201073}}}",https://maps.gstatic.com/mapfiles/place_api/icons/v1/png_71/generic_business-71.png,#13B5C7,https://maps.gstatic.com/mapfiles/place_api/icons/v2/generic_pinlet,Teluk saleh,,ChIJscJkUSqpyy0Rc2kxpTr3n9U,4.4,ChIJscJkUSqpyy0Rc2kxpTr3n9U,"['tourist_attraction', 'point_of_interest', 'establishment']",15,"[{'height': 4160, 'html_attributions': ['<a href=""https://maps.google.com/maps/contrib/106812983201056086470"">A Google User</a>'], 'photo_reference': 'AUGGfZmsJDRiEmHokuz-gBY-BP2-ltISgqOKepYWzeVm2NTdaZJq0E97TNLqrN8_raZsMttggWx293842SVIRpnPKo37V4sRMCa56uip6i89ONFTsSjIYCOMDQgeIszTBQScoLNOiYZrzHuuo_Gbbqq3SbqE3zWyPglUrhpyjWRaootxJ28W', 'width': 3120}]",,https://www.google.com/maps/place/?q=place_id:ChIJscJkUSqpyy0Rc2kxpTr3n9U
OPERATIONAL,"3VF2+G4, Usar, Plampang, Sumbawa Regency, West Nusa Tenggara 84383, Indonesia","{'location': {'lat': -8.9261917, 'lng': 117.8503203}, 'viewport': {'northeast': {'lat': -8.924841870107278, 'lng': 117.8516701298927}, 'southwest': {'lat': -8.927541529892721, 'lng': 117.8489704701072}}}",https://maps.gstatic.com/mapfiles/place_api/icons/v1/png_71/generic_business-71.png,#13B5C7,https://maps.gstatic.com/mapfiles/place_api/icons/v2/generic_pinlet,Brang Bentingal,,ChIJ5cSA0BIDyy0RtVmU9jI5vgs,5.0,ChIJ5cSA0BIDyy0RtVmU9jI5vgs,"['tourist_attraction', 'point_of_interest', 'establishment']",4,"[{'height': 2448, 'html_attributions': ['<a href=""https://maps.google.com/maps/contrib/113384165839167638103"">A Google User</a>'], 'photo_reference': 'AUGGfZn25XsovyTPAcBZBhZxd7Hd398S6dt1p1IgNRUZN4QSu65EwuuWbXjzIo4FEPDnjmBj6vHN1IqbuXrcY-BJ2JpJpkmWZJmg5zEDkVx6rA3NmBMoDL65ZMFRomCJRttyzA2mvH3iQdmT87Rlmp6QCz1D5Xw18kW2nksrfmCY8AdoXYqu', 'width': 3264}]",,https://www.google.com/maps/place/?q=place_id:ChIJ5cSA0BIDyy0RtVmU9jI5vgs
OPERATIONAL,"8HWX+8W, Lape, Sumbawa Regency, West Nusa Tenggara 84382, Indonesia","{'location': {'lat': -8.654135199999999, 'lng': 117.5998406}, 'viewport': {'northeast': {'lat': -8.652785370107278, 'lng': 117.6011904298927}, 'southwest': {'lat': -8.655485029892722, 'lng': 117.5984907701073}}}",https://maps.gstatic.com/mapfiles/place_api/icons/v1/png_71/generic_business-71.png,#13B5C7,https://maps.gstatic.com/mapfiles/place_api/icons/v2/generic_pinlet,Tiu Pasai Lape,,ChIJwcDNndKjyy0REKX4VaDr8NE,5.0,ChIJwcDNndKjyy0REKX4VaDr8NE,"['tourist_attraction', 'point_of_interest', 'establishment']",2,"[{'height': 2067, 'html_attributions': ['<a href=""https://maps.google.com/maps/contrib/107401125623125517285"">A Google User</a>'], 'photo_reference': 'AUGGfZkqHB-3jXT8--u_etRgifpinJSvVYU_uB59pCnEr1wmto4Z66eXjAEXOGjoqAyLB7xfHGjWh-M1Jk2MbY6Po364oZdQQtYEA_D7KjQpUnbq8RjsuMfKIm7JDK-crwoePQbEE1yDg8eCLbMQLy3vu2AtuqtRIf1auorYEeh5qyxzXbRQ', 'width': 3863}]",,https://www.google.com/maps/place/?q=place_id:ChIJwcDNndKjyy0REKX4VaDr8NE
OPERATIONAL,"FJMM+8JG, Labuan Kuris, Lape, Sumbawa Regency, West Nusa Tenggara, Indonesia","{'location': {'lat': -8.516689699999999, 'lng': 117.6340847}, 'viewport': {'northeast': {'lat': -8.515339870107274, 'lng': 117.6354345298927}, 'southwest': {'lat': -8.518039529892718, 'lng': 117.6327348701073}}}",https://maps.gstatic.com/mapfiles/place_api/icons/v1/png_71/generic_business-71.png,#13B5C7,https://maps.gstatic.com/mapfiles/place_api/icons/v2/generic_pinlet,BAGE JOGKOK,,ChIJ4UAn-li_yy0R6H4gs-hAp-Y,3.0,ChIJ4UAn-li_yy0R6H4gs-hAp-Y,"['tourist_attraction', 'point_of_interest', 'establishment']",2,"[{'height': 3264, 'html_attributions': ['<a href=""https://maps.google.com/maps/contrib/114349452634271560759"">A Google User</a>'], 'photo_reference': 'AUGGfZlHS5RBPz4nR-QzXY05II_xHZijjnU-M8kuhYcrwa1_0Wxh1xQsv-211fg2bjTX4DfdoCMRKY49cWea_woierazKRepvPD-4TdnDFQQfHel3kBH2g28XFwU6HUIMUqAP9qUp-Mt2s2ug0m5z0NY4M6cUP396fK8URWQVW4b55fIGrAt', 'width': 1504}]",,https://www.google.com/maps/place/?q=place_id:ChIJ4UAn-li_yy0R6H4gs-hAp-Y
OPERATIONAL,"79CM+2C4, Lenangguar, Sumbawa Regency, West Nusa Tenggara 84372, Indonesia","{'location': {'lat': -8.7299822, 'lng': 117.3835871}, 'viewport': {'northeast': {'lat': -8.728632370107277, 'lng': 117.3849369298927}, 'southwest': {'lat': -8.731332029892721, 'lng': 117.3822372701073}}}",https://maps.gstatic.com/mapfiles/place_api/icons/v1/png_71/generic_business-71.png,#13B5C7,https://maps.gstatic.com/mapfiles/place_api/icons/v2/generic_pinlet,Air Terjun Teba Murin,{'open_now': True},ChIJp_uXlF-byy0RTb-g8zhfYpw,4.2,ChIJp_uXlF-byy0RTb-g8zhfYpw,"['tourist_attraction', 'point_of_interest', 'establishment']",53,"[{'height': 3120, 'html_attributions': ['<a href=""https://maps.google.com/maps/contrib/116907168433822774112"">A Google User</a>'], 'photo_reference': 'AUGGfZmLmcYmzNsPVPXMB76SqFz_5mOlrmsOsGtitRvJiIrq3EPeesnrLOcjpQcfAQ9JSSmZhbOTMxrR9dRJ0biafhr3OLgOBCOXvGr_FH991EKEDbbDlkEPL3pSV7m3DEWeAqTx5B1kbH7H79sFz5upDAPbLUcmV4-ky2I8gqz1yZNIf6k6', 'width': 4160}]",,https://www.google.com/maps/place/?q=place_id:ChIJp_uXlF-byy0RTb-g8zhfYpw
OPERATIONAL,"793X+MC6, Tatebal, Lenangguar, Sumbawa Regency, West Nusa Tenggara 84372, Indonesia","{'location': {'lat': -8.7458375, 'lng': 117.3985014}, 'viewport': {'northeast': {'lat': -8.74448767010728, 'lng': 117.3998512298927}, 'southwest': {'lat': -8.747187329892723, 'lng': 117.3971515701073}}}",https://maps.gstatic.com/mapfiles/place_api/icons/v1/png_71/generic_business-71.png,#13B5C7,https://maps.gstatic.com/mapfiles/place_api/icons/v2/generic_pinlet,Mata Ai Abadi Waterfall,,ChIJRdKIxdudyy0ROgzUQk91yiM,0.0,ChIJRdKIxdudyy0ROgzUQk91yiM,"['tourist_attraction', 'point_of_interest', 'establishment']",0,,,https://www.google.com/maps/place/?q=place_id:ChIJRdKIxdudyy0ROgzUQk91yiM
OPERATIONAL,"Pernek, Moyo Hulu, Sumbawa Regency, West Nusa Tenggara 84371, Indonesia","{'location': {'lat': -8.5805841, 'lng': 117.4215989}, 'viewport': {'northeast': {'lat': -8.57933392010728, 'lng': 117.4233802298927}, 'southwest': {'lat': -8.582033579892723, 'lng': 117.4206805701072}}}",https://maps.gstatic.com/mapfiles/place_api/icons/v1/png_71/generic_business-71.png,#13B5C7,https://maps.gstatic.com/mapfiles/place_api/icons/v2/generic_pinlet,Desa Wisata Pernek,{'open_now': False},ChIJSQRZGzSRyy0RDQq9T4W9dRE,4.8,ChIJSQRZGzSRyy0RDQq9T4W9dRE,"['tourist_attraction', 'point_of_interest', 'establishment']",26,"[{'height': 3120, 'html_attributions': ['<a href=""https://maps.google.com/maps/contrib/106509393566183286133"">A Google User</a>'], 'photo_reference': 'AUGGfZkHEl0ftMLMZsVxmOyVGQkqQyWjWfWAoMmonycTUQxzYi663sBw7oBoUmFzUYsoo3qlJrcVF_YTLfkWqKAzZpxr-aWZ60Bj6xyDSdCvQtipgdukjBG75DeA3YSQvOvRiuX9eS_OOhl3UhPU6sfioi6lGA0YsWlv_GbOH4nAZZERI_K4', 'width': 4160}]","{'compound_code': 'CC9C+QJ Pernek, Sumbawa Regency, West Nusa Tenggara, Indonesia', 'global_code': '6P3VCC9C+QJ'}",https://www.google.com/maps/place/?q=place_id:ChIJSQRZGzSRyy0RDQq9T4W9dRE
OPERATIONAL,"9J94+RJ, Dete, Lape, Sumbawa Regency, West Nusa Tenggara 84382, Indonesia","{'location': {'lat': -8.630450399999999, 'lng': 117.6065699}, 'viewport': {'northeast': {'lat': -8.629017820107277, 'lng': 117.6077571798927}, 'southwest': {'lat': -8.631717479892721, 'lng': 117.6050575201073}}}",https://maps.gstatic.com/mapfiles/place_api/icons/v1/png_71/generic_business-71.png,#13B5C7,https://maps.gstatic.com/mapfiles/place_api/icons/v2/generic_pinlet,KOLAM RENANG ARFARIZI,,ChIJtc4yD929yy0RIn80Lj5072I,0.0,ChIJtc4yD929yy0RIn80Lj5072I,"['tourist_attraction', 'point_of_interest', 'establishment']",0,,,https://www.google.com/maps/place/?q=place_id:ChIJtc4yD929yy0RIn80Lj5072I
OPERATIONAL,"3RJM+MJ, Suka Mulya, Sumbawa Regency, West Nusa Tenggara, Indonesia","{'location': {'lat': -8.918255, 'lng': 117.834008}, 'viewport': {'northeast': {'lat': -8.916326570107278, 'lng': 117.8351840298927}, 'southwest': {'lat': -8.919026229892722, 'lng': 117.8324843701073}}}",https://maps.gstatic.com/mapfiles/place_api/icons/v1/png_71/generic_business-71.png,#13B5C7,https://maps.gstatic.com/mapfiles/place_api/icons/v2/generic_pinlet,Mentingal Beach,,ChIJZ7Y_YjkDyy0RnVLHnpHzVRQ,5.0,ChIJZ7Y_YjkDyy0RnVLHnpHzVRQ,"['tourist_attraction', 'point_of_interest', 'establishment']",5,"[{'height': 2820, 'html_attributions': ['<a href=""https://maps.google.com/maps/contrib/104426519585838089321"">A Google User</a>'], 'photo_reference': 'AUGGfZnjk4JAas0JLxR8NXqIo5qBpGzs5R288UzOgEXE7kLJusJNHMQkzVa-MxKl_oKGK-yt6LEtDxEDuhTDizAXinYQ-ZQoYlBMRb22k0IvfrR_mw8itELgL9rFhdr9mcffzOW8PSftFwHQPjjy1aWySZv612i4sD3mjoMtpsjfVXI7dYjp', 'width': 2352}]",,https://www.google.com/maps/place/?q=place_id:ChIJZ7Y_YjkDyy0RnVLHnpHzVRQ
OPERATIONAL,"8R7V+PV, Teluk Santong, Plampang, Sumbawa Regency, West Nusa Tenggara, Indonesia","{'location': {'lat': -8.6856274, 'lng': 117.8446542}, 'viewport': {'northeast': {'lat': -8.684277570107279, 'lng': 117.8460040298927}, 'southwest': {'lat': -8.686977229892722, 'lng': 117.8433043701073}}}",https://maps.gstatic.com/mapfiles/place_api/icons/v1/png_71/generic_business-71.png,#13B5C7,https://maps.gstatic.com/mapfiles/place_api/icons/v2/generic_pinlet,Gili Santigi,{'open_now': True},ChIJsVBWR3atyy0REKA6OggYh7w,5.0,ChIJsVBWR3atyy0REKA6OggYh7w,"['tourist_attraction', 'point_of_interest', 'establishment']",1,"[{'height': 6000, 'html_attributions': ['<a href=""https://maps.google.com/maps/contrib/113698545496130963312"">A Google User</a>'], 'photo_reference': 'AUGGfZkDvwDtH8HoJDsqTSP8-QCIYlGiUQJ5feIjwM6A_nQkEOxhSyJY-iJnLEm7THLeQ5-gSxPV6iHQkLHu7b73zlWUcGHA2CzhwGhlNGSRKbNiqvci0KEZ2Ro-m7M3EQvQRsNqAVCiYy7BonSX40oN1mrAQ7Fa5-Hfz7PvJQ3wW6Q9dzRs', 'width': 4000}]",,https://www.google.com/maps/place/?q=place_id:ChIJsVBWR3atyy0REKA6OggYh7w
OPERATIONAL,"4Q2C+97H, Pantai Tanjung Panas, Kec. Labangka, Kabupaten Sumbawa, Nusa Tenggara Bar., Indonesia","{'location': {'lat': -8.8990513, 'lng': 117.7707479}, 'viewport': {'northeast': {'lat': -8.897680320107279, 'lng': 117.7721254298927}, 'southwest': {'lat': -8.900379979892723, 'lng': 117.7694257701073}}}",https://maps.gstatic.com/mapfiles/place_api/icons/v1/png_71/generic_business-71.png,#13B5C7,https://maps.gstatic.com/mapfiles/place_api/icons/v2/generic_pinlet,Pantai Tanjung panas,,ChIJscx1SlYFyy0RCDxluUPDaMM,5.0,ChIJscx1SlYFyy0RCDxluUPDaMM,"['tourist_attraction', 'point_of_interest', 'establishment']",1,"[{'height': 4000, 'html_attributions': ['<a href=""https://maps.google.com/maps/contrib/116426817370068884714"">Fahrurrozy oci rocket</a>'], 'photo_reference': 'AUGGfZn8-Jrd6ue8yPHE-2cuhV3VBchjUSNE_noCovGX87KqXpJtj6nYL3Rgy9C3KYNvddJXMaFKCXzwTeRyndxJhJR-ebGTvKk4yHq9GXlT0kNeozO0nINz2SpkytFeROenkR9fbvYOfDXztZgIJZCfwYlhjWeT1DQhiGnrFKCoRatYTYBs', 'width': 2250}]",,https://www.google.com/maps/place/?q=place_id:ChIJscx1SlYFyy0RCDxluUPDaMM
OPERATIONAL,"3R9P+JVX, Pulau, Usar, Kabupaten Sumbawa, Nusa Tenggara Bar., Indonesia","{'location': {'lat': -8.9308933, 'lng': 117.8372449}, 'viewport': {'northeast': {'lat': -8.92954347010728, 'lng': 117.8385947298928}, 'southwest': {'lat': -8.932243129892724, 'lng': 117.8358950701073}}}",https://maps.gstatic.com/mapfiles/place_api/icons/v1/png_71/generic_business-71.png,#13B5C7,https://maps.gstatic.com/mapfiles/place_api/icons/v2/generic_pinlet,Pemancingan miqUrip,,ChIJoQ0TRs8Dyy0RWMF1hWVS934,4.3,ChIJoQ0TRs8Dyy0RWMF1hWVS934,"['tourist_attraction', 'point_of_interest', 'establishment']",3,"[{'height': 1040, 'html_attributions': ['<a href=""https://maps.google.com/maps/contrib/116322621663089989820"">A Google User</a>'], 'photo_reference': 'AUGGfZlLn8yYKi_icEiPipw72kY1S480M2cCGh2Zavpg50y-DtmUc-uAF7pT7cARdWGH8Fnc8s3xK09yQ_DveHlraCqu2lp_-0iISZm8lN-vjYk8NFpN7wFBHEc2V0dWX4a9Vxbst_gdcxmDzV51tZYP-mVTBtbyPe77mk_vwiMYsDATMThK', 'width': 468}]",,https://www.google.com/maps/place/?q=place_id:ChIJoQ0TRs8Dyy0RWMF1hWVS934
OPERATIONAL,"3QJP+HF2, Labangka, Sumbawa Regency, West Nusa Tenggara, Indonesia","{'location': {'lat': -8.918617099999999, 'lng': 117.7861311}, 'viewport': {'northeast': {'lat': -8.917283070107278, 'lng': 117.7875085298927}, 'southwest': {'lat': -8.919982729892721, 'lng': 117.7848088701073}}}",https://maps.gstatic.com/mapfiles/place_api/icons/v1/png_71/generic_business-71.png,#13B5C7,https://maps.gstatic.com/mapfiles/place_api/icons/v2/generic_pinlet,Pantai Labangka 1,{'open_now': True},ChIJr1fYEAkFyy0R66Nu7D9rm84,4.6,ChIJr1fYEAkFyy0R66Nu7D9rm84,"['tourist_attraction', 'point_of_interest', 'establishment']",5,"[{'height': 3264, 'html_attributions': ['<a href=""https://maps.google.com/maps/contrib/100453242040951175697"">Taufik Subarkah</a>'], 'photo_reference': 'AUGGfZnoSFxyi2H8BPNa4Gj8mGGocRtHD-D42q1nEx5q4Otp77Va2lAvqEy8DaNYrZ3D0Tt-dZXFl0CdjRzedVEGlSEiv3Re2_BSonG2ZcccMW7uDFtQDYCsvjqOcVoaLrYNBG4iD3b1fSW3u0qFwfmHLmqB_NefKvX7q85hn2t8XiMKrkVg', 'width': 2448}]",,https://www.google.com/maps/place/?q=place_id:ChIJr1fYEAkFyy0R66Nu7D9rm84
OPERATIONAL,"9G75+3HM, Tatede, Lopok, Sumbawa Regency, West Nusa Tenggara 84382, Indonesia","{'location': {'lat': -8.6372995, 'lng': 117.5089345}, 'viewport': {'northeast': {'lat': -8.635949670107278, 'lng': 117.5102843298927}, 'southwest': {'lat': -8.638649329892722, 'lng': 117.5075846701073}}}",https://maps.gstatic.com/mapfiles/place_api/icons/v1/png_71/generic_business-71.png,#13B5C7,https://maps.gstatic.com/mapfiles/place_api/icons/v2/generic_pinlet,Bendungan Mamak,,ChIJQQPNTcKXyy0R0pOxboyRbM4,3.6,ChIJQQPNTcKXyy0R0pOxboyRbM4,"['tourist_attraction', 'point_of_interest', 'establishment']",5,"[{'height': 720, 'html_attributions': ['<a href=""https://maps.google.com/maps/contrib/102377325026044282371"">A Google User</a>'], 'photo_reference': 'AUGGfZnxH71rHc7VzPd5oiKW-qNDBQ8kkWi_PpLLaTA-yP3zDJSxl-U73gYG4k80-PRKTqCzXf1lYK5j9buM3c4ZglAT91Kp9IEtPrK-GsBQO3PhsuKe2CQ_W562d0pimEY0doCdCLrcLS9iPQ5ZxbNfPOdOTpT9OV062FKBhaigDxPhmuEU', 'width': 960}]",,https://www.google.com/maps/place/?q=place_id:ChIJQQPNTcKXyy0R0pOxboyRbM4
OPERATIONAL,"3J4V+M5W, Ranan, Ropang, Sumbawa Regency, West Nusa Tenggara, Indonesia","{'location': {'lat': -8.9432566, 'lng': 117.6429665}, 'viewport': {'northeast': {'lat': -8.941906770107277, 'lng': 117.6443163298928}, 'southwest': {'lat': -8.94460642989272, 'lng': 117.6416166701073}}}",https://maps.gstatic.com/mapfiles/place_api/icons/v1/png_71/generic_business-71.png,#13B5C7,https://maps.gstatic.com/mapfiles/place_api/icons/v2/generic_pinlet,Pantai subekil,,ChIJK_ksaFETyy0RfSAeJZmHrdk,4.3,ChIJK_ksaFETyy0RfSAeJZmHrdk,"['tourist_attraction', 'point_of_interest', 'establishment']",3,"[{'height': 2033, 'html_attributions': ['<a href=""https://maps.google.com/maps/contrib/114210600032602943531"">A Google User</a>'], 'photo_reference': 'AUGGfZlrzXyzZ-xWPFE-JxHGdgTR2gYaYMM-lryFALguvt13zhXsHLorWJmgyk-hDqQJpbRkEhOJ0ZJlR8wkM47cdTgrNHAt1B5VFh87pIbkdFR0h3Cy_YPHdcVfQaApSlCqwwayt6LfOIi-R03yUIoKHZzDGlHON8_ll2r5IkiKeXAO9WIZ', 'width': 4000}]",,https://www.google.com/maps/place/?q=place_id:ChIJK_ksaFETyy0RfSAeJZmHrdk
OPERATIONAL,"FF3C+RRJ, Boak, Unter Iwes, Sumbawa Regency, West Nusa Tenggara 84316, Indonesia","{'location': {'lat': -8.5454217, 'lng': 117.4720017}, 'viewport': {'northeast': {'lat': -8.544271420107279, 'lng': 117.4734906798927}, 'southwest': {'lat': -8.546971079892723, 'lng': 117.4707910201073}}}",https://maps.gstatic.com/mapfiles/place_api/icons/v1/png_71/generic_business-71.png,#13B5C7,https://maps.gstatic.com/mapfiles/place_api/icons/v2/generic_pinlet,"""WILiKAH"" Wisata Lima Langkah Serading",{'open_now': True},ChIJW1yUPqmVyy0R3k0BcJewYf8,4.1,ChIJW1yUPqmVyy0R3k0BcJewYf8,"['tourist_attraction', 'point_of_interest', 'establishment']",81,"[{'height': 4160, 'html_attributions': ['<a href=""https://maps.google.com/maps/contrib/111808833311051437651"">Didit Aja</a>'], 'photo_reference': 'AUGGfZn_41lgu3SI7k7FX0Ba5UhIZ4tEoLlvK5Kzx7QiXYar0Uj_V7ZjDqzsgsQTrKpMlXbS89IJLmteTtFpxq7xmPSzl_bt7FooxTvx3sGVWk-wK2Ag4TiEBwPIG7XzACXcO8RGfB_UWLugLFHl7yuF-fhhjku0UShz7eopPecrw-DPRdDT', 'width': 3120}]",,https://www.google.com/maps/place/?q=place_id:ChIJW1yUPqmVyy0R3k0BcJewYf8
OPERATIONAL,"5QM5+F4, Selante, Plampang, Sumbawa Regency, West Nusa Tenggara, Indonesia","{'location': {'lat': -8.816324999999999, 'lng': 117.7577845}, 'viewport': {'northeast': {'lat': -8.81497517010728, 'lng': 117.7591343298927}, 'southwest': {'lat': -8.817674829892724, 'lng': 117.7564346701073}}}",https://maps.gstatic.com/mapfiles/place_api/icons/v1/png_71/generic_business-71.png,#13B5C7,https://maps.gstatic.com/mapfiles/place_api/icons/v2/generic_pinlet,Bendungan selante,,ChIJL7g5DQAHyy0Rw5mxVMKHcgQ,5.0,ChIJL7g5DQAHyy0Rw5mxVMKHcgQ,"['tourist_attraction', 'point_of_interest', 'establishment']",1,"[{'height': 4032, 'html_attributions': ['<a href=""https://maps.google.com/maps/contrib/117830858520897171550"">A Google User</a>'], 'photo_reference': 'AUGGfZmKBf_csBCQox4T-ka3Z3liVLbwkQXzHOclFWVhbkULgDpZHGkP7865Wk98oD5_fcPWwcLCw65LwSqSNEuK97QGwjeAelIS-nnQoq6aAtwBf2DpPnQyyz31JQecURxLt_62UAbi48hW_yDCA81lR5CwG_AuOxmhDr0pAtEcub1xgmY4', 'width': 3024}]",,https://www.google.com/maps/place/?q=place_id:ChIJL7g5DQAHyy0Rw5mxVMKHcgQ
