business_status,formatted_address,geometry,icon,icon_background_color,icon_mask_base_uri,name,place_id,rating,reference,types,user_ratings_total,opening_hours,photos,plus_code,permanently_closed,url
OPERATIONAL,"CR5V+H58, Sadawarna, Cibogo, Subang Regency, West Java 41285, Indonesia","{'location': {'lat': -6.5910927, 'lng': 107.8429559}, 'viewport': {'northeast': {'lat': -6.589729220107277, 'lng': 107.8443048798927}, 'southwest': {'lat': -6.592428879892721, 'lng': 107.8416052201073}}}",https://maps.gstatic.com/mapfiles/place_api/icons/v1/png_71/generic_business-71.png,#13B5C7,https://maps.gstatic.com/mapfiles/place_api/icons/v2/generic_pinlet,Rumah Krisdigital.id,ChIJT8hHOQAlaS4RYLgxpSi3MrQ,0.0,ChIJT8hHOQAlaS4RYLgxpSi3MrQ,"['tourist_attraction', 'point_of_interest', 'establishment']",0,,,,,https://www.google.com/maps/place/?q=place_id:ChIJT8hHOQAlaS4RYLgxpSi3MrQ
OPERATIONAL,"CRR4+76H, Jl. Raya Cinangsi, Cinangsi, Kec. Cibogo, Kabupaten Subang, Jawa Barat 41285, Indonesia","{'location': {'lat': -6.5604683, 'lng': 107.8056125}, 'viewport': {'northeast': {'lat': -6.558998720107279, 'lng': 107.8069850298927}, 'southwest': {'lat': -6.561698379892722, 'lng': 107.8042853701073}}}",https://maps.gstatic.com/mapfiles/place_api/icons/v1/png_71/generic_business-71.png,#13B5C7,https://maps.gstatic.com/mapfiles/place_api/icons/v2/generic_pinlet,Kebun Pak Hj.Maman,ChIJdzTYufo7aS4RXFOZLtib1ao,5.0,ChIJdzTYufo7aS4RXFOZLtib1ao,"['tourist_attraction', 'point_of_interest', 'establishment']",2,{'open_now': True},"[{'height': 3840, 'html_attributions': ['<a href=""https://maps.google.com/maps/contrib/112288908376309723475"">Kenshin Lyoto</a>'], 'photo_reference': 'AUGGfZk6k5paw206pGIJvmF6fuFVwOi0OTl6NyYmh-P32rkHakUC_xn3-yKxnP7RKtOCHfBCTeOKBa3CJ1XFzs3iJro1VQVQmFqPXzajzbhxd2dkSVtWqbACZMoKdSvoj2W3dxEvaudsSBAc1YgWgbsZgUrkRhq3hBJlXQTYiIpF0X0NZVN_', 'width': 2160}]",,,https://www.google.com/maps/place/?q=place_id:ChIJdzTYufo7aS4RXFOZLtib1ao
OPERATIONAL,"CVMJ+44G, Sumurbarang, Cibogo, Subang Regency, West Java 41285, Indonesia","{'location': {'lat': -6.5671987, 'lng': 107.8803295}, 'viewport': {'northeast': {'lat': -6.565788870107277, 'lng': 107.8815751298927}, 'southwest': {'lat': -6.568488529892721, 'lng': 107.8788754701073}}}",https://maps.gstatic.com/mapfiles/place_api/icons/v1/png_71/generic_business-71.png,#13B5C7,https://maps.gstatic.com/mapfiles/place_api/icons/v2/generic_pinlet,"Wisata Alam ""Jembatan Danau Panjingan""",ChIJhQFgcxYxaS4RG0_qcVIbcsI,3.0,ChIJhQFgcxYxaS4RG0_qcVIbcsI,"['tourist_attraction', 'point_of_interest', 'establishment']",1,{'open_now': False},,,,https://www.google.com/maps/place/?q=place_id:ChIJhQFgcxYxaS4RG0_qcVIbcsI
OPERATIONAL,"CQRX+MPC, Blok, Cinangsi, Kec. Cibogo, Kabupaten Subang, Jawa Barat, Indonesia","{'location': {'lat': -6.558308800000001, 'lng': 107.7992745}, 'viewport': {'northeast': {'lat': -6.556932220107278, 'lng': 107.8006176298927}, 'southwest': {'lat': -6.559631879892722, 'lng': 107.7979179701073}}}",https://maps.gstatic.com/mapfiles/place_api/icons/v1/png_71/generic_business-71.png,#13B5C7,https://maps.gstatic.com/mapfiles/place_api/icons/v2/generic_pinlet,Talago Sundayana,ChIJ21OQVAA7aS4RDWUeQSJ2wNg,0.0,ChIJ21OQVAA7aS4RDWUeQSJ2wNg,"['tourist_attraction', 'point_of_interest', 'establishment']",0,,,,,https://www.google.com/maps/place/?q=place_id:ChIJ21OQVAA7aS4RDWUeQSJ2wNg
OPERATIONAL,"Jl. Subang - Indramayu No.9, Cibogo, Kec. Cibogo, Kabupaten Subang, Jawa Barat 41285, Indonesia","{'location': {'lat': -6.558297500000001, 'lng': 107.8128243}, 'viewport': {'northeast': {'lat': -6.556892970107278, 'lng': 107.8141689298927}, 'southwest': {'lat': -6.559592629892722, 'lng': 107.8114692701073}}}",https://maps.gstatic.com/mapfiles/place_api/icons/v1/png_71/generic_business-71.png,#7B9EB0,https://maps.gstatic.com/mapfiles/place_api/icons/v2/generic_pinlet,Pemancingan,ChIJ0Qhco_06aS4RkQqtekeprMk,4.3,ChIJ0Qhco_06aS4RkQqtekeprMk,"['tourist_attraction', 'point_of_interest', 'establishment']",63,{'open_now': False},"[{'height': 4608, 'html_attributions': ['<a href=""https://maps.google.com/maps/contrib/116821432221922863676"">Murzal Kifliansyah</a>'], 'photo_reference': 'AUGGfZlwGzdsp2PFH4KA18tab0PxQUGqeLpuEN8kxUuC-gTKb4qabzkHLS43I9Nx2KW2Z_00kBrjUQWat8PWJnwlf1DzNcatZo5ShzLvAeXG7ajjF_jCtYgDwdnz1hGr3Mh7nmoZuSSp0AdENLK0ZaXzaPW6rJWQqr7nM9KtPtQ23FTPf3mL', 'width': 3456}]","{'compound_code': 'CRR7+M4 Cibogo, Subang Regency, West Java, Indonesia', 'global_code': '6P59CRR7+M4'}",,https://www.google.com/maps/place/?q=place_id:ChIJ0Qhco_06aS4RkQqtekeprMk
OPERATIONAL,"CR3W+R5, Sadawarna, Cibogo, Subang Regency, West Java, Indonesia","{'location': {'lat': -6.5954278, 'lng': 107.8454708}, 'viewport': {'northeast': {'lat': -6.594087370107277, 'lng': 107.8464006298927}, 'southwest': {'lat': -6.596787029892721, 'lng': 107.8437009701073}}}",https://maps.gstatic.com/mapfiles/place_api/icons/v1/png_71/generic_business-71.png,#13B5C7,https://maps.gstatic.com/mapfiles/place_api/icons/v2/generic_pinlet,WISATA ALAM BENDUNGAN SADAWARNA,ChIJE6dUyoglaS4RUvwB9OG_Fvc,4.2,ChIJE6dUyoglaS4RUvwB9OG_Fvc,"['tourist_attraction', 'point_of_interest', 'establishment']",5,,"[{'height': 1836, 'html_attributions': ['<a href=""https://maps.google.com/maps/contrib/113250255216823771059"">amet arief</a>'], 'photo_reference': 'AUGGfZkFtU2Td5gOx9B7tfb0DFB9qdWDxpyj2r7vRDclM5cvlh2GS-rTTT61Jk-J3O2CwuY4DMssTXn3nkqcgp0z7lD8WtDRRfd0xgqQ2DS153pNv0YAPbqlBwPuxf6KgV_7YAnWwlVC-KT4aSsygvpxiK1i9thEfw7eX6lTn7vd1SRjGI0I', 'width': 4080}]",,,https://www.google.com/maps/place/?q=place_id:ChIJE6dUyoglaS4RUvwB9OG_Fvc
OPERATIONAL,"FQ3P+P65, Kp. Parigi, RT.19/RW.07, Belendung, Kec. Cibogo, Kabupaten Subang, Jawa Barat, Indonesia","{'location': {'lat': -6.5457348, 'lng': 107.785623}, 'viewport': {'northeast': {'lat': -6.544447520107279, 'lng': 107.7869399798927}, 'southwest': {'lat': -6.547147179892723, 'lng': 107.7842403201073}}}",https://maps.gstatic.com/mapfiles/place_api/icons/v1/png_71/generic_business-71.png,#13B5C7,https://maps.gstatic.com/mapfiles/place_api/icons/v2/generic_pinlet,Kolam pancing haya,ChIJvx8tMAA7aS4RXtCGpqPEdQA,5.0,ChIJvx8tMAA7aS4RXtCGpqPEdQA,"['tourist_attraction', 'point_of_interest', 'establishment']",1,,"[{'height': 2000, 'html_attributions': ['<a href=""https://maps.google.com/maps/contrib/115532518242823478833"">Ade Haya</a>'], 'photo_reference': 'AUGGfZlMbM7swF6E2ZKJbN8RaM-5jlWGNrSx6-PnMWMao_Fx0nPK11ZigsNeCCrQa-R3TH-oPYOWoWPWsC44YHtTesasTXxppSBN85WKdHuEvObv8RZSjt2x_OdpAr3_6aeMPZ9YuB-VW3FMtDwmvPQUawK6nb-LlawUvztw_E2QieEtrOxF', 'width': 4000}]",,,https://www.google.com/maps/place/?q=place_id:ChIJvx8tMAA7aS4RXtCGpqPEdQA
OPERATIONAL,"FV2G+2C7, Unnamed Road, Sumurbarang, Kec. Cibogo, Kabupaten Subang, Jawa Barat 41285, Indonesia","{'location': {'lat': -6.549956, 'lng': 107.8760614}, 'viewport': {'northeast': {'lat': -6.548606920107278, 'lng': 107.8774219798927}, 'southwest': {'lat': -6.551306579892722, 'lng': 107.8747223201073}}}",https://maps.gstatic.com/mapfiles/place_api/icons/v1/png_71/generic_business-71.png,#13B5C7,https://maps.gstatic.com/mapfiles/place_api/icons/v2/generic_pinlet,Wisata Kebun Karet,ChIJb8Gcr68xaS4R_XSUDP6gdXk,4.3,ChIJb8Gcr68xaS4R_XSUDP6gdXk,"['tourist_attraction', 'point_of_interest', 'establishment']",26,{'open_now': True},"[{'height': 1920, 'html_attributions': ['<a href=""https://maps.google.com/maps/contrib/115123447016331299569"">susanto ato</a>'], 'photo_reference': 'AUGGfZkFAJxhfBp-vupHcH-ch58LRDoi4yKuoDJUZBCL7dUV5OWdkG7uPCWcjYuRrSjlkIxl4vp_ngBNJw1bnon4_ilBnOQHGDn3B25aipS22wnNNWqNu4x_Fc1eSMOccAhsiDSpc99LaVxw_1wjLfXYRoQWeKY25a5VcVMQXPK4LyObvlzf', 'width': 1080}]",,,https://www.google.com/maps/place/?q=place_id:ChIJb8Gcr68xaS4R_XSUDP6gdXk
CLOSED_TEMPORARILY,"CR2R+6R, Sadawarna, Cibogo, Subang Regency, West Java, Indonesia","{'location': {'lat': -6.5994682, 'lng': 107.8421057}, 'viewport': {'northeast': {'lat': -6.598142570107278, 'lng': 107.8433966798927}, 'southwest': {'lat': -6.600842229892722, 'lng': 107.8406970201073}}}",https://maps.gstatic.com/mapfiles/place_api/icons/v1/png_71/generic_business-71.png,#13B5C7,https://maps.gstatic.com/mapfiles/place_api/icons/v2/generic_pinlet,CTN,ChIJewiCDf4laS4R23NJImRb3yU,0.0,ChIJewiCDf4laS4R23NJImRb3yU,"['tourist_attraction', 'point_of_interest', 'establishment']",0,,,,True,https://www.google.com/maps/place/?q=place_id:ChIJewiCDf4laS4R23NJImRb3yU
OPERATIONAL,"9RJC+H44, Cikadu, Cijambe, Subang Regency, West Java 41286, Indonesia","{'location': {'lat': -6.6186307, 'lng': 107.820326}, 'viewport': {'northeast': {'lat': -6.617598270107277, 'lng': 107.8215798298927}, 'southwest': {'lat': -6.620297929892721, 'lng': 107.8188801701073}}}",https://maps.gstatic.com/mapfiles/place_api/icons/v1/png_71/generic_business-71.png,#13B5C7,https://maps.gstatic.com/mapfiles/place_api/icons/v2/generic_pinlet,Kandang Domba M.Ato,ChIJra8T4PklaS4R58qnYTnLOLU,5.0,ChIJra8T4PklaS4R58qnYTnLOLU,"['tourist_attraction', 'point_of_interest', 'establishment']",1,,"[{'height': 1280, 'html_attributions': ['<a href=""https://maps.google.com/maps/contrib/100969333135688364781"">A Google User</a>'], 'photo_reference': 'AUGGfZlJPvgjBrmrbupZuYgyCGYy6ZPoGVTRSw9dOyH6_kZ00EvScBqCphLDJAzW4IIfcaULQc3YefBcE5IcMuQhWJoZqo54x0oR3bNEDPFjsW_i5oV7D1oWJhih3NyG4apH1IQiFF728F0xNyu63RNmI5Ls2BDZ3Mh6--orsDiVlDUztwbR', 'width': 720}]",,,https://www.google.com/maps/place/?q=place_id:ChIJra8T4PklaS4R58qnYTnLOLU
OPERATIONAL,"CQQ6+38M, Cigadung, Subang, Subang Regency, West Java 41211, Indonesia","{'location': {'lat': -6.5622972, 'lng': 107.7607943}, 'viewport': {'northeast': {'lat': -6.560904170107278, 'lng': 107.7621513798927}, 'southwest': {'lat': -6.563603829892722, 'lng': 107.7594517201073}}}",https://maps.gstatic.com/mapfiles/place_api/icons/v1/png_71/generic_business-71.png,#13B5C7,https://maps.gstatic.com/mapfiles/place_api/icons/v2/generic_pinlet,Check Point,ChIJ7xYQk4g9aS4RZp0cNdqn3gk,5.0,ChIJ7xYQk4g9aS4RZp0cNdqn3gk,"['tourist_attraction', 'point_of_interest', 'establishment']",1,,,,,https://www.google.com/maps/place/?q=place_id:ChIJ7xYQk4g9aS4RZp0cNdqn3gk
OPERATIONAL,"CR9H+65, Wanareja, Subang, Subang Regency, West Java, Indonesia","{'location': {'lat': -6.581886099999999, 'lng': 107.8279919}, 'viewport': {'northeast': {'lat': -6.580503520107277, 'lng': 107.8293699298927}, 'southwest': {'lat': -6.58320317989272, 'lng': 107.8266702701073}}}",https://maps.gstatic.com/mapfiles/place_api/icons/v1/png_71/generic_business-71.png,#13B5C7,https://maps.gstatic.com/mapfiles/place_api/icons/v2/generic_pinlet,Saung...,ChIJu8GLAa87aS4RTE7K-sd7Tvc,0.0,ChIJu8GLAa87aS4RTE7K-sd7Tvc,"['tourist_attraction', 'point_of_interest', 'establishment']",0,,,,,https://www.google.com/maps/place/?q=place_id:ChIJu8GLAa87aS4RTE7K-sd7Tvc
OPERATIONAL,"8RW8+9Q, Cimenteng, Cijambe, Subang Regency, West Java, Indonesia","{'location': {'lat': -6.654033, 'lng': 107.8168936}, 'viewport': {'northeast': {'lat': -6.653303770107278, 'lng': 107.8181163798927}, 'southwest': {'lat': -6.656003429892722, 'lng': 107.8154167201073}}}",https://maps.gstatic.com/mapfiles/place_api/icons/v1/png_71/generic_business-71.png,#13B5C7,https://maps.gstatic.com/mapfiles/place_api/icons/v2/generic_pinlet,Pemancingan Cinta Kurnia P,ChIJC8l1e8MlaS4RM-XCHr-LZB0,5.0,ChIJC8l1e8MlaS4RM-XCHr-LZB0,"['tourist_attraction', 'point_of_interest', 'establishment']",3,,"[{'height': 4000, 'html_attributions': ['<a href=""https://maps.google.com/maps/contrib/113649977450237470054"">A Google User</a>'], 'photo_reference': 'AUGGfZmr3KZjm1FRpYNb5e3l0LbglsqOn3YdK_Zl_Sy2rGyfgvw7WHM5y10ZiegvH5cNq-nxbOuF29lUjNobZ0EfgA5-C7bGd6TxnnYclkkCfOMiVgovzPMgdvUdsC9H-l7pUQcUqg45HJ0cODsmBZlbqXmjhFnyGhPbEw8HCAf5Zq1Mf_Qe', 'width': 2250}]",,,https://www.google.com/maps/place/?q=place_id:ChIJC8l1e8MlaS4RM-XCHr-LZB0
OPERATIONAL,"CQQ6+38M, Cigadung, Subang, Subang Regency, West Java, Indonesia","{'location': {'lat': -6.5622972, 'lng': 107.7607943}, 'viewport': {'northeast': {'lat': -6.560904170107278, 'lng': 107.7621513798927}, 'southwest': {'lat': -6.563603829892722, 'lng': 107.7594517201073}}}",https://maps.gstatic.com/mapfiles/place_api/icons/v1/png_71/generic_business-71.png,#13B5C7,https://maps.gstatic.com/mapfiles/place_api/icons/v2/generic_pinlet,"Curuk cijalu,subang,jawa barat",ChIJp7Y_DAA9aS4RCsKwaJnhIPs,0.0,ChIJp7Y_DAA9aS4RCsKwaJnhIPs,"['tourist_attraction', 'point_of_interest', 'establishment']",0,,,,,https://www.google.com/maps/place/?q=place_id:ChIJp7Y_DAA9aS4RCsKwaJnhIPs
OPERATIONAL,"FRR9+X9X, Gembor, Pagaden, Subang Regency, West Java 41252, Indonesia","{'location': {'lat': -6.5075202, 'lng': 107.8184764}, 'viewport': {'northeast': {'lat': -6.506170020107278, 'lng': 107.8198029298927}, 'southwest': {'lat': -6.508869679892721, 'lng': 107.8171032701073}}}",https://maps.gstatic.com/mapfiles/place_api/icons/v1/png_71/generic_business-71.png,#13B5C7,https://maps.gstatic.com/mapfiles/place_api/icons/v2/generic_pinlet,TPU sirna raga ds gembor,ChIJ77N77oY5aS4RRRLP_KNtOqE,0.0,ChIJ77N77oY5aS4RRRLP_KNtOqE,"['tourist_attraction', 'point_of_interest', 'establishment']",0,,,,,https://www.google.com/maps/place/?q=place_id:ChIJ77N77oY5aS4RRRLP_KNtOqE
OPERATIONAL,"Jl. KH Muhyiddin No.12, Cigadung, Kec. Subang, Kabupaten Subang, Jawa Barat 41211, Indonesia","{'location': {'lat': -6.5663887, 'lng': 107.7570981}, 'viewport': {'northeast': {'lat': -6.565071270107278, 'lng': 107.7585563298927}, 'southwest': {'lat': -6.567770929892722, 'lng': 107.7558566701073}}}",https://maps.gstatic.com/mapfiles/place_api/icons/v1/png_71/generic_business-71.png,#13B5C7,https://maps.gstatic.com/mapfiles/place_api/icons/v2/generic_pinlet,Soulloudt,ChIJ94HSblU9aS4RA4dMBn-vGuU,5.0,ChIJ94HSblU9aS4RA4dMBn-vGuU,"['tourist_attraction', 'point_of_interest', 'establishment']",1,{'open_now': False},,"{'compound_code': 'CQM4+CR Cigadung, Subang Regency, West Java, Indonesia', 'global_code': '6P59CQM4+CR'}",,https://www.google.com/maps/place/?q=place_id:ChIJ94HSblU9aS4RA4dMBn-vGuU
OPERATIONAL,"9R78+VMG, Cikadu, Cijambe, Subang Regency, West Java 41286, Indonesia","{'location': {'lat': -6.634451899999999, 'lng': 107.817605}, 'viewport': {'northeast': {'lat': -6.633453900000002, 'lng': 107.8187529798927}, 'southwest': {'lat': -6.637445899999999, 'lng': 107.8160533201073}}}",https://maps.gstatic.com/mapfiles/place_api/icons/v1/png_71/generic_business-71.png,#13B5C7,https://maps.gstatic.com/mapfiles/place_api/icons/v2/generic_pinlet,CURUG CIAWITALI,ChIJH3Y8ng4laS4RQE0n51niC68,4.0,ChIJH3Y8ng4laS4RQE0n51niC68,"['tourist_attraction', 'point_of_interest', 'establishment']",1,,"[{'height': 960, 'html_attributions': ['<a href=""https://maps.google.com/maps/contrib/114772714621812304783"">A Google User</a>'], 'photo_reference': 'AUGGfZl73S4K1QTuGbf1x9sSCvuSbVUJoUIEbLAMswiqAlldwJsRAXpaqH-dpn3cuwb8TZv6d_XNO0SwXZwwmd26qiUO5mG2dPM3VNnBFYVsUOqba0gv_1Qx11n9cR2Ku1ojDUVzMise6ah_ePQ0MssnwPHw8rqTUrsuAiohI6SuJg5LI_Mv', 'width': 1280}]",,,https://www.google.com/maps/place/?q=place_id:ChIJH3Y8ng4laS4RQE0n51niC68
OPERATIONAL,"Jl. Ade Irma Suryani Nasution No.2, Karanganyar, Cigadung, Kec. Subang, Kabupaten Subang, Jawa Barat 41211, Indonesia","{'location': {'lat': -6.5709534, 'lng': 107.7594014}, 'viewport': {'northeast': {'lat': -6.569579920107278, 'lng': 107.7605788298927}, 'southwest': {'lat': -6.572279579892721, 'lng': 107.7578791701073}}}",https://maps.gstatic.com/mapfiles/place_api/icons/v1/png_71/museum-71.png,#13B5C7,https://maps.gstatic.com/mapfiles/place_api/icons/v2/museum_pinlet,Wisma Karya Subang,ChIJa7qNJJ88aS4RdOJmuWUsD9o,4.4,ChIJa7qNJJ88aS4RdOJmuWUsD9o,"['tourist_attraction', 'museum', 'point_of_interest', 'establishment']",2092,,"[{'height': 884, 'html_attributions': ['<a href=""https://maps.google.com/maps/contrib/117881113470484943123"">Dio Nandyo</a>'], 'photo_reference': 'AUGGfZlH0vP3JqdMXwL56aVRUR9eb0bu7LR9AlZ2BsEINZhFnEl2nWbDZeafpeV_00_h5RXN0akTs0XJytiJetlSgyXXUb8Wj88SkToH9UhB6ibsKIMTpd8R24KPCQDNvM6rmXMJ1X1G5IVcUsdZnP0FvKP__XwLKfWjBTbaumxADBXodiS6', 'width': 1600}]","{'compound_code': 'CQH5+HQ Cigadung, Subang Regency, West Java, Indonesia', 'global_code': '6P59CQH5+HQ'}",,https://www.google.com/maps/place/?q=place_id:ChIJa7qNJJ88aS4RdOJmuWUsD9o
OPERATIONAL,"Jl. Sompi No.10, Cigadung, Kec. Subang, Kabupaten Subang, Jawa Barat 41211, Indonesia","{'location': {'lat': -6.566037, 'lng': 107.753973}, 'viewport': {'northeast': {'lat': -6.564687170107279, 'lng': 107.7553228298927}, 'southwest': {'lat': -6.567386829892722, 'lng': 107.7526231701073}}}",https://maps.gstatic.com/mapfiles/place_api/icons/v1/png_71/generic_business-71.png,#13B5C7,https://maps.gstatic.com/mapfiles/place_api/icons/v2/generic_pinlet,BALONG MANG BONKQ,ChIJTel9mEg9aS4RaD1wgMAvxVU,5.0,ChIJTel9mEg9aS4RaD1wgMAvxVU,"['tourist_attraction', 'point_of_interest', 'establishment']",2,,"[{'height': 3120, 'html_attributions': ['<a href=""https://maps.google.com/maps/contrib/117597382936148153512"">A Google User</a>'], 'photo_reference': 'AUGGfZmR0vyrg5gMKucfonERC9-tXaAQGtRZY3lH0vU0Th5dOMPdre1C4ZcUtPD5TIlt4RfL3dectv-mTtJd1i7lW2fVofkL9Bvn8atip3GuexqR8ZlCGpqBvimIHY5zkuhF8mGONP-XUgEA4TcnrjozhQRZD1fU2nFEQkw_a6Kbm-wy5Na6', 'width': 4160}]","{'compound_code': 'CQM3+HH Cigadung, Subang Regency, West Java, Indonesia', 'global_code': '6P59CQM3+HH'}",,https://www.google.com/maps/place/?q=place_id:ChIJTel9mEg9aS4RaD1wgMAvxVU
OPERATIONAL,"8RJ5+8VR, RT.005/RW.002, Kp Cipeusar, Cimenteng, Kec. Cijambe, Kabupaten Subang, Jawa Barat 41286, Indonesia","{'location': {'lat': -6.669506999999999, 'lng': 107.809644}, 'viewport': {'northeast': {'lat': -6.668140770107277, 'lng': 107.8109957298927}, 'southwest': {'lat': -6.670840429892721, 'lng': 107.8082960701073}}}",https://maps.gstatic.com/mapfiles/place_api/icons/v1/png_71/generic_business-71.png,#13B5C7,https://maps.gstatic.com/mapfiles/place_api/icons/v2/generic_pinlet,"Cipeusar, Cijambe -Subang",ChIJ3bQTQgAlaS4R1rgc5VB8sr0,5.0,ChIJ3bQTQgAlaS4R1rgc5VB8sr0,"['tourist_attraction', 'point_of_interest', 'establishment']",1,,,,,https://www.google.com/maps/place/?q=place_id:ChIJ3bQTQgAlaS4R1rgc5VB8sr0
OPERATIONAL,"9R2H+VG6, Cimenteng, Cijambe, Subang Regency, West Java, Indonesia","{'location': {'lat': -6.6478424, 'lng': 107.8287691}, 'viewport': {'northeast': {'lat': -6.64688525, 'lng': 107.8310884}, 'southwest': {'lat': -6.650713849999999, 'lng': 107.827996}}}",https://maps.gstatic.com/mapfiles/place_api/icons/v1/png_71/generic_business-71.png,#13B5C7,https://maps.gstatic.com/mapfiles/place_api/icons/v2/generic_pinlet,Egla sari,ChIJdWyMTgAlaS4RN5Y1QOYaCh4,0.0,ChIJdWyMTgAlaS4RN5Y1QOYaCh4,"['tourist_attraction', 'point_of_interest', 'establishment']",0,,,,,https://www.google.com/maps/place/?q=place_id:ChIJdWyMTgAlaS4RN5Y1QOYaCh4
OPERATIONAL,"CQQC+Q97, Gg. Tj., Karanganyar, Kec. Subang, Kabupaten Subang, Jawa Barat 41211, Indonesia","{'location': {'lat': -6.5605784, 'lng': 107.7709182}, 'viewport': {'northeast': {'lat': -6.559235770107278, 'lng': 107.7722620798927}, 'southwest': {'lat': -6.561935429892721, 'lng': 107.7695624201073}}}",https://maps.gstatic.com/mapfiles/place_api/icons/v1/png_71/generic_business-71.png,#13B5C7,https://maps.gstatic.com/mapfiles/place_api/icons/v2/generic_pinlet,Gang Tanjung,ChIJCcZCr2Q7aS4Rsqlh3nPxl_w,0.0,ChIJCcZCr2Q7aS4Rsqlh3nPxl_w,"['tourist_attraction', 'point_of_interest', 'establishment']",0,,,,,https://www.google.com/maps/place/?q=place_id:ChIJCcZCr2Q7aS4Rsqlh3nPxl_w
OPERATIONAL,"CQ9M+G7M, jln raya cijoged, Sukahurip, Kec. Cijambe, Kabupaten Subang, Jawa Barat 41211, Indonesia","{'location': {'lat': -6.581157699999999, 'lng': 107.7831755}, 'viewport': {'northeast': {'lat': -6.579713220107278, 'lng': 107.7845033798927}, 'southwest': {'lat': -6.582412879892722, 'lng': 107.7818037201073}}}",https://maps.gstatic.com/mapfiles/place_api/icons/v1/png_71/generic_business-71.png,#13B5C7,https://maps.gstatic.com/mapfiles/place_api/icons/v2/generic_pinlet,vila,ChIJSdG2G8Q7aS4R4I3uoEq8c5M,0.0,ChIJSdG2G8Q7aS4R4I3uoEq8c5M,"['tourist_attraction', 'point_of_interest', 'establishment']",0,,,,,https://www.google.com/maps/place/?q=place_id:ChIJSdG2G8Q7aS4R4I3uoEq8c5M
OPERATIONAL,"9R77+HR, Cikadu, Cijambe, Subang Regency, West Java, Indonesia","{'location': {'lat': -6.6360258, 'lng': 107.8145067}, 'viewport': {'northeast': {'lat': -6.634561270107278, 'lng': 107.8159027298927}, 'southwest': {'lat': -6.637260929892721, 'lng': 107.8132030701073}}}",https://maps.gstatic.com/mapfiles/place_api/icons/v1/png_71/generic_business-71.png,#13B5C7,https://maps.gstatic.com/mapfiles/place_api/icons/v2/generic_pinlet,Kebun alpukat dan durian bang Rio,ChIJCZXuhAklaS4R8a2jPe3ibgQ,5.0,ChIJCZXuhAklaS4R8a2jPe3ibgQ,"['tourist_attraction', 'point_of_interest', 'establishment']",6,,"[{'height': 1600, 'html_attributions': ['<a href=""https://maps.google.com/maps/contrib/114772714621812304783"">A Google User</a>'], 'photo_reference': 'AUGGfZkeWTtfm5Sosi0VpVmP82KtE-kTb0AB2tfWXYKhfbJgfzaP7WwphnwZ10ow6xgN74Q7n2MDcL0T-YwcLzSmKPUDRWeOQBzK3C_7kDOvBAF4_QInBD0qr-6NuaSIeC9xOONJE2m1DBpC1CjjXvArDTd-to3eiXoqHBAgkOAChghdHI0x', 'width': 1200}]",,,https://www.google.com/maps/place/?q=place_id:ChIJCZXuhAklaS4R8a2jPe3ibgQ
OPERATIONAL,"CQH4+5C6, Jl. Jakatawang, Cigadung, Kec. Subang, Kabupaten Subang, Jawa Barat 41211, Indonesia","{'location': {'lat': -6.572085700000001, 'lng': 107.7560044}, 'viewport': {'northeast': {'lat': -6.570685370107278, 'lng': 107.7573540298927}, 'southwest': {'lat': -6.573385029892722, 'lng': 107.7546543701073}}}",https://maps.gstatic.com/mapfiles/place_api/icons/v1/png_71/generic_business-71.png,#13B5C7,https://maps.gstatic.com/mapfiles/place_api/icons/v2/generic_pinlet,Farid ismail,ChIJodCFd949aS4RAm9nx2JQP1Y,5.0,ChIJodCFd949aS4RAm9nx2JQP1Y,"['tourist_attraction', 'point_of_interest', 'establishment']",1,,,,,https://www.google.com/maps/place/?q=place_id:ChIJodCFd949aS4RAm9nx2JQP1Y
OPERATIONAL,"9R78+VMG, Cikadu, Cijambe, Subang Regency, West Java 41286, Indonesia","{'location': {'lat': -6.6353158, 'lng': 107.8167082}, 'viewport': {'northeast': {'lat': -6.634514970107277, 'lng': 107.8180317298927}, 'southwest': {'lat': -6.637214629892721, 'lng': 107.8153320701073}}}",https://maps.gstatic.com/mapfiles/place_api/icons/v1/png_71/generic_business-71.png,#13B5C7,https://maps.gstatic.com/mapfiles/place_api/icons/v2/generic_pinlet,Curug Cisawagati,ChIJdwupK6olaS4RMJnezNb4-tg,3.8,ChIJdwupK6olaS4RMJnezNb4-tg,"['tourist_attraction', 'point_of_interest', 'establishment']",4,,"[{'height': 3120, 'html_attributions': ['<a href=""https://maps.google.com/maps/contrib/103349615668245090424"">Dinar Permana</a>'], 'photo_reference': 'AUGGfZlG_5B49qGA7l-UtqVJ6J7ziyuVJYwpC19YYD4S9fjqJmW6YBi3lpSMlP-GCNteJRXbtD5FXpzmtCSAzvksR3HcQ8KUYY2cNlBHNtC9iMBH8wLPmXYf26_lsykx14nkCUNLjev7iaWo3lFtPKPe_cDfZ10fIPoD-JxMbm7LpRqbNkfV', 'width': 4160}]",,,https://www.google.com/maps/place/?q=place_id:ChIJdwupK6olaS4RMJnezNb4-tg
OPERATIONAL,"Dangdeur, Subang, Subang Regency, West Java 41211, Indonesia","{'location': {'lat': -6.562346799999999, 'lng': 107.7374888}, 'viewport': {'northeast': {'lat': -6.561125970107278, 'lng': 107.7388638798927}, 'southwest': {'lat': -6.563825629892722, 'lng': 107.7361642201073}}}",https://maps.gstatic.com/mapfiles/place_api/icons/v1/png_71/generic_business-71.png,#13B5C7,https://maps.gstatic.com/mapfiles/place_api/icons/v2/generic_pinlet,BUMI TALAGA SUNDAYANA,ChIJGenfaMo9aS4RY9DvGFR9-Ic,4.0,ChIJGenfaMo9aS4RY9DvGFR9-Ic,"['tourist_attraction', 'cafe', 'restaurant', 'food', 'point_of_interest', 'establishment']",313,{'open_now': False},"[{'height': 3120, 'html_attributions': ['<a href=""https://maps.google.com/maps/contrib/115928862351922950904"">Erwin Mulyadi</a>'], 'photo_reference': 'AUGGfZniT1sMHfgeXW7YQ8yVi8hYZdHE7q0cwwlwRjoBBxOfI6A0-q2jbHqshUo53PmX8MJXUXKqaU4t5SlrONLOZaFxm7IxJqOsmT80uUfgBbQH64l-aF10j2UAJNq5DXQXwiz1Y3iDF75tHaIoR1osk56GH46XWB5_FUivPln1_4qvPFQp', 'width': 4160}]","{'compound_code': 'CPQP+3X Dangdeur, Subang Regency, West Java, Indonesia', 'global_code': '6P59CPQP+3X'}",,https://www.google.com/maps/place/?q=place_id:ChIJGenfaMo9aS4RY9DvGFR9-Ic
OPERATIONAL,"Cigadung, Subang, Subang Regency, West Java 41211, Indonesia","{'location': {'lat': -6.5622972, 'lng': 107.7607943}, 'viewport': {'northeast': {'lat': -6.560904170107278, 'lng': 107.7621513798927}, 'southwest': {'lat': -6.563603829892722, 'lng': 107.7594517201073}}}",https://maps.gstatic.com/mapfiles/place_api/icons/v1/png_71/generic_business-71.png,#13B5C7,https://maps.gstatic.com/mapfiles/place_api/icons/v2/generic_pinlet,jj,ChIJmbAyAEI9aS4R0jFDqE47ZIg,0.0,ChIJmbAyAEI9aS4R0jFDqE47ZIg,"['tourist_attraction', 'point_of_interest', 'establishment']",0,,,"{'compound_code': 'CQQ6+38 Cigadung, Subang Regency, West Java, Indonesia', 'global_code': '6P59CQQ6+38'}",,https://www.google.com/maps/place/?q=place_id:ChIJmbAyAEI9aS4R0jFDqE47ZIg
OPERATIONAL,"FRH2+HM3, Situ Kalenbuah, Gunungsembung, Kec. Pagaden, Kabupaten Subang, Jawa Barat 41252, Indonesia","{'location': {'lat': -6.5211111, 'lng': 107.8016667}, 'viewport': {'northeast': {'lat': -6.520079999999998, 'lng': 107.80234205}, 'southwest': {'lat': -6.5242044, 'lng': 107.79964065}}}",https://maps.gstatic.com/mapfiles/place_api/icons/v1/png_71/generic_business-71.png,#13B5C7,https://maps.gstatic.com/mapfiles/place_api/icons/v2/generic_pinlet,Situ Kslenbuah,ChIJAxd9Hqk7aS4RVNUFCeN6eok,4.5,ChIJAxd9Hqk7aS4RVNUFCeN6eok,"['tourist_attraction', 'point_of_interest', 'establishment']",2,,,,,https://www.google.com/maps/place/?q=place_id:ChIJAxd9Hqk7aS4RVNUFCeN6eok
OPERATIONAL,"Lembur Pakuan-Sukadaya Desa Sukasari, Rawalele, Kec. Dawuan, Kabupaten Subang, Jawa Barat 41271, Indonesia","{'location': {'lat': -6.546112, 'lng': 107.7225671}, 'viewport': {'northeast': {'lat': -6.544747320107278, 'lng': 107.7238730798927}, 'southwest': {'lat': -6.547446979892722, 'lng': 107.7211734201073}}}",https://maps.gstatic.com/mapfiles/place_api/icons/v1/png_71/generic_business-71.png,#13B5C7,https://maps.gstatic.com/mapfiles/place_api/icons/v2/generic_pinlet,Lembur Pakuan Sukadaya Subang,ChIJH1lnQ7I9aS4Rmd84QuUwOKs,4.7,ChIJH1lnQ7I9aS4Rmd84QuUwOKs,"['tourist_attraction', 'point_of_interest', 'establishment']",659,,"[{'height': 853, 'html_attributions': ['<a href=""https://maps.google.com/maps/contrib/113432449244581262623"">A Google User</a>'], 'photo_reference': 'AUGGfZn9t8WwdgwPLHHGLn48CJsMTPTAfGQZTNUBiT_uBZqDJj26cvRVEbY-m1jpj8SlcQigb4jhJjB8MvTE6ozapB5hT3DI7seqIkHYhAAoE1OE7EX7u3ktwiDPuxwqZbjuJWtWlSTykr1JxnW93sD8FrYQGa2RhwcTXxqm2spy4Jl2fdQt', 'width': 1280}]","{'compound_code': 'FP3F+H2 Rawalele, Subang Regency, West Java, Indonesia', 'global_code': '6P59FP3F+H2'}",,https://www.google.com/maps/place/?q=place_id:ChIJH1lnQ7I9aS4Rmd84QuUwOKs
OPERATIONAL,"CQQ2+97G, Cigadung, Subang, Subang Regency, West Java 41211, Indonesia","{'location': {'lat': -6.56157, 'lng': 107.7507184}, 'viewport': {'northeast': {'lat': -6.560044720107279, 'lng': 107.7522429798927}, 'southwest': {'lat': -6.562744379892723, 'lng': 107.7495433201073}}}",https://maps.gstatic.com/mapfiles/place_api/icons/v1/png_71/generic_business-71.png,#13B5C7,https://maps.gstatic.com/mapfiles/place_api/icons/v2/generic_pinlet,Patung Vandhofland,ChIJx3Czi5w9aS4RQDNwxv5NgH4,5.0,ChIJx3Czi5w9aS4RQDNwxv5NgH4,"['tourist_attraction', 'point_of_interest', 'establishment']",1,,"[{'height': 4080, 'html_attributions': ['<a href=""https://maps.google.com/maps/contrib/113473725651400369837"">A Google User</a>'], 'photo_reference': 'AUGGfZlVmOs7B4im7UWUa-2EL9FAFvHZGdUedvSAvOeK8Go2kbIJO4OgkCN8X8yxJGFc7DC9rM6d_NI5j4NmXpJVH0miVg7yNvi4gaTxUFSHv68y1CHFgr31XCiml_Pxi8TjLo4EGv3aAmWKNXdWKEh-J7x9fMP7Z3SlbTb2DGFzJ6yMKGBZ', 'width': 2296}]",,,https://www.google.com/maps/place/?q=place_id:ChIJx3Czi5w9aS4RQDNwxv5NgH4
OPERATIONAL,"FP5C+H44, Rawalele, Dawuan, Subang Regency, West Java 41271, Indonesia","{'location': {'lat': -6.5411065, 'lng': 107.7203345}, 'viewport': {'northeast': {'lat': -6.539773920107278, 'lng': 107.7216768798927}, 'southwest': {'lat': -6.542473579892722, 'lng': 107.7189772201073}}}",https://maps.gstatic.com/mapfiles/place_api/icons/v1/png_71/generic_business-71.png,#13B5C7,https://maps.gstatic.com/mapfiles/place_api/icons/v2/generic_pinlet,Kebon pa dimyati,ChIJ6_Dwd309aS4RhWQPxtWBppU,0.0,ChIJ6_Dwd309aS4RhWQPxtWBppU,"['tourist_attraction', 'point_of_interest', 'establishment']",0,{'open_now': False},,,,https://www.google.com/maps/place/?q=place_id:ChIJ6_Dwd309aS4RhWQPxtWBppU
OPERATIONAL,"GQ2F+C92, Jl. Kp. Kamarung, Sumurgintung, Kec. Pagaden Bar., Kabupaten Subang, Jawa Barat 41252, Indonesia","{'location': {'lat': -6.498985999999999, 'lng': 107.7734009}, 'viewport': {'northeast': {'lat': -6.497820570107279, 'lng': 107.7750440798927}, 'southwest': {'lat': -6.500520229892722, 'lng': 107.7723444201073}}}",https://maps.gstatic.com/mapfiles/place_api/icons/v1/png_71/generic_business-71.png,#13B5C7,https://maps.gstatic.com/mapfiles/place_api/icons/v2/generic_pinlet,Balong pa umad,ChIJ06baEZE5aS4RKHa5bNdu7b4,5.0,ChIJ06baEZE5aS4RKHa5bNdu7b4,"['tourist_attraction', 'point_of_interest', 'establishment']",1,{'open_now': True},,,,https://www.google.com/maps/place/?q=place_id:ChIJ06baEZE5aS4RKHa5bNdu7b4
OPERATIONAL,"9R2C+47F, Cimenteng, Cijambe, Subang Regency, West Java 41286, Indonesia","{'location': {'lat': -6.6496965, 'lng': 107.8193404}, 'viewport': {'northeast': {'lat': -6.648297670107278, 'lng': 107.8206806798927}, 'southwest': {'lat': -6.650997329892722, 'lng': 107.8179810201073}}}",https://maps.gstatic.com/mapfiles/place_api/icons/v1/png_71/generic_business-71.png,#13B5C7,https://maps.gstatic.com/mapfiles/place_api/icons/v2/generic_pinlet,PARIWISATA PANYAWANGAN,ChIJac9_7ZwlaS4RJhR5Ij-V0FY,4.2,ChIJac9_7ZwlaS4RJhR5Ij-V0FY,"['tourist_attraction', 'point_of_interest', 'establishment']",31,{'open_now': True},"[{'height': 3360, 'html_attributions': ['<a href=""https://maps.google.com/maps/contrib/109568639511279922348"">A Google User</a>'], 'photo_reference': 'AUGGfZnGzqgENuC1vxUhDKOtLlG9b1bp2p2ygYI6tEGFx-CL34gxVEWMOFul9q8bOmkARv9RQ-YEPShNiLcZNltl3-EJ-RcR80oECsKsOWpcNpetjkXQXghGO3EIGU-v_KHhjOJ_0GJc2-pzn5sJTpnODNzsd8AuF2snJ4LHg4bOpiyDx4Mg', 'width': 4480}]",,,https://www.google.com/maps/place/?q=place_id:ChIJac9_7ZwlaS4RJhR5Ij-V0FY
OPERATIONAL,"CQ5M+F5, Sukahurip, Cijambe, Subang Regency, West Java, Indonesia","{'location': {'lat': -6.591361, 'lng': 107.782886}, 'viewport': {'northeast': {'lat': -6.590011170107278, 'lng': 107.7842358298927}, 'southwest': {'lat': -6.592710829892722, 'lng': 107.7815361701073}}}",https://maps.gstatic.com/mapfiles/place_api/icons/v1/png_71/generic_business-71.png,#13B5C7,https://maps.gstatic.com/mapfiles/place_api/icons/v2/generic_pinlet,Haris Farm,ChIJpT6ZbgA7aS4RWbPk_MKYoTc,0.0,ChIJpT6ZbgA7aS4RWbPk_MKYoTc,"['tourist_attraction', 'point_of_interest', 'establishment']",0,,,,,https://www.google.com/maps/place/?q=place_id:ChIJpT6ZbgA7aS4RWbPk_MKYoTc
OPERATIONAL,"FQQQ+6HC Situ Ijan, Gunungsembung, Kec. Pagaden, Kabupaten Subang, Jawa Barat 41252, Indonesia","{'location': {'lat': -6.5119444, 'lng': 107.7888889}, 'viewport': {'northeast': {'lat': -6.510318220107278, 'lng': 107.7904038298927}, 'southwest': {'lat': -6.513017879892722, 'lng': 107.7877041701073}}}",https://maps.gstatic.com/mapfiles/place_api/icons/v1/png_71/generic_business-71.png,#13B5C7,https://maps.gstatic.com/mapfiles/place_api/icons/v2/generic_pinlet,Situ Ijan,ChIJESDlFC07aS4Rpg3CJBiSHAA,5.0,ChIJESDlFC07aS4Rpg3CJBiSHAA,"['tourist_attraction', 'point_of_interest', 'establishment']",1,,"[{'height': 4160, 'html_attributions': ['<a href=""https://maps.google.com/maps/contrib/112073461449556427141"">Agus maverick</a>'], 'photo_reference': 'AUGGfZkcNYp1vGX7tkOW7hPF0XF7jnQkaxda26kOY3m9jg0Ubby9vaepaHt6qjrH1HwMBe1ELsFVN7nx0b2No-c9XqtQIaiApTuLQcv--i5Q-llDaRFZlLaOMem_27vXFM3OYW5XKfLq50QhaPfmCWm0UdyaLuY74iKGHqWmlppjBXbl8eZl', 'width': 3120}]",,,https://www.google.com/maps/place/?q=place_id:ChIJESDlFC07aS4Rpg3CJBiSHAA
OPERATIONAL,"CQPJ+CFC, Jl. Buana Subang Kencana, Karanganyar, Kec. Subang, Kabupaten Subang, Jawa Barat 41211, Indonesia","{'location': {'lat': -6.563933899999999, 'lng': 107.7811404}, 'viewport': {'northeast': {'lat': -6.562567870107277, 'lng': 107.7824814298927}, 'southwest': {'lat': -6.565267529892721, 'lng': 107.7797817701073}}}",https://maps.gstatic.com/mapfiles/place_api/icons/v1/png_71/generic_business-71.png,#13B5C7,https://maps.gstatic.com/mapfiles/place_api/icons/v2/generic_pinlet,Total Clean Shoes,ChIJU5vo2sI7aS4RLOX347D2ugU,0.0,ChIJU5vo2sI7aS4RLOX347D2ugU,"['tourist_attraction', 'point_of_interest', 'establishment']",0,{'open_now': False},,,,https://www.google.com/maps/place/?q=place_id:ChIJU5vo2sI7aS4RLOX347D2ugU
OPERATIONAL,"HP5X+W7, East Cikaum, Cikaum, Subang Regency, West Java, Indonesia","{'location': {'lat': -6.4401646, 'lng': 107.7482139}, 'viewport': {'northeast': {'lat': -6.435986799999997, 'lng': 107.7496606798927}, 'southwest': {'lat': -6.441557200000003, 'lng': 107.7469610201073}}}",https://maps.gstatic.com/mapfiles/place_api/icons/v1/png_71/generic_business-71.png,#13B5C7,https://maps.gstatic.com/mapfiles/place_api/icons/v2/generic_pinlet,Leuwi pandan,ChIJk0oyYAA_aS4RW6A_cX69CXI,0.0,ChIJk0oyYAA_aS4RW6A_cX69CXI,"['tourist_attraction', 'point_of_interest', 'establishment']",0,,,,,https://www.google.com/maps/place/?q=place_id:ChIJk0oyYAA_aS4RW6A_cX69CXI
OPERATIONAL,"9Q6C+9W7, Darangdan, Bantarsari, Kec. Cijambe, Kabupaten Subang, Jawa Barat 41286, Indonesia","{'location': {'lat': -6.6390766, 'lng': 107.7722985}, 'viewport': {'northeast': {'lat': -6.63839655, 'lng': 107.77350225}, 'southwest': {'lat': -6.641116750000001, 'lng': 107.76868725}}}",https://maps.gstatic.com/mapfiles/place_api/icons/v1/png_71/generic_business-71.png,#13B5C7,https://maps.gstatic.com/mapfiles/place_api/icons/v2/generic_pinlet,Pasir Heulang,ChIJ655dEn8laS4R4EnmyZqV4Pc,4.5,ChIJ655dEn8laS4R4EnmyZqV4Pc,"['tourist_attraction', 'point_of_interest', 'establishment']",38,{'open_now': True},"[{'height': 900, 'html_attributions': ['<a href=""https://maps.google.com/maps/contrib/107321484043359653463"">Dede Ruhana</a>'], 'photo_reference': 'AUGGfZnMCkDysXxGnUgzraE03YF6-1_JvRXEvoPwYCDNmcO36V-ZNzKKzinOMK4kOuleOTV-nLHpdU9nL1G5cjYFRYipXOFaJFiUpaszLOoKtmFzmgwje8KiXQyaazu8xKv7-g1adshnQOgal5nP6j5MSkfkZsMmKC8l4kmLVo2mAvkwyZMZ', 'width': 1600}]",,,https://www.google.com/maps/place/?q=place_id:ChIJ655dEn8laS4R4EnmyZqV4Pc
OPERATIONAL,"CP8V+M6P, Parung, Subang, Subang Regency, West Java 41211, Indonesia","{'location': {'lat': -6.583275, 'lng': 107.7430899}, 'viewport': {'northeast': {'lat': -6.582005520107279, 'lng': 107.7444314298927}, 'southwest': {'lat': -6.584705179892723, 'lng': 107.7417317701073}}}",https://maps.gstatic.com/mapfiles/place_api/icons/v1/png_71/generic_business-71.png,#13B5C7,https://maps.gstatic.com/mapfiles/place_api/icons/v2/generic_pinlet,Hutan Kota Ranggawulung,ChIJ76P6yrk8aS4RXHCfKxgdvYQ,4.4,ChIJ76P6yrk8aS4RXHCfKxgdvYQ,"['tourist_attraction', 'park', 'point_of_interest', 'establishment']",1082,{'open_now': False},"[{'height': 3000, 'html_attributions': ['<a href=""https://maps.google.com/maps/contrib/103022176129393169725"">Dendi Ridwansyah</a>'], 'photo_reference': 'AUGGfZmzhOptZD4epwjiaY9jjRQVTkV6o1hPTo1qgWrMLl5FTTKfJfG7Abe23UeEa2H63O__nkZp4j2947acr1_arhR6ZArqmwYc2agFX-5eLd19kvwS0TDY0KFdzn334bd1feeDjMCerkesR2zRYABwoYGXSH5JtMeb5t5F4IrL20YpZ9QJ', 'width': 4000}]",,,https://www.google.com/maps/place/?q=place_id:ChIJ76P6yrk8aS4RXHCfKxgdvYQ
OPERATIONAL,"GPQR+GXP, Sindangsari, Cikaum, Subang Regency, West Java, Indonesia","{'location': {'lat': -6.461153299999999, 'lng': 107.7424613}, 'viewport': {'northeast': {'lat': -6.460384570107277, 'lng': 107.7436982298927}, 'southwest': {'lat': -6.463084229892721, 'lng': 107.7409985701073}}}",https://maps.gstatic.com/mapfiles/place_api/icons/v1/png_71/generic_business-71.png,#13B5C7,https://maps.gstatic.com/mapfiles/place_api/icons/v2/generic_pinlet,Leuwi Gamprit,ChIJpXs0WlA_aS4Rf2A8DLUyUPY,4.0,ChIJpXs0WlA_aS4Rf2A8DLUyUPY,"['tourist_attraction', 'point_of_interest', 'establishment']",4,,"[{'height': 3264, 'html_attributions': ['<a href=""https://maps.google.com/maps/contrib/104471446726058202471"">A Google User</a>'], 'photo_reference': 'AUGGfZlYxZ5gNsfRpnmeTI85-S-S1CB6_mrpCv5QSYa8N0emJYIv--KaegLVBcF6tJVkRY5VuNyTq_Uob7gLY6et7LD0gGUjrRqgOAmoS5C-yPtqRYxZWUf1_Uklj07MDY4VETZLk84Vx46yt3BRulbo_AiRmtq8rYj6Z5kGee2EQ5-P4Vb4', 'width': 1840}]",,,https://www.google.com/maps/place/?q=place_id:ChIJpXs0WlA_aS4Rf2A8DLUyUPY
OPERATIONAL,"FRXP+F3C, Padamulya, Cipunagara, Subang Regency, West Java, Indonesia","{'location': {'lat': -6.5013139, 'lng': 107.8351416}, 'viewport': {'northeast': {'lat': -6.499997120107277, 'lng': 107.8363698798927}, 'southwest': {'lat': -6.50269677989272, 'lng': 107.8336702201073}}}",https://maps.gstatic.com/mapfiles/place_api/icons/v1/png_71/generic_business-71.png,#13B5C7,https://maps.gstatic.com/mapfiles/place_api/icons/v2/generic_pinlet,Pemancingan tongtolokann,ChIJSa0jajw5aS4R1I25nTUDU_o,0.0,ChIJSa0jajw5aS4R1I25nTUDU_o,"['tourist_attraction', 'point_of_interest', 'establishment']",0,{'open_now': True},,,,https://www.google.com/maps/place/?q=place_id:ChIJSa0jajw5aS4R1I25nTUDU_o
OPERATIONAL,"8PR8+242, Ranca Bungur, Tambakan, Kec. Jalancagak, Kabupaten Subang, Jawa Barat 41281, Indonesia","{'location': {'lat': -6.66, 'lng': 107.7152778}, 'viewport': {'northeast': {'lat': -6.658905720107278, 'lng': 107.7162292298927}, 'southwest': {'lat': -6.661605379892722, 'lng': 107.7135295701073}}}",https://maps.gstatic.com/mapfiles/place_api/icons/v1/png_71/generic_business-71.png,#13B5C7,https://maps.gstatic.com/mapfiles/place_api/icons/v2/generic_pinlet,Putra Alam Indonesia,ChIJ47jQFgAjaS4Rrvq0tUlC2Eg,0.0,ChIJ47jQFgAjaS4Rrvq0tUlC2Eg,"['tourist_attraction', 'point_of_interest', 'establishment']",0,,,,,https://www.google.com/maps/place/?q=place_id:ChIJ47jQFgAjaS4Rrvq0tUlC2Eg
OPERATIONAL,"GQ7R+G75, Pangsor, Pagaden Barat, Subang Regency, West Java 41252, Indonesia","{'location': {'lat': -6.4862436, 'lng': 107.7907387}, 'viewport': {'northeast': {'lat': -6.484945520107277, 'lng': 107.7924738298927}, 'southwest': {'lat': -6.487645179892721, 'lng': 107.7897741701073}}}",https://maps.gstatic.com/mapfiles/place_api/icons/v1/png_71/generic_business-71.png,#13B5C7,https://maps.gstatic.com/mapfiles/place_api/icons/v2/generic_pinlet,Saung ranggon empang,ChIJJbot6Tc5aS4RkFOT5NFSLYM,2.7,ChIJJbot6Tc5aS4RkFOT5NFSLYM,"['tourist_attraction', 'point_of_interest', 'establishment']",3,{'open_now': True},"[{'height': 4080, 'html_attributions': ['<a href=""https://maps.google.com/maps/contrib/113979841836467716060"">A Google User</a>'], 'photo_reference': 'AUGGfZl2pfsxkM_QKNi9oHMbmn3PoLOxU3fewRsEHJX6Id4J_1fjCEE2CA3bahD4c42DnXRz9bF7mVjPRRpKA4iAGdx_hvgPQm5PVLIeSx_gQuNElYr6zMEUWKG5ttLISTwOLwp9hJPHnrsQD1N_-7D7lv4eBYxWWrYIYCmNL_JZCJna5Ya0', 'width': 1780}]",,,https://www.google.com/maps/place/?q=place_id:ChIJJbot6Tc5aS4RkFOT5NFSLYM
OPERATIONAL,"Jl. Jend. Achmad Yani No.6, Tanjungwangi, Kec. Cijambe, Kabupaten Subang, Jawa Barat 41211, Indonesia","{'location': {'lat': -6.5817317, 'lng': 107.7453336}, 'viewport': {'northeast': {'lat': -6.580451120107278, 'lng': 107.7467289798927}, 'southwest': {'lat': -6.583150779892722, 'lng': 107.7440293201073}}}",https://maps.gstatic.com/mapfiles/place_api/icons/v1/png_71/generic_business-71.png,#13B5C7,https://maps.gstatic.com/mapfiles/place_api/icons/v2/generic_pinlet,REST AREA RAWU (Ranggawulung),ChIJGb2Lb3A9aS4RUYPmbJPkPR8,5.0,ChIJGb2Lb3A9aS4RUYPmbJPkPR8,"['tourist_attraction', 'point_of_interest', 'establishment']",1,{'open_now': True},"[{'height': 719, 'html_attributions': ['<a href=""https://maps.google.com/maps/contrib/108424973097386841314"">malik putraka jaya</a>'], 'photo_reference': 'AUGGfZmwAPTW8NtB0DoL8ScJB9bE-dIjY476yb624jwJ0kFfhKZ1Vi0Bg0ODLZhSdevNvV7bePnw9Jbxy-QUuMEBc1n5fHztzShwfNi-14IcsvmikhA1j2k62_-4retW_sO4f-JOs48kovPBvVkxbigm6I8bpZoP9U401HoqKvQrJ50ogrfp', 'width': 1600}]","{'compound_code': 'CP9W+84 Tanjungwangi, Subang Regency, West Java, Indonesia', 'global_code': '6P59CP9W+84'}",,https://www.google.com/maps/place/?q=place_id:ChIJGb2Lb3A9aS4RUYPmbJPkPR8
OPERATIONAL,"GPMR+P8, Sindangsari, Cikaum, Subang Regency, West Java, Indonesia","{'location': {'lat': -6.465687000000001, 'lng': 107.7407529}, 'viewport': {'northeast': {'lat': -6.464356220107278, 'lng': 107.7420807798927}, 'southwest': {'lat': -6.467055879892722, 'lng': 107.7393811201073}}}",https://maps.gstatic.com/mapfiles/place_api/icons/v1/png_71/generic_business-71.png,#13B5C7,https://maps.gstatic.com/mapfiles/place_api/icons/v2/generic_pinlet,Kandang Pak BUDI,ChIJB-XvXNE_aS4R0b47d9HkdrI,4.8,ChIJB-XvXNE_aS4R0b47d9HkdrI,"['tourist_attraction', 'point_of_interest', 'establishment']",6,,"[{'height': 4624, 'html_attributions': ['<a href=""https://maps.google.com/maps/contrib/106467553035512629682"">Saparudin Yudi</a>'], 'photo_reference': 'AUGGfZldC9XuqxiEB4mVYvHw12lIMdCP6CbWrQK7tOCVFf6CSHpqu7p0apy0EIAylpHJTRYouygmoxeiViuPWx5OzAIdu8OYInVfAP6yYE6zDcv3cEFH_4oynJrmgAWaiI-LqYOf-1EPsevikrO2zPsw5zXHCqs02CroaYeMKanEmhsGqXn6', 'width': 3468}]",,,https://www.google.com/maps/place/?q=place_id:ChIJB-XvXNE_aS4R0b47d9HkdrI
OPERATIONAL,"Tanjung Jaya, Subang, Subang Regency, West Java, Indonesia","{'location': {'lat': -6.492104100000001, 'lng': 107.8838131}, 'viewport': {'northeast': {'lat': -6.490713220107277, 'lng': 107.8851661798927}, 'southwest': {'lat': -6.493412879892721, 'lng': 107.8824665201073}}}",https://maps.gstatic.com/mapfiles/place_api/icons/v1/png_71/generic_business-71.png,#13B5C7,https://maps.gstatic.com/mapfiles/place_api/icons/v2/generic_pinlet,Family Subang,ChIJcYi0TeY3aS4RyDgs7jyK8U8,0.0,ChIJcYi0TeY3aS4RyDgs7jyK8U8,"['tourist_attraction', 'point_of_interest', 'establishment']",0,{'open_now': True},"[{'height': 1329, 'html_attributions': ['<a href=""https://maps.google.com/maps/contrib/108102085646691614805"">A Google User</a>'], 'photo_reference': 'AUGGfZn_U8spGxoSKUQxDOrngVMSpGcooTePOhvzD5k7BOBq5RmMLXRAGpdfAXje_qvHpmxmHkG-8qvnsAxrkvQWUkVR4EIWLYm4LVKhrfJ_Q3yuwWC_kNHXN6bbKv2JI8GNoXNcIhHW68cJzwinKf5k8MkUes4Qx0K3vie-j48JUNzCd_TK', 'width': 1076}]","{'compound_code': 'GV5M+5G Tanjung, Subang Regency, West Java, Indonesia', 'global_code': '6P59GV5M+5G'}",,https://www.google.com/maps/place/?q=place_id:ChIJcYi0TeY3aS4RyDgs7jyK8U8
OPERATIONAL,"CP2F+MW6, Jalan raya paseh-bunder blok MY, Parung, Barat, Kabupaten Subang, Indonesia","{'location': {'lat': -6.598328, 'lng': 107.7247691}, 'viewport': {'northeast': {'lat': -6.597135670107278, 'lng': 107.7264824298927}, 'southwest': {'lat': -6.599835329892722, 'lng': 107.7237827701073}}}",https://maps.gstatic.com/mapfiles/place_api/icons/v1/png_71/generic_business-71.png,#13B5C7,https://maps.gstatic.com/mapfiles/place_api/icons/v2/generic_pinlet,Berliana garden,ChIJOb360JYjaS4RGM-K_QxcOBs,0.0,ChIJOb360JYjaS4RGM-K_QxcOBs,"['tourist_attraction', 'point_of_interest', 'establishment']",0,,,,,https://www.google.com/maps/place/?q=place_id:ChIJOb360JYjaS4RGM-K_QxcOBs
OPERATIONAL,"FP2F+83F, Jl. Sukadaya, Rawalele, Kec. Dawuan, Kabupaten Subang, Jawa Barat 41271, Indonesia","{'location': {'lat': -6.5494584, 'lng': 107.7223568}, 'viewport': {'northeast': {'lat': -6.548117520107278, 'lng': 107.7237763298927}, 'southwest': {'lat': -6.550817179892721, 'lng': 107.7210766701073}}}",https://maps.gstatic.com/mapfiles/place_api/icons/v1/png_71/generic_business-71.png,#13B5C7,https://maps.gstatic.com/mapfiles/place_api/icons/v2/generic_pinlet,KEBUN B1NT4NG,ChIJq2lkLQA9aS4RGxt4n6yWf1Y,0.0,ChIJq2lkLQA9aS4RGxt4n6yWf1Y,"['tourist_attraction', 'point_of_interest', 'establishment']",0,,,,,https://www.google.com/maps/place/?q=place_id:ChIJq2lkLQA9aS4RGxt4n6yWf1Y
OPERATIONAL,"GR99+J2, Sukamulya, Pagaden, Subang Regency, West Java, Indonesia","{'location': {'lat': -6.4809052, 'lng': 107.8176164}, 'viewport': {'northeast': {'lat': -6.480075820107278, 'lng': 107.8184000798927}, 'southwest': {'lat': -6.482775479892722, 'lng': 107.8157004201073}}}",https://maps.gstatic.com/mapfiles/place_api/icons/v1/png_71/generic_business-71.png,#13B5C7,https://maps.gstatic.com/mapfiles/place_api/icons/v2/generic_pinlet,Sawah Abah Ade,ChIJM9MWgxc5aS4RCCK2YVianjM,0.0,ChIJM9MWgxc5aS4RCCK2YVianjM,"['tourist_attraction', 'point_of_interest', 'establishment']",0,,,,,https://www.google.com/maps/place/?q=place_id:ChIJM9MWgxc5aS4RCCK2YVianjM
OPERATIONAL,"Kp. Kukulu 1, RT.22/RW.06, Balingbing, Kec. Pagaden Bar., Kabupaten Subang, Jawa Barat, Indonesia","{'location': {'lat': -6.4898731, 'lng': 107.7406732}, 'viewport': {'northeast': {'lat': -6.488616370107278, 'lng': 107.7422025298927}, 'southwest': {'lat': -6.491316029892721, 'lng': 107.7395028701073}}}",https://maps.gstatic.com/mapfiles/place_api/icons/v1/png_71/generic_business-71.png,#13B5C7,https://maps.gstatic.com/mapfiles/place_api/icons/v2/generic_pinlet,Taman Anggur Kukulu O&i Farm Subang (Jawara Budaya),ChIJRbmpn7Y_aS4RRx7TP33-knM,4.3,ChIJRbmpn7Y_aS4RRx7TP33-knM,"['tourist_attraction', 'amusement_park', 'park', 'point_of_interest', 'establishment']",1249,{'open_now': False},"[{'height': 3000, 'html_attributions': ['<a href=""https://maps.google.com/maps/contrib/116932271552014063363"">A Google User</a>'], 'photo_reference': 'AUGGfZlAqWquuszY7UY7PIkxw-04mn_CGG1Zm0KOAlsxtr1v3nZVLWevSVQ6BRnN6LJluhT6JSjOpkyNrYxMUF0xazXzbTnw7LWh95aBVsbnQnsFvD53LeeV16Ipr5KM7egWpxE3OJ2UROtOp1JTG4kmRZ7kPk0orJQfRDXCf4J6XXO5EWqU', 'width': 4000}]","{'compound_code': 'GP6R+37 Balingbing, Subang Regency, West Java, Indonesia', 'global_code': '6P59GP6R+37'}",,https://www.google.com/maps/place/?q=place_id:ChIJRbmpn7Y_aS4RRx7TP33-knM
OPERATIONAL,"Cirangkong, Cijambe, Subang Regency, West Java 41286, Indonesia","{'location': {'lat': -6.6500292, 'lng': 107.7695429}, 'viewport': {'northeast': {'lat': -6.648590970107277, 'lng': 107.7707477298927}, 'southwest': {'lat': -6.651290629892721, 'lng': 107.7680480701073}}}",https://maps.gstatic.com/mapfiles/place_api/icons/v1/png_71/generic_business-71.png,#13B5C7,https://maps.gstatic.com/mapfiles/place_api/icons/v2/generic_pinlet,Desa Wisata Cirangkong,ChIJx-mlxwElaS4RVTreFqXoW7o,5.0,ChIJx-mlxwElaS4RVTreFqXoW7o,"['tourist_attraction', 'point_of_interest', 'establishment']",8,{'open_now': False},"[{'height': 2268, 'html_attributions': ['<a href=""https://maps.google.com/maps/contrib/118054525805616484653"">A Google User</a>'], 'photo_reference': 'AUGGfZlawyyjGdpJvExRVIhds_o4AmCIZljGQilTHo0iLZixhNHfcsIraQ3KmvpXGxr7G-BXu0413drDvowQMNM-MyzO61zRIXUnGKHjTU1Gz_Vk8Gntp-U04l2b_qf2peKlOSurbP0eu1d1Flm9GaHMaSjN9rhDEM47umDMIKmSOQsQVR1m', 'width': 4032}]","{'compound_code': '8QX9+XR Cirangkong, Subang Regency, West Java, Indonesia', 'global_code': '6P598QX9+XR'}",,https://www.google.com/maps/place/?q=place_id:ChIJx-mlxwElaS4RVTreFqXoW7o
OPERATIONAL,"CQG5+7FQ, Jl. Jend. Achmad Yani, Pasirkareumbi, Kec. Subang, Kabupaten Subang, Jawa Barat 41211, Indonesia","{'location': {'lat': -6.5746177, 'lng': 107.7579967}, 'viewport': {'northeast': {'lat': -6.573254820107278, 'lng': 107.7593484798927}, 'southwest': {'lat': -6.575954479892721, 'lng': 107.7566488201073}}}",https://maps.gstatic.com/mapfiles/place_api/icons/v1/png_71/generic_business-71.png,#13B5C7,https://maps.gstatic.com/mapfiles/place_api/icons/v2/generic_pinlet,Curug Lima,ChIJreuAP8I9aS4RNAbXn04VTnA,4.4,ChIJreuAP8I9aS4RNAbXn04VTnA,"['tourist_attraction', 'point_of_interest', 'establishment']",18,,"[{'height': 1836, 'html_attributions': ['<a href=""https://maps.google.com/maps/contrib/113250255216823771059"">amet arief</a>'], 'photo_reference': 'AUGGfZmIDy0qtscvqzkFm5ZvHBgk-0lPrC76Pg7teZlqOQ_UTK3jPs3no8MxTkKKOcTqjmvwDcbs8JvNF3SbeOj0W_83LiM6GnmdWxW07EQVGBE8j2Cg0IRCiDaBF6Ea-1JYLDaSpejCf3E4YG18CJYIYb1kH1AYeUk0QLjIFxETITVs1ldQ', 'width': 4080}]",,,https://www.google.com/maps/place/?q=place_id:ChIJreuAP8I9aS4RNAbXn04VTnA
OPERATIONAL,"FP5R+2F6, Dangdeur, Subang, Subang Regency, West Java 41211, Indonesia","{'location': {'lat': -6.54341, 'lng': 107.740253}, 'viewport': {'northeast': {'lat': -6.541961770107278, 'lng': 107.7416032298927}, 'southwest': {'lat': -6.544661429892722, 'lng': 107.7389035701073}}}",https://maps.gstatic.com/mapfiles/place_api/icons/v1/png_71/generic_business-71.png,#13B5C7,https://maps.gstatic.com/mapfiles/place_api/icons/v2/generic_pinlet,Pemancingan dangdeur,ChIJuRTALLY9aS4RuN2-cPRfCtI,0.0,ChIJuRTALLY9aS4RuN2-cPRfCtI,"['tourist_attraction', 'point_of_interest', 'establishment']",0,,,,,https://www.google.com/maps/place/?q=place_id:ChIJuRTALLY9aS4RuN2-cPRfCtI
OPERATIONAL,"9PXX+P42, Unnamed Road, Tanjungwangi, Kec. Cijambe, Kabupaten Subang, Jawa Barat 41286, Indonesia","{'location': {'lat': -6.6007343, 'lng': 107.7477513}, 'viewport': {'northeast': {'lat': -6.599385920107278, 'lng': 107.7490927798927}, 'southwest': {'lat': -6.602085579892722, 'lng': 107.7463931201073}}}",https://maps.gstatic.com/mapfiles/place_api/icons/v1/png_71/generic_business-71.png,#13B5C7,https://maps.gstatic.com/mapfiles/place_api/icons/v2/generic_pinlet,Wisata air ciwideng,ChIJJaWqJ0sjaS4RskS5ZF8Xi-k,4.4,ChIJJaWqJ0sjaS4RskS5ZF8Xi-k,"['tourist_attraction', 'point_of_interest', 'establishment']",27,,"[{'height': 4080, 'html_attributions': ['<a href=""https://maps.google.com/maps/contrib/113559121891251068040"">Fathin Ummu Ibrahim</a>'], 'photo_reference': 'AUGGfZnqY1RaaFyt4rtdFWwJcZeT3L54YkqoE8Wp8dbI70zN3W5vUJAy7IUYqmaFvLQkq4WkN4kc9Iejmgjx8ykJhvmQs_ps3m8X0ewPKSqkDR1l15lXfPQFsb2UB5qP0XXhtymeV8pRdQ4Hbl6CNXA-1sgS8hKIBkw2bR8Q66V9oMI3tHaq', 'width': 3060}]",,,https://www.google.com/maps/place/?q=place_id:ChIJJaWqJ0sjaS4RskS5ZF8Xi-k
OPERATIONAL,"FPXM+8G, Kaunganten, Cikaum, Subang Regency, West Java, Indonesia","{'location': {'lat': -6.5016357, 'lng': 107.7338383}, 'viewport': {'northeast': {'lat': -6.500138470107279, 'lng': 107.7345762798927}, 'southwest': {'lat': -6.502838129892723, 'lng': 107.7318766201073}}}",https://maps.gstatic.com/mapfiles/place_api/icons/v1/png_71/generic_business-71.png,#13B5C7,https://maps.gstatic.com/mapfiles/place_api/icons/v2/generic_pinlet,Leuwi beudeus,ChIJMb1tQgA_aS4RDJKMYuKVJSI,0.0,ChIJMb1tQgA_aS4RDJKMYuKVJSI,"['tourist_attraction', 'point_of_interest', 'establishment']",0,,,,,https://www.google.com/maps/place/?q=place_id:ChIJMb1tQgA_aS4RDJKMYuKVJSI
OPERATIONAL,"CP2C+WVR, Jl. Raya Parung, Parung, Kec. Subang, Kabupaten Subang, Jawa Barat 41211, Indonesia","{'location': {'lat': -6.596698, 'lng': 107.7213499}, 'viewport': {'northeast': {'lat': -6.595817420107278, 'lng': 107.7230352298927}, 'southwest': {'lat': -6.598517079892722, 'lng': 107.7203355701073}}}",https://maps.gstatic.com/mapfiles/place_api/icons/v1/png_71/generic_business-71.png,#13B5C7,https://maps.gstatic.com/mapfiles/place_api/icons/v2/generic_pinlet,Cibaregbeg,ChIJAaltX7cjaS4RgG6YiNj3vH0,0.0,ChIJAaltX7cjaS4RgG6YiNj3vH0,"['tourist_attraction', 'point_of_interest', 'establishment']",0,,"[{'height': 4160, 'html_attributions': ['<a href=""https://maps.google.com/maps/contrib/109244870506700625714"">A Google User</a>'], 'photo_reference': 'AUGGfZls-ZhVMaBMpg9IiTsOlz-vACPMhONxSkfl6Dz8owO8rcQl9LIFXdU9G3I46HJM6-9RNYkNTfClIovnzR-EBPY8H60YtVbNr0GJfU8Sr7J2J56KWQFPEP9fcjJcLF-Lkt6ALBfqVEnrdb8JSNDbHiTCU0jLZ1NjEyLcRjaTDWfjTYy-', 'width': 3120}]",,,https://www.google.com/maps/place/?q=place_id:ChIJAaltX7cjaS4RgG6YiNj3vH0
OPERATIONAL,"GV76+VGW, Unnamed Road, Parigimulya, Kec. Cipunagara, Kabupaten Subang, Jawa Barat 41257, Indonesia","{'location': {'lat': -6.4852702, 'lng': 107.8613418}, 'viewport': {'northeast': {'lat': -6.484339520107278, 'lng': 107.8631483798927}, 'southwest': {'lat': -6.487039179892722, 'lng': 107.8604487201073}}}",https://maps.gstatic.com/mapfiles/place_api/icons/v1/png_71/generic_business-71.png,#13B5C7,https://maps.gstatic.com/mapfiles/place_api/icons/v2/generic_pinlet,Balong leuwituk,ChIJF333NL43aS4RP7Zu-NAsJ5Q,5.0,ChIJF333NL43aS4RP7Zu-NAsJ5Q,"['tourist_attraction', 'point_of_interest', 'establishment']",1,,,,,https://www.google.com/maps/place/?q=place_id:ChIJF333NL43aS4RP7Zu-NAsJ5Q
OPERATIONAL,"CPP3+XH, Cisampih, Dawuan, Subang Regency, West Java, Indonesia","{'location': {'lat': -6.5625779, 'lng': 107.7039669}, 'viewport': {'northeast': {'lat': -6.56053055, 'lng': 107.7053626798927}, 'southwest': {'lat': -6.563260350000001, 'lng': 107.7026630201073}}}",https://maps.gstatic.com/mapfiles/place_api/icons/v1/png_71/generic_business-71.png,#13B5C7,https://maps.gstatic.com/mapfiles/place_api/icons/v2/generic_pinlet,Camping ground ciledug,ChIJfW2Mcls9aS4R3EXaphVdBIM,0.0,ChIJfW2Mcls9aS4R3EXaphVdBIM,"['tourist_attraction', 'point_of_interest', 'establishment']",0,,"[{'height': 1204, 'html_attributions': ['<a href=""https://maps.google.com/maps/contrib/108218004721483732324"">A Google User</a>'], 'photo_reference': 'AUGGfZn0OEQ8eAQMp2fpbjj0ksgMVGn5Cr5zL7C-vYb7T4aLP3r6XbRvfdiFydNMG_QypIZa_vlaitgkL9Vh8iVVj7vHX2-raWFw5zqVIn5rN7r2yQvl5tY134StVG93h4LgaS26fHAHnB-8Fd-OLKLITrVnnCrW60gZkDpjBVZSHzXS-FrH', 'width': 1600}]",,,https://www.google.com/maps/place/?q=place_id:ChIJfW2Mcls9aS4R3EXaphVdBIM
OPERATIONAL,"CQ37+7FQ, Unnamed Road, Sukahurip, Kec. Cijambe, Kabupaten Subang, Jawa Barat 41286, Indonesia","{'location': {'lat': -6.596789299999999, 'lng': 107.7637295}, 'viewport': {'northeast': {'lat': -6.595235020107277, 'lng': 107.7656003798927}, 'southwest': {'lat': -6.597934679892721, 'lng': 107.7629007201073}}}",https://maps.gstatic.com/mapfiles/place_api/icons/v1/png_71/generic_business-71.png,#13B5C7,https://maps.gstatic.com/mapfiles/place_api/icons/v2/generic_pinlet,Saung Luhur,ChIJa0ZXT4glaS4Rt-IzzbQ4QQU,4.6,ChIJa0ZXT4glaS4Rt-IzzbQ4QQU,"['tourist_attraction', 'point_of_interest', 'establishment']",25,,"[{'height': 3264, 'html_attributions': ['<a href=""https://maps.google.com/maps/contrib/106627965310682728087"">restu ginanjar</a>'], 'photo_reference': 'AUGGfZlGigeeq1_U7_CWe8WcRoW6kAtxbquxkNfy7hfd11K5LSsVXFZGbH9scuC_NZzpjYEhho_Q9JNtCNogA1u9l8CGYb4cHPCwwQ-ZpuEp4m-w-6Sij_pb6kATt_YFLhRJLAo8Omhs-bga8JI00MUDvbQCSOoumSWux7QryspR9qh9QhqX', 'width': 2448}]",,,https://www.google.com/maps/place/?q=place_id:ChIJa0ZXT4glaS4Rt-IzzbQ4QQU
