business_status,formatted_address,geometry,icon,icon_background_color,icon_mask_base_uri,name,opening_hours,photos,place_id,rating,reference,types,user_ratings_total,plus_code,url
OPERATIONAL,"553Q+R5J, Cisempong, Sidamukti, Kec. Majalengka, Kabupaten Majalengka, Jawa Barat 45411, Indonesia","{'location': {'lat': -6.845411899999999, 'lng': 108.1878847}, 'viewport': {'northeast': {'lat': -6.844352620107278, 'lng': 108.18917625}, 'southwest': {'lat': -6.847052279892722, 'lng': 108.18401005}}}",https://maps.gstatic.com/mapfiles/place_api/icons/v1/png_71/generic_business-71.png,#13B5C7,https://maps.gstatic.com/mapfiles/place_api/icons/v2/generic_pinlet,Sempong Waterfall,{'open_now': False},"[{'height': 720, 'html_attributions': ['<a href=""https://maps.google.com/maps/contrib/107083651698949520149"">Fajar Adriyanto</a>'], 'photo_reference': 'AUGGfZlNJGxDNBN0YucIGZ0Xzq_boEpCbnVan6W_gllbioWtp14Lvof9SLEuS3veibo3fQtnedszOEeiFeTfBgKqypDZItoKC6muGww8nDM_Wa23GpPCcMEbxArCJ1-llA53RaGkZP2m7ywJ_G3UMOgs8QLSRWKGRkVw_rreCtUeBFrPRkhD', 'width': 1280}]",ChIJlcz5ZuAuby4R37VLCbcRxKM,3.8,ChIJlcz5ZuAuby4R37VLCbcRxKM,"['tourist_attraction', 'point_of_interest', 'establishment']",161,,https://www.google.com/maps/place/?q=place_id:ChIJlcz5ZuAuby4R37VLCbcRxKM
OPERATIONAL,"46P2+2G, Sidamukti, Majalengka, Majalengka Regency, West Java 45411, Indonesia","{'location': {'lat': -6.8650625, 'lng': 108.2009983}, 'viewport': {'northeast': {'lat': -6.863696220107277, 'lng': 108.2022705798927}, 'southwest': {'lat': -6.866395879892721, 'lng': 108.1995709201073}}}",https://maps.gstatic.com/mapfiles/place_api/icons/v1/png_71/generic_business-71.png,#13B5C7,https://maps.gstatic.com/mapfiles/place_api/icons/v2/generic_pinlet,Gigili Rafting Majalengka,{'open_now': False},"[{'height': 3024, 'html_attributions': ['<a href=""https://maps.google.com/maps/contrib/105677813414320294357"">A Google User</a>'], 'photo_reference': 'AUGGfZn7vYdbSg54PvGi9qnWNaSAz-B2y5ZMxz1kLI74vjcYUE1XB1aMMA3YP9YhUf3991A4jXFcJgpzilPEb2pjs9MeJloQFzMP85gZyTI_mLWebCv15aTCLS3B4FWdnfFNHpV-EGx7EDyoZ99BN4DUN53QParLTYPMA7xvGcDVGnGSP2QI', 'width': 4032}]",ChIJE6nxhoEvby4RLkM0E1RcbSY,4.4,ChIJE6nxhoEvby4RLkM0E1RcbSY,"['tourist_attraction', 'point_of_interest', 'establishment']",9,,https://www.google.com/maps/place/?q=place_id:ChIJE6nxhoEvby4RLkM0E1RcbSY
OPERATIONAL,"Jalan Sukasari Kaler - Panyaweuyan Kampung Dongkol, Blk. Minggu No.Desa, Sukasari Kaler, Kec. Argapura, Kabupaten Majalengka, Jawa Barat 45462, Indonesia","{'location': {'lat': -6.9140554, 'lng': 108.3448534}, 'viewport': {'northeast': {'lat': -6.912735620107278, 'lng': 108.3459761798927}, 'southwest': {'lat': -6.915435279892722, 'lng': 108.3432765201073}}}",https://maps.gstatic.com/mapfiles/place_api/icons/v1/png_71/generic_business-71.png,#13B5C7,https://maps.gstatic.com/mapfiles/place_api/icons/v2/generic_pinlet,Lawang Saketeng,{'open_now': False},"[{'height': 3088, 'html_attributions': ['<a href=""https://maps.google.com/maps/contrib/106542694868646687267"">A Google User</a>'], 'photo_reference': 'AUGGfZmJ3eBq7Sul6THRfPP4t5jUHnUVLLj8b5qSasHg9B6FZnthqh2SuO-lcjxNkyJQbamn-wQiTHApKZDtdsRRMN2y2vhXuYUx7UzssTxxM8grW4uSMSIQgqm3_cT3hspN73SLgiaG7pHC98EcwkhHQGcMvjj_vEbbfo44VAsnSCgJR1OY', 'width': 5376}]",ChIJSX3xuLA9by4RuhroqIvgKHg,4.6,ChIJSX3xuLA9by4RuhroqIvgKHg,"['tourist_attraction', 'point_of_interest', 'establishment']",536,"{'compound_code': '38PV+9W Sukasari Kaler, Majalengka Regency, West Java, Indonesia', 'global_code': '6P5C38PV+9W'}",https://www.google.com/maps/place/?q=place_id:ChIJSX3xuLA9by4RuhroqIvgKHg
OPERATIONAL,"Babakan Jawa, Majalengka, Majalengka Regency, West Java 45419, Indonesia","{'location': {'lat': -6.879363799999999, 'lng': 108.203953}, 'viewport': {'northeast': {'lat': -6.878013970107277, 'lng': 108.2053028298927}, 'southwest': {'lat': -6.880713629892721, 'lng': 108.2026031701073}}}",https://maps.gstatic.com/mapfiles/place_api/icons/v1/png_71/generic_business-71.png,#13B5C7,https://maps.gstatic.com/mapfiles/place_api/icons/v2/generic_pinlet,Taman Gunung Batu Karang,{'open_now': False},"[{'height': 1080, 'html_attributions': ['<a href=""https://maps.google.com/maps/contrib/106531238690965533224"">Nizar Maftuh Ahnan</a>'], 'photo_reference': 'AUGGfZlXKiT2z7m8qDwVAdpsgBvMsTCutvQ7lHt5gDtVFEEpO433RGpc_vJ_MkWIGsMscl0eTcap22dEPhawxSttc97ST-FstA0TGgEo-s4XN2ktD1VcpCGm6aVm2tQWZmO_TxEDLGyaaOtT2vndNkI5CCe_Kp9x1gq0zv53aK3ORAQgRLpc', 'width': 1920}]",ChIJNVdHIbovby4RjkSgY_EbahE,4.2,ChIJNVdHIbovby4RjkSgY_EbahE,"['tourist_attraction', 'park', 'point_of_interest', 'establishment']",219,"{'compound_code': '46C3+7H Babakan Jawa, Majalengka Regency, West Java, Indonesia', 'global_code': '6P5C46C3+7H'}",https://www.google.com/maps/place/?q=place_id:ChIJNVdHIbovby4RjkSgY_EbahE
OPERATIONAL,"Leuwikujang, Leuwimunding, Majalengka Regency, West Java 45473, Indonesia","{'location': {'lat': -6.742557499999999, 'lng': 108.3542212}, 'viewport': {'northeast': {'lat': -6.741196420107277, 'lng': 108.3555029298927}, 'southwest': {'lat': -6.743896079892721, 'lng': 108.3528032701073}}}",https://maps.gstatic.com/mapfiles/place_api/icons/v1/png_71/generic_business-71.png,#13B5C7,https://maps.gstatic.com/mapfiles/place_api/icons/v2/generic_pinlet,Sanghyangdora Campground (Situ Cibaringkeng),{'open_now': True},"[{'height': 1211, 'html_attributions': ['<a href=""https://maps.google.com/maps/contrib/117387083315003712070"">nurisah rustandi</a>'], 'photo_reference': 'AUGGfZnSMJ-dt1PO5ry-i6a-wHNUGd6kcoI_nYz6uTOd1fLcolLU0iXHE1UyreEhK0o4t7DYTl_4PbHKNiXG7-3cL7AjIKRx7CQADJ7r4eV98VTbROg_zXhC9ITVmVTXIrS8soL64pUFflCkyw4UrZ_Yb1CXuFRzr0hgP2kzxvOnq5grPViu', 'width': 1600}]",ChIJJzxxh5Ehby4RL4BOsiIeVgk,4.6,ChIJJzxxh5Ehby4RL4BOsiIeVgk,"['tourist_attraction', 'point_of_interest', 'establishment']",372,"{'compound_code': '7943+XM Leuwikujang, Majalengka Regency, West Java, Indonesia', 'global_code': '6P5C7943+XM'}",https://www.google.com/maps/place/?q=place_id:ChIJJzxxh5Ehby4RL4BOsiIeVgk
OPERATIONAL,"4776+M4P, Kulur, Majalengka, Majalengka Regency, West Java 45411, Indonesia","{'location': {'lat': -6.8857803, 'lng': 108.2603137}, 'viewport': {'northeast': {'lat': -6.884430470107278, 'lng': 108.2616635298927}, 'southwest': {'lat': -6.887130129892721, 'lng': 108.2589638701073}}}",https://maps.gstatic.com/mapfiles/place_api/icons/v1/png_71/generic_business-71.png,#13B5C7,https://maps.gstatic.com/mapfiles/place_api/icons/v2/generic_pinlet,Curug Situhyang,{'open_now': True},"[{'height': 1024, 'html_attributions': ['<a href=""https://maps.google.com/maps/contrib/115652512465030663336"">sukma wan</a>'], 'photo_reference': 'AUGGfZlj-9XMlZ0EkOv88sxwI6ZY-xGIgh2t-GZxfj9TYLbm1vBEDKQRPzD6E_Rqyjq_nOs5vs1rxNFtSFViJffd5MgcE5MrkVgT6jjc0x_edLBAxdNpeFZp5k9zju3-SjhRU4CA99tp8LJv6M7ewL8qGNXNczYgyngPLfUhpL8UToGUSYPw', 'width': 682}]",ChIJT2gQkkAlby4RmKRuZcIl_MY,3.8,ChIJT2gQkkAlby4RmKRuZcIl_MY,"['tourist_attraction', 'point_of_interest', 'establishment']",39,,https://www.google.com/maps/place/?q=place_id:ChIJT2gQkkAlby4RmKRuZcIl_MY
OPERATIONAL,"Mirat, Leuwimunding, Majalengka Regency, West Java 45473, Indonesia","{'location': {'lat': -6.7378462, 'lng': 108.360678}, 'viewport': {'northeast': {'lat': -6.735998470107278, 'lng': 108.3614354798927}, 'southwest': {'lat': -6.738698129892722, 'lng': 108.3587358201073}}}",https://maps.gstatic.com/mapfiles/place_api/icons/v1/png_71/generic_business-71.png,#13B5C7,https://maps.gstatic.com/mapfiles/place_api/icons/v2/generic_pinlet,Cadas Gantung,{'open_now': False},"[{'height': 2448, 'html_attributions': ['<a href=""https://maps.google.com/maps/contrib/104420421191229053629"">Taufiq Nur</a>'], 'photo_reference': 'AUGGfZmhKWZsS_tWzC6xLN_vHVvND-nwxIli89KME-oIFhAlNf4D19maJFzSw0NGg4eH6Lz1NvJr00wqjIKdKPg3b93vtDpSQ2IYo8cIup79oC63EAPUDb1NhegxyJVfcv3hYPe4hXStWZVaENnYrvuY38-KpYrtp-VAtMFMeKYuBPjziM2h', 'width': 3264}]",ChIJYckByZ4gby4RrNZci122Q-4,4.2,ChIJYckByZ4gby4RrNZci122Q-4,"['tourist_attraction', 'point_of_interest', 'establishment']",1104,"{'compound_code': '7966+V7 Mirat, Majalengka Regency, West Java, Indonesia', 'global_code': '6P5C7966+V7'}",https://www.google.com/maps/place/?q=place_id:ChIJYckByZ4gby4RrNZci122Q-4
OPERATIONAL,"5695+G94, Munjul, Majalengka, Majalengka Regency, West Java 45418, Indonesia","{'location': {'lat': -6.831244099999999, 'lng': 108.2084512}, 'viewport': {'northeast': {'lat': -6.830126570107278, 'lng': 108.2097292298927}, 'southwest': {'lat': -6.832826229892722, 'lng': 108.2070295701073}}}",https://maps.gstatic.com/mapfiles/place_api/icons/v1/png_71/park-71.png,#4DB546,https://maps.gstatic.com/mapfiles/place_api/icons/v2/tree_pinlet,Taman Raharja,{'open_now': True},"[{'height': 2448, 'html_attributions': ['<a href=""https://maps.google.com/maps/contrib/100887164963639988328"">A Google User</a>'], 'photo_reference': 'AUGGfZmjefjjtzxCidPWwz-9Har15XMetlbnO3qiOJHeQgn_z5wf6aYkwZTf2dMy4kgn1GQY51aiSDJytuFy-t3hZk9co7I_sveChydixJBOd8R3F_XNXPVUk429_wkVQRO3ggxbllWcKAd0e_8l_uX81h5mM3NokeCR0zX2qEMmZ97tAXut', 'width': 3264}]",ChIJ8xTZLTcvby4RbX4Cgt8WP8s,4.4,ChIJ8xTZLTcvby4RbX4Cgt8WP8s,"['park', 'tourist_attraction', 'point_of_interest', 'establishment']",3658,,https://www.google.com/maps/place/?q=place_id:ChIJ8xTZLTcvby4RbX4Cgt8WP8s
OPERATIONAL,"3978+R5V, Sangiang, Banjaran, Majalengka Regency, West Java 45468, Indonesia","{'location': {'lat': -6.9353965, 'lng': 108.3654335}, 'viewport': {'northeast': {'lat': -6.933924020107277, 'lng': 108.3667153298927}, 'southwest': {'lat': -6.936623679892721, 'lng': 108.3640156701073}}}",https://maps.gstatic.com/mapfiles/place_api/icons/v1/png_71/generic_business-71.png,#13B5C7,https://maps.gstatic.com/mapfiles/place_api/icons/v2/generic_pinlet,Puncak Sawiyah,{'open_now': True},"[{'height': 3264, 'html_attributions': ['<a href=""https://maps.google.com/maps/contrib/101179516278724460020"">A Google User</a>'], 'photo_reference': 'AUGGfZldgEWWz0RBAnhFggB2tcCb0VqKC_2b-rcEJXXx0g5u4BUTcVGTr3AvvYETnDeJZQufsGGLwqeyngveZ7Ky8-sgumQ0CS-sW6vVNcwqGqfa1JBJhlD-XKf7M7pvSXWISE5nHNTfX31JMQwunmiK3NuNJlFSRsCUWUU9fgiJCdRJV0oS', 'width': 2448}]",ChIJNZ1vKPc8by4RA_KJ1AROtAM,4.4,ChIJNZ1vKPc8by4RA_KJ1AROtAM,"['tourist_attraction', 'point_of_interest', 'establishment']",640,,https://www.google.com/maps/place/?q=place_id:ChIJNZ1vKPc8by4RA_KJ1AROtAM
OPERATIONAL,"Jl. Pajajar, Indrakila, Kec. Sindang, Kabupaten Majalengka, Jawa Barat 45471, Indonesia","{'location': {'lat': -6.8268958, 'lng': 108.3402222}, 'viewport': {'northeast': {'lat': -6.825424670107279, 'lng': 108.3416075798927}, 'southwest': {'lat': -6.828124329892723, 'lng': 108.3389079201073}}}",https://maps.gstatic.com/mapfiles/place_api/icons/v1/png_71/generic_business-71.png,#13B5C7,https://maps.gstatic.com/mapfiles/place_api/icons/v2/generic_pinlet,Situ Cipadung,{'open_now': True},"[{'height': 768, 'html_attributions': ['<a href=""https://maps.google.com/maps/contrib/104974683719067216618"">Foto Lokasi</a>'], 'photo_reference': 'AUGGfZkDg3P81EMPloDYXR3eAkz2uLfOhOAlRWFnJgXI1zk4FscaB1W2DunyFoqdjKXgBA7TAA4G99jDcN2JA1PbVJAdvOLNcuclkPMEv_-r18W8-s2g_GJW92vG-xYEOn1St9SFhkKa512nTYw8CM0pruLNivvC7LahhmC8g4Cp0TCl8Uct', 'width': 1024}]",ChIJa9g-Z_ojby4RQ5c2SyTeqL4,4.3,ChIJa9g-Z_ojby4RQ5c2SyTeqL4,"['tourist_attraction', 'point_of_interest', 'establishment']",951,"{'compound_code': '58FR+63 Indrakila, Majalengka Regency, West Java, Indonesia', 'global_code': '6P5C58FR+63'}",https://www.google.com/maps/place/?q=place_id:ChIJa9g-Z_ojby4RQ5c2SyTeqL4
OPERATIONAL,"Jl. Dukuh Pasir, Bantaragung, Kec. Sindangwangi, Kabupaten Majalengka, Jawa Barat 45474, Indonesia","{'location': {'lat': -6.823917, 'lng': 108.3819985}, 'viewport': {'northeast': {'lat': -6.822404620107277, 'lng': 108.3831747298927}, 'southwest': {'lat': -6.825104279892721, 'lng': 108.3804750701073}}}",https://maps.gstatic.com/mapfiles/place_api/icons/v1/png_71/generic_business-71.png,#13B5C7,https://maps.gstatic.com/mapfiles/place_api/icons/v2/generic_pinlet,Curug Cipeuteuy,{'open_now': False},"[{'height': 3120, 'html_attributions': ['<a href=""https://maps.google.com/maps/contrib/112257678163335627584"">A Google User</a>'], 'photo_reference': 'AUGGfZnprEpNDy1pIoXbVlJQA1x74-_27qpgvB1MotXbCChMA7YY7lq4RGr5-SzlJdLjCmSyisji2vjl02WElkxqTZMIU1mQ93IYLy1yq7n0WOVCSeBnDpyWwwGzxKkZJdZ-RIFyRIaX63m5NF9m8Ybz_sRuFP220fCy6uB8qaVopHjHGNFN', 'width': 4160}]",ChIJVVVVVanVaS4RjK1etCWyWTw,4.4,ChIJVVVVVanVaS4RjK1etCWyWTw,"['tourist_attraction', 'point_of_interest', 'establishment']",1467,"{'compound_code': '59GJ+CQ Bantaragung, Majalengka Regency, West Java, Indonesia', 'global_code': '6P5C59GJ+CQ'}",https://www.google.com/maps/place/?q=place_id:ChIJVVVVVanVaS4RjK1etCWyWTw
OPERATIONAL,"39M2+62H, Tejamulya, Argapura, Majalengka Regency, West Java 45462, Indonesia","{'location': {'lat': -6.916935500000001, 'lng': 108.3501167}, 'viewport': {'northeast': {'lat': -6.915567170107277, 'lng': 108.3514838298927}, 'southwest': {'lat': -6.918266829892721, 'lng': 108.3487841701073}}}",https://maps.gstatic.com/mapfiles/place_api/icons/v1/png_71/generic_business-71.png,#13B5C7,https://maps.gstatic.com/mapfiles/place_api/icons/v2/generic_pinlet,Lembah Panyaweuyan,{'open_now': True},"[{'height': 4160, 'html_attributions': ['<a href=""https://maps.google.com/maps/contrib/104340425858303678627"">Charia Adzahra</a>'], 'photo_reference': 'AUGGfZlRCjjHCogxTAQWc1LUfLcwhFPGroet2rei1etOzvjJHsFQj5isN4dpxgZ5wm3yMR5NEmBRgZcOi3R_2qJ37VTvpvQuOmyPj-Apavcg8NgmSFcjYHVMOyBuSCNwp_UIiGCny6kUX4fs884jZBbeMIF_qj8-WsLaJ566F2zEvaA2bzBC', 'width': 3120}]",ChIJVSapKLw8by4RqsFDV5o6vCs,4.5,ChIJVSapKLw8by4RqsFDV5o6vCs,"['tourist_attraction', 'park', 'point_of_interest', 'establishment']",2505,,https://www.google.com/maps/place/?q=place_id:ChIJVSapKLw8by4RqsFDV5o6vCs
OPERATIONAL,"Sukasari Kidul, Argapura, Majalengka Regency, West Java 45462, Indonesia","{'location': {'lat': -6.9182104, 'lng': 108.3451199}, 'viewport': {'northeast': {'lat': -6.916867620107278, 'lng': 108.3464641298927}, 'southwest': {'lat': -6.919567279892722, 'lng': 108.3437644701073}}}",https://maps.gstatic.com/mapfiles/place_api/icons/v1/png_71/generic_business-71.png,#13B5C7,https://maps.gstatic.com/mapfiles/place_api/icons/v2/generic_pinlet,Terasering Panyaweuyan,{'open_now': False},"[{'height': 3024, 'html_attributions': ['<a href=""https://maps.google.com/maps/contrib/103568140869674422531"">Marc</a>'], 'photo_reference': 'AUGGfZlnWBkrHH_PBaRCLOq0WnVS3ZvRy90bekX2idTecIm3LjQNCIyyaC8G5-YateMuioomgiyRzK-70sAY7PNmYuRYVrwgAiCSzB5TmQlCO7Cz0rGUx-zl7WLmRcGusAx5Yxe0C7HiuHc4UlvDpahsNf5Wm97JY75_-CdhR1_C1E9bsEPx', 'width': 4032}]",ChIJDQFrJL08by4RVshlBXwXEbk,4.7,ChIJDQFrJL08by4RVshlBXwXEbk,"['tourist_attraction', 'park', 'point_of_interest', 'establishment']",4074,"{'compound_code': '38JW+P2 Sukasari Kidul, Majalengka Regency, West Java, Indonesia', 'global_code': '6P5C38JW+P2'}",https://www.google.com/maps/place/?q=place_id:ChIJDQFrJL08by4RVshlBXwXEbk
OPERATIONAL,"Sukadana, Argapura, Majalengka Regency, West Java 45462, Indonesia","{'location': {'lat': -6.9057737, 'lng': 108.3292062}, 'viewport': {'northeast': {'lat': -6.904629620107277, 'lng': 108.3305860798927}, 'southwest': {'lat': -6.907329279892721, 'lng': 108.3278864201073}}}",https://maps.gstatic.com/mapfiles/place_api/icons/v1/png_71/generic_business-71.png,#13B5C7,https://maps.gstatic.com/mapfiles/place_api/icons/v2/generic_pinlet,Air Terjun Embun Pelangi,{'open_now': False},"[{'height': 3000, 'html_attributions': ['<a href=""https://maps.google.com/maps/contrib/106655234459147753832"">Martinus Halim</a>'], 'photo_reference': 'AUGGfZlxW_qb7JwGcm9adGj_yRJM3VjHsPrdBk9W2cpDU2VU5YSol7z6ERLXZ-2XhQ2IdtHvv7WjwyW3sp1ZpJC6P1eSUcj0VVxb1TpT83ei1iPDh6pbL9KSRpouY76n25NmxPbG3rK5-n-e9yoiPEbfcNWXJHeU5-RfnHvlT4ePx7YwYKyB', 'width': 4000}]",ChIJ7-lyMlQ7by4RUHa8arJJFHU,4.6,ChIJ7-lyMlQ7by4RUHa8arJJFHU,"['tourist_attraction', 'point_of_interest', 'establishment']",1012,"{'compound_code': '38VH+MM Sukadana, Majalengka Regency, West Java, Indonesia', 'global_code': '6P5C38VH+MM'}",https://www.google.com/maps/place/?q=place_id:ChIJ7-lyMlQ7by4RUHa8arJJFHU
OPERATIONAL,"Argalingga, Argapura, Majalengka Regency, West Java 45462, Indonesia","{'location': {'lat': -6.896812499999999, 'lng': 108.3579375}, 'viewport': {'northeast': {'lat': -6.895181670107278, 'lng': 108.3591272798927}, 'southwest': {'lat': -6.897881329892722, 'lng': 108.3564276201073}}}",https://maps.gstatic.com/mapfiles/place_api/icons/v1/png_71/generic_business-71.png,#13B5C7,https://maps.gstatic.com/mapfiles/place_api/icons/v2/generic_pinlet,Saung Gunung Beepark Argalingga,{'open_now': False},"[{'height': 4080, 'html_attributions': ['<a href=""https://maps.google.com/maps/contrib/103201021718420458890"">A Google User</a>'], 'photo_reference': 'AUGGfZkIORlcMxNP6e1ASRyKksxQss8ZZz830KW5hlapbAT3VQiuAXWB8U0SyGRTF-1ljGIB9oOIG-LgyDyLYHosUfTqIpCs8yuOZfQ0yYS90Cjoev5x7UuQpxXnLHebcTn6-Pq9YeQP4uyH7zaacsqPTtPkf3h_rG3Dj6hJWsNkwwEFZLLh', 'width': 3060}]",ChIJjVfr688jby4RujsG9ZlAGH0,4.5,ChIJjVfr688jby4RujsG9ZlAGH0,"['tourist_attraction', 'restaurant', 'food', 'point_of_interest', 'establishment']",429,"{'compound_code': '4935+75 Argalingga, Majalengka Regency, West Java, Indonesia', 'global_code': '6P5C4935+75'}",https://www.google.com/maps/place/?q=place_id:ChIJjVfr688jby4RujsG9ZlAGH0
OPERATIONAL,"485X+CFC, Argamukti, Argapura, Majalengka Regency, West Java 45462, Indonesia","{'location': {'lat': -6.8914385, 'lng': 108.3486432}, 'viewport': {'northeast': {'lat': -6.890340420107277, 'lng': 108.3498405298927}, 'southwest': {'lat': -6.893040079892721, 'lng': 108.3471408701073}}}",https://maps.gstatic.com/mapfiles/place_api/icons/v1/png_71/generic_business-71.png,#13B5C7,https://maps.gstatic.com/mapfiles/place_api/icons/v2/generic_pinlet,Curug Sawer,{'open_now': True},"[{'height': 4160, 'html_attributions': ['<a href=""https://maps.google.com/maps/contrib/103044308751307033713"">A Google User</a>'], 'photo_reference': 'AUGGfZm73N14L3R9SCztNw87zmtYcoXbEz_upfrHnj2MaahUWkFBrDKSz9kqv5EhSdT2sBL4R0skFx8riUVh9DRmF4GMmu8jNUNFssXtFHyDXhPoSmY_7UaGvDI5xwnMZzWm4XE3HlCRvYqpALoOhLPKl45N7lpnrj0qVYuEEG9YjgXAzHG1', 'width': 3120}]",ChIJ6Tn1Ebk8by4Rl_fYONSSfJM,4.0,ChIJ6Tn1Ebk8by4Rl_fYONSSfJM,"['tourist_attraction', 'point_of_interest', 'establishment']",184,,https://www.google.com/maps/place/?q=place_id:ChIJ6Tn1Ebk8by4Rl_fYONSSfJM
OPERATIONAL,"Jl. Gn. Kuning - Sindang, Gn. Kuning, Kec. Sindang, Kabupaten Majalengka, Jawa Barat 45471, Indonesia","{'location': {'lat': -6.823432599999999, 'lng': 108.3263131}, 'viewport': {'northeast': {'lat': -6.822057620107277, 'lng': 108.3275914298927}, 'southwest': {'lat': -6.824757279892721, 'lng': 108.3248917701073}}}",https://maps.gstatic.com/mapfiles/place_api/icons/v1/png_71/generic_business-71.png,#13B5C7,https://maps.gstatic.com/mapfiles/place_api/icons/v2/generic_pinlet,Situ Cipanten,{'open_now': False},"[{'height': 2992, 'html_attributions': ['<a href=""https://maps.google.com/maps/contrib/110394964414904081502"">Asep Fajri</a>'], 'photo_reference': 'AUGGfZkKTY-R62VMiU_uAXmLDERkD6JhpVdqd3K--_RNHQ879wJlq3VQmOSGQfbEryxWFdHzoKCEII2l2hrhgi4R41YMdb_q2RVaJMWS24NUgIEt_kU-YQmPIvXg0F28bBWOyhR6OU5_OCo7h-n39Ub5TjKVkmY-YBkjqSMnWhD-Uc6vs9Tc', 'width': 4000}]",ChIJBWjtsAYkby4RxTuGTVw9SYY,4.5,ChIJBWjtsAYkby4RxTuGTVw9SYY,"['tourist_attraction', 'point_of_interest', 'establishment']",3854,"{'compound_code': '58GG+JG Gunung Kuning, Majalengka Regency, West Java, Indonesia', 'global_code': '6P5C58GG+JG'}",https://www.google.com/maps/place/?q=place_id:ChIJBWjtsAYkby4RxTuGTVw9SYY
OPERATIONAL,"49WJ+QMP, Payung, Rajagaluh, Majalengka Regency, West Java 45472, Indonesia","{'location': {'lat': -6.8530257, 'lng': 108.3817148}, 'viewport': {'northeast': {'lat': -6.851791470107278, 'lng': 108.3830794798927}, 'southwest': {'lat': -6.854491129892722, 'lng': 108.3803798201073}}}",https://maps.gstatic.com/mapfiles/place_api/icons/v1/png_71/generic_business-71.png,#13B5C7,https://maps.gstatic.com/mapfiles/place_api/icons/v2/generic_pinlet,Sadarehe,{'open_now': False},"[{'height': 3792, 'html_attributions': ['<a href=""https://maps.google.com/maps/contrib/102432278183925527985"">cecep arief syaripuddin</a>'], 'photo_reference': 'AUGGfZmKOmtRRkiYHTg3oNhIp67nyMUe-HzXHc_ZhJRAiglAIqjSqiprN3tALILpe5FNk_d1VuaaoyQ4YrjtwOFh0-esnjOnY6L5qi4Y6gfjRqpWr4rcE5PgTBPzPpJCxXIpYjV_c493xvogiZjit0gQ65uoj6qlQmPHziugnGmAvtPH5wN2', 'width': 5056}]",ChIJy5BsllQiby4RXfiZcP7Bin4,4.3,ChIJy5BsllQiby4RXfiZcP7Bin4,"['tourist_attraction', 'point_of_interest', 'establishment']",204,,https://www.google.com/maps/place/?q=place_id:ChIJy5BsllQiby4RXfiZcP7Bin4
OPERATIONAL,"255P+FJ9, Lemah Putih, Lemahsugih, Majalengka Regency, West Java 45465, Indonesia","{'location': {'lat': -6.9913294, 'lng': 108.1866129}, 'viewport': {'northeast': {'lat': -6.990023070107278, 'lng': 108.1878556798927}, 'southwest': {'lat': -6.992722729892722, 'lng': 108.1851560201073}}}",https://maps.gstatic.com/mapfiles/place_api/icons/v1/png_71/generic_business-71.png,#13B5C7,https://maps.gstatic.com/mapfiles/place_api/icons/v2/generic_pinlet,Taman Dinosaurus,,"[{'height': 1080, 'html_attributions': ['<a href=""https://maps.google.com/maps/contrib/100604845200515837850"">andreas fernandha</a>'], 'photo_reference': 'AUGGfZnrJ-DygiSmdyZnvF-PuVeO3hPsuVTOYFA-6ARPR3--r9Cwp8nM6olOx4scKjy5z20Lfu5bW4xrkAtDO5cK6OTctwkJaRpVS8uryS8i7Bm3tW7N6xD3rLIRN8w5YD5Qv9XZyez7kxEpxKvoXdPyFPkUICxNIDGHUDRE15rLLPisMEk5', 'width': 1920}]",ChIJ0bx1W9Q2by4RRNe4M4qJwM4,4.1,ChIJ0bx1W9Q2by4RRNe4M4qJwM4,"['tourist_attraction', 'park', 'point_of_interest', 'establishment']",570,,https://www.google.com/maps/place/?q=place_id:ChIJ0bx1W9Q2by4RRNe4M4qJwM4
OPERATIONAL,"36CG+GG, Gununglarang, Bantarujeg, Majalengka Regency, West Java, Indonesia","{'location': {'lat': -6.92868, 'lng': 108.2263}, 'viewport': {'northeast': {'lat': -6.927311920107278, 'lng': 108.2276738298927}, 'southwest': {'lat': -6.930011579892722, 'lng': 108.2249741701073}}}",https://maps.gstatic.com/mapfiles/place_api/icons/v1/png_71/generic_business-71.png,#13B5C7,https://maps.gstatic.com/mapfiles/place_api/icons/v2/generic_pinlet,Tanjakan Kadut,,"[{'height': 2250, 'html_attributions': ['<a href=""https://maps.google.com/maps/contrib/107406358738609713358"">Rockyone T.</a>'], 'photo_reference': 'AUGGfZnpHcrrI90W-zgtBtR2EIMPXE38RKn0mBUm_yuYT7MaIrSIvhJ3jEcFoB6lVP9Nzq1FL4Fgkv7tJsUmE64hdOy4VTA2V1kb6YOoTi8RDd8K9Md1VYC_Szip_NWrnx-kCtAOTZx-pATY-BQSNXs8ZxDzHwayS8VrUS7Mq18XPLMn0o8c', 'width': 4000}]",ChIJg4t2FJExby4Rz9P19YanHCE,4.8,ChIJg4t2FJExby4Rz9P19YanHCE,"['tourist_attraction', 'point_of_interest', 'establishment']",39,,https://www.google.com/maps/place/?q=place_id:ChIJg4t2FJExby4Rz9P19YanHCE
OPERATIONAL,"Jl. Malarhayu, Payung, Kec. Rajagaluh, Kabupaten Majalengka, Jawa Barat 45472, Indonesia","{'location': {'lat': -6.8334652, 'lng': 108.3814637}, 'viewport': {'northeast': {'lat': -6.832186270107279, 'lng': 108.3827496298927}, 'southwest': {'lat': -6.834885929892723, 'lng': 108.3800499701073}}}",https://maps.gstatic.com/mapfiles/place_api/icons/v1/png_71/generic_business-71.png,#13B5C7,https://maps.gstatic.com/mapfiles/place_api/icons/v2/generic_pinlet,Wisata Hutan Pinus Batu Nyongclo,{'open_now': True},"[{'height': 3004, 'html_attributions': ['<a href=""https://maps.google.com/maps/contrib/114166574541772221165"">Jasmine Pay</a>'], 'photo_reference': 'AUGGfZlTtE8oaPhZoecjOlF5cutgR1i3wjs-BNsvd5byXz4xMmz-8brwiLERtXxGyLrlGc-c0taXt3U-VV7EqzuRshtuiTOGmZ9TTKJLijxH1tNexU5B-RttlcWQtgK7-VgukI9VVJ8CQHt2sKeWWK7BZQXx5l70WCqSfNXz4xLSsn_snqUR', 'width': 5325}]",ChIJ5dCSBDUiby4R6LugbpWHIdw,4.3,ChIJ5dCSBDUiby4R6LugbpWHIdw,"['tourist_attraction', 'point_of_interest', 'establishment']",319,"{'compound_code': '598J+JH Payung, Majalengka Regency, West Java, Indonesia', 'global_code': '6P5C598J+JH'}",https://www.google.com/maps/place/?q=place_id:ChIJ5dCSBDUiby4R6LugbpWHIdw
OPERATIONAL,"59M2+8C9, Teja, Rajagaluh, Majalengka Regency, West Java 45472, Indonesia","{'location': {'lat': -6.81671, 'lng': 108.351108}, 'viewport': {'northeast': {'lat': -6.815415120107279, 'lng': 108.3519064}, 'southwest': {'lat': -6.818114779892722, 'lng': 108.3487128}}}",https://maps.gstatic.com/mapfiles/place_api/icons/v1/png_71/generic_business-71.png,#13B5C7,https://maps.gstatic.com/mapfiles/place_api/icons/v2/generic_pinlet,Curug Tonjong,{'open_now': False},"[{'height': 1836, 'html_attributions': ['<a href=""https://maps.google.com/maps/contrib/103010212529728103664"">Noer Tati</a>'], 'photo_reference': 'AUGGfZnb2jkpCkwtA2dUz1n-bKqcpdzhhFVAPNzBJ2Mo9cUdgFkwQbs31pO6ew5ndKKs1_Mrc9rnW4S1nG5ewRjdfmYWWHbcrTlGATd1tuBDgnvHrSyjhj0bG0aVgo0Gm8VB66BFr6030vIcgZ5kGAEFTZGXPm32dGGRYl7PYWwUyuopj3TE', 'width': 3264}]",ChIJW2y9T18hby4RoxJNnCMSPa4,4.0,ChIJW2y9T18hby4RoxJNnCMSPa4,"['tourist_attraction', 'point_of_interest', 'establishment']",404,,https://www.google.com/maps/place/?q=place_id:ChIJW2y9T18hby4RoxJNnCMSPa4
OPERATIONAL,"Jl. Desa Padaherang - Lengkong No. 2, Padaherang, Kec. Sindangwangi, Kabupaten Majalengka, Jawa Barat 45474, Indonesia","{'location': {'lat': -6.801991999999999, 'lng': 108.3913285}, 'viewport': {'northeast': {'lat': -6.800409070107277, 'lng': 108.39234175}, 'southwest': {'lat': -6.803108729892722, 'lng': 108.38828875}}}",https://maps.gstatic.com/mapfiles/place_api/icons/v1/png_71/generic_business-71.png,#13B5C7,https://maps.gstatic.com/mapfiles/place_api/icons/v2/generic_pinlet,Camping Ground Curug Leles,{'open_now': False},"[{'height': 3120, 'html_attributions': ['<a href=""https://maps.google.com/maps/contrib/104224343619269091623"">A Google User</a>'], 'photo_reference': 'AUGGfZn2BPAk4ynDnDpOeXJ7eQaUV2pOjc7TbtdqimH-g62Gj3llswBX8G35419l6acfLouxn0Q47oV7d5L0I15lZx2-Y6X7yrlczqd6QbCh3br5csBoOk4W4X0NdXzHIGIAMYhppI6RcgrUF8Zr7RVqSHMdK381ZR7c7Robbx0vuqSRu54m', 'width': 4160}]",ChIJa0bHFpohby4RSQwGQK3ptSs,4.5,ChIJa0bHFpohby4RSQwGQK3ptSs,"['tourist_attraction', 'point_of_interest', 'establishment']",656,"{'compound_code': '59XR+6G Padaherang, Majalengka Regency, West Java, Indonesia', 'global_code': '6P5C59XR+6G'}",https://www.google.com/maps/place/?q=place_id:ChIJa0bHFpohby4RSQwGQK3ptSs
OPERATIONAL,"69CR+F6C, Lengkong Kulon, Sindangwangi, Majalengka Regency, West Java 45474, Indonesia","{'location': {'lat': -6.790551499999999, 'lng': 108.3867614}, 'viewport': {'northeast': {'lat': -6.789224420107278, 'lng': 108.3881069298927}, 'southwest': {'lat': -6.791924079892722, 'lng': 108.3854072701073}}}",https://maps.gstatic.com/mapfiles/place_api/icons/v1/png_71/generic_business-71.png,#13B5C7,https://maps.gstatic.com/mapfiles/place_api/icons/v2/generic_pinlet,talaga herang,,,ChIJvZTqGAAhby4RbGeetYb9GEk,5.0,ChIJvZTqGAAhby4RbGeetYb9GEk,"['tourist_attraction', 'point_of_interest', 'establishment']",2,,https://www.google.com/maps/place/?q=place_id:ChIJvZTqGAAhby4RbGeetYb9GEk
OPERATIONAL,"562Q+C2M, Cicurug, Majalengka, Majalengka Regency, West Java 45412, Indonesia","{'location': {'lat': -6.848901199999999, 'lng': 108.237537}, 'viewport': {'northeast': {'lat': -6.847546770107277, 'lng': 108.2388556298927}, 'southwest': {'lat': -6.850246429892721, 'lng': 108.2361559701073}}}",https://maps.gstatic.com/mapfiles/place_api/icons/v1/png_71/generic_business-71.png,#13B5C7,https://maps.gstatic.com/mapfiles/place_api/icons/v2/generic_pinlet,Persawahan Cicurug,,"[{'height': 2160, 'html_attributions': ['<a href=""https://maps.google.com/maps/contrib/114072939299864397801"">HK Sianturi</a>'], 'photo_reference': 'AUGGfZkznZ-xVRYGeN4XPBurgXzapY468YqEE905a2gUshjNhRgBnNcgyWkbhEsG7nG0JZkAsPN2Wu7M2F3faOclYmYjl9eKK5_JtswTXjjGS5sILkUMrK8xHhNPNQhHZWzf2uSn-omBUsbbrV9Vghw0PJfuR7_BsqNTxocMKHJ8ZjU5GcZv', 'width': 3840}]",ChIJr_a0l7wvby4RSMOUBF7kp-g,4.5,ChIJr_a0l7wvby4RSMOUBF7kp-g,"['tourist_attraction', 'point_of_interest', 'establishment']",2,,https://www.google.com/maps/place/?q=place_id:ChIJr_a0l7wvby4RSMOUBF7kp-g
OPERATIONAL,"Jl. Desa Payung, Teja, Kec. Rajagaluh, Kabupaten Majalengka, Jawa Barat 45472, Indonesia","{'location': {'lat': -6.8257143, 'lng': 108.3589107}, 'viewport': {'northeast': {'lat': -6.824361620107278, 'lng': 108.3602535298927}, 'southwest': {'lat': -6.827061279892722, 'lng': 108.3575538701073}}}",https://maps.gstatic.com/mapfiles/place_api/icons/v1/png_71/generic_business-71.png,#13B5C7,https://maps.gstatic.com/mapfiles/place_api/icons/v2/generic_pinlet,Cikadongdong River Tubing,,"[{'height': 2998, 'html_attributions': ['<a href=""https://maps.google.com/maps/contrib/106012435982749354193"">A Google User</a>'], 'photo_reference': 'AUGGfZn3eFGBKcujCfcqZia9-Xx7D2GGWgkfh6MuRl0G8RlGsGB0aRjoQ9EEkPGFTWaC4edsXOAol763TE6gNcq5_yWypDzr1SSDfvtrOk6u8LgO39zfIolqbnj9vPxz9Zhp7SaN7QHMwB1ohf4ajC9RuelGrzEUBV7F1OzMGKVOBEPkogp2', 'width': 3998}]",ChIJvRyVG90jby4RzbOnKcu9Mto,4.5,ChIJvRyVG90jby4RzbOnKcu9Mto,"['tourist_attraction', 'point_of_interest', 'establishment']",1582,"{'compound_code': '59F5+PH Teja, Majalengka Regency, West Java, Indonesia', 'global_code': '6P5C59F5+PH'}",https://www.google.com/maps/place/?q=place_id:ChIJvRyVG90jby4RzbOnKcu9Mto
OPERATIONAL,"Pajajar, Rajagaluh, Majalengka Regency, West Java 45472, Indonesia","{'location': {'lat': -6.8271372, 'lng': 108.3419072}, 'viewport': {'northeast': {'lat': -6.825044850000001, 'lng': 108.3433081798927}, 'southwest': {'lat': -6.82783465, 'lng': 108.3406085201073}}}",https://maps.gstatic.com/mapfiles/place_api/icons/v1/png_71/generic_business-71.png,#13B5C7,https://maps.gstatic.com/mapfiles/place_api/icons/v2/generic_pinlet,Patilasan Prabu Siliwangi(Tapakan),{'open_now': True},"[{'height': 3492, 'html_attributions': ['<a href=""https://maps.google.com/maps/contrib/117456496925163879249"">fahril husaen</a>'], 'photo_reference': 'AUGGfZmSNNliE71KUrjXZ28ffFG8r42HzcZYEp4EVfnxDFPIvGGHh3tDvC0WIdHtibFwBOYyHiQFCbhCzpBghusn1xP6mKZ7Ekg9tgGA3CMwjw6C913YAig3QKNsd_RAtcYTGRGMio-yFAsPYr9PHiLPfe84S3x34T-uDa2rBIyb1ztPHYVq', 'width': 4656}]",ChIJAQAAwOUjby4Ry7eYGztLYIY,4.5,ChIJAQAAwOUjby4Ry7eYGztLYIY,"['tourist_attraction', 'park', 'point_of_interest', 'establishment']",619,"{'compound_code': '58FR+4Q Pajajar, Majalengka Regency, West Java, Indonesia', 'global_code': '6P5C58FR+4Q'}",https://www.google.com/maps/place/?q=place_id:ChIJAQAAwOUjby4Ry7eYGztLYIY
OPERATIONAL,"Jl. K.H.Abdul Halim No.103, Majalengka Kulon, Kec. Majalengka, Kabupaten Majalengka, Jawa Barat 45418, Indonesia","{'location': {'lat': -6.8329001, 'lng': 108.2152497}, 'viewport': {'northeast': {'lat': -6.831545820107277, 'lng': 108.2165710298927}, 'southwest': {'lat': -6.834245479892721, 'lng': 108.2138713701073}}}",https://maps.gstatic.com/mapfiles/place_api/icons/v1/png_71/generic_business-71.png,#13B5C7,https://maps.gstatic.com/mapfiles/place_api/icons/v2/generic_pinlet,SKY WALK RAHARJA MAJALENGKA,,"[{'height': 1908, 'html_attributions': ['<a href=""https://maps.google.com/maps/contrib/107712404599150634419"">delfi anugrah</a>'], 'photo_reference': 'AUGGfZnZRpAINsBhhH55Nv1bs8C1669vZsp69l5Ye9xK7NABceQvMlXOnHY2k2D3UHWNDoos8x7EfOtCqGR14azOgOcJ5tB9ZV5SrFYTUETN-LoiihjJiBqKryypfrA-agodrFaYGD-dP70q4RAfoKpimLDDAkW770fuvSD_siOR02MJ2bB2', 'width': 4032}]",ChIJU1R8W2Evby4R4hUmQfWYsTA,4.2,ChIJU1R8W2Evby4R4hUmQfWYsTA,"['tourist_attraction', 'point_of_interest', 'establishment']",17,"{'compound_code': '5688+R3 Majalengka Kulon, Majalengka Regency, West Java, Indonesia', 'global_code': '6P5C5688+R3'}",https://www.google.com/maps/place/?q=place_id:ChIJU1R8W2Evby4R4hUmQfWYsTA
OPERATIONAL,"3665+9V2, Gununglarang, Bantarujeg, Majalengka Regency, West Java 45464, Indonesia","{'location': {'lat': -6.939117800000001, 'lng': 108.209634}, 'viewport': {'northeast': {'lat': -6.937812570107278, 'lng': 108.2109743298927}, 'southwest': {'lat': -6.940512229892722, 'lng': 108.2082746701073}}}",https://maps.gstatic.com/mapfiles/place_api/icons/v1/png_71/generic_business-71.png,#13B5C7,https://maps.gstatic.com/mapfiles/place_api/icons/v2/generic_pinlet,Pasir OleOle,{'open_now': False},"[{'height': 3456, 'html_attributions': ['<a href=""https://maps.google.com/maps/contrib/112399833578959748858"">Gina Febiana</a>'], 'photo_reference': 'AUGGfZleUtGUMGOjwcCxX39eTydkwRPnq2ErX-UMyIJ1oqj21NW8OqkNczbDL1IGUZOXzFs4GOAalyVu7pCzCjPkReCH5_FzBSpTkmYNSYW9WXUAFsAf9dHy9zxCu7kmte390NtdBVkzoKAush7sBSrdQknOd46GRuYE75yCgazzJSoLTKxD', 'width': 4608}]",ChIJEZO8Qlwwby4RoanW8VWabxI,4.0,ChIJEZO8Qlwwby4RoanW8VWabxI,"['tourist_attraction', 'point_of_interest', 'establishment']",221,,https://www.google.com/maps/place/?q=place_id:ChIJEZO8Qlwwby4RoanW8VWabxI
OPERATIONAL,"W5Q9+H69, Cipasung, Lemahsugih, Majalengka Regency, West Java 45465, Indonesia","{'location': {'lat': -7.0610842, 'lng': 108.1681158}, 'viewport': {'northeast': {'lat': -7.059712970107277, 'lng': 108.1691337798927}, 'southwest': {'lat': -7.062412629892721, 'lng': 108.1664341201073}}}",https://maps.gstatic.com/mapfiles/place_api/icons/v1/png_71/generic_business-71.png,#13B5C7,https://maps.gstatic.com/mapfiles/place_api/icons/v2/generic_pinlet,Kebun Teh Cipasung Lemahsugih,{'open_now': True},"[{'height': 1728, 'html_attributions': ['<a href=""https://maps.google.com/maps/contrib/103609224618916917893"">Ridwan Febriyansyah</a>'], 'photo_reference': 'AUGGfZlwyXPusW_Dt8MPJXAJFiKg92FIu_3-HnVlWlFQdEWH3BHUi3_E8nH-RorK1h2RuzPxBT6ERor69rL-vCHnriglkm2jO9aLuKXHc8g0iHEhajVhY9SB5-XNxalhooSKPiwUkcnFPmqTE5vmRi0cH5p_kXtvhlPPTVeM9oZZIsD4-xzp', 'width': 2592}]",ChIJKSRuyiI2by4RXOAzeo3AfQA,4.3,ChIJKSRuyiI2by4RXOAzeo3AfQA,"['tourist_attraction', 'point_of_interest', 'establishment']",1164,,https://www.google.com/maps/place/?q=place_id:ChIJKSRuyiI2by4RXOAzeo3AfQA
OPERATIONAL,"59JC+CH4, Jl. Desa Payung, Pajajar, Kec. Rajagaluh, Kabupaten Majalengka, Jawa Barat 45472, Indonesia","{'location': {'lat': -6.818991, 'lng': 108.3714503}, 'viewport': {'northeast': {'lat': -6.817641170107278, 'lng': 108.3728001298927}, 'southwest': {'lat': -6.820340829892722, 'lng': 108.3701004701073}}}",https://maps.gstatic.com/mapfiles/place_api/icons/v1/png_71/generic_business-71.png,#13B5C7,https://maps.gstatic.com/mapfiles/place_api/icons/v2/generic_pinlet,Gunung Ciwaru,{'open_now': False},"[{'height': 2064, 'html_attributions': ['<a href=""https://maps.google.com/maps/contrib/116346830251319249906"">A Google User</a>'], 'photo_reference': 'AUGGfZntI_PvXz88Rs49nhDYn0QbrLx53maSpvLad-D2KaLF2PSylZ-MRmht85_NaT7krl0GZX0SrE2nsN0HtAVhuBbhD7w4qAfdLKpWZKifOPfZ1D6eaAFfLxcVPvmzwtk_npXNBJgYCXdgmtnvRanU42DlxUFDZ5XTc1bOx7u8Wpl1J-od', 'width': 2752}]",ChIJCT9oGdYjby4RVohaPwUv3zY,4.2,ChIJCT9oGdYjby4RVohaPwUv3zY,"['tourist_attraction', 'point_of_interest', 'establishment']",884,,https://www.google.com/maps/place/?q=place_id:ChIJCT9oGdYjby4RVohaPwUv3zY
OPERATIONAL,"Jl. Talaga Majalengka No. 1, Talagawetan, Talaga, Talagawetan, Kec. Talaga, Kabupaten Majalengka, Jawa Barat 45465, Indonesia","{'location': {'lat': -6.985140899999999, 'lng': 108.3111701}, 'viewport': {'northeast': {'lat': -6.983785720107278, 'lng': 108.3124279298927}, 'southwest': {'lat': -6.986485379892722, 'lng': 108.3097282701073}}}",https://maps.gstatic.com/mapfiles/place_api/icons/v1/png_71/museum-71.png,#13B5C7,https://maps.gstatic.com/mapfiles/place_api/icons/v2/museum_pinlet,Museum Talaga Manggung,{'open_now': False},"[{'height': 1972, 'html_attributions': ['<a href=""https://maps.google.com/maps/contrib/115091089334264225869"">A Google User</a>'], 'photo_reference': 'AUGGfZnxbPWTg4nh6KMU_Jrz3uFtl7UetWWPp3AutUH3-LKnhytBC_Jm447w951lqQxn1cVYo0B6YLDwf3w5yRMwsClaccA-r_AkDzQDE9276nkKiJZmgc_3mYUAfgMkoqNR7oAaiMoBBmHmu4sGq1rrF0sl_YgHmO7H3erBy48CCPhn42ru', 'width': 4160}]",ChIJKxlepV85by4R5aBiMQhuhu4,4.4,ChIJKxlepV85by4R5aBiMQhuhu4,"['tourist_attraction', 'museum', 'point_of_interest', 'establishment']",547,"{'compound_code': '2876+WF Talagawetan, Majalengka Regency, West Java, Indonesia', 'global_code': '6P5C2876+WF'}",https://www.google.com/maps/place/?q=place_id:ChIJKxlepV85by4R5aBiMQhuhu4
OPERATIONAL,"5695+946, Munjul, Majalengka, Majalengka Regency, West Java 45418, Indonesia","{'location': {'lat': -6.831594, 'lng': 108.2077565}, 'viewport': {'northeast': {'lat': -6.830258270107278, 'lng': 108.2091838798927}, 'southwest': {'lat': -6.832957929892722, 'lng': 108.2064842201073}}}",https://maps.gstatic.com/mapfiles/place_api/icons/v1/png_71/museum-71.png,#7B9EB0,https://maps.gstatic.com/mapfiles/place_api/icons/v2/monument_pinlet,Bunderan Munjul Majalengka,{'open_now': True},"[{'height': 3280, 'html_attributions': ['<a href=""https://maps.google.com/maps/contrib/108099435792571586612"">Kawi Boedisetio</a>'], 'photo_reference': 'AUGGfZn79kFDywTmUlwMWKlzWUwIkiLII_qeqoin42BfO1KCBex9r-ugOgh9ef_kESUjbcmCfrPwpdA1cGo0E1c0UBVWMaIn4wrnLz3knfV4kOWNscqQrdFJ0Jas0cGIJ5_16rT6a7h-smDQS2xQzgvlkiW1uZ9HL2C79zcnwFuJya3Q3cg9', 'width': 4948}]",ChIJ3wUlzDAvby4R9SlSgTHQ3cg,4.6,ChIJ3wUlzDAvby4R9SlSgTHQ3cg,"['tourist_attraction', 'point_of_interest', 'establishment']",3276,,https://www.google.com/maps/place/?q=place_id:ChIJ3wUlzDAvby4R9SlSgTHQ3cg
OPERATIONAL,"488W+28P, Gunungwangi, Argapura, Majalengka Regency, West Java 45462, Indonesia","{'location': {'lat': -6.8849149, 'lng': 108.3458359}, 'viewport': {'northeast': {'lat': -6.883594720107278, 'lng': 108.3471827298927}, 'southwest': {'lat': -6.886294379892722, 'lng': 108.3444830701073}}}",https://maps.gstatic.com/mapfiles/place_api/icons/v1/png_71/generic_business-71.png,#13B5C7,https://maps.gstatic.com/mapfiles/place_api/icons/v2/generic_pinlet,Gunung Menyan Majalengka,,"[{'height': 1908, 'html_attributions': ['<a href=""https://maps.google.com/maps/contrib/117147495309311954550"">Yan Budhiyana</a>'], 'photo_reference': 'AUGGfZn2LuPpqZT_6QfPXcAV2DAM3seyJX9g4aneNZxyDoXNOb5sKBih8FPwMMS7wOxKnkwHGYrKFkqQCg93qmI4kR8t3kWHqKTldyeAndHpYHjhuCnptJVJYhB9ML2orzhMtBm5H5B4czjSWEtNlBJ7ntUu_wuLIW5wjwVRP5cFkxLRtODT', 'width': 4032}]",ChIJQVuyJG4jby4Rbtvtv8TbkbU,4.0,ChIJQVuyJG4jby4Rbtvtv8TbkbU,"['tourist_attraction', 'point_of_interest', 'establishment']",1,,https://www.google.com/maps/place/?q=place_id:ChIJQVuyJG4jby4Rbtvtv8TbkbU
OPERATIONAL,"259H+8CX, Unnamed Road, Lemah Putih, Lemahsugih, Majalengka Regency, West Java 45465, Indonesia","{'location': {'lat': -6.981633, 'lng': 108.1786112}, 'viewport': {'northeast': {'lat': -6.980884549999999, 'lng': 108.1794284798927}, 'southwest': {'lat': -6.98387835, 'lng': 108.1767288201073}}}",https://maps.gstatic.com/mapfiles/place_api/icons/v1/png_71/generic_business-71.png,#13B5C7,https://maps.gstatic.com/mapfiles/place_api/icons/v2/generic_pinlet,Curug Kapak Kuda,{'open_now': False},"[{'height': 4032, 'html_attributions': ['<a href=""https://maps.google.com/maps/contrib/109448608378320739308"">X- Zoro</a>'], 'photo_reference': 'AUGGfZmHZRcTy4XUCy-Jr3HFuozHpJoOTGYdwsV97-yu91JfBQNpg-9fqpzoQ64G6j_3Qf_k7Ke2HVWEt8RMbiUHZRm-_zIsU75Tgird5AavGU--zChkcrah8XjbnZSmh9edq8Q5X3cUn9pnXqUEnIrFxTkR1QkC-X9wa70qyqxBm6OY_dFC', 'width': 3024}]",ChIJ2zzZ7qgxby4RSVzEJ3VOyuM,4.5,ChIJ2zzZ7qgxby4RSVzEJ3VOyuM,"['tourist_attraction', 'point_of_interest', 'establishment']",31,,https://www.google.com/maps/place/?q=place_id:ChIJ2zzZ7qgxby4RSVzEJ3VOyuM
OPERATIONAL,"Pajajar, Rajagaluh, Majalengka Regency, West Java 45471, Indonesia","{'location': {'lat': -6.8269756, 'lng': 108.3413116}, 'viewport': {'northeast': {'lat': -6.825486970107278, 'lng': 108.3422209298927}, 'southwest': {'lat': -6.828186629892722, 'lng': 108.3395212701073}}}",https://maps.gstatic.com/mapfiles/place_api/icons/v1/png_71/park-71.png,#4DB546,https://maps.gstatic.com/mapfiles/place_api/icons/v2/tree_pinlet,Pasanggrahan Prabu Siliwangi,{'open_now': True},"[{'height': 1200, 'html_attributions': ['<a href=""https://maps.google.com/maps/contrib/111415492584705212735"">Yuni Yunengsih</a>'], 'photo_reference': 'AUGGfZn-3Jp3EZQ6JyvX_m4i_1yKfvp5Uc6N4CeMLvIZw_cSx9jO9VhWy9YyfnHJyyU2ug1SG77cWjidDOKuhs-vlmzEdmRsZ11j9TomRd495tsnqMLHhpNukaCibPeT2VffCUwuaeFP5mJISjc3sKL_Pq7WlT2E7a97fykYW29EXQhiZ9df', 'width': 2416}]",ChIJhecdYfojby4RdZaEvW6-0vo,4.5,ChIJhecdYfojby4RdZaEvW6-0vo,"['tourist_attraction', 'park', 'point_of_interest', 'establishment']",135,"{'compound_code': '58FR+6G Pajajar, Majalengka Regency, West Java, Indonesia', 'global_code': '6P5C58FR+6G'}",https://www.google.com/maps/place/?q=place_id:ChIJhecdYfojby4RdZaEvW6-0vo
OPERATIONAL,"58HV+HVQ, Teja, Rajagaluh, Majalengka Regency, West Java, Indonesia","{'location': {'lat': -6.8210368, 'lng': 108.3447366}, 'viewport': {'northeast': {'lat': -6.819643370107278, 'lng': 108.3462119798927}, 'southwest': {'lat': -6.822343029892722, 'lng': 108.3435123201073}}}",https://maps.gstatic.com/mapfiles/place_api/icons/v1/png_71/generic_business-71.png,#13B5C7,https://maps.gstatic.com/mapfiles/place_api/icons/v2/generic_pinlet,WISATA SAWAH BENGKOK DESA TEJA,{'open_now': False},"[{'height': 3024, 'html_attributions': ['<a href=""https://maps.google.com/maps/contrib/114088949317861181471"">A Google User</a>'], 'photo_reference': 'AUGGfZkD_qVzDcGq9xeJ_VArnJCVDQLsC-NhGKfv7vYlgf_pJGz4Bvtuiv8jFXMgj3oLXsqlF7gpHoo-xDNysmE4E50wvsNoJHKQixezdfRMDgk7yT5nSVUWWQpxnqiSeCbsXT-EOO1-juM5KMvaOZVWlCzu7CqYs9KD_HKaDHSDgdlYrgfD', 'width': 4032}]",ChIJ5QBNaK8jby4RFG1Pk50zCi8,4.5,ChIJ5QBNaK8jby4RFG1Pk50zCi8,"['tourist_attraction', 'point_of_interest', 'establishment']",92,,https://www.google.com/maps/place/?q=place_id:ChIJ5QBNaK8jby4RFG1Pk50zCi8
OPERATIONAL,"Jl. Ambiya No.27, Cikasarung, Kec. Majalengka, Kabupaten Majalengka, Jawa Barat 45415, Indonesia","{'location': {'lat': -6.8200973, 'lng': 108.2277286}, 'viewport': {'northeast': {'lat': -6.818694920107276, 'lng': 108.2290802798927}, 'southwest': {'lat': -6.82139457989272, 'lng': 108.2263806201073}}}",https://maps.gstatic.com/mapfiles/place_api/icons/v1/png_71/generic_business-71.png,#13B5C7,https://maps.gstatic.com/mapfiles/place_api/icons/v2/generic_pinlet,Imah jalma ber syukur,,,ChIJsaG3CgApby4Rkye5IsZ10T4,0.0,ChIJsaG3CgApby4Rkye5IsZ10T4,"['tourist_attraction', 'point_of_interest', 'establishment']",0,"{'compound_code': '56HH+W3 Cikasarung, Majalengka Regency, West Java, Indonesia', 'global_code': '6P5C56HH+W3'}",https://www.google.com/maps/place/?q=place_id:ChIJsaG3CgApby4Rkye5IsZ10T4
OPERATIONAL,"5972+WVM, Unnamed Road, Teja, Kec. Rajagaluh, Kabupaten Majalengka, Jawa Barat 45471, Indonesia","{'location': {'lat': -6.8351621, 'lng': 108.3521703}, 'viewport': {'northeast': {'lat': -6.833568420107277, 'lng': 108.3534584798927}, 'southwest': {'lat': -6.836268079892721, 'lng': 108.3507588201073}}}",https://maps.gstatic.com/mapfiles/place_api/icons/v1/png_71/generic_business-71.png,#13B5C7,https://maps.gstatic.com/mapfiles/place_api/icons/v2/generic_pinlet,Situ Ciranca,{'open_now': False},"[{'height': 6944, 'html_attributions': ['<a href=""https://maps.google.com/maps/contrib/109230274012139378008"">Iqbal Muhammad</a>'], 'photo_reference': 'AUGGfZn56BbqL4alQABACb1kHqFvYYJEMmx8bk4HyrhWziONLwXDuAe6E_zXqHjU20D-57FAtotdBfHvg2wngJi7hM_PYNrDwmgWQu1f6hDpE5wMz-mLMl_LEELiltffJKn4ciDfJ2Y_qjg1_GnifNqT822C96g2AIjvJoagIX88ElbzOVEP', 'width': 9280}]",ChIJKV5HMxQjby4RFbq4hE1If-k,4.5,ChIJKV5HMxQjby4RFbq4hE1If-k,"['tourist_attraction', 'point_of_interest', 'establishment']",187,"{'compound_code': '5972+WV Teja, Majalengka Regency, West Java, Indonesia', 'global_code': '6P5C5972+WV'}",https://www.google.com/maps/place/?q=place_id:ChIJKV5HMxQjby4RFbq4hE1If-k
OPERATIONAL,"593Q+J97, Pasir Ayu, Bantaragung, Kec. Sindangwangi, Kabupaten Majalengka, Jawa Barat 45474, Indonesia","{'location': {'lat': -6.8459542, 'lng': 108.3884338}, 'viewport': {'northeast': {'lat': -6.844518420107278, 'lng': 108.3897302798927}, 'southwest': {'lat': -6.847218079892722, 'lng': 108.3870306201073}}}",https://maps.gstatic.com/mapfiles/place_api/icons/v1/png_71/generic_business-71.png,#13B5C7,https://maps.gstatic.com/mapfiles/place_api/icons/v2/generic_pinlet,Stone Garden Majalengka,,"[{'height': 2608, 'html_attributions': ['<a href=""https://maps.google.com/maps/contrib/116470324343752775573"">agy prayoga</a>'], 'photo_reference': 'AUGGfZnf8FPOKI1pJ4a1mqj5vgvlRCXMaAJCPo32bi2x_PJmZ8XABuwROvZvh38WyiHQMyKZRhrUuKEUl9IXT59Zds_ikSzomkkNel3vSSko8xBUQMVP9_zRIpt98HX_M0h2l-gMnXdA-yXCrZa1d_OF7EStGrIpmEP9bJjCWiOPVBfTkgnB', 'width': 4624}]",ChIJ14X0tDUjby4Rgrlv003lIio,4.9,ChIJ14X0tDUjby4Rgrlv003lIio,"['tourist_attraction', 'point_of_interest', 'establishment']",9,,https://www.google.com/maps/place/?q=place_id:ChIJ14X0tDUjby4Rgrlv003lIio
OPERATIONAL,"Unnamed Road, Sadomas, Kec. Rajagaluh, Kabupaten Majalengka, Jawa Barat 45472, Indonesia","{'location': {'lat': -6.8022559, 'lng': 108.3491513}, 'viewport': {'northeast': {'lat': -6.800874220107278, 'lng': 108.3506535798927}, 'southwest': {'lat': -6.803573879892721, 'lng': 108.3479539201073}}}",https://maps.gstatic.com/mapfiles/place_api/icons/v1/png_71/generic_business-71.png,#13B5C7,https://maps.gstatic.com/mapfiles/place_api/icons/v2/generic_pinlet,Wisata Air Sharongghe,{'open_now': False},"[{'height': 719, 'html_attributions': ['<a href=""https://maps.google.com/maps/contrib/101374480645569781786"">Anto Hidayat</a>'], 'photo_reference': 'AUGGfZlT_ZoAwyGEHtxD2Nd7pnfWkW0f529CGO_G7hnoKVMZNpO67lITTgBxKY55UGXN_IJnhlQaXQPn_z9FxUZn00u_fuu_W3TGdOZMnDewlr8TVPYnnjNYqJv5h_1Ij4mbdm9153pxbTlPVg46nhPosiD4-9B4Y16yBm2Dr_3HJBTWZJwi', 'width': 1280}]",ChIJGY0azswhby4RxJH9HbKO6fk,4.5,ChIJGY0azswhby4RxJH9HbKO6fk,"['tourist_attraction', 'point_of_interest', 'establishment']",174,"{'compound_code': '58XX+3M Sadomas, Majalengka Regency, West Java, Indonesia', 'global_code': '6P5C58XX+3M'}",https://www.google.com/maps/place/?q=place_id:ChIJGY0azswhby4RxJH9HbKO6fk
OPERATIONAL,"5643+46P, Munjul, Majalengka, Majalengka Regency, West Java 45417, Indonesia","{'location': {'lat': -6.844670900000001, 'lng': 108.2030703}, 'viewport': {'northeast': {'lat': -6.843485720107278, 'lng': 108.2042922798927}, 'southwest': {'lat': -6.846185379892722, 'lng': 108.2015926201073}}}",https://maps.gstatic.com/mapfiles/place_api/icons/v1/png_71/generic_business-71.png,#13B5C7,https://maps.gstatic.com/mapfiles/place_api/icons/v2/generic_pinlet,D' Mambo,{'open_now': True},"[{'height': 2304, 'html_attributions': ['<a href=""https://maps.google.com/maps/contrib/117509230808403725774"">A Google User</a>'], 'photo_reference': 'AUGGfZmaqv7234ebCtCi-wrAx9lOWcEPvyC5f8zYF1RuwDCUtklnRFHaCjWuylqA1dHZQO9MVq9fLa4j7SVYFW8HtgK9Tkr_8omKQ97M4pMSDKuKgocb2TmnT8PxjdmJcF4Er_Us97RVgrvX8FQ7VsrJK3SmkWJVkZlNV9x6VuOtwb3TZUEJ', 'width': 4096}]",ChIJqbYk_zYvby4RUzkDGRO3DrM,4.3,ChIJqbYk_zYvby4RUzkDGRO3DrM,"['tourist_attraction', 'point_of_interest', 'establishment']",3,,https://www.google.com/maps/place/?q=place_id:ChIJqbYk_zYvby4RUzkDGRO3DrM
OPERATIONAL,"27P5+FP5, Kali Cimanuk, Wadowetan, Kec. Bantarujeg, Kabupaten Majalengka, Jawa Barat 45464, Indonesia","{'location': {'lat': -6.963867599999999, 'lng': 108.2593451}, 'viewport': {'northeast': {'lat': -6.962534570107278, 'lng': 108.2607471798927}, 'southwest': {'lat': -6.965234229892721, 'lng': 108.2580475201073}}}",https://maps.gstatic.com/mapfiles/place_api/icons/v1/png_71/park-71.png,#4DB546,https://maps.gstatic.com/mapfiles/place_api/icons/v2/tree_pinlet,Sungai Cilutung,,"[{'height': 2160, 'html_attributions': ['<a href=""https://maps.google.com/maps/contrib/115668516938358811873"">janu iswahyudi</a>'], 'photo_reference': 'AUGGfZl-lS4E-bYIjM5Y7jxYB82QBwLTSbQp0V22NzWQYzq28av7LdbGhKwt-5gWCW16klNUD-nvPHAndhcr460osMZSTkDRh2Dn5s9rVVX8l2qOOpjbulbygb48-ltyNNy30sd5FABQUl56CFP_K-Zj5JObGHPJPLiek1ZE2c2TZzNR1TIc', 'width': 3840}]",ChIJiyZf2Wo6by4RoP9GvkbmccI,4.2,ChIJiyZf2Wo6by4RoP9GvkbmccI,"['park', 'tourist_attraction', 'point_of_interest', 'establishment']",64,,https://www.google.com/maps/place/?q=place_id:ChIJiyZf2Wo6by4RoP9GvkbmccI
OPERATIONAL,"Cirahayu, Argapura, Majalengka Regency, West Java 45462, Indonesia","{'location': {'lat': -6.913783500000001, 'lng': 108.351106}, 'viewport': {'northeast': {'lat': -6.911854420107279, 'lng': 108.3531547}, 'southwest': {'lat': -6.914554079892723, 'lng': 108.3504231}}}",https://maps.gstatic.com/mapfiles/place_api/icons/v1/png_71/generic_business-71.png,#13B5C7,https://maps.gstatic.com/mapfiles/place_api/icons/v2/generic_pinlet,LEMBAH ANGIN,{'open_now': True},"[{'height': 2268, 'html_attributions': ['<a href=""https://maps.google.com/maps/contrib/108951704641005682969"">agus kubank</a>'], 'photo_reference': 'AUGGfZnL0J8Zx9tWARFXXyHc28bTdNoOHVa7jfzlnuek37oRBO1TTsQIa8BLpJkoQzTJXMQOAwuClv2ZkvTVJ37sMboHv0bc4MrmatMa9YNxcGN-kGgaTKonmq-Tp8dDK48zW2EUba7F5NPuaSkkDCpfZc_6rqPyecYnWfdKdjRP0ojp3R3K', 'width': 4032}]",ChIJDTBw0KU9by4RIB79mLOZLc4,0.0,ChIJDTBw0KU9by4RIB79mLOZLc4,"['tourist_attraction', 'point_of_interest', 'establishment']",0,"{'compound_code': '39P2+FC Argalingga, Majalengka Regency, West Java, Indonesia', 'global_code': '6P5C39P2+FC'}",https://www.google.com/maps/place/?q=place_id:ChIJDTBw0KU9by4RIB79mLOZLc4
OPERATIONAL,"566J+R4F, Majalengka Wetan, Majalengka, Majalengka Regency, West Java, Indonesia","{'location': {'lat': -6.837930399999999, 'lng': 108.2302886}, 'viewport': {'northeast': {'lat': -6.836580620107277, 'lng': 108.2316502298927}, 'southwest': {'lat': -6.839280279892721, 'lng': 108.2289505701073}}}",https://maps.gstatic.com/mapfiles/place_api/icons/v1/png_71/generic_business-71.png,#13B5C7,https://maps.gstatic.com/mapfiles/place_api/icons/v2/generic_pinlet,panyuwengan,,,ChIJ-ajTHgAvby4RSXhfCxuIEvc,0.0,ChIJ-ajTHgAvby4RSXhfCxuIEvc,"['tourist_attraction', 'point_of_interest', 'establishment']",0,,https://www.google.com/maps/place/?q=place_id:ChIJ-ajTHgAvby4RSXhfCxuIEvc
OPERATIONAL,"48RG+87Q, Garawastu, Sindang, Majalengka Regency, West Java 45471, Indonesia","{'location': {'lat': -6.8604695, 'lng': 108.324975}, 'viewport': {'northeast': {'lat': -6.858445470107278, 'lng': 108.3260885798927}, 'southwest': {'lat': -6.861145129892722, 'lng': 108.3233889201073}}}",https://maps.gstatic.com/mapfiles/place_api/icons/v1/png_71/generic_business-71.png,#13B5C7,https://maps.gstatic.com/mapfiles/place_api/icons/v2/generic_pinlet,TenggerPride,,"[{'height': 4608, 'html_attributions': ['<a href=""https://maps.google.com/maps/contrib/101445470481292988241"">Heri Hairi</a>'], 'photo_reference': 'AUGGfZnX6OncjWs04sHS9nQAeUhL5shM7VM_zhUG_0cNDDsMKtNmzDzr81K81iN3aXjQb915iaQNYy8OOo2-MQxV0g1sRTvYbVvo1RFV-L02LY3MH96ga_TO_ipo5YesZ4fZY-XaUGd2gqaS4svhw-tk796oT1wHfbKMExHh_hLhIh_xmDTb', 'width': 3456}]",ChIJj3OKTKolby4RwJxDdbQxlBg,5.0,ChIJj3OKTKolby4RwJxDdbQxlBg,"['tourist_attraction', 'point_of_interest', 'establishment']",5,,https://www.google.com/maps/place/?q=place_id:ChIJj3OKTKolby4RwJxDdbQxlBg
OPERATIONAL,"47R5+H5F, Kulur, Majalengka, Majalengka Regency, West Java 45411, Indonesia","{'location': {'lat': -6.858568699999999, 'lng': 108.2579246}, 'viewport': {'northeast': {'lat': -6.857209970107277, 'lng': 108.2592759798927}, 'southwest': {'lat': -6.859909629892721, 'lng': 108.2565763201073}}}",https://maps.gstatic.com/mapfiles/place_api/icons/v1/png_71/generic_business-71.png,#13B5C7,https://maps.gstatic.com/mapfiles/place_api/icons/v2/generic_pinlet,Girimadani Senter,,"[{'height': 1200, 'html_attributions': ['<a href=""https://maps.google.com/maps/contrib/108737603017590691927"">ridwan burhanudin</a>'], 'photo_reference': 'AUGGfZkXpyS3naaeOguR8ExulDXly2ODu4A5IhgunkGRhmPDPa6zczXY8mAN9EpLSpfXumFIiE8zSX6wsOrFtUjEDAXjq6TAauYKSVE8qz07uatRMEbvc22HtAwrqWLz_FPHOrsfLTwBBHyMvCx8cAx-WYBT3LSwc1j_i9GIB46lEL1MsT7l', 'width': 1600}]",ChIJhRB55p4lby4Rq4TmoxCUCV4,4.1,ChIJhRB55p4lby4Rq4TmoxCUCV4,"['tourist_attraction', 'point_of_interest', 'establishment']",35,,https://www.google.com/maps/place/?q=place_id:ChIJhRB55p4lby4Rq4TmoxCUCV4
OPERATIONAL,"Tejamulya, Argapura, Majalengka Regency, West Java 45462, Indonesia","{'location': {'lat': -6.9168673, 'lng': 108.3540896}, 'viewport': {'northeast': {'lat': -6.915548870107277, 'lng': 108.3554417298927}, 'southwest': {'lat': -6.918248529892721, 'lng': 108.3527420701073}}}",https://maps.gstatic.com/mapfiles/place_api/icons/v1/png_71/generic_business-71.png,#13B5C7,https://maps.gstatic.com/mapfiles/place_api/icons/v2/generic_pinlet,LEMBAH ANGIN,,"[{'height': 2250, 'html_attributions': ['<a href=""https://maps.google.com/maps/contrib/103573497953590450399"">Franz Ananda</a>'], 'photo_reference': 'AUGGfZmLB6_0F3RJbtzNflQHAp0pAxCEi8F3KbLNyxuY7OaExfjXiPQphlh01UFIUUMYI5LQdTZLeqUt6ik2NEkaExorDt0VvxXS_hHVV0LAc5sQx5zmM7CRemCiIEHqgzj1VbIy18B1gcrKwdfjGB5TNsf-a4PTpSkw4peS2L22XoGjgKX1', 'width': 4000}]",ChIJ6XX_BrE9by4RNGtoiv7RpWs,5.0,ChIJ6XX_BrE9by4RNGtoiv7RpWs,"['tourist_attraction', 'point_of_interest', 'establishment']",4,"{'compound_code': '39M3+7J Tejamulya, Majalengka Regency, West Java, Indonesia', 'global_code': '6P5C39M3+7J'}",https://www.google.com/maps/place/?q=place_id:ChIJ6XX_BrE9by4RNGtoiv7RpWs
OPERATIONAL,"Jerukleueut, Sindangwangi, Majalengka Regency, West Java 45474, Indonesia","{'location': {'lat': -6.7945815, 'lng': 108.3847856}, 'viewport': {'northeast': {'lat': -6.793721070107278, 'lng': 108.3860568298927}, 'southwest': {'lat': -6.796420729892722, 'lng': 108.3833571701073}}}",https://maps.gstatic.com/mapfiles/place_api/icons/v1/png_71/generic_business-71.png,#13B5C7,https://maps.gstatic.com/mapfiles/place_api/icons/v2/generic_pinlet,Telaga Loa,{'open_now': False},"[{'height': 1920, 'html_attributions': ['<a href=""https://maps.google.com/maps/contrib/117668618911595506620"">Adang Doang</a>'], 'photo_reference': 'AUGGfZkXZS0yDByLUOmCWPR0d9sKxzPSdxYHrHmoHGcZrATktof9oy-3fKOfRhMcu4i6GpwpiKPboKHTs-SBrhzEWIuAr_32FGThb96VJs4IP-iB5jqJ3jTTixjnMLls9-ApqYYS5hueAhCimN5f9D-3FMfHk7yj1pDzhEfFtVe3Lpdj9acJ', 'width': 2560}]",ChIJHfoCk6Ehby4Rw66HDDazlQY,4.0,ChIJHfoCk6Ehby4Rw66HDDazlQY,"['tourist_attraction', 'point_of_interest', 'establishment']",81,"{'compound_code': '694M+5W Jerukleueut, Majalengka Regency, West Java, Indonesia', 'global_code': '6P5C694M+5W'}",https://www.google.com/maps/place/?q=place_id:ChIJHfoCk6Ehby4Rw66HDDazlQY
OPERATIONAL,"6772+66, Wanajaya, Kasokandel, Majalengka Regency, West Java, Indonesia","{'location': {'lat': -6.7869348, 'lng': 108.2505834}, 'viewport': {'northeast': {'lat': -6.785016770107279, 'lng': 108.2524797798927}, 'southwest': {'lat': -6.787716429892723, 'lng': 108.2497801201073}}}",https://maps.gstatic.com/mapfiles/place_api/icons/v1/png_71/generic_business-71.png,#13B5C7,https://maps.gstatic.com/mapfiles/place_api/icons/v2/generic_pinlet,Situ caletre,,,ChIJ-V4VTQQnby4RxHxty4NKrNc,0.0,ChIJ-V4VTQQnby4RxHxty4NKrNc,"['tourist_attraction', 'point_of_interest', 'establishment']",0,,https://www.google.com/maps/place/?q=place_id:ChIJ-V4VTQQnby4RxHxty4NKrNc
OPERATIONAL,"46MC+XV, Babakan Jawa, Majalengka, Majalengka Regency, West Java, Indonesia","{'location': {'lat': -6.8650988, 'lng': 108.2221868}, 'viewport': {'northeast': {'lat': -6.863762870107278, 'lng': 108.2234388798927}, 'southwest': {'lat': -6.866462529892722, 'lng': 108.2207392201073}}}",https://maps.gstatic.com/mapfiles/place_api/icons/v1/png_71/generic_business-71.png,#13B5C7,https://maps.gstatic.com/mapfiles/place_api/icons/v2/generic_pinlet,WISATA OFFROAD MAJALENGKA,,,ChIJ1RoZbgAvby4Ri2nFSh7fqrc,0.0,ChIJ1RoZbgAvby4Ri2nFSh7fqrc,"['tourist_attraction', 'point_of_interest', 'establishment']",0,,https://www.google.com/maps/place/?q=place_id:ChIJ1RoZbgAvby4Ri2nFSh7fqrc
OPERATIONAL,"567H+W32, Majalengka Kulon, Majalengka, Majalengka Regency, West Java 45418, Indonesia","{'location': {'lat': -6.8352312, 'lng': 108.2276407}, 'viewport': {'northeast': {'lat': -6.833881370107277, 'lng': 108.2289905298927}, 'southwest': {'lat': -6.836581029892721, 'lng': 108.2262908701073}}}",https://maps.gstatic.com/mapfiles/place_api/icons/v1/png_71/park-71.png,#4DB546,https://maps.gstatic.com/mapfiles/place_api/icons/v2/tree_pinlet,Alun-Alun Majalengka,{'open_now': True},"[{'height': 3000, 'html_attributions': ['<a href=""https://maps.google.com/maps/contrib/109194600004725977712"">Satria Nurdiansyah</a>'], 'photo_reference': 'AUGGfZm5QLXH1tEykm41j7cXfYXc9VVEKQc2GpsUFlM6TGr0Iof0QE5QR87EnZIveZGjMca5_l1Bl9GNoK6tn1-VVgYPyi5alS_2mXXvd8Wtv5-G4CgQEDdqxdF2y2GLr4kNNoXIW_khWMi9ofD-vDQADYctkP_GFLi-sjBNshpxJZBoAT1s', 'width': 4000}]",ChIJVZuJHlsvby4R5Tdfn8q35yA,4.5,ChIJVZuJHlsvby4R5Tdfn8q35yA,"['tourist_attraction', 'park', 'point_of_interest', 'establishment']",8943,,https://www.google.com/maps/place/?q=place_id:ChIJVZuJHlsvby4R5Tdfn8q35yA
OPERATIONAL,"567P+HGJ, Majalengka Wetan, Majalengka, Majalengka Regency, West Java, Indonesia","{'location': {'lat': -6.8360353, 'lng': 108.2362691}, 'viewport': {'northeast': {'lat': -6.834733970107278, 'lng': 108.2376174298927}, 'southwest': {'lat': -6.837433629892722, 'lng': 108.2349177701073}}}",https://maps.gstatic.com/mapfiles/place_api/icons/v1/png_71/generic_business-71.png,#13B5C7,https://maps.gstatic.com/mapfiles/place_api/icons/v2/generic_pinlet,Hutan Kota Girilarang,,,ChIJ1byuhhYvby4R_dUHWAqjkEU,5.0,ChIJ1byuhhYvby4R_dUHWAqjkEU,"['tourist_attraction', 'point_of_interest', 'establishment']",1,,https://www.google.com/maps/place/?q=place_id:ChIJ1byuhhYvby4R_dUHWAqjkEU
OPERATIONAL,"566J+R4F, Majalengka Wetan, Majalengka, Majalengka Regency, West Java 45411, Indonesia","{'location': {'lat': -6.837930399999999, 'lng': 108.2302886}, 'viewport': {'northeast': {'lat': -6.836580620107277, 'lng': 108.2316502298927}, 'southwest': {'lat': -6.839280279892721, 'lng': 108.2289505701073}}}",https://maps.gstatic.com/mapfiles/place_api/icons/v1/png_71/generic_business-71.png,#13B5C7,https://maps.gstatic.com/mapfiles/place_api/icons/v2/generic_pinlet,Panjalu,,,ChIJkZcv6r4vby4RjzRTs_QvcY8,2.0,ChIJkZcv6r4vby4RjzRTs_QvcY8,"['tourist_attraction', 'point_of_interest', 'establishment']",1,,https://www.google.com/maps/place/?q=place_id:ChIJkZcv6r4vby4RjzRTs_QvcY8
OPERATIONAL,"Blok senin, Cikaracak, Kec. Argapura, Kabupaten Majalengka, Jawa Barat 45462, Indonesia","{'location': {'lat': -6.8698073, 'lng': 108.3464016}, 'viewport': {'northeast': {'lat': -6.868954999999999, 'lng': 108.3506595}, 'southwest': {'lat': -6.872364200000001, 'lng': 108.3449823}}}",https://maps.gstatic.com/mapfiles/place_api/icons/v1/png_71/generic_business-71.png,#13B5C7,https://maps.gstatic.com/mapfiles/place_api/icons/v2/generic_pinlet,Panejoan werkip,{'open_now': True},"[{'height': 960, 'html_attributions': ['<a href=""https://maps.google.com/maps/contrib/102544406169834372176"">Maman Kokom</a>'], 'photo_reference': 'AUGGfZlquPim17Gn-X7tIqs6-5kOYjOCcx5f9bKUjYI67rGQAPZVcM2e6eo9I3BDz_pxR0Z5Uyu4JDZ2PxpgoIsCYutvUA-KyhzSuZ2t3HF_g6Pg-YYAY5aFwr8ll-VUxITFYJH5smlbqLY36KESII_x03VvIsOSrrjuKC8dnx46njWxS_a4', 'width': 1280}]",ChIJsf-BFdsjby4R632mgwb2LFg,4.8,ChIJsf-BFdsjby4R632mgwb2LFg,"['tourist_attraction', 'park', 'point_of_interest', 'establishment']",6,"{'compound_code': '48JW+3H Cikaracak, Majalengka Regency, West Java, Indonesia', 'global_code': '6P5C48JW+3H'}",https://www.google.com/maps/place/?q=place_id:ChIJsf-BFdsjby4R632mgwb2LFg
OPERATIONAL,"BLOK CIANDEU DESA SIDAMUKTI RT : 001 RW : 014 NO : 19 MUNJUL, MAJALENGKA KULON, Sidamukti, Kec. Majalengka, Kabupaten Majalengka, Jawa Barat 45411, Indonesia","{'location': {'lat': -6.8662435, 'lng': 108.1995671}, 'viewport': {'northeast': {'lat': -6.864979620107278, 'lng': 108.2009085798927}, 'southwest': {'lat': -6.867679279892722, 'lng': 108.1982089201073}}}",https://maps.gstatic.com/mapfiles/place_api/icons/v1/png_71/generic_business-71.png,#13B5C7,https://maps.gstatic.com/mapfiles/place_api/icons/v2/generic_pinlet,PEMANCINGAN BHAGARA ADENG HIDAYAT,{'open_now': True},"[{'height': 2992, 'html_attributions': ['<a href=""https://maps.google.com/maps/contrib/117740727149464092729"">Adeng Hidayat</a>'], 'photo_reference': 'AUGGfZkYG5S5gYrd6SKG1Zbaj3amoobAjY-JvbMFsAySNCjzXhKxnd0wVJMnM9uJKRQK3k9Rm7ibsiOZ-lhNN2adtqVayPvt7SChx_tZNw01gAO9sBMw4NTBk0UYLYqA5N8xHrmEgxf8iEW2dJcJOrKrSYlPjVuOG0tLu3xEfJ4K0cIa54kc', 'width': 4000}]",ChIJdf-XavUvby4R9aQSH1iX7gU,5.0,ChIJdf-XavUvby4R9aQSH1iX7gU,"['tourist_attraction', 'point_of_interest', 'establishment']",3,"{'compound_code': '45MX+FR Sidamukti, Majalengka Regency, West Java, Indonesia', 'global_code': '6P5C45MX+FR'}",https://www.google.com/maps/place/?q=place_id:ChIJdf-XavUvby4R9aQSH1iX7gU
OPERATIONAL,"46WJ+PF2, Jl. Makam Keramat Pangeran Muhammad, Cicurug, Kec. Majalengka, Kabupaten Majalengka, Jawa Barat 45412, Indonesia","{'location': {'lat': -6.8532344, 'lng': 108.2311306}, 'viewport': {'northeast': {'lat': -6.851884570107277, 'lng': 108.2324804298927}, 'southwest': {'lat': -6.854584229892721, 'lng': 108.2297807701073}}}",https://maps.gstatic.com/mapfiles/place_api/icons/v1/png_71/generic_business-71.png,#13B5C7,https://maps.gstatic.com/mapfiles/place_api/icons/v2/generic_pinlet,Bukit Wisata Balukbuk,{'open_now': False},"[{'height': 3648, 'html_attributions': ['<a href=""https://maps.google.com/maps/contrib/106739289189551427465"">iwan abe</a>'], 'photo_reference': 'AUGGfZnZu3NdpmjKWpnC-QcEeg6QdK0kLia-MnuRQgu-VJjSiOjTvAdlJ92jBuot-NZ6DCzIyCc2kTDer1IctsLZ96BqbNj_jFX8UYJAwiBrG2gYtm6aH1F1-rCEbxV38ycAEgHJasyOgmi0qlC0gOjMnqRKI-H58saVo8_lUXC_kkJrPAS0', 'width': 5472}]",ChIJucy7qYcvby4Rz9lfghiBvSM,5.0,ChIJucy7qYcvby4Rz9lfghiBvSM,"['tourist_attraction', 'point_of_interest', 'establishment']",1,,https://www.google.com/maps/place/?q=place_id:ChIJucy7qYcvby4Rz9lfghiBvSM
OPERATIONAL,"3685+3C, Gununglarang, Bantarujeg, Majalengka Regency, West Java 45464, Indonesia","{'location': {'lat': -6.9347781, 'lng': 108.2085377}, 'viewport': {'northeast': {'lat': -6.933862070107278, 'lng': 108.2104195298927}, 'southwest': {'lat': -6.936561729892722, 'lng': 108.2077198701073}}}",https://maps.gstatic.com/mapfiles/place_api/icons/v1/png_71/generic_business-71.png,#13B5C7,https://maps.gstatic.com/mapfiles/place_api/icons/v2/generic_pinlet,Sungai Cilutung,,,ChIJ9UjegH0xby4RpNNO4bjIwrg,4.0,ChIJ9UjegH0xby4RpNNO4bjIwrg,"['tourist_attraction', 'point_of_interest', 'establishment']",2,,https://www.google.com/maps/place/?q=place_id:ChIJ9UjegH0xby4RpNNO4bjIwrg
OPERATIONAL,"69V5+42, Balagedog, Sindangwangi, Majalengka Regency, West Java 45474, Indonesia","{'location': {'lat': -6.7565398, 'lng': 108.358394}, 'viewport': {'northeast': {'lat': -6.755148320107278, 'lng': 108.3596441798927}, 'southwest': {'lat': -6.757847979892722, 'lng': 108.3569445201073}}}",https://maps.gstatic.com/mapfiles/place_api/icons/v1/png_71/generic_business-71.png,#13B5C7,https://maps.gstatic.com/mapfiles/place_api/icons/v2/generic_pinlet,BACIKO FISHING,{'open_now': False},"[{'height': 1600, 'html_attributions': ['<a href=""https://maps.google.com/maps/contrib/100659907264728724790"">A Google User</a>'], 'photo_reference': 'AUGGfZkOupvReA8S62C-ws-QFAVir_vQyNfxiL0rd27baUnFMmGH9OancXnHj1THexJJnZvq6A2ofnmSs_hdsqn0wdPNRtgCVD3rKwoSMtd01oVxBTZ5vsXrEKh0ZItbtYYGfYKNyyWW9dXa3USVNFFA9rrZ3bxji-XHUNJKkVqMpyo5MFrJ', 'width': 1200}]",ChIJjVIgSVIhby4RI8PHm8uDwSc,4.7,ChIJjVIgSVIhby4RI8PHm8uDwSc,"['tourist_attraction', 'point_of_interest', 'establishment']",6,,https://www.google.com/maps/place/?q=place_id:ChIJjVIgSVIhby4RI8PHm8uDwSc
OPERATIONAL,"36WV+575, Cengal, Maja, Majalengka Regency, West Java 45461, Indonesia","{'location': {'lat': -6.9046081, 'lng': 108.2432237}, 'viewport': {'northeast': {'lat': -6.903258270107278, 'lng': 108.2445735298927}, 'southwest': {'lat': -6.905957929892722, 'lng': 108.2418738701073}}}",https://maps.gstatic.com/mapfiles/place_api/icons/v1/png_71/generic_business-71.png,#13B5C7,https://maps.gstatic.com/mapfiles/place_api/icons/v2/generic_pinlet,Curug Galatik,,"[{'height': 3998, 'html_attributions': ['<a href=""https://maps.google.com/maps/contrib/109257614286293957150"">A Google User</a>'], 'photo_reference': 'AUGGfZnlyqiR71PHempdkG3cZadvR4Zeq53egXUxWgxbbtxW6vOJGhmv_xWBCyGwNEYK_HtEMDE_-LN2_OIN3c5spjN72zekl2gQv91fGsSuxK51R0RSqwsadDQU8MThmYDJ2xcsA_C2WTagYWlCnkEcx6MDO_VB9fzrCBoz05gc-0sftPOs', 'width': 2998}]",ChIJdw3v_dU7by4RVg3Xt0Hv7Cs,4.0,ChIJdw3v_dU7by4RVg3Xt0Hv7Cs,"['tourist_attraction', 'point_of_interest', 'establishment']",5,,https://www.google.com/maps/place/?q=place_id:ChIJdw3v_dU7by4RVg3Xt0Hv7Cs
