business_status,formatted_address,geometry,icon,icon_background_color,icon_mask_base_uri,name,place_id,rating,reference,types,user_ratings_total,photos,plus_code,opening_hours,url
OPERATIONAL,"3VQ8+7RF, Nunu, Tatanga, Palu City, Central Sulawesi 94111, Indonesia","{'location': {'lat': -0.9118088999999999, 'lng': 119.8670563}, 'viewport': {'northeast': {'lat': -0.9106212701072779, 'lng': 119.8683498798927}, 'southwest': {'lat': -0.9133209298927222, 'lng': 119.8656502201073}}}",https://maps.gstatic.com/mapfiles/place_api/icons/v1/png_71/generic_business-71.png,#13B5C7,https://maps.gstatic.com/mapfiles/place_api/icons/v2/generic_pinlet,Taka bonemanjeng,ChIJVTr2EQDtiy0ReHNnQXwYVq0,0.0,ChIJVTr2EQDtiy0ReHNnQXwYVq0,"['tourist_attraction', 'point_of_interest', 'establishment']",0,,,,https://www.google.com/maps/place/?q=place_id:ChIJVTr2EQDtiy0ReHNnQXwYVq0
OPERATIONAL,"Jl. Jati Lrg. Siranindi, Tawanjuka, Kec. Tatanga, Kota Palu, Sulawesi Tengah 94237, Indonesia","{'location': {'lat': -0.9160090999999999, 'lng': 119.8669871}, 'viewport': {'northeast': {'lat': -0.9147720701072779, 'lng': 119.8683401298927}, 'southwest': {'lat': -0.9174717298927222, 'lng': 119.8656404701073}}}",https://maps.gstatic.com/mapfiles/place_api/icons/v1/png_71/generic_business-71.png,#13B5C7,https://maps.gstatic.com/mapfiles/place_api/icons/v2/generic_pinlet,Gantangan BUNGI TADULAKO,ChIJBxAP9lrtiy0Rpz6ivKzyvYw,5.0,ChIJBxAP9lrtiy0Rpz6ivKzyvYw,"['tourist_attraction', 'point_of_interest', 'establishment']",3,"[{'height': 1280, 'html_attributions': ['<a href=""https://maps.google.com/maps/contrib/111752676852581858503"">Yuswanto Anto</a>'], 'photo_reference': 'AUGGfZlbViQkOZfCNbP2m7tn1seb1Dqd6Yp5xBYzmCPlzYbfaHvkatvHRgXOdECTG1F7h9ZgF1-08Abr8HtrHJ6FCdhUwLWMbBK5-8Z_ZR75EdUGHRlVoRP7w2OZRrKzbQMDTN9_or9Cxx60ljX7lNOWbo1ZeAa-Scnmd66Svs3xGSFJT720', 'width': 720}]","{'compound_code': '3VM8+HQ Tawanjuka, Palu City, Central Sulawesi, Indonesia', 'global_code': '6PFX3VM8+HQ'}",,https://www.google.com/maps/place/?q=place_id:ChIJBxAP9lrtiy0Rpz6ivKzyvYw
OPERATIONAL,"Jl. Lalove, Nunu, Kec. Tatanga, Kota Palu, Sulawesi Tengah 94222, Indonesia","{'location': {'lat': -0.9124184000000001, 'lng': 119.8683996}, 'viewport': {'northeast': {'lat': -0.9110066701072781, 'lng': 119.8697324798927}, 'southwest': {'lat': -0.9137063298927224, 'lng': 119.8670328201073}}}",https://maps.gstatic.com/mapfiles/place_api/icons/v1/png_71/generic_business-71.png,#13B5C7,https://maps.gstatic.com/mapfiles/place_api/icons/v2/generic_pinlet,Lalove Land,ChIJfW9dVsLtiy0RzCs8msBhnzQ,4.1,ChIJfW9dVsLtiy0RzCs8msBhnzQ,"['tourist_attraction', 'point_of_interest', 'establishment']",8,"[{'height': 608, 'html_attributions': ['<a href=""https://maps.google.com/maps/contrib/106579326863157642237"">Nabil Lamperouge</a>'], 'photo_reference': 'AUGGfZkuyirMdhCLhqVU8INujToY_aFxYhqAPvsWG0mNCCK9DjNwhu0TGx8HjcYMufkvlz66VmZcgIeOWCiyZvP4CUapCNu9Hu9lwGs5F64Crwxy9zH5mZGxGcSu6XAt2ytKj-CE23yApGtGEtQVPD6p4aHDtZVeQG5Uvt-bA9CIxVRbCxgX', 'width': 1080}]","{'compound_code': '3VQ9+29 Nunu, Palu City, Central Sulawesi, Indonesia', 'global_code': '6PFX3VQ9+29'}",{'open_now': True},https://www.google.com/maps/place/?q=place_id:ChIJfW9dVsLtiy0RzCs8msBhnzQ
OPERATIONAL,"3RPP+7QC, Duyu, Palu Barat, Palu City, Central Sulawesi, Indonesia","{'location': {'lat': -0.9143241999999999, 'lng': 119.8369028}, 'viewport': {'northeast': {'lat': -0.9129567201072779, 'lng': 119.8384605298927}, 'southwest': {'lat': -0.9156563798927221, 'lng': 119.8357608701073}}}",https://maps.gstatic.com/mapfiles/place_api/icons/v1/png_71/generic_business-71.png,#13B5C7,https://maps.gstatic.com/mapfiles/place_api/icons/v2/generic_pinlet,PUAMBASO FARM AND STONE GARDEN,ChIJzYJb28ftiy0R1XgQAlEtVqg,4.5,ChIJzYJb28ftiy0R1XgQAlEtVqg,"['tourist_attraction', 'point_of_interest', 'establishment']",4,"[{'height': 1080, 'html_attributions': ['<a href=""https://maps.google.com/maps/contrib/102745403178419588381"">Dimas Walik</a>'], 'photo_reference': 'AUGGfZkqRqEUc0smwxUddOYhJ3SNpDHo92fCfU1x_RK-7bySdeymjM36DwxPVicKQUJFq8qSEDMOtmLSJyzOvArhkF-IdkmTxVbAaasONCXCC6QbW2TOxyscK8PwGrFeBi072ZDAp3cleEjszEn5NlJRdqlI1Ritc3816tZ7kRCcdvbn9bcy', 'width': 1920}]",,{'open_now': True},https://www.google.com/maps/place/?q=place_id:ChIJzYJb28ftiy0R1XgQAlEtVqg
OPERATIONAL,"4V64+C98, Jl. Pangeran Hidayat, Lere, Kec. Palu Bar., Kota Palu, Sulawesi Tengah 94221, Indonesia","{'location': {'lat': -0.8889486, 'lng': 119.8559502}, 'viewport': {'northeast': {'lat': -0.8875806201072778, 'lng': 119.8573871298927}, 'southwest': {'lat': -0.8902802798927223, 'lng': 119.8546874701073}}}",https://maps.gstatic.com/mapfiles/place_api/icons/v1/png_71/generic_business-71.png,#13B5C7,https://maps.gstatic.com/mapfiles/place_api/icons/v2/generic_pinlet,Sou Raja,ChIJFVxc1rXtiy0RlRQTQ9JP0pE,4.3,ChIJFVxc1rXtiy0RlRQTQ9JP0pE,"['tourist_attraction', 'point_of_interest', 'establishment']",513,"[{'height': 3024, 'html_attributions': ['<a href=""https://maps.google.com/maps/contrib/113093633539871687342"">irfan pawana</a>'], 'photo_reference': 'AUGGfZm7fj1ILazTv3RjZd2qmCHFCcJqpK28SsvxO13gTx2YrO9rursDpIcgCtfIOf2hJbQX02orMxgqOZFxBuhW_YVY_-dmINee-ZAdJzgaiKLFR9vy3XjULquTpdOP-YKvivE_u9Db_wd1KKIrgtBlgQPxdtdAerm_JYiIJjSbeDZk80em', 'width': 4032}]",,{'open_now': True},https://www.google.com/maps/place/?q=place_id:ChIJFVxc1rXtiy0RlRQTQ9JP0pE
OPERATIONAL,"Jalan Raya Kawasan Huntap No.7, Duyu, Kec. Tatanga, Kota Palu, Sulawesi Tengah 94225, Indonesia","{'location': {'lat': -0.9188492, 'lng': 119.8335738}, 'viewport': {'northeast': {'lat': -0.917477620107278, 'lng': 119.8349738798927}, 'southwest': {'lat': -0.9201772798927222, 'lng': 119.8322742201073}}}",https://maps.gstatic.com/mapfiles/place_api/icons/v1/png_71/generic_business-71.png,#13B5C7,https://maps.gstatic.com/mapfiles/place_api/icons/v2/generic_pinlet,KAWASAN WISATA KULINER DUYU,ChIJzUg5mkrziy0RfkX2nyZIcWU,4.0,ChIJzUg5mkrziy0RfkX2nyZIcWU,"['tourist_attraction', 'point_of_interest', 'establishment']",1,"[{'height': 1968, 'html_attributions': ['<a href=""https://maps.google.com/maps/contrib/100968258397035132163"">A Google User</a>'], 'photo_reference': 'AUGGfZll5TrNNCDWRbhECJNQBmRb--mjluxbjm8FRnl57hM0NtPhW31_FapG5hVXxKvxEGq0-vpgFdiGdvvN6KqEsoyRY9uQqPyFIUaLiBUUAcoTt-ZQ0UW6Jpofp7pjhDBOgc63n6Q6_JiPXnSxu71oNz5eztyPi-J5DD1cl-Nq9tv5rWIU', 'width': 4160}]","{'compound_code': '3RJM+FC Duyu, Palu City, Central Sulawesi, Indonesia', 'global_code': '6PFX3RJM+FC'}",{'open_now': False},https://www.google.com/maps/place/?q=place_id:ChIJzUg5mkrziy0RfkX2nyZIcWU
OPERATIONAL,"3RMR+3Q, Duyu, Tatanga, Palu City, Central Sulawesi, Indonesia","{'location': {'lat': -0.9172857, 'lng': 119.8419313}, 'viewport': {'northeast': {'lat': -0.9162798701072778, 'lng': 119.8429874298927}, 'southwest': {'lat': -0.9189795298927221, 'lng': 119.8402877701073}}}",https://maps.gstatic.com/mapfiles/place_api/icons/v1/png_71/generic_business-71.png,#13B5C7,https://maps.gstatic.com/mapfiles/place_api/icons/v2/generic_pinlet,Hutan Sagu Kelurahan Duyu,ChIJgaSSuj7tiy0RSOIE7qxg0KY,5.0,ChIJgaSSuj7tiy0RSOIE7qxg0KY,"['tourist_attraction', 'point_of_interest', 'establishment']",3,"[{'height': 454, 'html_attributions': ['<a href=""https://maps.google.com/maps/contrib/107976325294755579149"">Ahmad Fauzan Topanggaleke</a>'], 'photo_reference': 'AUGGfZmmAUfGA7SDOi8JEyniBETIj9ndtATfA3C31CcCuNY4gUjXo2XklD_YVd9qhxsTUTkw1iLcFkC8W-M88_PjSMMh5rk_szw5co6y4OqU7JI3CFmsV_AvaZOkfuxuWk41wIBwRFISUaeVVsdksfK-tIB8NQjr137I8thXR3dELuofOET3', 'width': 719}]",,,https://www.google.com/maps/place/?q=place_id:ChIJgaSSuj7tiy0RSOIE7qxg0KY
OPERATIONAL,"3VJF+2FJ, Tawanjuka, Palu Selatan, Palu City, Central Sulawesi 94111, Indonesia","{'location': {'lat': -0.9203009999999998, 'lng': 119.873816}, 'viewport': {'northeast': {'lat': -0.9189396701072777, 'lng': 119.8751817798927}, 'southwest': {'lat': -0.921639329892722, 'lng': 119.8724821201073}}}",https://maps.gstatic.com/mapfiles/place_api/icons/v1/png_71/generic_business-71.png,#13B5C7,https://maps.gstatic.com/mapfiles/place_api/icons/v2/generic_pinlet,Bantaran Sungai Jembatan II Kota Palu,ChIJaaqFSwDziy0RvDjLw_Ej1bk,5.0,ChIJaaqFSwDziy0RvDjLw_Ej1bk,"['tourist_attraction', 'point_of_interest', 'establishment']",1,"[{'height': 4000, 'html_attributions': ['<a href=""https://maps.google.com/maps/contrib/113868558548479691058"">A Google User</a>'], 'photo_reference': 'AUGGfZlkODaOgPNaJHtmJI3gXdef0YpASc2PI6j222-03XycLLmk_Eo17S413HFRsKmQr5optigcJuFheMP6ToOV1lYjhTOvivN7-K4XwEuNK5W_0cV7AJIGePMOggeaYQlu0M83JmITcSH4lXQOtmcHTJfWs9Z9qcZKJ1DpvICVLHN4AF2O', 'width': 6000}]",,,https://www.google.com/maps/place/?q=place_id:ChIJaaqFSwDziy0RvDjLw_Ej1bk
OPERATIONAL,"Tim, Tondo, Kec. Palu Tim., Kota Palu, Sulawesi Tengah 94119, Indonesia","{'location': {'lat': -0.8560709, 'lng': 119.9118816}, 'viewport': {'northeast': {'lat': -0.8547210701072778, 'lng': 119.9132314298927}, 'southwest': {'lat': -0.8574207298927223, 'lng': 119.9105317701073}}}",https://maps.gstatic.com/mapfiles/place_api/icons/v1/png_71/generic_business-71.png,#13B5C7,https://maps.gstatic.com/mapfiles/place_api/icons/v2/generic_pinlet,Monumen Nosarara Nosabatutu,ChIJ2e-Avc7uiy0RkhITKVqYoLA,4.5,ChIJ2e-Avc7uiy0RkhITKVqYoLA,"['tourist_attraction', 'point_of_interest', 'establishment']",318,"[{'height': 3096, 'html_attributions': ['<a href=""https://maps.google.com/maps/contrib/107872578399219410852"">Estiyo Sumoko</a>'], 'photo_reference': 'AUGGfZkTRHTLqUbbATf3lsupLrLE56dfh-Y3fxFTv753ZdQwILafbFJTyi8FT75SxRHX-8GC74y2kbVhCEj-S6rdMwqKj_O3TpHqsUsnNWNV7g9OtYP3oIFQm536caan1kQ_a8_qjW9ikOhfK9Ag600Riw3ADkrx6wTkInOqg81HY3i3VPNd', 'width': 4128}]","{'compound_code': '4WV6+HQ Tondo, Palu City, Central Sulawesi, Indonesia', 'global_code': '6PFX4WV6+HQ'}",{'open_now': True},https://www.google.com/maps/place/?q=place_id:ChIJ2e-Avc7uiy0RkhITKVqYoLA
OPERATIONAL,"Perumahan Griya Paniki Indah Jalan Anggrek K No. 24 Mapanget, Manado, Sulawesi Utara, Indonesia","{'location': {'lat': -0.8857763, 'lng': 119.8692472}, 'viewport': {'northeast': {'lat': -0.8844197701072778, 'lng': 119.8706012798927}, 'southwest': {'lat': -0.8871194298927223, 'lng': 119.8679016201073}}}",https://maps.gstatic.com/mapfiles/place_api/icons/v1/png_71/generic_business-71.png,#13B5C7,https://maps.gstatic.com/mapfiles/place_api/icons/v2/generic_pinlet,Sultan Birding Tours Indonesia,ChIJayfybqihhzIRK6jJPohyJ88,4.2,ChIJayfybqihhzIRK6jJPohyJ88,"['tourist_attraction', 'point_of_interest', 'establishment']",12,"[{'height': 600, 'html_attributions': ['<a href=""https://maps.google.com/maps/contrib/108266757968422526174"">A Google User</a>'], 'photo_reference': 'AUGGfZnnJCW6CcR-xJ6vsaUYqElybWSxdtgYGmi9j8sZp_pErJAE6_Q8GgCEwWEcQwlyI9MuEkBXp4oGPo-xrq4P3AyN-Cot2l3Xk03P9m4bgH36FWIpNk9ZE_WrO5NTdfCr9gjlUPabVgS9NFChUyRN9CW892W9D8Ogc-3L9jurDeipn7n1', 'width': 600}]","{'compound_code': '4V79+MM Besusu Barat, Palu City, Central Sulawesi, Indonesia', 'global_code': '6PFX4V79+MM'}",{'open_now': True},https://www.google.com/maps/place/?q=place_id:ChIJayfybqihhzIRK6jJPohyJ88
OPERATIONAL,"Jl. Malonda No.76, Tipo, Kec. Ulujadi, Kota Palu, Sulawesi Tengah 94228, Indonesia","{'location': {'lat': -0.8550666, 'lng': 119.826926}, 'viewport': {'northeast': {'lat': -0.8537518701072777, 'lng': 119.8280673298927}, 'southwest': {'lat': -0.8564515298927222, 'lng': 119.8253676701073}}}",https://maps.gstatic.com/mapfiles/place_api/icons/v1/png_71/generic_business-71.png,#13B5C7,https://maps.gstatic.com/mapfiles/place_api/icons/v2/generic_pinlet,Tiposisani Tumbelaka Tombu,ChIJYUMU-gTtiy0RBRTSjRMBLrE,0.0,ChIJYUMU-gTtiy0RBRTSjRMBLrE,"['tourist_attraction', 'point_of_interest', 'establishment']",0,"[{'height': 3060, 'html_attributions': ['<a href=""https://maps.google.com/maps/contrib/113868558548479691058"">A Google User</a>'], 'photo_reference': 'AUGGfZnqezyRo7zsqqBEUSDOAzoTvTMbMF3TATGE3z2n9AU0Fck7ttU5F3Ad_v_dqh05NIkkcqg8p3bwkOQpsJjYyU7eQbcuohl4jQAu88wP5bjRj8_nCyPmW39HXqxqjYg0IFPIJy3-EVK35jXpzEhawaxkXY9-5c1RuqOQ8R9_bRO7tOn2', 'width': 4080}]","{'compound_code': '4RVG+XQ Tipo, Palu City, Central Sulawesi, Indonesia', 'global_code': '6PFX4RVG+XQ'}",,https://www.google.com/maps/place/?q=place_id:ChIJYUMU-gTtiy0RBRTSjRMBLrE
OPERATIONAL,"3VXH+V5Q, North Lolu, Palu Selatan, Palu City, Central Sulawesi 94111, Indonesia","{'location': {'lat': -0.9002914999999999, 'lng': 119.8779987}, 'viewport': {'northeast': {'lat': -0.8989259701072776, 'lng': 119.8793480798928}, 'southwest': {'lat': -0.9016256298927219, 'lng': 119.8766484201073}}}",https://maps.gstatic.com/mapfiles/place_api/icons/v1/png_71/generic_business-71.png,#13B5C7,https://maps.gstatic.com/mapfiles/place_api/icons/v2/generic_pinlet,Saharany_Kota Palu,ChIJMQItoVntiy0Rvr_NcTKs5yw,0.0,ChIJMQItoVntiy0Rvr_NcTKs5yw,"['tourist_attraction', 'point_of_interest', 'establishment']",0,"[{'height': 2592, 'html_attributions': ['<a href=""https://maps.google.com/maps/contrib/115619776762995199084"">A Google User</a>'], 'photo_reference': 'AUGGfZmm41lVokb7hXpvpedieu5tQbWx0Wuin8TnikaaxfPXgu-ket3mXEkXJjq5p8_nYLfYog2IYilx4I_Vha6Ba3yu-j5urWRPbIQEYNYnq1c1R6vD4vKSWEUcUl26Hy009PcgvFZNkOCjHHr-oGGiirBKn8o5HNrYnkW0tpqy0-dQwIA5', 'width': 1944}]",,,https://www.google.com/maps/place/?q=place_id:ChIJMQItoVntiy0Rvr_NcTKs5yw
OPERATIONAL,"3WXJ+M4H, Kawatuna, Mantikulore, Palu City, Central Sulawesi 94118, Indonesia","{'location': {'lat': -0.9008124999999999, 'lng': 119.9303594}, 'viewport': {'northeast': {'lat': -0.8994613701072779, 'lng': 119.9317083798928}, 'southwest': {'lat': -0.9021610298927222, 'lng': 119.9290087201073}}}",https://maps.gstatic.com/mapfiles/place_api/icons/v1/png_71/generic_business-71.png,#13B5C7,https://maps.gstatic.com/mapfiles/place_api/icons/v2/generic_pinlet,Adilah Garden,ChIJMyqA7Tvviy0R3ptmjncOsf0,4.5,ChIJMyqA7Tvviy0R3ptmjncOsf0,"['tourist_attraction', 'point_of_interest', 'establishment']",240,"[{'height': 2322, 'html_attributions': ['<a href=""https://maps.google.com/maps/contrib/105883883336355882378"">Amalia Korompot</a>'], 'photo_reference': 'AUGGfZkKYGpJ2D3wMJoJlRb1jHDQwNbHs5YUxKERm81ePtXEd2UxbPqFpb-XtDtihhHHpXKRbDsmLOcwHjBTQ-UhZAIZXJxr2Sru1UgOU1zCUPIWYH5kAiySFl9_vsK8cq7f8WBNTik_XDzXqb4RCoJHRBWOOtPmtRcOTxRYMqtROx5Ajg3x', 'width': 4128}]",,{'open_now': True},https://www.google.com/maps/place/?q=place_id:ChIJMyqA7Tvviy0R3ptmjncOsf0
OPERATIONAL,"3R4J+G76, Balane, Kinovaro, Sigi Regency, Central Sulawesi, Indonesia","{'location': {'lat': -0.9437238, 'lng': 119.8306267}, 'viewport': {'northeast': {'lat': -0.9423648701072779, 'lng': 119.8319646798927}, 'southwest': {'lat': -0.9450645298927222, 'lng': 119.8292650201073}}}",https://maps.gstatic.com/mapfiles/place_api/icons/v1/png_71/generic_business-71.png,#13B5C7,https://maps.gstatic.com/mapfiles/place_api/icons/v2/generic_pinlet,checkdam lewara,ChIJGxx-IQDziy0Ra9urfTgxMGE,0.0,ChIJGxx-IQDziy0Ra9urfTgxMGE,"['tourist_attraction', 'point_of_interest', 'establishment']",0,,,,https://www.google.com/maps/place/?q=place_id:ChIJGxx-IQDziy0Ra9urfTgxMGE
OPERATIONAL,"Jl. Banteng III No.60, Birobuli Sel., Kec. Palu Sel., Kota Palu, Sulawesi Tengah 94235, Indonesia","{'location': {'lat': -0.9330469, 'lng': 119.8899588}, 'viewport': {'northeast': {'lat': -0.9317009201072779, 'lng': 119.8913398798927}, 'southwest': {'lat': -0.9344005798927222, 'lng': 119.8886402201073}}}",https://maps.gstatic.com/mapfiles/place_api/icons/v1/png_71/generic_business-71.png,#13B5C7,https://maps.gstatic.com/mapfiles/place_api/icons/v2/generic_pinlet,RUMAH TAMBUNAN,ChIJKTlp233xiy0RBmN2IpaMsGU,5.0,ChIJKTlp233xiy0RBmN2IpaMsGU,"['tourist_attraction', 'point_of_interest', 'establishment']",2,,"{'compound_code': '3V8Q+QX Birobuli Selatan, Palu City, Central Sulawesi, Indonesia', 'global_code': '6PFX3V8Q+QX'}",,https://www.google.com/maps/place/?q=place_id:ChIJKTlp233xiy0RBmN2IpaMsGU
OPERATIONAL,"3V4J+JGR, Kalukubula, Sigi Biromaru, Sigi Regency, Central Sulawesi 94236, Indonesia","{'location': {'lat': -0.9427840999999999, 'lng': 119.881288}, 'viewport': {'northeast': {'lat': -0.9414348201072779, 'lng': 119.8826599298927}, 'southwest': {'lat': -0.9441344798927221, 'lng': 119.8799602701072}}}",https://maps.gstatic.com/mapfiles/place_api/icons/v1/png_71/generic_business-71.png,#13B5C7,https://maps.gstatic.com/mapfiles/place_api/icons/v2/generic_pinlet,RTH TAIGANJA KALUKUBULA,ChIJGw8Eg2Dziy0RDzvvlVnfWUU,4.8,ChIJGw8Eg2Dziy0RDzvvlVnfWUU,"['tourist_attraction', 'point_of_interest', 'establishment']",6,"[{'height': 12000, 'html_attributions': ['<a href=""https://maps.google.com/maps/contrib/112024522044107792595"">A Google User</a>'], 'photo_reference': 'AUGGfZm5WWvnuCmv1n6w9bpB0lTTQqw4bCBN3i24Bcmrb7YgqWf6wQVqC5bXP04TXdHFsqinYcd8wmh7eoQ3slVd6SaY4cf1NKXXu7Behr5yUUspHNErYX5dw2t4Y_YSfcmypfsLVdUga4jmLj_bKEXNngQt6OE636mPV_57wb1gGwRASDJF', 'width': 9000}]",,,https://www.google.com/maps/place/?q=place_id:ChIJGw8Eg2Dziy0RDzvvlVnfWUU
OPERATIONAL,"Tipo, Palu Barat, Palu City, Central Sulawesi 94228, Indonesia","{'location': {'lat': -0.8528524000000001, 'lng': 119.8253936}, 'viewport': {'northeast': {'lat': -0.8515201201072778, 'lng': 119.8267493298927}, 'southwest': {'lat': -0.8542197798927222, 'lng': 119.8240496701073}}}",https://maps.gstatic.com/mapfiles/place_api/icons/v1/png_71/generic_business-71.png,#13B5C7,https://maps.gstatic.com/mapfiles/place_api/icons/v2/generic_pinlet,Permandian Tumbelaka,ChIJZyPpzMLtiy0RemoaObUeGis,3.9,ChIJZyPpzMLtiy0RemoaObUeGis,"['tourist_attraction', 'point_of_interest', 'establishment']",9,"[{'height': 1080, 'html_attributions': ['<a href=""https://maps.google.com/maps/contrib/105445051851075541631"">angkara MURKA</a>'], 'photo_reference': 'AUGGfZnR-YwUBNWD30V91aYVrIY5pGnvEEZSju13RhIRcgaWSosEg0uRSFXE_paMlP0w32dCHnDTclWNabo6xHdWtqrWgVVqw4WFcDzcTLY2nkKRZXH0c7VrIDbGS0RIP8GXJBp97QWph7goOFaXNr4t9ngeISu25ZYM5QwrNEol8l-97504', 'width': 1920}]","{'compound_code': '4RWG+V5 Tipo, Palu City, Central Sulawesi, Indonesia', 'global_code': '6PFX4RWG+V5'}",,https://www.google.com/maps/place/?q=place_id:ChIJZyPpzMLtiy0RemoaObUeGis
OPERATIONAL,"3RXR+F3C, Donggala Kodi, Palu Barat, Palu City, Central Sulawesi 94111, Indonesia","{'location': {'lat': -0.9011186000000001, 'lng': 119.8402523}, 'viewport': {'northeast': {'lat': -0.8997954701072779, 'lng': 119.8415841298927}, 'southwest': {'lat': -0.9024951298927222, 'lng': 119.8388844701073}}}",https://maps.gstatic.com/mapfiles/place_api/icons/v1/png_71/generic_business-71.png,#13B5C7,https://maps.gstatic.com/mapfiles/place_api/icons/v2/generic_pinlet,Mael Waterboom,ChIJzXFCUQDtiy0R-UESu1WuEeA,5.0,ChIJzXFCUQDtiy0R-UESu1WuEeA,"['tourist_attraction', 'point_of_interest', 'establishment']",1,"[{'height': 1080, 'html_attributions': ['<a href=""https://maps.google.com/maps/contrib/115355397990236260888"">A Google User</a>'], 'photo_reference': 'AUGGfZnnFLANcFkXtNq7n1X3_a7zpWtqTrN7nUX-H52SeKbTnr1VF9ypiD_GF1gQFf6m0JO2S1aNWGsvdiXWfSbQzqeF-IZIbqiFU5qjP9a4tX-Exf4Agerk7SpewB7O3-pfOf-Ncl7jKi9XTb51ojz_8n8CJfsgwBowN7QJaW4wuXZqy8h_', 'width': 1920}]",,,https://www.google.com/maps/place/?q=place_id:ChIJzXFCUQDtiy0R-UESu1WuEeA
OPERATIONAL,"2RXP+FC4, Porame, Kinovaro, Sigi Regency, Central Sulawesi, Indonesia","{'location': {'lat': -0.951346, 'lng': 119.836052}, 'viewport': {'northeast': {'lat': -0.9499993201072777, 'lng': 119.8373842298927}, 'southwest': {'lat': -0.952698979892722, 'lng': 119.8346845701073}}}",https://maps.gstatic.com/mapfiles/place_api/icons/v1/png_71/generic_business-71.png,#13B5C7,https://maps.gstatic.com/mapfiles/place_api/icons/v2/generic_pinlet,Porame Paradise Resort,ChIJK4vETVXyiy0R5EIrd4B3KHk,4.1,ChIJK4vETVXyiy0R5EIrd4B3KHk,"['tourist_attraction', 'point_of_interest', 'establishment']",54,"[{'height': 1152, 'html_attributions': ['<a href=""https://maps.google.com/maps/contrib/111111139847311419758"">reyhan kade</a>'], 'photo_reference': 'AUGGfZn8GE-W0jOz-vwoJZMJFFqVRlhUv7hPTb7vs-xf7MwUeqxfuxN0XTAsADWdeB9jk2ngb9t8v_HOEzzQI6ybbGYamyBWWpPvtssojJElcneRwPCWgYsRalClfzDzS2BIDeQ4NtRLrLrYV-yP5tEGUzf2F5omXGqbxtERcjodZq0G3Sow', 'width': 2048}]",,,https://www.google.com/maps/place/?q=place_id:ChIJK4vETVXyiy0R5EIrd4B3KHk
OPERATIONAL,"2RRP+9G2, Porame, Kinovaro, Sigi Regency, Central Sulawesi, Indonesia","{'location': {'lat': -0.9599977999999999, 'lng': 119.8372733}, 'viewport': {'northeast': {'lat': -0.9586687701072778, 'lng': 119.8385507798927}, 'southwest': {'lat': -0.9613684298927221, 'lng': 119.8358511201073}}}",https://maps.gstatic.com/mapfiles/place_api/icons/v1/png_71/generic_business-71.png,#13B5C7,https://maps.gstatic.com/mapfiles/place_api/icons/v2/generic_pinlet,Tridea Hills,ChIJMT_ZEljziy0RreTz2I9YM3Y,4.8,ChIJMT_ZEljziy0RreTz2I9YM3Y,"['tourist_attraction', 'point_of_interest', 'establishment']",60,"[{'height': 3000, 'html_attributions': ['<a href=""https://maps.google.com/maps/contrib/101949350123372216219"">Muhammad Din</a>'], 'photo_reference': 'AUGGfZlv-miXbpYFi7RCMjmNCETXPSQB7aTBO0nwqIgClmRAN4ATmjj3nle17NTAyFrjEeNW_KjotT-m6_mbCew9TtG6IjMQun4NvX9-Hs-FRXy-JPA82Tw2wEoviiq3sjjKq2tZoxvwaQxjYwmnDEWMis7-I9R1IQYicxVN18Mu_aFBAglL', 'width': 4000}]",,{'open_now': False},https://www.google.com/maps/place/?q=place_id:ChIJMT_ZEljziy0RreTz2I9YM3Y
OPERATIONAL,"3V35+4Q8, Binangga, Marawola, Sigi Regency, Central Sulawesi 94222, Indonesia","{'location': {'lat': -0.9472044, 'lng': 119.8594458}, 'viewport': {'northeast': {'lat': -0.9458302201072779, 'lng': 119.8607835798927}, 'southwest': {'lat': -0.9485298798927221, 'lng': 119.8580839201073}}}",https://maps.gstatic.com/mapfiles/place_api/icons/v1/png_71/generic_business-71.png,#13B5C7,https://maps.gstatic.com/mapfiles/place_api/icons/v2/generic_pinlet,Lapangan karapan sapi,ChIJywc9vgTziy0Rz7oHGYraJ18,5.0,ChIJywc9vgTziy0Rz7oHGYraJ18,"['tourist_attraction', 'point_of_interest', 'establishment']",2,"[{'height': 1920, 'html_attributions': ['<a href=""https://maps.google.com/maps/contrib/117245251637198692737"">fia deef</a>'], 'photo_reference': 'AUGGfZnEehliPO04OfGZ8WxnZja5TV0LQnyAjCIXr7iscsO4omz88begajhzkTiBvB8w-x8DXDlj66PgTHvB-wdT4hu33Sgo4zrICsJdEHAEO5H_t5c-i4Gfevn5LBvhld09gcNmOTgz1sE4aQ92KPWglW9RRuaCjtvRSMFsBvbJPE-flBCh', 'width': 1080}]",,,https://www.google.com/maps/place/?q=place_id:ChIJywc9vgTziy0Rz7oHGYraJ18
OPERATIONAL,"3RQV+382, Duyu, Palu Barat, Palu City, Central Sulawesi, Indonesia","{'location': {'lat': -0.9114918, 'lng': 119.8437719}, 'viewport': {'northeast': {'lat': -0.9100722701072779, 'lng': 119.8451185298927}, 'southwest': {'lat': -0.9127719298927222, 'lng': 119.8424188701073}}}",https://maps.gstatic.com/mapfiles/place_api/icons/v1/png_71/generic_business-71.png,#13B5C7,https://maps.gstatic.com/mapfiles/place_api/icons/v2/generic_pinlet,HIDROPONIK ZENJU,ChIJYbsOs5_tiy0RdN9qFrw5IW0,5.0,ChIJYbsOs5_tiy0RdN9qFrw5IW0,"['tourist_attraction', 'point_of_interest', 'establishment']",3,"[{'height': 3840, 'html_attributions': ['<a href=""https://maps.google.com/maps/contrib/106612898959495537869"">Arai Yerzu</a>'], 'photo_reference': 'AUGGfZkZGMl4zoY024HEgfObMOCzay6Dr1oNfsdfhzGF-EeQ7lLhiY7adqmmwIKzzqKPhrm5qcUXWJvFZaBQsDmLmxn0_pEHRmDCaP0zL43pply_CfjNLfVnqPiBs8nbxs5PN4mWlfiLS7Wxrv9sb7OlMdb2J2KS3PlG3HsSjIKspnIKrmrB', 'width': 2160}]",,,https://www.google.com/maps/place/?q=place_id:ChIJYbsOs5_tiy0RdN9qFrw5IW0
OPERATIONAL,"4VFC+WVG, Jl. Penggaraman, Talise, Kec. Mantikulore, Kota Palu, Sulawesi Tengah, Indonesia","{'location': {'lat': -0.8690568999999999, 'lng': 119.8728518}, 'viewport': {'northeast': {'lat': -0.8677213701072778, 'lng': 119.8742294798927}, 'southwest': {'lat': -0.8704210298927222, 'lng': 119.8715298201073}}}",https://maps.gstatic.com/mapfiles/place_api/icons/v1/png_71/generic_business-71.png,#13B5C7,https://maps.gstatic.com/mapfiles/place_api/icons/v2/generic_pinlet,Marhaenisme Ganjar Kota Palu,ChIJSzr2ABPtiy0RDqIblFRIo8A,1.0,ChIJSzr2ABPtiy0RDqIblFRIo8A,"['tourist_attraction', 'point_of_interest', 'establishment']",1,"[{'height': 1080, 'html_attributions': ['<a href=""https://maps.google.com/maps/contrib/116855650872372826230"">A Google User</a>'], 'photo_reference': 'AUGGfZl9DghCef17mHhgyLt6SYO148Qe8O562mnCGUTNa0ZSx2dg9QShzT5LRtxsl3vKfdDi6l1GDBLsOHV4DcEdBKU2wjnNFf8MYMsu1teDBx0RWFupBF0XAD7gD-1gSEKGcViDjv9dnwEq61EaY6q-WA9M3kQvySNOnLA-OCXLfIlScQAk', 'width': 1920}]",,{'open_now': False},https://www.google.com/maps/place/?q=place_id:ChIJSzr2ABPtiy0RDqIblFRIo8A
OPERATIONAL,"4V6P+Q5J, Talise, Mantikulore, Palu City, Central Sulawesi, Indonesia","{'location': {'lat': -0.8880368999999999, 'lng': 119.8853968}, 'viewport': {'northeast': {'lat': -0.8866822201072778, 'lng': 119.8867630798927}, 'southwest': {'lat': -0.8893818798927223, 'lng': 119.8840634201073}}}",https://maps.gstatic.com/mapfiles/place_api/icons/v1/png_71/generic_business-71.png,#13B5C7,https://maps.gstatic.com/mapfiles/place_api/icons/v2/generic_pinlet,Kampung Nelayan Talise,ChIJPz1vYwDviy0RknKo1DeziG8,4.8,ChIJPz1vYwDviy0RknKo1DeziG8,"['tourist_attraction', 'point_of_interest', 'establishment']",6,"[{'height': 3000, 'html_attributions': ['<a href=""https://maps.google.com/maps/contrib/100157025765033454431"">A Google User</a>'], 'photo_reference': 'AUGGfZlqcYwtNI2RJauraGdW818YSz22k07_5qA4TDk80GjOiRAuIh9csYDM-hl6vT82ymSQU4V8V4IM2lQ-vD3XAvJYOrhs672MksJWxEGhWQbWDh3c6yjdKfqV1NxaB8X3UOLN-ETuqT1MpaqnNAN8PhCIb1C40cWaAHZglvFjSWRzpt0s', 'width': 4000}]",,,https://www.google.com/maps/place/?q=place_id:ChIJPz1vYwDviy0RknKo1DeziG8
OPERATIONAL,"Jl. Lasoso, Mpanau, Kec. Sigi Biromaru, Kabupaten Sigi, Sulawesi Tengah 94364, Indonesia","{'location': {'lat': -0.9509664, 'lng': 119.9169165}, 'viewport': {'northeast': {'lat': -0.9496073201072781, 'lng': 119.9181783798928}, 'southwest': {'lat': -0.9523069798927224, 'lng': 119.9154787201073}}}",https://maps.gstatic.com/mapfiles/place_api/icons/v1/png_71/generic_business-71.png,#13B5C7,https://maps.gstatic.com/mapfiles/place_api/icons/v2/generic_pinlet,Tour & travel puntana,ChIJeakdJXfxiy0RWEx2m137ikk,0.0,ChIJeakdJXfxiy0RWEx2m137ikk,"['tourist_attraction', 'point_of_interest', 'establishment']",0,"[{'height': 1839, 'html_attributions': ['<a href=""https://maps.google.com/maps/contrib/105296256269078668811"">A Google User</a>'], 'photo_reference': 'AUGGfZk7E9uDNifp0ech-P6ETHyO1r-DY_4P5gy8Hy-Ri9Q9AjCAhfXD6bCsV1nIIvEQOpKwE2y6l0maJN94WX8sCch0L2dZY9Wma9MS_jFzye3APEaTTBMLhJ53-tCvqNDgaYy6rweuNw4qmtdKTomerwV6rbf4UT74oN6HhmoRBe_k219z', 'width': 2833}]","{'compound_code': '2WX8+JQ Mpanau, Sigi Regency, Central Sulawesi, Indonesia', 'global_code': '6PFX2WX8+JQ'}",,https://www.google.com/maps/place/?q=place_id:ChIJeakdJXfxiy0RWEx2m137ikk
OPERATIONAL,"Jl. Kalora, Nunu, Kec. Palu Bar., Kota Palu, Sulawesi Tengah 94111, Indonesia","{'location': {'lat': -0.9068465000000001, 'lng': 119.8671457}, 'viewport': {'northeast': {'lat': -0.9054945701072777, 'lng': 119.8685008798927}, 'southwest': {'lat': -0.908194229892722, 'lng': 119.8658012201073}}}",https://maps.gstatic.com/mapfiles/place_api/icons/v1/png_71/generic_business-71.png,#13B5C7,https://maps.gstatic.com/mapfiles/place_api/icons/v2/generic_pinlet,Tanggul nosarara Kelurahan Nunu,ChIJyTG_zdftiy0RtWnAmh_DwbA,4.6,ChIJyTG_zdftiy0RtWnAmh_DwbA,"['tourist_attraction', 'point_of_interest', 'establishment']",16,"[{'height': 1968, 'html_attributions': ['<a href=""https://maps.google.com/maps/contrib/117558568313863433067"">Hery susanto</a>'], 'photo_reference': 'AUGGfZkSK8YlL8ESIoxmHN5OViRuFseiuXf7Qoltiq6tZKwWvKtY-4T3kJ4-1mzymKVXx_e1RAExe0WLSXNy_EnFkBVPmOGtwAp4at-En5brHEnOvj8syqAftctOO-lIaPH1bJ4aTtB_TUCy-qSR_gAxcmJKzPmM1qsDJWlR_Ai8sGT2x8-a', 'width': 4144}]","{'compound_code': '3VV8+7V Nunu, Palu City, Central Sulawesi, Indonesia', 'global_code': '6PFX3VV8+7V'}",,https://www.google.com/maps/place/?q=place_id:ChIJyTG_zdftiy0RtWnAmh_DwbA
OPERATIONAL,"4RGC+RWG, Silae, Ulujadi, Palu City, Central Sulawesi 94227, Indonesia","{'location': {'lat': -0.8729414, 'lng': 119.8223306}, 'viewport': {'northeast': {'lat': -0.8715874701072779, 'lng': 119.8236784298927}, 'southwest': {'lat': -0.8742871298927223, 'lng': 119.8209787701072}}}",https://maps.gstatic.com/mapfiles/place_api/icons/v1/png_71/generic_business-71.png,#13B5C7,https://maps.gstatic.com/mapfiles/place_api/icons/v2/generic_pinlet,BAJIGUR,ChIJTxxkdvbtiy0REIz_poIz_1s,3.5,ChIJTxxkdvbtiy0REIz_poIz_1s,"['tourist_attraction', 'point_of_interest', 'establishment']",2,,,,https://www.google.com/maps/place/?q=place_id:ChIJTxxkdvbtiy0REIz_poIz_1s
OPERATIONAL,"3R23+6W5, Unnamed Road, Matantimali, Kec. Marawola Barat, Kabupaten Sigi, Sulawesi Tengah 94226, Indonesia","{'location': {'lat': -0.9494836999999999, 'lng': 119.8048471}, 'viewport': {'northeast': {'lat': -0.948133870107278, 'lng': 119.8061969298927}, 'southwest': {'lat': -0.9508335298927222, 'lng': 119.8034972701072}}}",https://maps.gstatic.com/mapfiles/place_api/icons/v1/png_71/generic_business-71.png,#13B5C7,https://maps.gstatic.com/mapfiles/place_api/icons/v2/generic_pinlet,Menara Bambu Matantimali,ChIJKWvYmBbziy0R29xzfdoxpG8,4.7,ChIJKWvYmBbziy0R29xzfdoxpG8,"['tourist_attraction', 'point_of_interest', 'establishment']",3,"[{'height': 2080, 'html_attributions': ['<a href=""https://maps.google.com/maps/contrib/105883883336355882378"">amalia korompot</a>'], 'photo_reference': 'AUGGfZkZrGnhZ5ZwfxxwxKcnFTh5fahjEunM6WLqNyO4QJmtIORK8Ak0BFsd8O2FJYwgwvne3gJc_Vs8tg-lXhWivQbizK3rOG1v9QZQVJ5w36XTMJsI77P5Mfs0Ng8gpxJBHHkFIAqVoOE876BQ1AiR6dCcqNmHMkhvxz6R36UUf5J2ALNc', 'width': 4608}]",,{'open_now': False},https://www.google.com/maps/place/?q=place_id:ChIJKWvYmBbziy0R29xzfdoxpG8
OPERATIONAL,"3R4J+C76, Balane, Kinovaro, Sigi Regency, Central Sulawesi, Indonesia","{'location': {'lat': -0.9439704999999999, 'lng': 119.8306482}, 'viewport': {'northeast': {'lat': -0.9426035201072778, 'lng': 119.8319995298927}, 'southwest': {'lat': -0.9453031798927221, 'lng': 119.8292998701072}}}",https://maps.gstatic.com/mapfiles/place_api/icons/v1/png_71/generic_business-71.png,#13B5C7,https://maps.gstatic.com/mapfiles/place_api/icons/v2/generic_pinlet,Bendungan Misterius,ChIJ1XzED5Xziy0R7SmD2q5lbBk,4.4,ChIJ1XzED5Xziy0R7SmD2q5lbBk,"['tourist_attraction', 'point_of_interest', 'establishment']",138,"[{'height': 4032, 'html_attributions': ['<a href=""https://maps.google.com/maps/contrib/117090256734946397023"">Dwi Budisantoso</a>'], 'photo_reference': 'AUGGfZn8g_m0sTEKIcj_nUaEJ1ctgb3jY_iXkydzoLVCXzqbxLkeIm5FBG-uTo1bEmKmeZwyU7Kjo3TRdybky3igkTyTGKgwmCzpVtFDckEuIdYZIqzhO3vS4u1x9LTee9gQy6INRQQLigpa7JOqkV7vdRnXhTsF5_f-l_MevHvGmIi41a9h', 'width': 3024}]",,,https://www.google.com/maps/place/?q=place_id:ChIJ1XzED5Xziy0R7SmD2q5lbBk
OPERATIONAL,"5W76+4HQ, Tondo, Mantikulore, Palu City, Central Sulawesi, Indonesia","{'location': {'lat': -0.8366182999999999, 'lng': 119.9115067}, 'viewport': {'northeast': {'lat': -0.8352934201072778, 'lng': 119.9129018798927}, 'southwest': {'lat': -0.8379930798927222, 'lng': 119.9102022201072}}}",https://maps.gstatic.com/mapfiles/place_api/icons/v1/png_71/generic_business-71.png,#13B5C7,https://maps.gstatic.com/mapfiles/place_api/icons/v2/generic_pinlet,GRIYA TADULAKO PERMAI,ChIJo07WP47piy0R-Ng1Ddh9SJo,0.0,ChIJo07WP47piy0R-Ng1Ddh9SJo,"['tourist_attraction', 'point_of_interest', 'establishment']",0,,,,https://www.google.com/maps/place/?q=place_id:ChIJo07WP47piy0R-Ng1Ddh9SJo
OPERATIONAL,"3V3F+6J, Sunju, Marawola, Sigi Regency, Central Sulawesi 94222, Indonesia","{'location': {'lat': -0.9461518999999999, 'lng': 119.8744218}, 'viewport': {'northeast': {'lat': -0.944901320107278, 'lng': 119.8758004798928}, 'southwest': {'lat': -0.9476009798927223, 'lng': 119.8731008201073}}}",https://maps.gstatic.com/mapfiles/place_api/icons/v1/png_71/generic_business-71.png,#13B5C7,https://maps.gstatic.com/mapfiles/place_api/icons/v2/generic_pinlet,GURKY SUNJU FARM,ChIJqRD82I3ziy0RD0Hk9MZsGIU,0.0,ChIJqRD82I3ziy0RD0Hk9MZsGIU,"['tourist_attraction', 'point_of_interest', 'establishment']",0,,,,https://www.google.com/maps/place/?q=place_id:ChIJqRD82I3ziy0RD0Hk9MZsGIU
OPERATIONAL,"4VGQ+RRH, Talise, Mantikulore, Palu City, Central Sulawesi 94118, Indonesia","{'location': {'lat': -0.8735086999999999, 'lng': 119.8900793}, 'viewport': {'northeast': {'lat': -0.8721591201072776, 'lng': 119.8914225298928}, 'southwest': {'lat': -0.8748587798927221, 'lng': 119.8887228701073}}}",https://maps.gstatic.com/mapfiles/place_api/icons/v1/png_71/generic_business-71.png,#13B5C7,https://maps.gstatic.com/mapfiles/place_api/icons/v2/generic_pinlet,TIKUNGAN 22',ChIJ0wA4SQDviy0Rd4BAcyj5n5A,0.0,ChIJ0wA4SQDviy0Rd4BAcyj5n5A,"['tourist_attraction', 'point_of_interest', 'establishment']",0,,,{'open_now': True},https://www.google.com/maps/place/?q=place_id:ChIJ0wA4SQDviy0Rd4BAcyj5n5A
OPERATIONAL,"4V3C+MW9, Besusu Tengah, Palu Timur, Palu City, Central Sulawesi 94111, Indonesia","{'location': {'lat': -0.8958370999999999, 'lng': 119.8723469}, 'viewport': {'northeast': {'lat': -0.8945356701072776, 'lng': 119.8739267298927}, 'southwest': {'lat': -0.897235329892722, 'lng': 119.8712270701073}}}",https://maps.gstatic.com/mapfiles/place_api/icons/v1/png_71/park-71.png,#4DB546,https://maps.gstatic.com/mapfiles/place_api/icons/v2/tree_pinlet,GOR Park,ChIJN1blDtvtiy0R_CxnmF5s5Kg,4.5,ChIJN1blDtvtiy0R_CxnmF5s5Kg,"['park', 'tourist_attraction', 'point_of_interest', 'establishment']",3294,"[{'height': 2448, 'html_attributions': ['<a href=""https://maps.google.com/maps/contrib/102296851231287088051"">evi novita</a>'], 'photo_reference': 'AUGGfZnU-8GvB5-UoQEY8eNvXdWHcGRcpxmP6VTh4lJvdvEZZaGeWV0918vdN6VpbkHyiL673veM_CeaFeCGmZ7_EE5i6tiCGXsHwbVqa2gkrgv3C3OBpkzXcJthADEBiTNOOislHY9tgP_pPwmNJUoJWkuHOQmTVFmbClC4XpgUWmddemmb', 'width': 3264}]",,{'open_now': True},https://www.google.com/maps/place/?q=place_id:ChIJN1blDtvtiy0R_CxnmF5s5Kg
OPERATIONAL,"Tipo, Ulujadi, Palu City, Central Sulawesi, Indonesia","{'location': {'lat': -0.8576191, 'lng': 119.8272583}, 'viewport': {'northeast': {'lat': -0.8563176701072778, 'lng': 119.8284971798927}, 'southwest': {'lat': -0.8590173298927222, 'lng': 119.8257975201072}}}",https://maps.gstatic.com/mapfiles/place_api/icons/v1/png_71/generic_business-71.png,#13B5C7,https://maps.gstatic.com/mapfiles/place_api/icons/v2/generic_pinlet,Vila Tipo,ChIJ7YK6FQDtiy0Rr5ttjYDN-og,5.0,ChIJ7YK6FQDtiy0Rr5ttjYDN-og,"['tourist_attraction', 'point_of_interest', 'establishment']",1,"[{'height': 3000, 'html_attributions': ['<a href=""https://maps.google.com/maps/contrib/102115688927350513697"">A Google User</a>'], 'photo_reference': 'AUGGfZlnurQNaUkc3JBDEwSZzX7u87VGDmdsFQpOPtBs06ALObSXz_8-ro5H52U2tSez8foaUuT9-391ijPAa45dEwOWc6-iaFSiiZhOpIg0fZHStw9GaKJo3UsGronbZ8pu6DCRdTkLrX9qizZ9yZankWuw_lcjcHriHCn_x-JcG1B4mVnl', 'width': 4000}]","{'compound_code': '4RRG+XW Tipo, Palu City, Central Sulawesi, Indonesia', 'global_code': '6PFX4RRG+XW'}",,https://www.google.com/maps/place/?q=place_id:ChIJ7YK6FQDtiy0Rr5ttjYDN-og
OPERATIONAL,"2V5C+JV3, Pulu City, Dolo, Sigi Regency, Central Sulawesi 94362, Indonesia","{'location': {'lat': -0.9910259, 'lng': 119.8721588}, 'viewport': {'northeast': {'lat': -0.989670970107278, 'lng': 119.8734446298927}, 'southwest': {'lat': -0.9923706298927222, 'lng': 119.8707449701073}}}",https://maps.gstatic.com/mapfiles/place_api/icons/v1/png_71/generic_business-71.png,#13B5C7,https://maps.gstatic.com/mapfiles/place_api/icons/v2/generic_pinlet,Makam yaruntasi (raja dolo),ChIJFRk9wz_1iy0REYrutdTqsxo,0.0,ChIJFRk9wz_1iy0REYrutdTqsxo,"['tourist_attraction', 'point_of_interest', 'establishment']",0,,,,https://www.google.com/maps/place/?q=place_id:ChIJFRk9wz_1iy0REYrutdTqsxo
OPERATIONAL,"3R6V+8HP, Unnamed Road, Balane, Kec. Kinovaro, Kabupaten Sigi, Sulawesi Tengah, Indonesia","{'location': {'lat': -0.9391533, 'lng': 119.8439433}, 'viewport': {'northeast': {'lat': -0.937891570107278, 'lng': 119.8454591298927}, 'southwest': {'lat': -0.9405912298927223, 'lng': 119.8427594701073}}}",https://maps.gstatic.com/mapfiles/place_api/icons/v1/png_71/generic_business-71.png,#13B5C7,https://maps.gstatic.com/mapfiles/place_api/icons/v2/generic_pinlet,Villa Manan,ChIJUY6V8qbziy0RG6eQoa1_37g,5.0,ChIJUY6V8qbziy0RG6eQoa1_37g,"['tourist_attraction', 'point_of_interest', 'establishment']",2,"[{'height': 1600, 'html_attributions': ['<a href=""https://maps.google.com/maps/contrib/107881540473913921521"">Sabrina Manan</a>'], 'photo_reference': 'AUGGfZly8hTXtkVmz7WZ_e-Z7W6ewohM-I2yYRs642KAJ9fh9dcJxJUY8-HV6U80kB3maQLLlIUwDvEOBxr778tOb_umPrt9tIuRjXYpF4swAdm1a1fotEjtT-RYnT0Cox-jRVqk0f11m7fa8Zy5J1VRvjjif6HQ9aFN6ZYKb6tN7rwMwoHf', 'width': 1200}]",,,https://www.google.com/maps/place/?q=place_id:ChIJUY6V8qbziy0RG6eQoa1_37g
OPERATIONAL,"4V8H+VW4, Lorong Tombolotutu I, Talise, Kec. Palu Tim., Kota Palu, Sulawesi Tengah 94118, Indonesia","{'location': {'lat': -0.8828651, 'lng': 119.8798383}, 'viewport': {'northeast': {'lat': -0.8815098701072777, 'lng': 119.8811562298927}, 'southwest': {'lat': -0.8842095298927222, 'lng': 119.8784565701072}}}",https://maps.gstatic.com/mapfiles/place_api/icons/v1/png_71/generic_business-71.png,#13B5C7,https://maps.gstatic.com/mapfiles/place_api/icons/v2/generic_pinlet,Tembok bergambar,ChIJJd6_pO_tiy0R9KPBmXH7vF4,4.5,ChIJJd6_pO_tiy0R9KPBmXH7vF4,"['tourist_attraction', 'point_of_interest', 'establishment']",2,"[{'height': 1856, 'html_attributions': ['<a href=""https://maps.google.com/maps/contrib/103185394572457152970"">amang wib</a>'], 'photo_reference': 'AUGGfZlvUBIdImed9WdJCe9YrR7iVMFlY920QCxckH1TPNJ3Bw82F1QTbAkTKUKodEmSdm5ZxXLccw5az46rua0wR7SKXbtitMvmki0fAcsiHkJW0MOSRVYJvN29Nuw5kRg4D2Teywpx07vAmPbCJStCrnL5J_8HV4JSvf11HCr9tvhTNrhQ', 'width': 4000}]",,,https://www.google.com/maps/place/?q=place_id:ChIJJd6_pO_tiy0R9KPBmXH7vF4
OPERATIONAL,"Jl. Anoa No.144, Tatura Utara, Kec. Palu Sel., Kota Palu, Sulawesi Tengah 94111, Indonesia","{'location': {'lat': -0.9133266000000001, 'lng': 119.8854991}, 'viewport': {'northeast': {'lat': -0.9119246701072781, 'lng': 119.8868599798927}, 'southwest': {'lat': -0.9146243298927224, 'lng': 119.8841603201073}}}",https://maps.gstatic.com/mapfiles/place_api/icons/v1/png_71/generic_business-71.png,#13B5C7,https://maps.gstatic.com/mapfiles/place_api/icons/v2/generic_pinlet,Rumah Berlapis Emas,ChIJc5R2T0Hviy0RLOks4UQB1G8,4.5,ChIJc5R2T0Hviy0RLOks4UQB1G8,"['tourist_attraction', 'point_of_interest', 'establishment']",37,"[{'height': 3024, 'html_attributions': ['<a href=""https://maps.google.com/maps/contrib/113317631723760706329"">Abd Rahman</a>'], 'photo_reference': 'AUGGfZkRrSuvPXwq-eY2TtIzbn97qeHmUjzVYQnvc4GfgXuQKc0o0bU4IQGyjo93fNGmN1HfHCXLMyd_lZ1IfZDZjlQPb65rsyZs9jO4sqUP_1aAdoWxaDokbQrek-I29p3zlc1bsIr8gQtOEDlS5yW2kRMrQVPkO2I_siHgXyaagbA_iHeJ', 'width': 4032}]","{'compound_code': '3VPP+M5 Tatura Utara, Palu City, Central Sulawesi, Indonesia', 'global_code': '6PFX3VPP+M5'}",{},https://www.google.com/maps/place/?q=place_id:ChIJc5R2T0Hviy0RLOks4UQB1G8
OPERATIONAL,"Jl. Penggaraman, Talise, Kec. Mantikulore, Kota Palu, Sulawesi Tengah, Indonesia","{'location': {'lat': -0.8691607, 'lng': 119.8728008}, 'viewport': {'northeast': {'lat': -0.8678252701072777, 'lng': 119.8741784298927}, 'southwest': {'lat': -0.8705249298927222, 'lng': 119.8714787701073}}}",https://maps.gstatic.com/mapfiles/place_api/icons/v1/png_71/generic_business-71.png,#13B5C7,https://maps.gstatic.com/mapfiles/place_api/icons/v2/generic_pinlet,Hiling,ChIJvxw_p_7tiy0Rb006o9D9jDE,0.0,ChIJvxw_p_7tiy0Rb006o9D9jDE,"['tourist_attraction', 'point_of_interest', 'establishment']",0,,,,https://www.google.com/maps/place/?q=place_id:ChIJvxw_p_7tiy0Rb006o9D9jDE
OPERATIONAL,"3R28+32P, Wayu, Marawola Barat, Sigi Regency, Central Sulawesi 94632, Indonesia","{'location': {'lat': -0.9496673999999999, 'lng': 119.8140125}, 'viewport': {'northeast': {'lat': -0.9482080201072779, 'lng': 119.8153170798927}, 'southwest': {'lat': -0.9509076798927222, 'lng': 119.8126174201072}}}",https://maps.gstatic.com/mapfiles/place_api/icons/v1/png_71/generic_business-71.png,#13B5C7,https://maps.gstatic.com/mapfiles/place_api/icons/v2/generic_pinlet,Menara Pandang Paralayang Wayu,ChIJI1rNLXrziy0Rzv5hBDzWUHs,4.8,ChIJI1rNLXrziy0Rzv5hBDzWUHs,"['tourist_attraction', 'point_of_interest', 'establishment']",6,"[{'height': 1080, 'html_attributions': ['<a href=""https://maps.google.com/maps/contrib/106781293694647291104"">A Google User</a>'], 'photo_reference': 'AUGGfZn-CYomL7XAIc4LAQGoyFGTxrHRx68KpOyWt057jCAxoY2eUNLhYmEg8m-rQ9SAyu1iocdXyfzrodO8KtMxbvPc6YHUHSMqfzkg5cJGmC77sq0JNqCQ71Hc3N2jlSrB0Z5pvB5J7WNzTg021tDWwsA4p33ZrvWUw3RL8UzXVnI64UsE', 'width': 1920}]",,{'open_now': True},https://www.google.com/maps/place/?q=place_id:ChIJI1rNLXrziy0Rzv5hBDzWUHs
OPERATIONAL,"3RXR+7G8, Jl. Manggis II, Donggala Kodi, Kec. Ulujadi, Kota Palu, Sulawesi Tengah 94111, Indonesia","{'location': {'lat': -0.9018499000000001, 'lng': 119.8413156}, 'viewport': {'northeast': {'lat': -0.9004689201072779, 'lng': 119.8426608798927}, 'southwest': {'lat': -0.9031685798927221, 'lng': 119.8399612201073}}}",https://maps.gstatic.com/mapfiles/place_api/icons/v1/png_71/generic_business-71.png,#13B5C7,https://maps.gstatic.com/mapfiles/place_api/icons/v2/generic_pinlet,Lorong pinang,ChIJVQpTAQDtiy0Rf1JysocinQw,0.0,ChIJVQpTAQDtiy0Rf1JysocinQw,"['tourist_attraction', 'point_of_interest', 'establishment']",0,,,,https://www.google.com/maps/place/?q=place_id:ChIJVQpTAQDtiy0Rf1JysocinQw
OPERATIONAL,"3W29+GJ9, Mpanau, Sigi Biromaru, Sigi Regency, Central Sulawesi, Indonesia","{'location': {'lat': -0.9487029, 'lng': 119.9191194}, 'viewport': {'northeast': {'lat': -0.9473497701072778, 'lng': 119.9203475298928}, 'southwest': {'lat': -0.9500494298927221, 'lng': 119.9176478701073}}}",https://maps.gstatic.com/mapfiles/place_api/icons/v1/png_71/generic_business-71.png,#13B5C7,https://maps.gstatic.com/mapfiles/place_api/icons/v2/generic_pinlet,welcome to heaven,ChIJp0SG4rjxiy0RQ7q0LUhqrLE,0.0,ChIJp0SG4rjxiy0RQ7q0LUhqrLE,"['tourist_attraction', 'point_of_interest', 'establishment']",0,,,,https://www.google.com/maps/place/?q=place_id:ChIJp0SG4rjxiy0RQ7q0LUhqrLE
OPERATIONAL,"4VVH+VG6, Talise, Mantikulore, Palu City, Central Sulawesi, Indonesia","{'location': {'lat': -0.8553425, 'lng': 119.8787667}, 'viewport': {'northeast': {'lat': -0.8540447701072778, 'lng': 119.8801502798927}, 'southwest': {'lat': -0.8567444298927223, 'lng': 119.8774506201073}}}",https://maps.gstatic.com/mapfiles/place_api/icons/v1/png_71/generic_business-71.png,#13B5C7,https://maps.gstatic.com/mapfiles/place_api/icons/v2/generic_pinlet,pantai talise,ChIJuUDCwv3tiy0RkodntVNKUj8,4.1,ChIJuUDCwv3tiy0RkodntVNKUj8,"['tourist_attraction', 'point_of_interest', 'establishment']",19,"[{'height': 2592, 'html_attributions': ['<a href=""https://maps.google.com/maps/contrib/106786139804140508051"">A Google User</a>'], 'photo_reference': 'AUGGfZkE9knhHyI1NJKrCNoKI9QErgqBGwS1yUzfpuY9y7tyZy_YtWCszLTP9OGbdCGWB_0uAmQlq8cyytTuA-rmec_QbfHPHPk-wEGbGSNfpJYa5rueTScOdg8_18EhSQkxtS6bV6YWhenJJC78YOPeC88ltUQZqUfnlfDWZudyVRCBH4Sx', 'width': 4608}]",,,https://www.google.com/maps/place/?q=place_id:ChIJuUDCwv3tiy0RkodntVNKUj8
OPERATIONAL,"2VJG+WH2, Kabobona, Sigi Biromaru, Sigi Regency, Central Sulawesi, Indonesia","{'location': {'lat': -0.9676787999999998, 'lng': 119.8763849}, 'viewport': {'northeast': {'lat': -0.9663170701072781, 'lng': 119.8777300798927}, 'southwest': {'lat': -0.9690167298927223, 'lng': 119.8750304201073}}}",https://maps.gstatic.com/mapfiles/place_api/icons/v1/png_71/generic_business-71.png,#13B5C7,https://maps.gstatic.com/mapfiles/place_api/icons/v2/generic_pinlet,Kastanye Riverside,ChIJYf_uQIPziy0RbgYo1kdPp9E,4.7,ChIJYf_uQIPziy0RbgYo1kdPp9E,"['tourist_attraction', 'point_of_interest', 'establishment']",24,"[{'height': 3000, 'html_attributions': ['<a href=""https://maps.google.com/maps/contrib/118211525470534962804"">wendry yulianto</a>'], 'photo_reference': 'AUGGfZnaxvnG04JT8mk6MArfQpzc0lyoWSnw1LKjUkaDh_Ma_o8F4LBwFiABOJ8hq-aQQNjWRFlAFYMR4jTnqId_FDVxakDmdjVmxRmUqqR7jw7clxKdFwqpsCuZnwwJLyLPqU68W99sf6vwTspegQLatrXofyjBU75nKlqmX7NLUFu0BAY', 'width': 4000}]",,{'open_now': False},https://www.google.com/maps/place/?q=place_id:ChIJYf_uQIPziy0RbgYo1kdPp9E
OPERATIONAL,"Jl. Soekarno Hatta, Tondo, Kec. Mantikulore, Kota Palu, Sulawesi Tengah 94119, Indonesia","{'location': {'lat': -0.8555399, 'lng': 119.9119997}, 'viewport': {'northeast': {'lat': -0.8541900701072778, 'lng': 119.9133495298927}, 'southwest': {'lat': -0.8568897298927222, 'lng': 119.9106498701073}}}",https://maps.gstatic.com/mapfiles/place_api/icons/v1/png_71/generic_business-71.png,#13B5C7,https://maps.gstatic.com/mapfiles/place_api/icons/v2/generic_pinlet,Gong Perdamaian Palu,ChIJGyNjvc7uiy0R1De_cgC70Eg,4.4,ChIJGyNjvc7uiy0R1De_cgC70Eg,"['tourist_attraction', 'point_of_interest', 'establishment']",1036,"[{'height': 2250, 'html_attributions': ['<a href=""https://maps.google.com/maps/contrib/106828376984016798658"">Syawaluddin Unsar</a>'], 'photo_reference': 'AUGGfZkgUMXBkDuQgBDnyLFLYJdF6BLZCdV2nY5P4xW2dOg78eAtXAi1JULUPGgIj-KkXzJp-K4u_e8OTJvcyiYZbMhGq4DvWLcbV5_VLa2VRRCM0oRYpu2nHO4A0pqiTB2noCYKxOqLV5sYotyITcm_VzNXyINnoHFcLaseki2K_26D9K9u', 'width': 4000}]","{'compound_code': '4WV6+QQ Tondo, Palu City, Central Sulawesi, Indonesia', 'global_code': '6PFX4WV6+QQ'}",{'open_now': True},https://www.google.com/maps/place/?q=place_id:ChIJGyNjvc7uiy0R1De_cgC70Eg
OPERATIONAL,"4RQG+X65, Tipo, Palu Barat, Palu City, Central Sulawesi 94228, Indonesia","{'location': {'lat': -0.8602839, 'lng': 119.8250431}, 'viewport': {'northeast': {'lat': -0.8590814201072776, 'lng': 119.8264065798927}, 'southwest': {'lat': -0.8617810798927221, 'lng': 119.8237069201073}}}",https://maps.gstatic.com/mapfiles/place_api/icons/v1/png_71/generic_business-71.png,#13B5C7,https://maps.gstatic.com/mapfiles/place_api/icons/v2/generic_pinlet,Kolam renang dan pemancingan 3D TIPO,ChIJTZwRm1Ttiy0RxiNyeDtLosE,5.0,ChIJTZwRm1Ttiy0RxiNyeDtLosE,"['tourist_attraction', 'point_of_interest', 'establishment']",4,"[{'height': 1080, 'html_attributions': ['<a href=""https://maps.google.com/maps/contrib/106142850862078155428"">A Google User</a>'], 'photo_reference': 'AUGGfZm5h89IZldOpxYN3YwjTxxrQlfKrzj_sy6mt7iLpDr1o2lKnlqdGNfhbp9VgvgUU4kiokvrqNmDXwofeJnWwc0yos-zfs7AwpLDS1crEWnb1qr7b8aVhp7X4Qlsi96NWup8NaO8XJ64xOy7wxZosEoaC0kjgzffC2lTj957xSfloIxW', 'width': 1920}]",,{'open_now': True},https://www.google.com/maps/place/?q=place_id:ChIJTZwRm1Ttiy0RxiNyeDtLosE
OPERATIONAL,"4RQC+WWJ, Tipo, Ulujadi, Palu City, Central Sulawesi, Indonesia","{'location': {'lat': -0.8601645, 'lng': 119.8222703}, 'viewport': {'northeast': {'lat': -0.8588242701072779, 'lng': 119.8236743798927}, 'southwest': {'lat': -0.8615239298927223, 'lng': 119.8209747201073}}}",https://maps.gstatic.com/mapfiles/place_api/icons/v1/png_71/generic_business-71.png,#13B5C7,https://maps.gstatic.com/mapfiles/place_api/icons/v2/generic_pinlet,Disamping pantura elekton,ChIJodBIMADtiy0R57Cnu5mDgRM,0.0,ChIJodBIMADtiy0R57Cnu5mDgRM,"['tourist_attraction', 'point_of_interest', 'establishment']",0,,,,https://www.google.com/maps/place/?q=place_id:ChIJodBIMADtiy0R57Cnu5mDgRM
OPERATIONAL,"4VHH+R9Q, Jl. Jabal Nur, Talise, Kec. Mantikulore, Kota Palu, Sulawesi Tengah 94118, Indonesia","{'location': {'lat': -0.8703879999999999, 'lng': 119.8784981}, 'viewport': {'northeast': {'lat': -0.8692000701072777, 'lng': 119.8798338298927}, 'southwest': {'lat': -0.8718997298927222, 'lng': 119.8771341701073}}}",https://maps.gstatic.com/mapfiles/place_api/icons/v1/png_71/generic_business-71.png,#13B5C7,https://maps.gstatic.com/mapfiles/place_api/icons/v2/generic_pinlet,Hutan Taman kota,ChIJ81_Pc-rtiy0RTIPc4fpO97c,4.6,ChIJ81_Pc-rtiy0RTIPc4fpO97c,"['tourist_attraction', 'point_of_interest', 'establishment']",468,"[{'height': 2592, 'html_attributions': ['<a href=""https://maps.google.com/maps/contrib/105423373459980840722"">Fanny Ikhsan</a>'], 'photo_reference': 'AUGGfZmZtY5sAruIA4zjpUddNgt_FVaA3_uI3VqJpyPvFsYaSAwiIul5mgBMvOhzRRVbfj2ivIiwfcEz681HVe8D3MVgCNZVKWYs2-i9HPgcv9yuaUZj0pConLmitKhXGNG_k56C3L6D4lOvlEOMXVbTyy_pv9DtX5BCMPGDdjU0_e2P9Shs', 'width': 4608}]",,,https://www.google.com/maps/place/?q=place_id:ChIJ81_Pc-rtiy0RTIPc4fpO97c
OPERATIONAL,"Padende, Marawola, Sigi Regency, Central Sulawesi 94362, Indonesia","{'location': {'lat': -0.9648255, 'lng': 119.8425166}, 'viewport': {'northeast': {'lat': -0.9634756701072779, 'lng': 119.8438664298927}, 'southwest': {'lat': -0.9661753298927221, 'lng': 119.8411667701073}}}",https://maps.gstatic.com/mapfiles/place_api/icons/v1/png_71/generic_business-71.png,#13B5C7,https://maps.gstatic.com/mapfiles/place_api/icons/v2/generic_pinlet,Agrowisata Bunti Ede Padende,ChIJYU0AXN7ziy0RwihXVpJXInU,4.7,ChIJYU0AXN7ziy0RwihXVpJXInU,"['tourist_attraction', 'point_of_interest', 'establishment']",7,"[{'height': 1920, 'html_attributions': ['<a href=""https://maps.google.com/maps/contrib/105611772791030697906"">A Google User</a>'], 'photo_reference': 'AUGGfZkrzip9IdQpbDvsJxkNwsXzb1T8Kpt0pSkzdzUGW6lKJiuU-yn0gHEQ0_RUgXO15qhqPFgQiNkdP_YrnJizpV52fx_h9tK7aSlfEnIjFQWoKVa-vK-SwsKvglKk_3tizBlAjgXsIyp-m2ZKJKZtviSTseOra7fKrzk0g5KAtXT7vfEz', 'width': 4096}]","{'compound_code': '2RPV+32 Padende, Sigi Regency, Central Sulawesi, Indonesia', 'global_code': '6PFX2RPV+32'}",,https://www.google.com/maps/place/?q=place_id:ChIJYU0AXN7ziy0RwihXVpJXInU
OPERATIONAL,"XVVH+X5M, Pulu City, Dolo, Sigi Regency, Central Sulawesi, Indonesia","{'location': {'lat': -1.0050453, 'lng': 119.8779265}, 'viewport': {'northeast': {'lat': -1.003723520107278, 'lng': 119.8791863298927}, 'southwest': {'lat': -1.006423179892722, 'lng': 119.8764866701073}}}",https://maps.gstatic.com/mapfiles/place_api/icons/v1/png_71/generic_business-71.png,#13B5C7,https://maps.gstatic.com/mapfiles/place_api/icons/v2/generic_pinlet,VEBITA Farm,ChIJPxHuJNH1iy0RvbxZzk69WNU,5.0,ChIJPxHuJNH1iy0RvbxZzk69WNU,"['tourist_attraction', 'point_of_interest', 'establishment']",3,"[{'height': 721, 'html_attributions': ['<a href=""https://maps.google.com/maps/contrib/114148899636694866393"">A Google User</a>'], 'photo_reference': 'AUGGfZmo1Op2BW06Lj3a7iswx5aVzyVmDYYAF3D1t6g-Oz78OgHFjzPBkumYV4fNAcf3iWsN96bCbXy7L1a9eDKPFHflWl9lDDXjYozjpfrF7xh71khxD5eCIygL96YU_4HrIZ_HkJ2RzZfH4qdX-gA06l8A8y7fpHjaThHJ97HUdIVg5meA', 'width': 960}]",,,https://www.google.com/maps/place/?q=place_id:ChIJPxHuJNH1iy0RvbxZzk69WNU
OPERATIONAL,"4WV8+QQQ, Wisata, Tondo, Kec. Mantikulore, Kota Palu, Sulawesi Tengah, Indonesia","{'location': {'lat': -0.85522, 'lng': 119.915815}, 'viewport': {'northeast': {'lat': -0.8538775201072777, 'lng': 119.9171651798927}, 'southwest': {'lat': -0.8565771798927222, 'lng': 119.9144655201073}}}",https://maps.gstatic.com/mapfiles/place_api/icons/v1/png_71/generic_business-71.png,#13B5C7,https://maps.gstatic.com/mapfiles/place_api/icons/v2/generic_pinlet,Pogimba pby,ChIJB5cq2Wfviy0RNVE9Z0VDrY0,0.0,ChIJB5cq2Wfviy0RNVE9Z0VDrY0,"['tourist_attraction', 'point_of_interest', 'establishment']",0,"[{'height': 4160, 'html_attributions': ['<a href=""https://maps.google.com/maps/contrib/112188861514023904972"">A Google User</a>'], 'photo_reference': 'AUGGfZn-vmhVDHSDTpsoXxziPD-O1IIVEfTV7P2bfNkgTvW-YPnIqgqEwWNc6qo5WCGSrBHO4t4ciA9tZiLUg5oFQqhqqWWLBn8d1gTdsrC2xHsINh6H_cSdjHgu6RGTLusqxzOsIM_jF0DaPhATQsSEqFlf2SyhYh7Th4Lw7dnmTTG6aWSF', 'width': 2340}]",,,https://www.google.com/maps/place/?q=place_id:ChIJB5cq2Wfviy0RNVE9Z0VDrY0
OPERATIONAL,"4VFC+RX3, Talise, Palu Timur, Palu City, Central Sulawesi, Indonesia","{'location': {'lat': -0.8758872, 'lng': 119.8721041}, 'viewport': {'northeast': {'lat': -0.8745032701072777, 'lng': 119.8735406798927}, 'southwest': {'lat': -0.8772029298927222, 'lng': 119.8708410201072}}}",https://maps.gstatic.com/mapfiles/place_api/icons/v1/png_71/generic_business-71.png,#13B5C7,https://maps.gstatic.com/mapfiles/place_api/icons/v2/generic_pinlet,Foodcourt Dan Wisata Pantai Indah Talise,ChIJudeItX7tiy0R-JHDFtq9gzU,0.0,ChIJudeItX7tiy0R-JHDFtq9gzU,"['tourist_attraction', 'point_of_interest', 'establishment']",0,,,{'open_now': False},https://www.google.com/maps/place/?q=place_id:ChIJudeItX7tiy0R-JHDFtq9gzU
OPERATIONAL,"2VV4+Q2V, Binangga, Marawola, Sigi Regency, Central Sulawesi, Indonesia","{'location': {'lat': -0.9555174999999999, 'lng': 119.8550313}, 'viewport': {'northeast': {'lat': -0.9541676701072778, 'lng': 119.8563811298927}, 'southwest': {'lat': -0.956867329892722, 'lng': 119.8536814701072}}}",https://maps.gstatic.com/mapfiles/place_api/icons/v1/png_71/generic_business-71.png,#13B5C7,https://maps.gstatic.com/mapfiles/place_api/icons/v2/generic_pinlet,BTN ondok indah,ChIJ4aVAKwDziy0RRci-OYOS1qg,0.0,ChIJ4aVAKwDziy0RRci-OYOS1qg,"['tourist_attraction', 'point_of_interest', 'establishment']",0,,,,https://www.google.com/maps/place/?q=place_id:ChIJ4aVAKwDziy0RRci-OYOS1qg
OPERATIONAL,"Jl. Tekukur No.8, Lasoani, Kec. Palu Tim., Kota Palu, Sulawesi Tengah 94111, Indonesia","{'location': {'lat': -0.902955, 'lng': 119.9084283}, 'viewport': {'northeast': {'lat': -0.9016030201072778, 'lng': 119.9097923798927}, 'southwest': {'lat': -0.9043026798927221, 'lng': 119.9070927201072}}}",https://maps.gstatic.com/mapfiles/place_api/icons/v1/png_71/generic_business-71.png,#13B5C7,https://maps.gstatic.com/mapfiles/place_api/icons/v2/generic_pinlet,TAMAN WISATA 9 MATA AIR MEBERE,ChIJ-Yz6HYXviy0RlhHrZyG-ggc,5.0,ChIJ-Yz6HYXviy0RlhHrZyG-ggc,"['tourist_attraction', 'point_of_interest', 'establishment']",2,"[{'height': 1080, 'html_attributions': ['<a href=""https://maps.google.com/maps/contrib/111577222800935335918"">A Google User</a>'], 'photo_reference': 'AUGGfZmqGZLAcIV8w6NU0UhAPmxVVoW26A44vteSosNrUPUGXxCW7fohx2Skvo2KWzYdyyTj601XYV2JRLqNLwibPN7M1Y8o8PhbXqY2AsCsz20pEptC2eJm2j7k5IJ7jHaBG12UUiaT_fJjC-lsMqxfYSLwq_z8TxGn5aKk4bC05ASTe9mU', 'width': 1920}]","{'compound_code': '3WW5+R9 Lasoani, Palu City, Central Sulawesi, Indonesia', 'global_code': '6PFX3WW5+R9'}",,https://www.google.com/maps/place/?q=place_id:ChIJ-Yz6HYXviy0RlhHrZyG-ggc
OPERATIONAL,"Jl. Gawalise, Duyu, Kec. Palu Bar., Kota Palu, Sulawesi Tengah, Indonesia","{'location': {'lat': -0.9167386000000001, 'lng': 119.8391823}, 'viewport': {'northeast': {'lat': -0.9153699701072778, 'lng': 119.8405310298927}, 'southwest': {'lat': -0.918069629892722, 'lng': 119.8378313701073}}}",https://maps.gstatic.com/mapfiles/place_api/icons/v1/png_71/generic_business-71.png,#13B5C7,https://maps.gstatic.com/mapfiles/place_api/icons/v2/generic_pinlet,Kebun Anggur DUYU BANGKIT 02/04,ChIJ2cm4Zxztiy0RW2XJas8WIkc,4.7,ChIJ2cm4Zxztiy0RW2XJas8WIkc,"['tourist_attraction', 'point_of_interest', 'establishment']",70,"[{'height': 3024, 'html_attributions': ['<a href=""https://maps.google.com/maps/contrib/109680610671422337607"">A Google User</a>'], 'photo_reference': 'AUGGfZnHWcwbaUj_WERpFcRYQsTPc9QoFUXGu-_VsM7j2Rppy59eXcbQHID7bLb7QZphQWDh8zaEtIsVHyA5DlC_y3O36i4A5tn_mlTDbuSb8RsGFgykLTVOMw_nPo2ANnmictNt-HQpXP3atHqw1r-rmA7WTaDaRGgCyvarluThY3LELMEF', 'width': 4032}]","{'compound_code': '3RMQ+7M Duyu, Palu City, Central Sulawesi, Indonesia', 'global_code': '6PFX3RMQ+7M'}",{'open_now': True},https://www.google.com/maps/place/?q=place_id:ChIJ2cm4Zxztiy0RW2XJas8WIkc
OPERATIONAL,"instagram @bestcamppalu , Facebook, Bestcamp Hidroponik dan adventure. BTN Bumi Anggur, blok AA.6, Birobuli Selatan, South Palu, Birobuli Sel., @Bestcamp, Kota Palu, Sulawesi Tengah 94235, Indonesia","{'location': {'lat': -0.9316384, 'lng': 119.8954719}, 'viewport': {'northeast': {'lat': -0.9303216201072777, 'lng': 119.8968211798927}, 'southwest': {'lat': -0.933021279892722, 'lng': 119.8941215201073}}}",https://maps.gstatic.com/mapfiles/place_api/icons/v1/png_71/generic_business-71.png,#13B5C7,https://maps.gstatic.com/mapfiles/place_api/icons/v2/generic_pinlet,CV. Best Camp Adventurindo,ChIJGePApevxiy0RMFvyEETnlWI,4.8,ChIJGePApevxiy0RMFvyEETnlWI,"['tourist_attraction', 'point_of_interest', 'establishment']",4,"[{'height': 1644, 'html_attributions': ['<a href=""https://maps.google.com/maps/contrib/116077993687125834316"">chris martin</a>'], 'photo_reference': 'AUGGfZnl6WceVXAc0-XmLQ5YTW7QjmZAZczqNUVRenw7fnAFlkl355n50smUm6fA_JmOdAMbnE4m-DrkecDqAsdcS1y3rUeVt8l7Wqh160291AXLX4aoKrVcmCHRC1VMWMdr2uFcC-qx_Sv-Uk-ZMAiLa6ZRl_Ok9l7EuOVvWf3luhYdqMkT', 'width': 2340}]","{'compound_code': '3V9W+85 Birobuli Selatan, Palu City, Central Sulawesi, Indonesia', 'global_code': '6PFX3V9W+85'}",{'open_now': True},https://www.google.com/maps/place/?q=place_id:ChIJGePApevxiy0RMFvyEETnlWI
OPERATIONAL,"4WP3+PV, Talise, Mantikulore, Palu City, Central Sulawesi, Indonesia","{'location': {'lat': -0.8632443999999999, 'lng': 119.9047342}, 'viewport': {'northeast': {'lat': -0.8610807999999998, 'lng': 119.9061630298928}, 'southwest': {'lat': -0.8639656000000001, 'lng': 119.9034633701073}}}",https://maps.gstatic.com/mapfiles/place_api/icons/v1/png_71/generic_business-71.png,#13B5C7,https://maps.gstatic.com/mapfiles/place_api/icons/v2/generic_pinlet,Bunti Lengaru,ChIJDUbvKADviy0RjUCiT0_zfm0,0.0,ChIJDUbvKADviy0RjUCiT0_zfm0,"['tourist_attraction', 'point_of_interest', 'establishment']",0,,,,https://www.google.com/maps/place/?q=place_id:ChIJDUbvKADviy0RjUCiT0_zfm0
OPERATIONAL,"5V4H+4RX, Tondo, Mantikulore, Palu City, Central Sulawesi, Indonesia","{'location': {'lat': -0.8448656999999999, 'lng': 119.8795756}, 'viewport': {'northeast': {'lat': -0.8435403201072778, 'lng': 119.8810574798928}, 'southwest': {'lat': -0.8462399798927223, 'lng': 119.8783578201073}}}",https://maps.gstatic.com/mapfiles/place_api/icons/v1/png_71/generic_business-71.png,#13B5C7,https://maps.gstatic.com/mapfiles/place_api/icons/v2/generic_pinlet,pantai uwe goda j'gen,ChIJaU1HEjjriy0ROj-Pq0E_RgM,3.0,ChIJaU1HEjjriy0ROj-Pq0E_RgM,"['tourist_attraction', 'point_of_interest', 'establishment']",1,"[{'height': 4000, 'html_attributions': ['<a href=""https://maps.google.com/maps/contrib/112827160646301906496"">A Google User</a>'], 'photo_reference': 'AUGGfZkL6qgpDfQ9cnu0eHzpodUXG8POEtWyCB-tdEQ6T8o_96TnYHiaq_SE4cOUBvSYN6G376qE9WSuZ-nnxhIQAGFdVYVtcEkJyr2CYsoUByfnBGOFFQYXuRiVJ-ss6w6BDoKPcLEcz272fkAFIBXxOJRWNwczlh3id0IdOpxJYRg9e6o', 'width': 3000}]",,{'open_now': True},https://www.google.com/maps/place/?q=place_id:ChIJaU1HEjjriy0ROj-Pq0E_RgM
OPERATIONAL,"XV42+55V, Balumpewa, Dolo Barat, Sigi Regency, Central Sulawesi 94362, Indonesia","{'location': {'lat': -1.0445177, 'lng': 119.8504168}, 'viewport': {'northeast': {'lat': -1.042518970107278, 'lng': 119.8562272}, 'southwest': {'lat': -1.045218629892722, 'lng': 119.84848}}}",https://maps.gstatic.com/mapfiles/place_api/icons/v1/png_71/generic_business-71.png,#13B5C7,https://maps.gstatic.com/mapfiles/place_api/icons/v2/generic_pinlet,Wera Waterfall,ChIJYf-bWo71iy0Rnh_OtP4bPmk,4.4,ChIJYf-bWo71iy0Rnh_OtP4bPmk,"['tourist_attraction', 'point_of_interest', 'establishment']",304,"[{'height': 4640, 'html_attributions': ['<a href=""https://maps.google.com/maps/contrib/114792369223664577688"">A Google User</a>'], 'photo_reference': 'AUGGfZkzEJcK-Oo1zKs0VQeCOhpfqBWKpacuNnnMvUeXS3zm2kRC1pqOAJ8UsQJPAVPLYPguAG1lh9uryb5GgU69w5I320Ij3cGcNaAf9utkcqLhGYalKg1QXRvMR4isthYX5L-0YU3gnW9VxUqXDWdnI6HmhWuUd87KO-D-TV0JevVpXD2f', 'width': 3472}]",,{'open_now': True},https://www.google.com/maps/place/?q=place_id:ChIJYf-bWo71iy0Rnh_OtP4bPmk
OPERATIONAL,"4VHJ+JX3, Jl. Jabal Nur, Talise, Kec. Palu Tim., Kota Palu, Sulawesi Tengah 94118, Indonesia","{'location': {'lat': -0.8709979999999999, 'lng': 119.8824154}, 'viewport': {'northeast': {'lat': -0.8696366201072776, 'lng': 119.8837662298927}, 'southwest': {'lat': -0.872336279892722, 'lng': 119.8810665701072}}}",https://maps.gstatic.com/mapfiles/place_api/icons/v1/png_71/generic_business-71.png,#13B5C7,https://maps.gstatic.com/mapfiles/place_api/icons/v2/generic_pinlet,Kawasan PASAR SENI Kota Palu,ChIJQdqOZdvviy0Rc2F25DlsUL0,5.0,ChIJQdqOZdvviy0Rc2F25DlsUL0,"['tourist_attraction', 'point_of_interest', 'establishment']",1,"[{'height': 720, 'html_attributions': ['<a href=""https://maps.google.com/maps/contrib/115868805250238633837"">Ain Farid</a>'], 'photo_reference': 'AUGGfZmWQMfqIJThf5GVltCVDAkBA0flucFLtVtCd6ClDMPphYFnhtfmTlvIy9tLUQVwfVDGA_l6EMwUdMpQh8tm9Aid2_cOYUNoB4wBEVO5INcovsDXTmdZCzTrq_ZZPoD66zQi5Ew4cbDhXxVeOgL_ySKifqf15L2QBAGtVaGDU7Vy9ozQ', 'width': 960}]",,{'open_now': False},https://www.google.com/maps/place/?q=place_id:ChIJQdqOZdvviy0Rc2F25DlsUL0
