business_status,formatted_address,geometry,icon,icon_background_color,icon_mask_base_uri,name,photos,place_id,rating,reference,types,user_ratings_total,opening_hours,plus_code,url
OPERATIONAL,"PGFC+8CX, Dusun IV, Panusupan, Kec. Rembang, Kabupaten Purbalingga, Jawa Tengah 53356, Indonesia","{'location': {'lat': -7.276639899999999, 'lng': 109.5210974}, 'viewport': {'northeast': {'lat': -7.275799720107277, 'lng': 109.5227858298927}, 'southwest': {'lat': -7.278499379892721, 'lng': 109.5200861701073}}}",https://maps.gstatic.com/mapfiles/place_api/icons/v1/png_71/generic_business-71.png,#13B5C7,https://maps.gstatic.com/mapfiles/place_api/icons/v2/generic_pinlet,Batugilang Green Park,"[{'height': 3264, 'html_attributions': ['<a href=""https://maps.google.com/maps/contrib/111193530169741117679"">A Google User</a>'], 'photo_reference': 'AUGGfZl6AZv3KscVV55d_LJn1KGclCXvfCYTOmcPSS8QYGxP4qCsSPSIey3QkV_72kk1p7NEXf1nfkIYoyhVhlTV4iK6LDeg5stTKEE80L38GM5vNf1JZ2hHK4qMoGP5BpNlf8d0UqMytuhXt_c05IXXUxdX77J52pOgq8Rfyjg9nB9Fmw21', 'width': 2448}]",ChIJzapRmYP_by4RVr33chVUbRk,0.0,ChIJzapRmYP_by4RVr33chVUbRk,"['tourist_attraction', 'point_of_interest', 'establishment']",0,,,https://www.google.com/maps/place/?q=place_id:ChIJzapRmYP_by4RVr33chVUbRk
OPERATIONAL,"PCVF+RPM, PCVF+RPM ALAS, Dusun II, Darma, Kec. Kertanegara, Kabupaten Purbalingga, Jawa Tengah, Indonesia","{'location': {'lat': -7.255413399999999, 'lng': 109.4242821}, 'viewport': {'northeast': {'lat': -7.254569820107277, 'lng': 109.42539325}, 'southwest': {'lat': -7.257269479892721, 'lng': 109.42094865}}}",https://maps.gstatic.com/mapfiles/place_api/icons/v1/png_71/generic_business-71.png,#13B5C7,https://maps.gstatic.com/mapfiles/place_api/icons/v2/generic_pinlet,Kedung Ampel,"[{'height': 3072, 'html_attributions': ['<a href=""https://maps.google.com/maps/contrib/104097027987702325467"">A Google User</a>'], 'photo_reference': 'AUGGfZljbZqq48lUvnIW6wtT-8O7uqmc4OLEW8WZsjTk_ynVW2uoShsOHgpoyIKukflDtexXjKjE8TJAXuHu-G9hwRRJlsmAr1okYVEjQiZ3zI5AsLRKG_JInmEhrW9nghoyiIWQGvKNDendqewgqmkRLguHpY-_oR6TJldLjN-GTpR8c_c6', 'width': 4080}]",ChIJdaaBRAD7by4Re3gJO9HWWN8,5.0,ChIJdaaBRAD7by4Re3gJO9HWWN8,"['tourist_attraction', 'point_of_interest', 'establishment']",3,{'open_now': True},,https://www.google.com/maps/place/?q=place_id:ChIJdaaBRAD7by4Re3gJO9HWWN8
OPERATIONAL,"JFJ8+36X Kantor pos, Gemenggeng, Pengadegan, Kec. Pengadegan, Kabupaten Purbalingga, Jawa Tengah 53393, Indonesia","{'location': {'lat': -7.369693499999999, 'lng': 109.4656096}, 'viewport': {'northeast': {'lat': -7.368328720107276, 'lng': 109.4669517798927}, 'southwest': {'lat': -7.37102837989272, 'lng': 109.4642521201073}}}",https://maps.gstatic.com/mapfiles/place_api/icons/v1/png_71/generic_business-71.png,#13B5C7,https://maps.gstatic.com/mapfiles/place_api/icons/v2/generic_pinlet,Purbalingga fishing land,"[{'height': 2448, 'html_attributions': ['<a href=""https://maps.google.com/maps/contrib/110662084254554812292"">A Google User</a>'], 'photo_reference': 'AUGGfZk8-95FlYC2I0TPCDEjEpeUWQ7XMZXI8IOs8t1FHeWATYuuCiQ8AiSXg_qfT4vipJQxB7n0uqYqD5si0Punv_LoSDxg2FeA_S0PYP4xXjYvCquW3a9yeKLMFBHFia8y2AptJLrTV7vnxxePjK43xs1HII4Mw7C0IwTTC_bSzs8dc84s', 'width': 3264}]",ChIJFVafjDBXZS4RNZ4R6ukdm-4,5.0,ChIJFVafjDBXZS4RNZ4R6ukdm-4,"['tourist_attraction', 'point_of_interest', 'establishment']",4,{'open_now': False},,https://www.google.com/maps/place/?q=place_id:ChIJFVafjDBXZS4RNZ4R6ukdm-4
OPERATIONAL,"RC2R+QPM, Jl. Balai Desa Sirau, Pengungsen, Sirau, Kec. Karangmoncol, Kabupaten Purbalingga, Jawa Tengah 53355, Indonesia","{'location': {'lat': -7.198029099999999, 'lng': 109.4417815}, 'viewport': {'northeast': {'lat': -7.196683270107277, 'lng': 109.4431064798927}, 'southwest': {'lat': -7.199382929892721, 'lng': 109.4404068201073}}}",https://maps.gstatic.com/mapfiles/place_api/icons/v1/png_71/generic_business-71.png,#13B5C7,https://maps.gstatic.com/mapfiles/place_api/icons/v2/generic_pinlet,Desa pengungsen,,ChIJAaw7Z0f7by4RukdR6yd2FAM,5.0,ChIJAaw7Z0f7by4RukdR6yd2FAM,"['tourist_attraction', 'point_of_interest', 'establishment']",1,,,https://www.google.com/maps/place/?q=place_id:ChIJAaw7Z0f7by4RukdR6yd2FAM
OPERATIONAL,"Dusun II, Panusupan, Rembang, Purbalingga Regency, Central Java 53356, Indonesia","{'location': {'lat': -7.274011499999999, 'lng': 109.4983758}, 'viewport': {'northeast': {'lat': -7.272693020107276, 'lng': 109.4996759298927}, 'southwest': {'lat': -7.27539267989272, 'lng': 109.4969762701073}}}",https://maps.gstatic.com/mapfiles/place_api/icons/v1/png_71/generic_business-71.png,#13B5C7,https://maps.gstatic.com/mapfiles/place_api/icons/v2/generic_pinlet,Tourism Village Panusupan,"[{'height': 1224, 'html_attributions': ['<a href=""https://maps.google.com/maps/contrib/110709603297709135691"">A Google User</a>'], 'photo_reference': 'AUGGfZnuRs9WZEY3XMYZuI9CSxiYvkOlbPDx6sxQ_ZxUrX8PbE69f_9xTX3LiUgulLm9cEUZ5whPvRNJOaRINKHoQvaQC4bWduvDxaqcvGyqt-uoALJTVLlzueXwyVzSKw5igjG_LegtZJLber9qZhSNC_BIvxgfr5uhry5bz6t4O687syMG', 'width': 1632}]",ChIJmyw4YaL-by4Rgr8ZCPQ5H4Y,4.3,ChIJmyw4YaL-by4Rgr8ZCPQ5H4Y,"['tourist_attraction', 'point_of_interest', 'establishment']",359,{'open_now': False},"{'compound_code': 'PFGX+99 Panusupan, Purbalingga Regency, Central Java, Indonesia', 'global_code': '6P4FPFGX+99'}",https://www.google.com/maps/place/?q=place_id:ChIJmyw4YaL-by4Rgr8ZCPQ5H4Y
OPERATIONAL,"JCJJ+J63, Wringin, Selakambang, Kec. Kaligondang, Kabupaten Purbalingga, Jawa Tengah 53391, Indonesia","{'location': {'lat': -7.369150499999999, 'lng': 109.4315687}, 'viewport': {'northeast': {'lat': -7.367818670107277, 'lng': 109.43228685}, 'southwest': {'lat': -7.370518329892721, 'lng': 109.42941425}}}",https://maps.gstatic.com/mapfiles/place_api/icons/v1/png_71/generic_business-71.png,#13B5C7,https://maps.gstatic.com/mapfiles/place_api/icons/v2/generic_pinlet,WAKANDA [Watukambang Natural Destination Adventure],"[{'height': 1152, 'html_attributions': ['<a href=""https://maps.google.com/maps/contrib/118418968869584883255"">A Google User</a>'], 'photo_reference': 'AUGGfZllKDi8T33Psr4AWhO-wkLRj40A023omjphk619BjjqKobdxmPzkjBDDpUX3f7xYl4sqz2_7agT_g8YebsbNBUM0gDHyrF5xoWZ5C2weky7kgvdzDDF28ruq8dmNk416zOvoRvSFALohuT9UYeYz8hHwh1P25yGGXmIsLbmcVo0l2X_', 'width': 2560}]",ChIJfSc2Vg9XZS4RHY326RbwUIk,0.0,ChIJfSc2Vg9XZS4RHY326RbwUIk,"['tourist_attraction', 'point_of_interest', 'establishment']",0,,,https://www.google.com/maps/place/?q=place_id:ChIJfSc2Vg9XZS4RHY326RbwUIk
OPERATIONAL,"JFH7+XCR, Gemenggeng, Pengadegan, Kec. Pengadegan, Kabupaten Purbalingga, Jawa Tengah, Indonesia","{'location': {'lat': -7.3700245, 'lng': 109.4635184}, 'viewport': {'northeast': {'lat': -7.368645970107277, 'lng': 109.4648561298927}, 'southwest': {'lat': -7.371345629892721, 'lng': 109.4621564701073}}}",https://maps.gstatic.com/mapfiles/place_api/icons/v1/png_71/generic_business-71.png,#13B5C7,https://maps.gstatic.com/mapfiles/place_api/icons/v2/generic_pinlet,Pengadegan,"[{'height': 1040, 'html_attributions': ['<a href=""https://maps.google.com/maps/contrib/110249340639914634052"">A Google User</a>'], 'photo_reference': 'AUGGfZnTGS0Dp5mhm1nCcQJ7sHhKMJfjsT-ngZSFOO18HCCQPptM8a6HBmC4QoI2q1yvgXxW6tYtLEaEnrOCEaXjV8MdNPNGI5BIQvW0jdROv7mkKnhFWOYdwcvGJw4jLQ5SFqicK34Y_YzXICtsu-2cEdEQjt7VS9dgDObK_bY-0m-Daf-X', 'width': 780}]",ChIJs3m3aGZXZS4RmPxt7pILtt8,0.0,ChIJs3m3aGZXZS4RmPxt7pILtt8,"['tourist_attraction', 'point_of_interest', 'establishment']",0,,,https://www.google.com/maps/place/?q=place_id:ChIJs3m3aGZXZS4RmPxt7pILtt8
OPERATIONAL,"M989+48X, Kuburan Tua Road, Dusun Pesawahan, Karangturi, Kec. Mrebet, Kabupaten Purbalingga, Jawa Tengah 53352, Indonesia","{'location': {'lat': -7.334638099999999, 'lng': 109.368359}, 'viewport': {'northeast': {'lat': -7.333217920107277, 'lng': 109.3697604798927}, 'southwest': {'lat': -7.335917579892721, 'lng': 109.3670608201073}}}",https://maps.gstatic.com/mapfiles/place_api/icons/v1/png_71/generic_business-71.png,#13B5C7,https://maps.gstatic.com/mapfiles/place_api/icons/v2/generic_pinlet,Pekuburan Tua,"[{'height': 393, 'html_attributions': ['<a href=""https://maps.google.com/maps/contrib/110103920766971249392"">eko priyatno</a>'], 'photo_reference': 'AUGGfZkcXaJbzniStOhT9nzZh9Y-GAgDC9x9Axt2kSj8Tvx72mgWu1rDBpGPxXZqV-5ZyrbKsPVtsiVDXcKR2uZo7EF9xGwydII5r_5cEv4XOEsEUo9WPqzB_0J7Wp0plLO8DpjTTW9SKp8_fgo1vcwvye-cHJsxzRbGXsDm1GA5oquYH5T9', 'width': 340}]",ChIJydzRvS73by4RxPuc_hNuYfU,0.0,ChIJydzRvS73by4RxPuc_hNuYfU,"['tourist_attraction', 'point_of_interest', 'establishment']",0,,,https://www.google.com/maps/place/?q=place_id:ChIJydzRvS73by4RxPuc_hNuYfU
OPERATIONAL,"J9QP+W77, Jl. Dusun Randegan Lor, Dusun III, Slinga, Kec. Kaligondang, Kabupaten Purbalingga, Jawa Tengah 53391, Indonesia","{'location': {'lat': -7.3605456, 'lng': 109.3857113}, 'viewport': {'northeast': {'lat': -7.359188420107277, 'lng': 109.3869861298927}, 'southwest': {'lat': -7.361888079892721, 'lng': 109.3842864701073}}}",https://maps.gstatic.com/mapfiles/place_api/icons/v1/png_71/generic_business-71.png,#13B5C7,https://maps.gstatic.com/mapfiles/place_api/icons/v2/generic_pinlet,Ayunda hills,"[{'height': 1600, 'html_attributions': ['<a href=""https://maps.google.com/maps/contrib/100201672982706993569"">A Google User</a>'], 'photo_reference': 'AUGGfZnasVkqtnAgh2B4gm2lRosx1sniDE1VNgop0MDqUPkGIxNHp4nmGLQ-enbqv8gCTSL-dE1fowxly0dkfq1YG7YI2kgTQqi8OPfkm7eGGXze2C1LO2xCrkjdBT3T0PZean2fb1edbhMgsOTUa6UfuXMd_qmkR4hU5wofeqJRvmCzIKd6', 'width': 1200}]",ChIJIWNPrz9XZS4Rg-1n9MCceV4,5.0,ChIJIWNPrz9XZS4Rg-1n9MCceV4,"['tourist_attraction', 'point_of_interest', 'establishment']",2,{'open_now': False},,https://www.google.com/maps/place/?q=place_id:ChIJIWNPrz9XZS4Rg-1n9MCceV4
OPERATIONAL,"Jl. Ardi Lawet, Area Gn., Panusupan, Kec. Rembang, Kabupaten Purbalingga, Jawa Tengah 53356, Indonesia","{'location': {'lat': -7.259311, 'lng': 109.4858937}, 'viewport': {'northeast': {'lat': -7.257961170107278, 'lng': 109.4872435298927}, 'southwest': {'lat': -7.260660829892722, 'lng': 109.4845438701073}}}",https://maps.gstatic.com/mapfiles/place_api/icons/v1/png_71/generic_business-71.png,#13B5C7,https://maps.gstatic.com/mapfiles/place_api/icons/v2/generic_pinlet,Puncak Sendaren,"[{'height': 3120, 'html_attributions': ['<a href=""https://maps.google.com/maps/contrib/105562521728391006166"">A Google User</a>'], 'photo_reference': 'AUGGfZk8ybt8NHuWzX9hPCTh0IhHnXYiUbq4Gm_HFi4YpBns-rjIqADHRqNxIFHr7rDGevkljuUUVQNXfi-E1zgHiXZeP2WUthZEsWkMqRyEIFV_HaS75qEmfPTk92DLYRdE53cc24hfveU4HfX3s13jF9KLVhfpmW-Xy7QfBDGjGgpRuKv3', 'width': 4160}]",ChIJkcdG26b-by4RNFryMRNArsw,4.0,ChIJkcdG26b-by4RNFryMRNArsw,"['tourist_attraction', 'point_of_interest', 'establishment']",148,{'open_now': True},"{'compound_code': 'PFRP+79 Panusupan, Purbalingga Regency, Central Java, Indonesia', 'global_code': '6P4FPFRP+79'}",https://www.google.com/maps/place/?q=place_id:ChIJkcdG26b-by4RNFryMRNArsw
OPERATIONAL,"Dusun IV, Pager Andong, Mrebet, Purbalingga Regency, Central Java 53352, Indonesia","{'location': {'lat': -7.309850399999999, 'lng': 109.3315756}, 'viewport': {'northeast': {'lat': -7.308848220107278, 'lng': 109.3327047298927}, 'southwest': {'lat': -7.311547879892721, 'lng': 109.3300050701073}}}",https://maps.gstatic.com/mapfiles/place_api/icons/v1/png_71/generic_business-71.png,#13B5C7,https://maps.gstatic.com/mapfiles/place_api/icons/v2/generic_pinlet,Curug Nini Pagerandong,"[{'height': 3024, 'html_attributions': ['<a href=""https://maps.google.com/maps/contrib/118138033244676050937"">Khairul Mas&#39;ud</a>'], 'photo_reference': 'AUGGfZk3xjpGg6T1m7P8CRuWmSQPu7fAgZfpSRXcBeqli7ANYNXCeinUTJa1Wf_DdvihzDM4t6XYwKtQqAOc1RGpaU9dxQQZJ3AgbUql7MdK5B7gYRcV4rU0SQr3IXeJR5pfw1w_FOgOrLqzXQ6LJSJXUOB3Rz143R9ZT6S4jjXSPPadc1kB', 'width': 4032}]",ChIJ8V4kCgD3by4RHqQkZYUMKU4,4.2,ChIJ8V4kCgD3by4RHqQkZYUMKU4,"['tourist_attraction', 'point_of_interest', 'establishment']",388,{'open_now': False},"{'compound_code': 'M8RJ+3J Pager Andong, Purbalingga Regency, Central Java, Indonesia', 'global_code': '6P4FM8RJ+3J'}",https://www.google.com/maps/place/?q=place_id:ChIJ8V4kCgD3by4RHqQkZYUMKU4
OPERATIONAL,"P9VQ+2XX, Jalan Raya, Dusun II, Ponjen, Karanganyar, Purbalingga Regency, Central Java 53354, Indonesia","{'location': {'lat': -7.257396000000001, 'lng': 109.389996}, 'viewport': {'northeast': {'lat': -7.256553220107278, 'lng': 109.3911794298927}, 'southwest': {'lat': -7.259252879892722, 'lng': 109.3884797701073}}}",https://maps.gstatic.com/mapfiles/place_api/icons/v1/png_71/generic_business-71.png,#13B5C7,https://maps.gstatic.com/mapfiles/place_api/icons/v2/generic_pinlet,Puncak Blawong,"[{'height': 3456, 'html_attributions': ['<a href=""https://maps.google.com/maps/contrib/106815490776778370060"">Visit Purbalingga</a>'], 'photo_reference': 'AUGGfZmF0XPZ96YdHT8PrYojbs3pJyxEuks4oAQ3HTgfohUjpVdIZZo3kJ5B16fZDpeKI0_MBK-6u2TmSfH636YNlXjn_2NDddbngaVHeU-1SkpgozZ4llpPsM0CsjX3WYdQF53_TIYoMfE2U4UpKKRqgPDfiK6RUoV2aQWVNHsKCNITa7Ze', 'width': 5184}]",ChIJd0N1IMf7by4RkwOxmTw8zN8,4.5,ChIJd0N1IMf7by4RkwOxmTw8zN8,"['tourist_attraction', 'point_of_interest', 'establishment']",11,,,https://www.google.com/maps/place/?q=place_id:ChIJd0N1IMf7by4RkwOxmTw8zN8
OPERATIONAL,"Kecombron, Bedagas, Pengadegan, Purbalingga Regency, Central Java 53393, Indonesia","{'location': {'lat': -7.3622308, 'lng': 109.511584}, 'viewport': {'northeast': {'lat': -7.36090122010728, 'lng': 109.5129330298927}, 'southwest': {'lat': -7.363600879892724, 'lng': 109.5102333701073}}}",https://maps.gstatic.com/mapfiles/place_api/icons/v1/png_71/generic_business-71.png,#13B5C7,https://maps.gstatic.com/mapfiles/place_api/icons/v2/generic_pinlet,Sitongsot rivers,"[{'height': 640, 'html_attributions': ['<a href=""https://maps.google.com/maps/contrib/104193176165921523579"">A Google User</a>'], 'photo_reference': 'AUGGfZlg0fInNcvr3GUIa8pa0dhiJpg0BFjYxl7MMN2TZCYYrG8ML1zjkD0mHiKTOSgQl29OyRmx6pqOGj9wl6JC9A9FsgQC4YQJ90TS8TQES6J2SJgDz_-wyW9mRW4yNfSug1lRTI-xgFMF8tz84mdhIY8dM5fY65cEGf1EH_9XeOAVpf-U', 'width': 480}]",ChIJ30ea2pxVZS4Rlco7uHZ4XYw,0.0,ChIJ30ea2pxVZS4Rlco7uHZ4XYw,"['tourist_attraction', 'point_of_interest', 'establishment']",0,{'open_now': True},"{'compound_code': 'JGQ6+4J Bedagas, Purbalingga Regency, Central Java, Indonesia', 'global_code': '6P4FJGQ6+4J'}",https://www.google.com/maps/place/?q=place_id:ChIJ30ea2pxVZS4Rlco7uHZ4XYw
OPERATIONAL,"Jl telar No.rt02/02, Dusun 1 Dukuh Lor, Arenan, Kec. Kaligondang, Kabupaten Purbalingga, Jawa Tengah 53391, Indonesia","{'location': {'lat': -7.359099499999998, 'lng': 109.4117521}, 'viewport': {'northeast': {'lat': -7.357759720107276, 'lng': 109.4131012298927}, 'southwest': {'lat': -7.36045937989272, 'lng': 109.4104015701073}}}",https://maps.gstatic.com/mapfiles/place_api/icons/v1/png_71/generic_business-71.png,#13B5C7,https://maps.gstatic.com/mapfiles/place_api/icons/v2/generic_pinlet,Sendang Bulaga Swimming Pool,"[{'height': 2448, 'html_attributions': ['<a href=""https://maps.google.com/maps/contrib/116392169267688613656"">Nugraha Aji</a>'], 'photo_reference': 'AUGGfZnSaFwfas3lHU2opifjr9xWpkX3XOH6Li_8umc62CrsYzWhwEGxX9DLzGQ57ZIRsQiQbkuRsmpEUmQ2YDy9O4694beAhAeMSpJXk5wea6EL2X_BYBWZvxFyTgVXTOtzImGIHqycnUjz6QUjtljo3C0YL2GDXAc98qOZ_SJn2SZNeqJN', 'width': 3264}]",ChIJeTCJIwBXZS4RKSlyTmR-Wk8,5.0,ChIJeTCJIwBXZS4RKSlyTmR-Wk8,"['tourist_attraction', 'point_of_interest', 'establishment']",7,{'open_now': False},"{'compound_code': 'JCR6+9P Arenan, Purbalingga Regency, Central Java, Indonesia', 'global_code': '6P4FJCR6+9P'}",https://www.google.com/maps/place/?q=place_id:ChIJeTCJIwBXZS4RKSlyTmR-Wk8
OPERATIONAL,"J9PM+RG, Dusun 3, Banjaran, Kec. Bojongsari, Kabupaten Purbalingga, Jawa Tengah, Indonesia","{'location': {'lat': -7.3629623, 'lng': 109.3838374}, 'viewport': {'northeast': {'lat': -7.361876220107277, 'lng': 109.3854608798927}, 'southwest': {'lat': -7.364575879892721, 'lng': 109.3827612201073}}}",https://maps.gstatic.com/mapfiles/place_api/icons/v1/png_71/generic_business-71.png,#13B5C7,https://maps.gstatic.com/mapfiles/place_api/icons/v2/generic_pinlet,Pulau naga langit,,ChIJ56BHQKdXZS4R06A9pMbWGWU,0.0,ChIJ56BHQKdXZS4R06A9pMbWGWU,"['tourist_attraction', 'point_of_interest', 'establishment']",0,,,https://www.google.com/maps/place/?q=place_id:ChIJ56BHQKdXZS4R06A9pMbWGWU
OPERATIONAL,"QF86+47, Area Hutan, Sirau, Kec. Karangmoncol, Kabupaten Purbalingga, Jawa Tengah, Indonesia","{'location': {'lat': -7.234683899999999, 'lng': 109.4607387}, 'viewport': {'northeast': {'lat': -7.233334070107279, 'lng': 109.4620885298927}, 'southwest': {'lat': -7.236033729892723, 'lng': 109.4593888701073}}}",https://maps.gstatic.com/mapfiles/place_api/icons/v1/png_71/generic_business-71.png,#13B5C7,https://maps.gstatic.com/mapfiles/place_api/icons/v2/generic_pinlet,pondok singgah kali sijaran,,ChIJHSmRXAD7by4RlP3hBHnC9jg,0.0,ChIJHSmRXAD7by4RlP3hBHnC9jg,"['tourist_attraction', 'point_of_interest', 'establishment']",0,,,https://www.google.com/maps/place/?q=place_id:ChIJHSmRXAD7by4RlP3hBHnC9jg
OPERATIONAL,"J99J+HMG, Tambak, Trenggiling, Kalikajar, Kec. Kaligondang, Kabupaten Purbalingga, Jawa Tengah 53391, Indonesia","{'location': {'lat': -7.381050800000001, 'lng': 109.3816899}, 'viewport': {'northeast': {'lat': -7.379533220107279, 'lng': 109.3830837798927}, 'southwest': {'lat': -7.382232879892724, 'lng': 109.3803841201073}}}",https://maps.gstatic.com/mapfiles/place_api/icons/v1/png_71/generic_business-71.png,#13B5C7,https://maps.gstatic.com/mapfiles/place_api/icons/v2/generic_pinlet,Danah Tambak,,ChIJDxVQb4tXZS4RPlJmA8wv-q4,5.0,ChIJDxVQb4tXZS4RPlJmA8wv-q4,"['tourist_attraction', 'point_of_interest', 'establishment']",1,,,https://www.google.com/maps/place/?q=place_id:ChIJDxVQb4tXZS4RPlJmA8wv-q4
OPERATIONAL,"RT.01/RW.07, Sawah, Karangcengis, Bukateja, Purbalingga Regency, Central Java 53382, Indonesia","{'location': {'lat': -7.4422143, 'lng': 109.4661789}, 'viewport': {'northeast': {'lat': -7.440869720107278, 'lng': 109.4674774798927}, 'southwest': {'lat': -7.443569379892722, 'lng': 109.4647778201073}}}",https://maps.gstatic.com/mapfiles/place_api/icons/v1/png_71/generic_business-71.png,#13B5C7,https://maps.gstatic.com/mapfiles/place_api/icons/v2/generic_pinlet,Wisata Buah Botania Garden (Bogar),"[{'height': 3120, 'html_attributions': ['<a href=""https://maps.google.com/maps/contrib/106643268262880730853"">Isvasta Eka</a>'], 'photo_reference': 'AUGGfZmZxqESC2jM9KbwKK7LQnqzXvpXhx9NBVkXBn0t0n3CN1crbTi-0X_kb7Epm56YV2_vOAth85j_LuGDhlhm1fhnojSimF4XBmtWopepBM5JwDNvs6YKxBBlmiCw375RLn1bOw5JCzTqc52NLV7TEygLICBZf1Vww1b2FCd55GCRZJfs', 'width': 4160}]",ChIJ6zbr8ltRZS4RqhWPLeAXzBg,3.9,ChIJ6zbr8ltRZS4RqhWPLeAXzBg,"['tourist_attraction', 'point_of_interest', 'establishment']",404,{'open_now': False},"{'compound_code': 'HF58+4F Karangcengis, Purbalingga Regency, Central Java, Indonesia', 'global_code': '6P4FHF58+4F'}",https://www.google.com/maps/place/?q=place_id:ChIJ6zbr8ltRZS4RqhWPLeAXzBg
OPERATIONAL,"Dusun Pucungrumbak, Desa, Area Hutan, Tanalum, Kec. Rembang, Kabupaten Purbalingga, Jawa Tengah 53356, Indonesia","{'location': {'lat': -7.2793211, 'lng': 109.5420563}, 'viewport': {'northeast': {'lat': -7.278085249999999, 'lng': 109.54550795}, 'southwest': {'lat': -7.28302865, 'lng': 109.54090575}}}",https://maps.gstatic.com/mapfiles/place_api/icons/v1/png_71/generic_business-71.png,#13B5C7,https://maps.gstatic.com/mapfiles/place_api/icons/v2/generic_pinlet,Curug Nagasari,"[{'height': 892, 'html_attributions': ['<a href=""https://maps.google.com/maps/contrib/111019501752942810147"">A Google User</a>'], 'photo_reference': 'AUGGfZn6l4e4sdSFfQabOD3aXUZFWLlMek-hZDlNYuC0jMKHLcydzSOL6frmf6Xsk2D5acrT1ux_tDI-3z6NSBAHwRNAs6RINf2iIOQqMb6yab3qQNyLQVBbgl041JMUPx9BLcJ7HAFAaCjPDAArjarOtCBZ5QLJ2w0NRBcadM4RFtu5tiBm', 'width': 717}]",ChIJ_7-HiWr-by4R872HN-pQPng,4.2,ChIJ_7-HiWr-by4R872HN-pQPng,"['tourist_attraction', 'point_of_interest', 'establishment']",70,{'open_now': False},"{'compound_code': 'PGCR+7R Tanalum, Purbalingga Regency, Central Java, Indonesia', 'global_code': '6P4FPGCR+7R'}",https://www.google.com/maps/place/?q=place_id:ChIJ_7-HiWr-by4R872HN-pQPng
OPERATIONAL,"QFJ9+536, Area Hutan, Sirau, Kec. Karangmoncol, Kabupaten Purbalingga, Jawa Tengah 53355, Indonesia","{'location': {'lat': -7.219597599999999, 'lng': 109.4676276}, 'viewport': {'northeast': {'lat': -7.218247770107277, 'lng': 109.4689774298927}, 'southwest': {'lat': -7.220947429892721, 'lng': 109.4662777701073}}}",https://maps.gstatic.com/mapfiles/place_api/icons/v1/png_71/generic_business-71.png,#13B5C7,https://maps.gstatic.com/mapfiles/place_api/icons/v2/generic_pinlet,TEJANYANA,"[{'height': 2322, 'html_attributions': ['<a href=""https://maps.google.com/maps/contrib/103359307406498494418"">A Google User</a>'], 'photo_reference': 'AUGGfZmpvEkM9PYs-NdyVIG9hrraEOBF626d5q489ENyUjCzm6c_ah9EpNn992qpVxhuwnQz2QY68rMnIVxOt5EVPX1AppAMCws3uyMfg_xqhS0oeh0l11GB6g942M57dihXF3pLJoFt3yoWhk6ZsqQ6TiyfqBhbcBzCtImncsGMSQciaHMC', 'width': 4128}]",ChIJZ7v2hYL7by4RDopKc7akA0o,5.0,ChIJZ7v2hYL7by4RDopKc7akA0o,"['tourist_attraction', 'point_of_interest', 'establishment']",1,{'open_now': False},,https://www.google.com/maps/place/?q=place_id:ChIJZ7v2hYL7by4RDopKc7akA0o
OPERATIONAL,"P9M8+C38, Dusun II, Palumbungan, Kec. Bobotsari, Kabupaten Purbalingga, Jawa Tengah 53353, Indonesia","{'location': {'lat': -7.266482399999998, 'lng': 109.3652169}, 'viewport': {'northeast': {'lat': -7.265226520107279, 'lng': 109.3665544798927}, 'southwest': {'lat': -7.267926179892723, 'lng': 109.3638548201073}}}",https://maps.gstatic.com/mapfiles/place_api/icons/v1/png_71/generic_business-71.png,#13B5C7,https://maps.gstatic.com/mapfiles/place_api/icons/v2/generic_pinlet,DUKUH PINGIT,"[{'height': 4608, 'html_attributions': ['<a href=""https://maps.google.com/maps/contrib/100471911472689985710"">arif feather</a>'], 'photo_reference': 'AUGGfZlRKmKb9Y0Nun-YdS2HVo9392CQJVROyCVMASrUAR7GQ9hkaGdPSl32G67Z9aO8YsZA7HxEJ6q2ESTXKQ0qugdMLR-dlJMX_tDItRRrn-2EmSeeaBoYv2NLCAn1awb0TXUZS5xvPfujPgtnFTaG4otHn03IllELhz94P1GxhHsJeTL0', 'width': 3456}]",ChIJb-aCNOLxby4RL6Pkwi5RsGs,5.0,ChIJb-aCNOLxby4RL6Pkwi5RsGs,"['tourist_attraction', 'point_of_interest', 'establishment']",1,,,https://www.google.com/maps/place/?q=place_id:ChIJb-aCNOLxby4RL6Pkwi5RsGs
OPERATIONAL,"Jl. Lombang, Dusun I, Karangjoho, Kec. Pengadegan, Kabupaten Purbalingga, Jawa Tengah 53393, Indonesia","{'location': {'lat': -7.3630821, 'lng': 109.4891297}, 'viewport': {'northeast': {'lat': -7.361727420107279, 'lng': 109.4904481798927}, 'southwest': {'lat': -7.364427079892723, 'lng': 109.4877485201073}}}",https://maps.gstatic.com/mapfiles/place_api/icons/v1/png_71/generic_business-71.png,#13B5C7,https://maps.gstatic.com/mapfiles/place_api/icons/v2/generic_pinlet,Gubuk bibitan,,ChIJEXeRlxtVZS4RUFNMH_xsKjc,0.0,ChIJEXeRlxtVZS4RUFNMH_xsKjc,"['tourist_attraction', 'point_of_interest', 'establishment']",0,,,https://www.google.com/maps/place/?q=place_id:ChIJEXeRlxtVZS4RUFNMH_xsKjc
OPERATIONAL,"Jl. Dusun II, Dusun II, Patemon, Kec. Bojongsari, Kabupaten Purbalingga, Jawa Tengah 53362, Indonesia","{'location': {'lat': -7.3543482, 'lng': 109.3634214}, 'viewport': {'northeast': {'lat': -7.352989820107278, 'lng': 109.3647943298927}, 'southwest': {'lat': -7.355689479892722, 'lng': 109.3620946701073}}}",https://maps.gstatic.com/mapfiles/place_api/icons/v1/png_71/generic_business-71.png,#13B5C7,https://maps.gstatic.com/mapfiles/place_api/icons/v2/generic_pinlet,Lembah Silangit Lake,"[{'height': 2448, 'html_attributions': ['<a href=""https://maps.google.com/maps/contrib/113066216181252435465"">A Google User</a>'], 'photo_reference': 'AUGGfZndBXCRhw5ch088nwPApO4vrUa5c0yue46dq6wt8Fo4jwgCgTRBxEfb3MAvRa9KaVO2OmKsw7UxJHPoWQPN7lwD3203Jg4Up-P-Eo83JPZRYCTjVRhNZO0NrLbkWiA_TUwGM19nf7uOhlWFlh7Afajh5Bayhn7a5l4Cgz9lDDjQHIp6', 'width': 3264}]",ChIJr0eE58hZZS4RNr7q12pLwIQ,4.1,ChIJr0eE58hZZS4RNr7q12pLwIQ,"['tourist_attraction', 'point_of_interest', 'establishment']",122,{'open_now': True},"{'compound_code': 'J9W7+79 Patemon, Purbalingga Regency, Central Java, Indonesia', 'global_code': '6P4FJ9W7+79'}",https://www.google.com/maps/place/?q=place_id:ChIJr0eE58hZZS4RNr7q12pLwIQ
OPERATIONAL,"JC9J+35H, Taman, Gembrungan, Selakambang, Kec. Kaligondang, Kabupaten Purbalingga, Jawa Tengah 53391, Indonesia","{'location': {'lat': -7.3825764, 'lng': 109.4300032}, 'viewport': {'northeast': {'lat': -7.381270720107277, 'lng': 109.4313293298927}, 'southwest': {'lat': -7.383970379892721, 'lng': 109.4286296701073}}}",https://maps.gstatic.com/mapfiles/place_api/icons/v1/png_71/generic_business-71.png,#13B5C7,https://maps.gstatic.com/mapfiles/place_api/icons/v2/generic_pinlet,Rest Area Taman Gembrungan,"[{'height': 3520, 'html_attributions': ['<a href=""https://maps.google.com/maps/contrib/101084985341788569808"">Harlan Adi</a>'], 'photo_reference': 'AUGGfZk_Gesmd-X0OrNu0YmSgD1coycLZPximnvKg4NISmGFgCVrd3rjMiMXypLwGM-BMTZ7HDvBqA7Lpo-Qdwv-o8Uqc8xaEeDNcyLKFz7eR1W7RAAsaOZmpR-7tYxVHNIBRXNmCjwNBZqhx5ChPiuV_FIvXIqxjhZpla0cZsbg2Sp1TRvl', 'width': 6224}]",ChIJNeK8jFNWZS4RFPvQcxRgOdM,4.0,ChIJNeK8jFNWZS4RFPvQcxRgOdM,"['tourist_attraction', 'point_of_interest', 'establishment']",378,{'open_now': True},,https://www.google.com/maps/place/?q=place_id:ChIJNeK8jFNWZS4RFPvQcxRgOdM
OPERATIONAL,"J9QP+W7Q, Jl. Dusun Randegan Lor, Dusun III, Slinga, Kec. Kaligondang, Kabupaten Purbalingga, Jawa Tengah 53391, Indonesia","{'location': {'lat': -7.360756399999999, 'lng': 109.3863208}, 'viewport': {'northeast': {'lat': -7.359450970107279, 'lng': 109.3877469798927}, 'southwest': {'lat': -7.362150629892723, 'lng': 109.3850473201073}}}",https://maps.gstatic.com/mapfiles/place_api/icons/v1/png_71/generic_business-71.png,#13B5C7,https://maps.gstatic.com/mapfiles/place_api/icons/v2/generic_pinlet,Puncak klawing,"[{'height': 1392, 'html_attributions': ['<a href=""https://maps.google.com/maps/contrib/113315795643684271342"">A Google User</a>'], 'photo_reference': 'AUGGfZmZVOhK0qXouU8cyV_uQznkDKQxpjz6fse3Cm6rmBPH9kZwbF3qtodRYrnZWSnum7x-SqEXeGr9RKZQX-IdwLoOjQJYVKLtHAh0bHU8l-xMsj0g1NBPdyB9eO5JmbaTLjrMvR7C5ootaxGEA9_ysQDB73AkTXDOtBRKJ4yvuiyZH1td', 'width': 720}]",ChIJW0Z_GRxXZS4RnROkW3pOoVA,5.0,ChIJW0Z_GRxXZS4RnROkW3pOoVA,"['tourist_attraction', 'point_of_interest', 'establishment']",1,,,https://www.google.com/maps/place/?q=place_id:ChIJW0Z_GRxXZS4RnROkW3pOoVA
OPERATIONAL,"Desa Siwarak RT. 01/07, Karangreja, Dusun IV, Siwarak, Purbalingga, Kabupaten Purbalingga, Jawa Tengah 53357, Indonesia","{'location': {'lat': -7.2284743, 'lng': 109.3180985}, 'viewport': {'northeast': {'lat': -7.22712442010728, 'lng': 109.3194711798927}, 'southwest': {'lat': -7.229824079892723, 'lng': 109.3167715201073}}}",https://maps.gstatic.com/mapfiles/place_api/icons/v1/png_71/generic_business-71.png,#13B5C7,https://maps.gstatic.com/mapfiles/place_api/icons/v2/generic_pinlet,Obyek Wisata Alam Goa Lawa Purbalingga,"[{'height': 3024, 'html_attributions': ['<a href=""https://maps.google.com/maps/contrib/106927629339844819176"">joko_le</a>'], 'photo_reference': 'AUGGfZl3kpfPnEMBcxcV45K3Y78vxBxpuIYlLmRtdMNvSow_u3cpG6KZq80BSsyIsEJ7VUPgZVAQecrfAnEmHRRgqPyeBOtDrWcfjJlqu5V95u9ML27Gk_5c3lhHTtQZ1vBC_zHoRqudSlVsbo6tUSt4X8qmYTzeYWJTDsLbrx36mlj7zXwY', 'width': 4032}]",ChIJYbsC-Kfxby4RZDQR8VC5O1g,4.5,ChIJYbsC-Kfxby4RZDQR8VC5O1g,"['tourist_attraction', 'park', 'point_of_interest', 'establishment']",3677,{'open_now': False},"{'compound_code': 'Q8C9+J6 Siwarak, Purbalingga Regency, Central Java, Indonesia', 'global_code': '6P4FQ8C9+J6'}",https://www.google.com/maps/place/?q=place_id:ChIJYbsC-Kfxby4RZDQR8VC5O1g
OPERATIONAL,"Jl. Raya Binangun No.18, Pengalusan, Area Sawah & Hutan, Pengalusan, Kec. Mrebet, Kabupaten Purbalingga, Jawa Tengah 53352, Indonesia","{'location': {'lat': -7.3025203, 'lng': 109.3075889}, 'viewport': {'northeast': {'lat': -7.301546520107278, 'lng': 109.3085597798927}, 'southwest': {'lat': -7.304246179892722, 'lng': 109.3058601201073}}}",https://maps.gstatic.com/mapfiles/place_api/icons/v1/png_71/generic_business-71.png,#13B5C7,https://maps.gstatic.com/mapfiles/place_api/icons/v2/generic_pinlet,Curug Tempuran,"[{'height': 2448, 'html_attributions': ['<a href=""https://maps.google.com/maps/contrib/109360866814827383716"">PE SM MEDIA</a>'], 'photo_reference': 'AUGGfZlIIUXR2HrPvIPpfKOk8zmyYfHblwKWUm_C0d8mk2aiasz0v6YsdAHDUCBOwuhqhiOxjn7hlu2qQ0hvTdUcnjrokAodWkA-7pfzzz3TL1g_Jr2cEeK1CZTDDT5dngp65nTfHq2Lhqnn5Rptp9HVILu2GzG8tRnlt1JfCBvB_rMcEwpl', 'width': 3264}]",ChIJo81xaO32by4RPoyjtZD0E8s,4.2,ChIJo81xaO32by4RPoyjtZD0E8s,"['tourist_attraction', 'point_of_interest', 'establishment']",176,{'open_now': True},"{'compound_code': 'M8W5+X2 Pengalusan, Purbalingga Regency, Central Java, Indonesia', 'global_code': '6P4FM8W5+X2'}",https://www.google.com/maps/place/?q=place_id:ChIJo81xaO32by4RPoyjtZD0E8s
OPERATIONAL,"Dusun III, Bandingan, Kejobong, Purbalingga Regency, Central Java, Indonesia","{'location': {'lat': -7.399002500000001, 'lng': 109.4392971}, 'viewport': {'northeast': {'lat': -7.397699420107277, 'lng': 109.4407503298927}, 'southwest': {'lat': -7.400399079892721, 'lng': 109.4380506701073}}}",https://maps.gstatic.com/mapfiles/place_api/icons/v1/png_71/generic_business-71.png,#13B5C7,https://maps.gstatic.com/mapfiles/place_api/icons/v2/generic_pinlet,MUGI LESTARI FARM,"[{'height': 2340, 'html_attributions': ['<a href=""https://maps.google.com/maps/contrib/112056062066666241247"">A Google User</a>'], 'photo_reference': 'AUGGfZn1ZQz8YcqfOKl8xTz-bJaK5pR3Gs0IS7p2nTf3VDB13-e4bDiyne-a40iwmlprY83eeC7Pqc8XvTCkZ0ma1ovt8lxa6xapvmqFOQ7wztTe_A1-zZqAlhyy9ZPEOw1N1RaxERuHeJvmi7hcVWlA8fGeKXE9U2L2KoZenMynIeeLv6F2', 'width': 4160}]",ChIJdWn5rgJXZS4RdluwqAyL52w,0.0,ChIJdWn5rgJXZS4RdluwqAyL52w,"['tourist_attraction', 'point_of_interest', 'establishment']",0,{'open_now': False},"{'compound_code': 'JC2Q+9P Bandingan, Purbalingga Regency, Central Java, Indonesia', 'global_code': '6P4FJC2Q+9P'}",https://www.google.com/maps/place/?q=place_id:ChIJdWn5rgJXZS4RdluwqAyL52w
OPERATIONAL,"Q9HQ+FCF, Dusun I, Karangjambu, Kec. Karangjambu, Kabupaten Purbalingga, Jawa Tengah 53359, Indonesia","{'location': {'lat': -7.221312900000001, 'lng': 109.3885531}, 'viewport': {'northeast': {'lat': -7.219630120107278, 'lng': 109.3898448298927}, 'southwest': {'lat': -7.222329779892722, 'lng': 109.3871451701073}}}",https://maps.gstatic.com/mapfiles/place_api/icons/v1/png_71/generic_business-71.png,#13B5C7,https://maps.gstatic.com/mapfiles/place_api/icons/v2/generic_pinlet,Kali laban,,ChIJW2UZLIv7by4RtBXBoXEVHjw,0.0,ChIJW2UZLIv7by4RtBXBoXEVHjw,"['tourist_attraction', 'point_of_interest', 'establishment']",0,,,https://www.google.com/maps/place/?q=place_id:ChIJW2UZLIv7by4RtBXBoXEVHjw
OPERATIONAL,"MGR3+4C, Area Sawah, Makam, Kec. Rembang, Kabupaten Purbalingga, Jawa Tengah, Indonesia","{'location': {'lat': -7.3096522, 'lng': 109.5035005}, 'viewport': {'northeast': {'lat': -7.308248620107279, 'lng': 109.5048377798927}, 'southwest': {'lat': -7.310948279892723, 'lng': 109.5021381201073}}}",https://maps.gstatic.com/mapfiles/place_api/icons/v1/png_71/generic_business-71.png,#13B5C7,https://maps.gstatic.com/mapfiles/place_api/icons/v2/generic_pinlet,Kedung Mungkul,"[{'height': 2604, 'html_attributions': ['<a href=""https://maps.google.com/maps/contrib/117227657053025697939"">arif hidayanto</a>'], 'photo_reference': 'AUGGfZn1Rob2HuxHVkd4hNq5ZcFMIKkxonyZsADazED6dLTgZ4ObzVc7HwMxY2UZRlmJOd0aF8-QS3G4koJYMeo5B3965JEvuxdnhC-aikEvRl6y5ThXXIZ3Yb33wbYRH8jyK0itvQSDgP4ILCWKX6v6bc2X1MFRRiO2Ho40EJHUI7qJnHlH', 'width': 4624}]",ChIJr0xn4Kj_by4R2RNZXMqHHk8,3.0,ChIJr0xn4Kj_by4R2RNZXMqHHk8,"['tourist_attraction', 'point_of_interest', 'establishment']",1,,,https://www.google.com/maps/place/?q=place_id:ChIJr0xn4Kj_by4R2RNZXMqHHk8
OPERATIONAL,"MC2H+73C, Desa, Dusun 2, Pagerandong, Kec. Kaligondang, Kabupaten Purbalingga, Jawa Tengah 53391, Indonesia","{'location': {'lat': -7.349306, 'lng': 109.4276425}, 'viewport': {'northeast': {'lat': -7.348166370107277, 'lng': 109.4293200798927}, 'southwest': {'lat': -7.350866029892721, 'lng': 109.4266204201073}}}",https://maps.gstatic.com/mapfiles/place_api/icons/v1/png_71/generic_business-71.png,#13B5C7,https://maps.gstatic.com/mapfiles/place_api/icons/v2/generic_pinlet,Makam Wangi,"[{'height': 3120, 'html_attributions': ['<a href=""https://maps.google.com/maps/contrib/108238455842903090891"">Dyah E Pratiwi</a>'], 'photo_reference': 'AUGGfZlKk6CeqS9cYbFKKrjsTg5pv0FMrdxA4j68chV13beheFvLsG9UaYjtGTwjquVqP34xzPbcY7darCwsOwQ2wJyzYVxVNEiH4vxADlorX5XYgNmaYVbV1q9kSKEt4kXCA5uWznk2mSqYVpypB6kqrKE4bQgWX2GFDxvc1wLXXsljoBfC', 'width': 4160}]",ChIJlyql4SpWZS4RSDn5isI2GWo,4.1,ChIJlyql4SpWZS4RSDn5isI2GWo,"['tourist_attraction', 'point_of_interest', 'establishment']",102,{'open_now': False},,https://www.google.com/maps/place/?q=place_id:ChIJlyql4SpWZS4RSDn5isI2GWo
OPERATIONAL,"Dusun 2, Bojongsari, Kec. Bojongsari, Kabupaten Purbalingga, Jawa Tengah 53362, Indonesia","{'location': {'lat': -7.3494363, 'lng': 109.3494992}, 'viewport': {'northeast': {'lat': -7.348086470107278, 'lng': 109.3508490298927}, 'southwest': {'lat': -7.350786129892722, 'lng': 109.3481493701073}}}",https://maps.gstatic.com/mapfiles/place_api/icons/v1/png_71/generic_business-71.png,#13B5C7,https://maps.gstatic.com/mapfiles/place_api/icons/v2/generic_pinlet,Kolam Waterboom Owabong,"[{'height': 4160, 'html_attributions': ['<a href=""https://maps.google.com/maps/contrib/111573515195709319482"">caksa fajar</a>'], 'photo_reference': 'AUGGfZk1uWZFLCyHm342O9d8gaOzfvNlrmG468CfDhVaTX0dk-Ay-23pBbx4WYFeeuHYfIGdv9DtQieUVFJK7Ps0YqKmk3O3ygzQHLXfxxZ41MLxq5VLGOUI7e4n2o6sPp8pxK-PFabcZxAr9uvlhjtcRl-SLd-bTUDEog9erJF8vsDQOreJ', 'width': 3120}]",ChIJXQWEpov3by4Rae72N09Nm-s,4.6,ChIJXQWEpov3by4Rae72N09Nm-s,"['tourist_attraction', 'point_of_interest', 'establishment']",746,{'open_now': False},"{'compound_code': 'M82X+6Q Bojongsari, Purbalingga Regency, Central Java, Indonesia', 'global_code': '6P4FM82X+6Q'}",https://www.google.com/maps/place/?q=place_id:ChIJXQWEpov3by4Rae72N09Nm-s
OPERATIONAL,"Jalan Raya Taman Reptile, Dusun II, Kutasari, Kec. Kutasari, Kabupaten Purbalingga, Jawa Tengah 53361, Indonesia","{'location': {'lat': -7.356638200000001, 'lng': 109.3311648}, 'viewport': {'northeast': {'lat': -7.355454820107278, 'lng': 109.3325342798927}, 'southwest': {'lat': -7.358154479892722, 'lng': 109.3298346201073}}}",https://maps.gstatic.com/mapfiles/place_api/icons/v1/png_71/generic_business-71.png,#13B5C7,https://maps.gstatic.com/mapfiles/place_api/icons/v2/generic_pinlet,Sanggaluri Park Purbalingga,"[{'height': 810, 'html_attributions': ['<a href=""https://maps.google.com/maps/contrib/111746143461500984799"">A Google User</a>'], 'photo_reference': 'AUGGfZm-WNekyVBBdJcPQBx6n8eRjhVK2qmHuYXyv2NfPSFkW3Mf95zINfG3bysTCcSSvNwhrRcAgEWWoNEl7OIRnlip8_cxSIW_VOBGg1-Ge-dq9H_eb1zVp7JVrqIZG2JlL27vp4ILUGXucNgx-TEDJ2DVVWZOR2TJrjDdbysGjbd2aH3V', 'width': 1440}]",ChIJ4yVRhBT2by4RliJjyPfq1kQ,4.3,ChIJ4yVRhBT2by4RliJjyPfq1kQ,"['tourist_attraction', 'point_of_interest', 'establishment']",3124,{'open_now': False},"{'compound_code': 'J8VJ+8F Kutasari, Purbalingga Regency, Central Java, Indonesia', 'global_code': '6P4FJ8VJ+8F'}",https://www.google.com/maps/place/?q=place_id:ChIJ4yVRhBT2by4RliJjyPfq1kQ
OPERATIONAL,"Jl. Raya Owabong No.1, Dusun 2, Bojongsari, Kec. Bojongsari, Kabupaten Purbalingga, Jawa Tengah 53362, Indonesia","{'location': {'lat': -7.349470699999999, 'lng': 109.3496942}, 'viewport': {'northeast': {'lat': -7.346665550000002, 'lng': 109.3507314298927}, 'southwest': {'lat': -7.350405749999999, 'lng': 109.3480317701073}}}",https://maps.gstatic.com/mapfiles/place_api/icons/v1/png_71/generic_business-71.png,#7B9EB0,https://maps.gstatic.com/mapfiles/place_api/icons/v2/generic_pinlet,Owabong Water Park Purbalingga,"[{'height': 768, 'html_attributions': ['<a href=""https://maps.google.com/maps/contrib/100857617928832786644"">A Google User</a>'], 'photo_reference': 'AUGGfZkYhxthCpkWlhLw7dtm7TgTUnCLq0ExkxF-_yfldAvlQAjRPZU4quhIe7j34viaU1z4fqd4WNoCm10QmYn489u7O59nD6pibQXn0zEASJeMGpbq4SuQmtllQGZaof2kzf9ZteZYVf0K8W6lOcZnGKhC8V0FDTYdn9yWLzkv46H_xK7L', 'width': 1024}]",ChIJs9UmvIReZS4RDHLTnWUc8Uk,4.5,ChIJs9UmvIReZS4RDHLTnWUc8Uk,"['amusement_park', 'tourist_attraction', 'point_of_interest', 'establishment']",15755,{'open_now': False},"{'compound_code': 'M82X+6V Bojongsari, Purbalingga Regency, Central Java, Indonesia', 'global_code': '6P4FM82X+6V'}",https://www.google.com/maps/place/?q=place_id:ChIJs9UmvIReZS4RDHLTnWUc8Uk
OPERATIONAL,"J9WW+W66, Dusun III, Slinga, Kec. Kaligondang, Kabupaten Purbalingga, Jawa Tengah 53391, Indonesia","{'location': {'lat': -7.3527168, 'lng': 109.3955117}, 'viewport': {'northeast': {'lat': -7.351240570107279, 'lng': 109.39904555}, 'southwest': {'lat': -7.353940229892723, 'lng': 109.39433375}}}",https://maps.gstatic.com/mapfiles/place_api/icons/v1/png_71/park-71.png,#4DB546,https://maps.gstatic.com/mapfiles/place_api/icons/v2/tree_pinlet,Kali Gintung,"[{'height': 720, 'html_attributions': ['<a href=""https://maps.google.com/maps/contrib/114631291522263124632"">aan setiawan</a>'], 'photo_reference': 'AUGGfZngqCMWCQms53VEVq_ipfZ9Ecwgs_acSqVxOD1_5uq6pmqv0rBXGj8wn_Zaf7uKvZB2aMWnB0pCkF8PxeS2ufhwnelr35gFFjEYrYkS9dyHR17wWfhzEGrL6HvWzovLVjIpGp74gCSYm2skVS67vbLqq19w3coRbExcXN3S3gNTr72Q', 'width': 1280}]",ChIJ1f647CJXZS4ReC3teuVoVAs,4.4,ChIJ1f647CJXZS4ReC3teuVoVAs,"['tourist_attraction', 'park', 'point_of_interest', 'establishment']",12,,,https://www.google.com/maps/place/?q=place_id:ChIJ1f647CJXZS4ReC3teuVoVAs
OPERATIONAL,"J8WW+5H, Dusun 4, Kajongan, Kec. Bojongsari, Kabupaten Purbalingga, Jawa Tengah, Indonesia","{'location': {'lat': -7.3545414, 'lng': 109.3464635}, 'viewport': {'northeast': {'lat': -7.353767849999999, 'lng': 109.3477024298927}, 'southwest': {'lat': -7.356862049999998, 'lng': 109.3450027701073}}}",https://maps.gstatic.com/mapfiles/place_api/icons/v1/png_71/generic_business-71.png,#13B5C7,https://maps.gstatic.com/mapfiles/place_api/icons/v2/generic_pinlet,Tuk Situ,"[{'height': 4080, 'html_attributions': ['<a href=""https://maps.google.com/maps/contrib/105824261095148992114"">Ahdza May Nur Farizi</a>'], 'photo_reference': 'AUGGfZmJJvaihpPKr_iqJIE6bE7VUwSLrjbx2ccDdC7nNYyKJbvKdXwcu8mNP_oDlhmrX5IfuwYMoCU0s2AeSPNFNfbK242eFYLeLJisES3XE6GLsVYIKsOTh30yac3ewKXvBSSTfJ5XHfYLqo2BrneDHLDFp7mQ5R3ir-cn6h2SyoDLVBO1', 'width': 3072}]",ChIJ61hCmrJZZS4R5Qnxuk1Ie4M,5.0,ChIJ61hCmrJZZS4R5Qnxuk1Ie4M,"['tourist_attraction', 'point_of_interest', 'establishment']",3,,,https://www.google.com/maps/place/?q=place_id:ChIJ61hCmrJZZS4R5Qnxuk1Ie4M
OPERATIONAL,"Dusun I, Buara, Karanganyar, Purbalingga Regency, Central Java 53354, Indonesia","{'location': {'lat': -7.2741469, 'lng': 109.3810217}, 'viewport': {'northeast': {'lat': -7.272908770107277, 'lng': 109.3823535298927}, 'southwest': {'lat': -7.275608429892721, 'lng': 109.3796538701073}}}",https://maps.gstatic.com/mapfiles/place_api/icons/v1/png_71/generic_business-71.png,#13B5C7,https://maps.gstatic.com/mapfiles/place_api/icons/v2/generic_pinlet,Rest Area 7 Gunung,"[{'height': 3000, 'html_attributions': ['<a href=""https://maps.google.com/maps/contrib/102723968536684752771"">A Google User</a>'], 'photo_reference': 'AUGGfZlc3uvkk710mHTAbecLAK2EDjtfy1A2c4CRpc6ROt0LMtBiSaLlhA5naaqPKlFOglriQBxTbETdrCD2bqikLMOwoXwJmQt228n53Zr5irxnvsdP0piHRyNJ3smmSdTifhHqYQoIctxJmgi7nAygQK2h_2rlLJx304TufhVVfW6jSdHD', 'width': 4000}]",ChIJnQn7eLz5by4RYsTrAA3kJtw,5.0,ChIJnQn7eLz5by4RYsTrAA3kJtw,"['tourist_attraction', 'point_of_interest', 'establishment']",2,,"{'compound_code': 'P9GJ+8C Buara, Purbalingga Regency, Central Java, Indonesia', 'global_code': '6P4FP9GJ+8C'}",https://www.google.com/maps/place/?q=place_id:ChIJnQn7eLz5by4RYsTrAA3kJtw
OPERATIONAL,"P9MG+FVH, Dusun 3, Limbasari, Kec. Bobotsari, Kabupaten Purbalingga, Jawa Tengah 53353, Indonesia","{'location': {'lat': -7.266306699999999, 'lng': 109.3772224}, 'viewport': {'northeast': {'lat': -7.26482662010728, 'lng': 109.3781839298927}, 'southwest': {'lat': -7.267526279892723, 'lng': 109.3754842701073}}}",https://maps.gstatic.com/mapfiles/place_api/icons/v1/png_71/generic_business-71.png,#13B5C7,https://maps.gstatic.com/mapfiles/place_api/icons/v2/generic_pinlet,The Samingah Wised,"[{'height': 3456, 'html_attributions': ['<a href=""https://maps.google.com/maps/contrib/101381603200558123333"">Zaidan Al Bahri</a>'], 'photo_reference': 'AUGGfZl5i8hEroiLYS0VVPcKD4zEGJ7I82xzv0OCVzR-oxYdrHyj4tkj2Y-T0G4kFC9Smur0jBwbvbz0tH2I2fHBbjC49ESgzN9dgT_cuJLaVu9UDIkYo6OELB1uxNzQOeU2mdZ49vEB0IEW6tn2j02Ys5mLOgpVu_wsTMzkfSTbWmyvUmTr', 'width': 4608}]",ChIJY_LIb-Dxby4RbSICFZg44UQ,4.5,ChIJY_LIb-Dxby4RbSICFZg44UQ,"['tourist_attraction', 'point_of_interest', 'establishment']",208,{'open_now': False},,https://www.google.com/maps/place/?q=place_id:ChIJY_LIb-Dxby4RbSICFZg44UQ
OPERATIONAL,"MFJH+49Q, Dusun II Karang Kobar, Grantung, Kec. Karangmoncol, Kabupaten Purbalingga, Jawa Tengah, Indonesia","{'location': {'lat': -7.319662499999999, 'lng': 109.4784844}, 'viewport': {'northeast': {'lat': -7.31745795, 'lng': 109.4797141298927}, 'southwest': {'lat': -7.32039735, 'lng': 109.4770144701073}}}",https://maps.gstatic.com/mapfiles/place_api/icons/v1/png_71/generic_business-71.png,#13B5C7,https://maps.gstatic.com/mapfiles/place_api/icons/v2/generic_pinlet,Mata air sang hyang Kendit,"[{'height': 1920, 'html_attributions': ['<a href=""https://maps.google.com/maps/contrib/108075876121370133195"">A Google User</a>'], 'photo_reference': 'AUGGfZljqjTlRySqiRF-Sq8PV6BN9kFGhiWNe2tk18dOGpPXMV3c08rOkKHErjPACswSro-odzLz107ryXkcA8BkOPIaGJvYsFW2-4osk6EehSl8cljUfDzNP-ETuU3Dt9Ni5CgcShcwIxEUjSzAGCuJQw1temWoGuKM7CR_euuwq1Mlr6a8', 'width': 1080}]",ChIJK2JGnY3_by4RSYv0OKMy8Bg,5.0,ChIJK2JGnY3_by4RSYv0OKMy8Bg,"['tourist_attraction', 'point_of_interest', 'establishment']",3,{'open_now': True},,https://www.google.com/maps/place/?q=place_id:ChIJK2JGnY3_by4RSYv0OKMy8Bg
OPERATIONAL,"MF4G+XMJ, Dusun IV, Tegalpingen, Kec. Pengadegan, Kabupaten Purbalingga, Jawa Tengah, Indonesia","{'location': {'lat': -7.3428925, 'lng': 109.4762164}, 'viewport': {'northeast': {'lat': -7.341561720107278, 'lng': 109.4775884298927}, 'southwest': {'lat': -7.344261379892722, 'lng': 109.4748887701073}}}",https://maps.gstatic.com/mapfiles/place_api/icons/v1/png_71/generic_business-71.png,#13B5C7,https://maps.gstatic.com/mapfiles/place_api/icons/v2/generic_pinlet,Gamprit view,"[{'height': 4080, 'html_attributions': ['<a href=""https://maps.google.com/maps/contrib/113520415893319536697"">Riski maulana Yusuf</a>'], 'photo_reference': 'AUGGfZnshREtXR9PlyOOaA61Ivb0SoJ9dihX1-PiZvI_K6jpLHBCDGIog7Bz-PSRKTQbZ8x15wvGmlOkwV75ur2WhGc1N8VKvnyPlOyzYDxhDt_FrdTuMk6dTzNdA0pm0UIGeRcPc7_nX_wV-saabROBt2Y_Xdp6Rb_CQhdf-Egec5-TYOM1', 'width': 3060}]",ChIJtzMxTpj_by4R0Q5mDRnV-EE,4.8,ChIJtzMxTpj_by4R0Q5mDRnV-EE,"['tourist_attraction', 'point_of_interest', 'establishment']",5,,,https://www.google.com/maps/place/?q=place_id:ChIJtzMxTpj_by4R0Q5mDRnV-EE
OPERATIONAL,"JC2G+CMQ, Area Sawah, Penolih, Kec. Kaligondang, Kabupaten Purbalingga, Jawa Tengah 53391, Indonesia","{'location': {'lat': -7.3989183, 'lng': 109.4267313}, 'viewport': {'northeast': {'lat': -7.397576070107279, 'lng': 109.4281403298927}, 'southwest': {'lat': -7.400275729892723, 'lng': 109.4254406701073}}}",https://maps.gstatic.com/mapfiles/place_api/icons/v1/png_71/generic_business-71.png,#13B5C7,https://maps.gstatic.com/mapfiles/place_api/icons/v2/generic_pinlet,Pancingan rawa kutuk,"[{'height': 1920, 'html_attributions': ['<a href=""https://maps.google.com/maps/contrib/111589513071339737664"">A Google User</a>'], 'photo_reference': 'AUGGfZmF1W4YXuU4v3zOCk7HGNVzhC7HxLC-jXRF-6xqMuURFWgAdT9_NiGB9JaRXyzO8mfqdGXN-wIs7Nnn-JnQ_Cf1ZK7mEQ8RUygp83hKr2J1WVsb52vmP5cnnvULuUXhzMnTraY6AM16FKCtNO9eDUiRyu3801XYbcvNj1_WLBwMyiyf', 'width': 1080}]",ChIJK5M_DgBXZS4RBHrvJbcL9_A,5.0,ChIJK5M_DgBXZS4RBHrvJbcL9_A,"['tourist_attraction', 'point_of_interest', 'establishment']",2,{'open_now': True},,https://www.google.com/maps/place/?q=place_id:ChIJK5M_DgBXZS4RBHrvJbcL9_A
OPERATIONAL,"HCXW+RC9, Dusun III, Gumiwang, Kec. Kejobong, Kabupaten Purbalingga, Jawa Tengah 53392, Indonesia","{'location': {'lat': -7.4004737, 'lng': 109.4461055}, 'viewport': {'northeast': {'lat': -7.398926970107279, 'lng': 109.44718185}, 'southwest': {'lat': -7.401626629892723, 'lng': 109.44287645}}}",https://maps.gstatic.com/mapfiles/place_api/icons/v1/png_71/generic_business-71.png,#13B5C7,https://maps.gstatic.com/mapfiles/place_api/icons/v2/generic_pinlet,Bukit Munggang,"[{'height': 2600, 'html_attributions': ['<a href=""https://maps.google.com/maps/contrib/112011830956856162153"">Fajar Arifin</a>'], 'photo_reference': 'AUGGfZkh6pHT_FUXDzcvmWhumPUcuzXeGlS_rfxbgfJnlaKeg9o2H7UGNpBRMMf3T_SkGLep_kcDwxetQCw4WgHn9-IjDaIzz0KaQ0QHuPl51XR0qv8JrkWX8i-QK-pzYCBvz0d1roIxGA7l4inOFGShLrIKaf8Gu7T2fpd5PcabPmFQlkBn', 'width': 4624}]",ChIJv_SuirVXZS4Rlf3sPK6otNM,5.0,ChIJv_SuirVXZS4Rlf3sPK6otNM,"['tourist_attraction', 'point_of_interest', 'establishment']",1,,,https://www.google.com/maps/place/?q=place_id:ChIJv_SuirVXZS4Rlf3sPK6otNM
OPERATIONAL,"MGGG+HVP, Jl. Desa Sumingkir, Dusun I, Bantarbarang, Kec. Rembang, Kabupaten Purbalingga, Jawa Tengah 53356, Indonesia","{'location': {'lat': -7.3233674, 'lng': 109.5273279}, 'viewport': {'northeast': {'lat': -7.321854170107278, 'lng': 109.5285897298927}, 'southwest': {'lat': -7.324553829892722, 'lng': 109.5258900701073}}}",https://maps.gstatic.com/mapfiles/place_api/icons/v1/png_71/generic_business-71.png,#13B5C7,https://maps.gstatic.com/mapfiles/place_api/icons/v2/generic_pinlet,Kedung Burus,,ChIJKzSheQD_by4Rci3wpa60_iQ,0.0,ChIJKzSheQD_by4Rci3wpa60_iQ,"['tourist_attraction', 'point_of_interest', 'establishment']",0,,,https://www.google.com/maps/place/?q=place_id:ChIJKzSheQD_by4Rci3wpa60_iQ
OPERATIONAL,"PCRF+WQ3, Dusun II, Darma, Kec. Kertanegara, Kabupaten Purbalingga, Jawa Tengah, Indonesia","{'location': {'lat': -7.2577442, 'lng': 109.4244189}, 'viewport': {'northeast': {'lat': -7.256603820107276, 'lng': 109.4257466798927}, 'southwest': {'lat': -7.259303479892719, 'lng': 109.4230470201073}}}",https://maps.gstatic.com/mapfiles/place_api/icons/v1/png_71/generic_business-71.png,#13B5C7,https://maps.gstatic.com/mapfiles/place_api/icons/v2/generic_pinlet,SUMUR KIDANG,"[{'height': 2160, 'html_attributions': ['<a href=""https://maps.google.com/maps/contrib/102559027904321372230"">A Google User</a>'], 'photo_reference': 'AUGGfZlCsxfRQbpS3zp8uOgHNcI7i7RpuVh4qfaSTsAhEE1msbOmdr0ziQAYpzco1vodBewVQtpxzzJxa8NpNIAcwBVFlixU3N8jMxRRbbgblwbp7VNIqE1F6T-mnwHTRhSWDLLeJfpIV0jLCStWgvJk8VUtg-kT4PpfN7fcp0QDffH5GYY5', 'width': 3840}]",ChIJmwNk-4v7by4Rfax1RJ862CI,5.0,ChIJmwNk-4v7by4Rfax1RJ862CI,"['tourist_attraction', 'point_of_interest', 'establishment']",2,{'open_now': True},,https://www.google.com/maps/place/?q=place_id:ChIJmwNk-4v7by4Rfax1RJ862CI
OPERATIONAL,"MF98+G5P, Pepedan, Kec. Karangmoncol, Kabupaten Purbalingga, Jawa Tengah 53355, Indonesia","{'location': {'lat': -7.331157, 'lng': 109.465462}, 'viewport': {'northeast': {'lat': -7.329835570107277, 'lng': 109.4662198798927}, 'southwest': {'lat': -7.332535229892721, 'lng': 109.4635202201073}}}",https://maps.gstatic.com/mapfiles/place_api/icons/v1/png_71/generic_business-71.png,#13B5C7,https://maps.gstatic.com/mapfiles/place_api/icons/v2/generic_pinlet,Kali gintung,,ChIJ0ycqqKb5by4RRROGZ_A399E,0.0,ChIJ0ycqqKb5by4RRROGZ_A399E,"['tourist_attraction', 'point_of_interest', 'establishment']",0,,,https://www.google.com/maps/place/?q=place_id:ChIJ0ycqqKb5by4RRROGZ_A399E
OPERATIONAL,"PFJX+XJC, Desa wisata, Bantarbarang, Rembang, Rajawana, Karangmoncol, Dusun II, Panusupan, Kec. Rembang, Kabupaten Purbalingga, Jawa Tengah 53355, Indonesia","{'location': {'lat': -7.267554199999999, 'lng': 109.4990057}, 'viewport': {'northeast': {'lat': -7.266517020107279, 'lng': 109.5001130798927}, 'southwest': {'lat': -7.269216679892723, 'lng': 109.4974134201073}}}",https://maps.gstatic.com/mapfiles/place_api/icons/v1/png_71/generic_business-71.png,#13B5C7,https://maps.gstatic.com/mapfiles/place_api/icons/v2/generic_pinlet,Bukit Cilik - Igir Wringin,"[{'height': 2448, 'html_attributions': ['<a href=""https://maps.google.com/maps/contrib/117094833386887714221"">Husein syauqi azmi</a>'], 'photo_reference': 'AUGGfZlNOjokvpmNiO1gWN9QKVWP7cjlEngCz73E87WxdIyVc9GJNKtabXNKGl8TOOqr8-ijAt7l-AjNF3VsKHl1fZws48ZLa2VyuJNwwvBfvZQGWY8uc4n7IGSUBd-kdIenSZ-ZalhyKJOBdKrDS82IbvPjAoqF-GXv-kU0F6xiEhAkTAfM', 'width': 3264}]",ChIJ97HD7cH-by4RFwK_Dq5P-2A,4.2,ChIJ97HD7cH-by4RFwK_Dq5P-2A,"['tourist_attraction', 'park', 'point_of_interest', 'establishment']",81,,,https://www.google.com/maps/place/?q=place_id:ChIJ97HD7cH-by4RFwK_Dq5P-2A
OPERATIONAL,"PCQ8+5R9, Dusun Batur, Krangean, Kec. Kertanegara, Kabupaten Purbalingga, Jawa Tengah 53354, Indonesia","{'location': {'lat': -7.262082899999999, 'lng': 109.4171008}, 'viewport': {'northeast': {'lat': -7.260375520107277, 'lng': 109.4184125798927}, 'southwest': {'lat': -7.263075179892721, 'lng': 109.4157129201073}}}",https://maps.gstatic.com/mapfiles/place_api/icons/v1/png_71/generic_business-71.png,#13B5C7,https://maps.gstatic.com/mapfiles/place_api/icons/v2/generic_pinlet,kali kuning,"[{'height': 1280, 'html_attributions': ['<a href=""https://maps.google.com/maps/contrib/108988776936256014451"">ika setyawan</a>'], 'photo_reference': 'AUGGfZlu07w_aSTUJt3e1yDbtK1eYRXibetLsKayb6_JsQAtwKB8nEwylpiR77Iy6gG0Ob8_JRNLJcT3Fe4euDmn8gF2ZmqQuIRQw6xQJCGOATJf_lJEm6U9E_1pnAiHwNL52UjUs9PdToiEMATMMcQHvi9HG_JcYe8CsvazvRsce0tThbIn', 'width': 720}]",ChIJL90z17X7by4RODGS7OyHpYM,5.0,ChIJL90z17X7by4RODGS7OyHpYM,"['tourist_attraction', 'point_of_interest', 'establishment']",4,,,https://www.google.com/maps/place/?q=place_id:ChIJL90z17X7by4RODGS7OyHpYM
OPERATIONAL,"Jl. Dusun II, Dusun 2, Gembong, Kec. Bojongsari, Kabupaten Purbalingga, Jawa Tengah 53362, Indonesia","{'location': {'lat': -7.3680251, 'lng': 109.3603989}, 'viewport': {'northeast': {'lat': -7.366694920107277, 'lng': 109.3617458298927}, 'southwest': {'lat': -7.369394579892721, 'lng': 109.3590461701073}}}",https://maps.gstatic.com/mapfiles/place_api/icons/v1/png_71/generic_business-71.png,#13B5C7,https://maps.gstatic.com/mapfiles/place_api/icons/v2/generic_pinlet,Kampung Mina Padi Desa Gembong,"[{'height': 810, 'html_attributions': ['<a href=""https://maps.google.com/maps/contrib/103466136123584970839"">A Google User</a>'], 'photo_reference': 'AUGGfZksb7W5t6rrkAtYfGeWXPvUholdCdLM8L048i4NiFxXAyizP8gGpSJ0kNGtbpSBVmsRqQpeJ9czfbNhdTwf49XFU1HblzTAfwAeJJ7mHS2MCtdjzW-_MtWggCBDKTJqwvjoqDBcuNolXgVTRQ7dibSWLZyrEKHWw6TdH8IR_FSW9_86', 'width': 1440}]",ChIJ4Zq1lllZZS4RfoqZAq9k_7k,4.3,ChIJ4Zq1lllZZS4RfoqZAq9k_7k,"['tourist_attraction', 'point_of_interest', 'establishment']",4,,"{'compound_code': 'J9J6+Q5 Gembong, Purbalingga Regency, Central Java, Indonesia', 'global_code': '6P4FJ9J6+Q5'}",https://www.google.com/maps/place/?q=place_id:ChIJ4Zq1lllZZS4RfoqZAq9k_7k
OPERATIONAL,"P83X+9HC, Dusun II, Gunungkarang, Kec. Bobotsari, Kabupaten Purbalingga, Jawa Tengah, Indonesia","{'location': {'lat': -7.2965538, 'lng': 109.3489026}, 'viewport': {'northeast': {'lat': -7.295018820107279, 'lng': 109.3507695298927}, 'southwest': {'lat': -7.297718479892723, 'lng': 109.3480698701073}}}",https://maps.gstatic.com/mapfiles/place_api/icons/v1/png_71/generic_business-71.png,#13B5C7,https://maps.gstatic.com/mapfiles/place_api/icons/v2/generic_pinlet,Kali Pancuran,"[{'height': 4080, 'html_attributions': ['<a href=""https://maps.google.com/maps/contrib/115805301121175405995"">A Google User</a>'], 'photo_reference': 'AUGGfZn8Xbveu96skPI5QyQdgbx6D0wfoeyI4_XCauj-u8CPBUjf6D6ZIcwF56Ex7k6Y8ckO5dzHfYRh9emjDJtMG5VNZAwrP92-siyVFSohn9SxWs3sdvuFc-sgbsmh4gSeyk32BDYc-3z7bbnq6QcVZl66lpjErF8qbtHrYTzkb7jkrgCX', 'width': 1836}]",ChIJA-A4-Tz3by4RfHlxLu6kW3Y,5.0,ChIJA-A4-Tz3by4RfHlxLu6kW3Y,"['tourist_attraction', 'point_of_interest', 'establishment']",1,{'open_now': True},,https://www.google.com/maps/place/?q=place_id:ChIJA-A4-Tz3by4RfHlxLu6kW3Y
OPERATIONAL,"Arae Hutan, Limbasari, Bobotsari, Purbalingga Regency, Central Java 53353, Indonesia","{'location': {'lat': -7.261110999999999, 'lng': 109.377098}, 'viewport': {'northeast': {'lat': -7.260073070107278, 'lng': 109.3786543798927}, 'southwest': {'lat': -7.262772729892721, 'lng': 109.3759547201073}}}",https://maps.gstatic.com/mapfiles/place_api/icons/v1/png_71/generic_business-71.png,#13B5C7,https://maps.gstatic.com/mapfiles/place_api/icons/v2/generic_pinlet,Wisata Alam Patrawisa,"[{'height': 3000, 'html_attributions': ['<a href=""https://maps.google.com/maps/contrib/106508119833949065934"">Dwie Agung -Appraisal Purwokerto</a>'], 'photo_reference': 'AUGGfZnjQ89vEJYDuby1dUTnpAJNEEl_eBn4X1aafnzffiH-VEvItLYhVgamE1WBC0BakOfDfagbzNYC24aEBfeA78kXGoaeWyAYiPmFeJbhhllTLFojDLBQszZakqSuMWLQjIwH4XQOyMoCDxTTayoGWqzLniXY1fejsLenJT6qczB_NEnF', 'width': 4000}]",ChIJATIQ-5Dxby4R1siEjYsowhk,4.5,ChIJATIQ-5Dxby4R1siEjYsowhk,"['tourist_attraction', 'point_of_interest', 'establishment']",17,{'open_now': False},"{'compound_code': 'P9QG+HR Limbasari, Purbalingga Regency, Central Java, Indonesia', 'global_code': '6P4FP9QG+HR'}",https://www.google.com/maps/place/?q=place_id:ChIJATIQ-5Dxby4R1siEjYsowhk
OPERATIONAL,"M84F+394, Bandingan 4, Meri, Kec. Kutasari, Kabupaten Purbalingga, Jawa Tengah 53361, Indonesia","{'location': {'lat': -7.344608999999999, 'lng': 109.3233408}, 'viewport': {'northeast': {'lat': -7.343431870107276, 'lng': 109.3247231798927}, 'southwest': {'lat': -7.34613152989272, 'lng': 109.3220235201073}}}",https://maps.gstatic.com/mapfiles/place_api/icons/v1/png_71/generic_business-71.png,#13B5C7,https://maps.gstatic.com/mapfiles/place_api/icons/v2/generic_pinlet,JFC FISHING,"[{'height': 4160, 'html_attributions': ['<a href=""https://maps.google.com/maps/contrib/111486911151879786151"">A Google User</a>'], 'photo_reference': 'AUGGfZkYJeccSspY2P65lxNTMl1nvfDTyO-htDssAmifZBda5Bo0olOW3fThoMCsKw3x5pPwa8wMPqWL6YcizCKm_KEtH4G99inEx28UycNfxUhIH0sY1PZVnPnt3guhl6_nkRvRkukSGKLcWAUhtoL5JwuCeipwrzSm4Ip6iHiKVXxql3LK', 'width': 1968}]",ChIJo3_sr4r3by4RujmagUOoXUI,0.0,ChIJo3_sr4r3by4RujmagUOoXUI,"['tourist_attraction', 'point_of_interest', 'establishment']",0,,,https://www.google.com/maps/place/?q=place_id:ChIJo3_sr4r3by4RujmagUOoXUI
OPERATIONAL,"dusun No.03, RT.05/RW.003, Purwosari, suradadi, Kec. Karangreja, Kabupaten Purbalingga, Jawa Tengah 53357, Indonesia","{'location': {'lat': -7.227713099999999, 'lng': 109.3369002}, 'viewport': {'northeast': {'lat': -7.226363170107278, 'lng': 109.3382511298927}, 'southwest': {'lat': -7.229062829892722, 'lng': 109.3355514701073}}}",https://maps.gstatic.com/mapfiles/place_api/icons/v1/png_71/generic_business-71.png,#13B5C7,https://maps.gstatic.com/mapfiles/place_api/icons/v2/generic_pinlet,Pertigaan Goa Lawa,,ChIJu_OVG1Lxby4ROuOVtWT_-7M,0.0,ChIJu_OVG1Lxby4ROuOVtWT_-7M,"['tourist_attraction', 'point_of_interest', 'establishment']",0,,"{'compound_code': 'Q8CP+WQ Karangreja, Purbalingga Regency, Central Java, Indonesia', 'global_code': '6P4FQ8CP+WQ'}",https://www.google.com/maps/place/?q=place_id:ChIJu_OVG1Lxby4ROuOVtWT_-7M
OPERATIONAL,"PGFC+7CF, Dusun IV, Bantarbarang, Kec. Rembang, Kabupaten Purbalingga, Jawa Tengah 53356, Indonesia","{'location': {'lat': -7.276809499999999, 'lng': 109.5210451}, 'viewport': {'northeast': {'lat': -7.275900570107277, 'lng': 109.5227356798927}, 'southwest': {'lat': -7.278600229892721, 'lng': 109.5200360201073}}}",https://maps.gstatic.com/mapfiles/place_api/icons/v1/png_71/generic_business-71.png,#13B5C7,https://maps.gstatic.com/mapfiles/place_api/icons/v2/generic_pinlet,Air Terjun Kali Karang,"[{'height': 3456, 'html_attributions': ['<a href=""https://maps.google.com/maps/contrib/104209092383880837296"">Wiji Utomo</a>'], 'photo_reference': 'AUGGfZkeEi5c_M207W7jCAd-4qpg9ukQtrYVWkNlUFdyHFAKO5rvfdUNVx2xn3X0YPXUMb7k-fnog8cNXcRXlRPAJ6D4pKDNpzCcBAIV7SkZk1HLK8lTJQj45oDEjjc3hDk8rkd4Xz2ieXsveU_JIjkQ_BN6JlVSe7GkI_mEVuB27A-I6fPT', 'width': 4608}]",ChIJ12TPCYr-by4Rs2CJb0a9mVk,4.4,ChIJ12TPCYr-by4Rs2CJb0a9mVk,"['tourist_attraction', 'point_of_interest', 'establishment']",70,{'open_now': False},,https://www.google.com/maps/place/?q=place_id:ChIJ12TPCYr-by4Rs2CJb0a9mVk
OPERATIONAL,"PCQC+P8P, Dusun Karang Duren, Krangean, Kec. Kertanegara, Kabupaten Purbalingga, Jawa Tengah 53354, Indonesia","{'location': {'lat': -7.260457499999999, 'lng': 109.4207711}, 'viewport': {'northeast': {'lat': -7.259107670107277, 'lng': 109.4221209298927}, 'southwest': {'lat': -7.261807329892721, 'lng': 109.4194212701073}}}",https://maps.gstatic.com/mapfiles/place_api/icons/v1/png_71/generic_business-71.png,#13B5C7,https://maps.gstatic.com/mapfiles/place_api/icons/v2/generic_pinlet,Batu Gumilang,"[{'height': 3264, 'html_attributions': ['<a href=""https://maps.google.com/maps/contrib/111093222165729271884"">A Google User</a>'], 'photo_reference': 'AUGGfZn6S8npwcgF9CCLKzymzKJlHVMqmKnh6xTd5OB4b8qzHbJgGpvsnd-6cb6JdJ_5RWGJMf9kxCXx8ii9QvbU6SNEAyZ2OB16pwffqvkfPO-zQuv2QFnTh-yDHWDqjvqI_LouGf60NQtL8LxTLwRWEAwDpoMdDGl386iEZuZT8LeySOiZ', 'width': 2448}]",ChIJHQ2gHc37by4RIvl4tbyfzfw,0.0,ChIJHQ2gHc37by4RIvl4tbyfzfw,"['tourist_attraction', 'point_of_interest', 'establishment']",0,,,https://www.google.com/maps/place/?q=place_id:ChIJHQ2gHc37by4RIvl4tbyfzfw
OPERATIONAL,"JFGG+Q9V, Karang Tengah, Pengadegan, Kec. Pengadegan, Kabupaten Purbalingga, Jawa Tengah 53393, Indonesia","{'location': {'lat': -7.373024000000001, 'lng': 109.475921}, 'viewport': {'northeast': {'lat': -7.372005370107278, 'lng': 109.4772346298927}, 'southwest': {'lat': -7.374705029892722, 'lng': 109.4745349701073}}}",https://maps.gstatic.com/mapfiles/place_api/icons/v1/png_71/generic_business-71.png,#13B5C7,https://maps.gstatic.com/mapfiles/place_api/icons/v2/generic_pinlet,Starstone,,ChIJNzdUzmhVZS4Rd2o0ldVF5tg,5.0,ChIJNzdUzmhVZS4Rd2o0ldVF5tg,"['tourist_attraction', 'point_of_interest', 'establishment']",1,,,https://www.google.com/maps/place/?q=place_id:ChIJNzdUzmhVZS4Rd2o0ldVF5tg
OPERATIONAL,"J976+P53, Purbalingga, Purbalingga Lor, Purbalingga, Purbalingga Regency, Central Java, Indonesia","{'location': {'lat': -7.385734999999999, 'lng': 109.3604296}, 'viewport': {'northeast': {'lat': -7.384392470107278, 'lng': 109.3618088298927}, 'southwest': {'lat': -7.387092129892721, 'lng': 109.3591091701073}}}",https://maps.gstatic.com/mapfiles/place_api/icons/v1/png_71/generic_business-71.png,#13B5C7,https://maps.gstatic.com/mapfiles/place_api/icons/v2/generic_pinlet,Wisata,,ChIJiyEKKcZZZS4RdIrSo3nK2Ew,2.3,ChIJiyEKKcZZZS4RdIrSo3nK2Ew,"['tourist_attraction', 'point_of_interest', 'establishment']",3,,,https://www.google.com/maps/place/?q=place_id:ChIJiyEKKcZZZS4RdIrSo3nK2Ew
OPERATIONAL,"MCGQ+3G, Cileleng, Karangsari, Kec. Karangmoncol, Kabupaten Purbalingga, Jawa Tengah, Indonesia","{'location': {'lat': -7.3248146, 'lng': 109.4388445}, 'viewport': {'northeast': {'lat': -7.323464770107278, 'lng': 109.4401943298927}, 'southwest': {'lat': -7.326164429892722, 'lng': 109.4374946701073}}}",https://maps.gstatic.com/mapfiles/place_api/icons/v1/png_71/generic_business-71.png,#13B5C7,https://maps.gstatic.com/mapfiles/place_api/icons/v2/generic_pinlet,Mina wisata benih konsumsi,,ChIJocE10cP5by4RobgX2QcV-NY,0.0,ChIJocE10cP5by4RobgX2QcV-NY,"['tourist_attraction', 'point_of_interest', 'establishment']",0,,,https://www.google.com/maps/place/?q=place_id:ChIJocE10cP5by4RobgX2QcV-NY
OPERATIONAL,"P9Q6+XC, Area Hutan, Palumbungan Wetan, Kec. Bobotsari, Kabupaten Purbalingga, Jawa Tengah 53353, Indonesia","{'location': {'lat': -7.260069, 'lng': 109.361089}, 'viewport': {'northeast': {'lat': -7.258719170107279, 'lng': 109.3624388298927}, 'southwest': {'lat': -7.261418829892722, 'lng': 109.3597391701073}}}",https://maps.gstatic.com/mapfiles/place_api/icons/v1/png_71/generic_business-71.png,#13B5C7,https://maps.gstatic.com/mapfiles/place_api/icons/v2/generic_pinlet,Curug kalibacin,"[{'height': 2448, 'html_attributions': ['<a href=""https://maps.google.com/maps/contrib/115532662253650248440"">A Google User</a>'], 'photo_reference': 'AUGGfZmPfDU13EM5wO-vFjkCL-lbNL1ZF5jobY6-B4XocyHbSnQS2eZG3vTPLtZ314ThZeAVlSNl2pjRnRUWQhwsGlB9cdJgtC5Sq_i1FGWclSTlb-K0SIFAYDROBtL-g6GjJf4aVCV2g9tqwQUA-S_Ua5BHl--P7UPSIGwz3ynPDcfcnN0u', 'width': 3264}]",ChIJC6SlEN_xby4RF1aOESm9E-M,4.9,ChIJC6SlEN_xby4RF1aOESm9E-M,"['tourist_attraction', 'point_of_interest', 'establishment']",9,,,https://www.google.com/maps/place/?q=place_id:ChIJC6SlEN_xby4RF1aOESm9E-M
OPERATIONAL,"M98P+6PQ, Jl.raya Tangkisan Sindang, Katimaha, Tangkisan, Kec. Mrebet, Kabupaten Purbalingga, Jawa Tengah 53352, Indonesia","{'location': {'lat': -7.3344166, 'lng': 109.3868586}, 'viewport': {'northeast': {'lat': -7.333093670107279, 'lng': 109.3881422298927}, 'southwest': {'lat': -7.335793329892723, 'lng': 109.3854425701073}}}",https://maps.gstatic.com/mapfiles/place_api/icons/v1/png_71/generic_business-71.png,#13B5C7,https://maps.gstatic.com/mapfiles/place_api/icons/v2/generic_pinlet,Sunrise view Sindang,"[{'height': 4000, 'html_attributions': ['<a href=""https://maps.google.com/maps/contrib/107300043710312934816"">aris budiarto</a>'], 'photo_reference': 'AUGGfZlIdwFILnAbvFYGrmIEJNW2mpQ1xcMfSajhBxlGz4PFB2FFRviQmU4kG-NttD0cNUc5VM07CmU5SJhDdj8dHVIvydsr2sNd6UljHA8tpVMIZmEhtzQvZDR5frMS2K5U79N6n3mC5KX-NIEPLCccWXrVN_nrsLub-tcoLrZe208q7k1Z', 'width': 3000}]",ChIJueeX4jD5by4RNKg4UV2gHUg,4.1,ChIJueeX4jD5by4RNKg4UV2gHUg,"['tourist_attraction', 'point_of_interest', 'establishment']",9,,,https://www.google.com/maps/place/?q=place_id:ChIJueeX4jD5by4RNKg4UV2gHUg
OPERATIONAL,"P9F7+Q39, Dusun II, Palumbungan, Kec. Bobotsari, Kabupaten Purbalingga, Jawa Tengah 53353, Indonesia","{'location': {'lat': -7.275592299999999, 'lng': 109.3627281}, 'viewport': {'northeast': {'lat': -7.274573420107278, 'lng': 109.3634750298927}, 'southwest': {'lat': -7.277273079892722, 'lng': 109.3607753701073}}}",https://maps.gstatic.com/mapfiles/place_api/icons/v1/png_71/generic_business-71.png,#13B5C7,https://maps.gstatic.com/mapfiles/place_api/icons/v2/generic_pinlet,Curug PENISIHAN,"[{'height': 960, 'html_attributions': ['<a href=""https://maps.google.com/maps/contrib/101750120923649408271"">Galih January</a>'], 'photo_reference': 'AUGGfZnRgbuu9emH7d9el567YTgU1YhD4dwixDYp5oTtFeXeSx2ASQ5XKHy-SGcsbyLr0U7kswoxInGnjEyn4krKauZxt9ce5IftHVc6A8YdKq2Ed7W4k2jkmxznGRpsBbjSFKiFyJ6vbuWmZfxrf5rz3Cpgd-O5IptD5yGssTQnAhcwZlcG', 'width': 1280}]",ChIJY_VEik_3by4RjtYhV5wRQso,4.9,ChIJY_VEik_3by4RjtYhV5wRQso,"['tourist_attraction', 'point_of_interest', 'establishment']",16,,,https://www.google.com/maps/place/?q=place_id:ChIJY_VEik_3by4RjtYhV5wRQso
