business_status,formatted_address,geometry,icon,icon_background_color,icon_mask_base_uri,name,photos,place_id,plus_code,rating,reference,types,user_ratings_total,opening_hours,price_level,permanently_closed,url
OPERATIONAL,"Tonsewer, Tompaso, Minahasa Regency, North Sulawesi, Indonesia","{'location': {'lat': 1.1649375, 'lng': 124.7959375}, 'viewport': {'northeast': {'lat': 1.166393929892722, 'lng': 124.7973172798927}, 'southwest': {'lat': 1.163694270107278, 'lng': 124.7946176201073}}}",https://maps.gstatic.com/mapfiles/place_api/icons/v1/png_71/lodging-71.png,#909CE1,https://maps.gstatic.com/mapfiles/place_api/icons/v2/hotel_pinlet,OYO 92545 Wawi Kadio Homestay,"[{'height': 427, 'html_attributions': ['<a href=""https://maps.google.com/maps/contrib/101880872037881395494"">A Google User</a>'], 'photo_reference': 'AUGGfZlPAvg8N5_3_bHLrqn-6ANoCBWGW3UH54cxmUD_siK376KfQTxjHMLbbkm5ep4YFiQFm3yUNJjXlmsFWMWeZGSpZ0mLDEyZAq1lPYj8samoUpMAlJP0yLH3bSge1hgfjp5BUr4CJrHLKLLoLs2X7F3HAZ4ufvNwjmeZyjeSKorsevre', 'width': 640}]",ChIJJ3iCLt5HhzIRLk85LskJTn0,"{'compound_code': '5Q7W+X9 Tonsewer, Minahasa Regency, North Sulawesi, Indonesia', 'global_code': '6QH65Q7W+X9'}",4.3,ChIJJ3iCLt5HhzIRLk85LskJTn0,"['lodging', 'point_of_interest', 'establishment']",82,,,,https://www.google.com/maps/place/?q=place_id:ChIJJ3iCLt5HhzIRLk85LskJTn0
OPERATIONAL,"Lingkungan VII, Koya, Tondano Selatan, Minahasa Regency, North Sulawesi, Indonesia","{'location': {'lat': 1.2756939, 'lng': 124.8859724}, 'viewport': {'northeast': {'lat': 1.277090979892722, 'lng': 124.8873362298927}, 'southwest': {'lat': 1.274391320107278, 'lng': 124.8846365701073}}}",https://maps.gstatic.com/mapfiles/place_api/icons/v1/png_71/lodging-71.png,#909CE1,https://maps.gstatic.com/mapfiles/place_api/icons/v2/hotel_pinlet,Yama Resort Tondano,"[{'height': 2819, 'html_attributions': ['<a href=""https://maps.google.com/maps/contrib/113883922884599676409"">A Google User</a>'], 'photo_reference': 'AUGGfZl76y0t39_yxgycVsqs5Jt8gp3lrInPj-zAgjG8glafa97X8mLM5AaU8zlyVfutZpfoO5WW5q8dENAZ2-Ajs_uBpg9ZHjoU4o4isdeiZWuRwLfzsqSrI5Htfu2GvQKHKK15srXQFFy5BLDFcCWSxXD8WJhyFBrcTOA6sKrtUZl1pFsK', 'width': 4367}]",ChIJJfGYPgcVhzIReaSrUkdz2VQ,"{'compound_code': '7VGP+79 Koya, Minahasa Regency, North Sulawesi, Indonesia', 'global_code': '6QH67VGP+79'}",4.5,ChIJJfGYPgcVhzIReaSrUkdz2VQ,"['lodging', 'point_of_interest', 'establishment']",649,{'open_now': True},,,https://www.google.com/maps/place/?q=place_id:ChIJJfGYPgcVhzIReaSrUkdz2VQ
OPERATIONAL,"Pondang, Amurang Timur, South Minahasa Regency, North Sulawesi, Indonesia","{'location': {'lat': 1.2053909, 'lng': 124.5901399}, 'viewport': {'northeast': {'lat': 1.206605829892722, 'lng': 124.5917104298927}, 'southwest': {'lat': 1.203906170107278, 'lng': 124.5890107701073}}}",https://maps.gstatic.com/mapfiles/place_api/icons/v1/png_71/lodging-71.png,#909CE1,https://maps.gstatic.com/mapfiles/place_api/icons/v2/hotel_pinlet,Hotel Sutanraja,"[{'height': 3289, 'html_attributions': ['<a href=""https://maps.google.com/maps/contrib/108735765277836509967"">A Google User</a>'], 'photo_reference': 'AUGGfZnSCITpWIKGedzawFPtjys9HOaNUsnev0hBJpeV7QQ9JZ9b5T_UoLrLYZTy8iA2sc3iyKoN9bjOc3gDmDXgKSb6o3M5JrFnf4HnpLd34nmR0Bwct0NK1celGW2iK6VRIGFvJkNPUy8iB-aANyWGhhFtwXDFNMpyxd77UPhFo8cs4d93', 'width': 5184}]",ChIJ68Rb6phehzIRY4bDGr7wYwA,"{'compound_code': '6H4R+53 Pondang, South Minahasa Regency, North Sulawesi, Indonesia', 'global_code': '6QH66H4R+53'}",4.3,ChIJ68Rb6phehzIRY4bDGr7wYwA,"['lodging', 'point_of_interest', 'establishment']",807,,,,https://www.google.com/maps/place/?q=place_id:ChIJ68Rb6phehzIRY4bDGr7wYwA
OPERATIONAL,"6H8W+5RG, Tim.,, Pondang, Kec. Amurang Tim., Kabupaten Minahasa Selatan, Sulawesi Utara, Indonesia","{'location': {'lat': 1.2154263, 'lng': 124.5970698}, 'viewport': {'northeast': {'lat': 1.216779029892722, 'lng': 124.5984215798927}, 'southwest': {'lat': 1.214079370107278, 'lng': 124.5957219201073}}}",https://maps.gstatic.com/mapfiles/place_api/icons/v1/png_71/lodging-71.png,#909CE1,https://maps.gstatic.com/mapfiles/place_api/icons/v2/hotel_pinlet,Sutanraja Villa Amurang,"[{'height': 3000, 'html_attributions': ['<a href=""https://maps.google.com/maps/contrib/107837749086968687119"">Hartarto Sormin</a>'], 'photo_reference': 'AUGGfZkPCNOVpYJbX7sevqzn-dUt38hFZBRI7rKJ-t42Iecg7r5H71ps33yStEfxFoy7VdXR1ilpGBFUw7YTd6VhWCXxmYj5uESGoAbRFB34WAeD0QZmfo_c7aP3kq8ynExtEE5qzz9mY4uL35Hc6fqwUBVjHuEqFP0hIVmd6VTAFjdAzdZs', 'width': 4000}]",ChIJ9zqZA4JehzIRQFsFpeD8ki4,,4.3,ChIJ9zqZA4JehzIRQFsFpeD8ki4,"['lodging', 'point_of_interest', 'establishment']",241,,,,https://www.google.com/maps/place/?q=place_id:ChIJ9zqZA4JehzIRQFsFpeD8ki4
OPERATIONAL,"5R4Q+694, Walantakan, Langowan Utara, Minahasa Regency, North Sulawesi, Indonesia","{'location': {'lat': 1.1552789, 'lng': 124.8385288}, 'viewport': {'northeast': {'lat': 1.156629579892722, 'lng': 124.8398721298927}, 'southwest': {'lat': 1.153929920107278, 'lng': 124.8371724701073}}}",https://maps.gstatic.com/mapfiles/place_api/icons/v1/png_71/lodging-71.png,#909CE1,https://maps.gstatic.com/mapfiles/place_api/icons/v2/hotel_pinlet,Wale Langowan,"[{'height': 458, 'html_attributions': ['<a href=""https://maps.google.com/maps/contrib/114676532938869336600"">A Google User</a>'], 'photo_reference': 'AUGGfZktgNz9Q2OE5Z9Ppm-mfLgSoZ9LUH2ZGMT3VL_g_w0ASlGez0K_jX4B4j5ia2hMRMiulVZPgFx3brTYqHnoGt-QJNisT8p6yZrtOLZybsrUc2vWiuUxOumRiUsLuPhUS0ABEv-g6fXd0cYALxmdpqceNws82TlAqAHsfX9hwZn3KHyK', 'width': 720}]",ChIJg0XiMPxHhzIRwgHF1TnpiiI,,4.7,ChIJg0XiMPxHhzIRwgHF1TnpiiI,"['lodging', 'point_of_interest', 'establishment']",11,,,,https://www.google.com/maps/place/?q=place_id:ChIJg0XiMPxHhzIRwgHF1TnpiiI
OPERATIONAL,"Jl. Wawo, Matani III, Kec. Tomohon Tengah, Kota Tomohon, Sulawesi Utara 95441, Indonesia","{'location': {'lat': 1.302137, 'lng': 124.8473274}, 'viewport': {'northeast': {'lat': 1.303486829892722, 'lng': 124.8486603298927}, 'southwest': {'lat': 1.300787170107278, 'lng': 124.8459606701072}}}",https://maps.gstatic.com/mapfiles/place_api/icons/v1/png_71/generic_business-71.png,#13B5C7,https://maps.gstatic.com/mapfiles/place_api/icons/v2/generic_pinlet,Narwastu Hills,"[{'height': 1024, 'html_attributions': ['<a href=""https://maps.google.com/maps/contrib/110301390198252354307"">Vidi Polla</a>'], 'photo_reference': 'AUGGfZnq_jqHS_HjLr1L8L67FAMOu9_HhMInxt07-4Kdji7vWmSh7w7FUQxwPvtE3Lw6dRaJMub8k0GBgzQIBPbD_jYGh09PXZtCSePhya7QPdpfTr6qTsdPv-OQg9bznKTD6lBHwrybxVabN8PGSh4npuNFRl-xHshjJgUB_ma1sXjw1iY', 'width': 768}]",ChIJIQC_mAJrhzIRGAnCykFVwa8,"{'compound_code': '8R2W+VW Walian, Tomohon City, North Sulawesi, Indonesia', 'global_code': '6QH68R2W+VW'}",4.7,ChIJIQC_mAJrhzIRGAnCykFVwa8,"['tourist_attraction', 'lodging', 'restaurant', 'food', 'point_of_interest', 'establishment']",501,{'open_now': True},,,https://www.google.com/maps/place/?q=place_id:ChIJIQC_mAJrhzIRGAnCykFVwa8
OPERATIONAL,"7VP2+5Q, Walian, Tomohon Selatan, Tomohon City, North Sulawesi, Indonesia","{'location': {'lat': 1.285302, 'lng': 124.8519678}, 'viewport': {'northeast': {'lat': 1.286707529892722, 'lng': 124.8529889298927}, 'southwest': {'lat': 1.284007870107278, 'lng': 124.8502892701073}}}",https://maps.gstatic.com/mapfiles/place_api/icons/v1/png_71/lodging-71.png,#909CE1,https://maps.gstatic.com/mapfiles/place_api/icons/v2/hotel_pinlet,Wawowow,"[{'height': 1080, 'html_attributions': ['<a href=""https://maps.google.com/maps/contrib/100866280233285979905"">A Google User</a>'], 'photo_reference': 'AUGGfZkeSJ0QEnlxv_q2qU2vxVIWpo4UYmz2QWux9FMP2Nl75m8UuDQv3ZNkYm1u-bmBVhzmUEU-A1yyuUDSJZk7_1K3S-qsVhMtBsMdwxt_MotJ2J_K3PpkSI-rrhHAQdw-NRj5X6j2pHs-wyM_e6ZD9e4WLAl2P5VUz5PZpP5OgPblgAlz', 'width': 1080}]",ChIJUWI2otBrhzIRY29bVtLmJ3Q,,4.8,ChIJUWI2otBrhzIRY29bVtLmJ3Q,"['lodging', 'point_of_interest', 'establishment']",39,,,,https://www.google.com/maps/place/?q=place_id:ChIJUWI2otBrhzIRY29bVtLmJ3Q
OPERATIONAL,"Jl. Langowan - Tondano, Roong, Kec. Tondano Bar., Kabupaten Minahasa, Sulawesi Utara, Indonesia","{'location': {'lat': 1.2780216, 'lng': 124.9019897}, 'viewport': {'northeast': {'lat': 1.279346729892722, 'lng': 124.9033986298927}, 'southwest': {'lat': 1.276647070107278, 'lng': 124.9006989701072}}}",https://maps.gstatic.com/mapfiles/place_api/icons/v1/png_71/cafe-71.png,#FF9E67,https://maps.gstatic.com/mapfiles/place_api/icons/v2/cafe_pinlet,Wale Walanda,"[{'height': 2252, 'html_attributions': ['<a href=""https://maps.google.com/maps/contrib/114318819587378739237"">ferry koagouw</a>'], 'photo_reference': 'AUGGfZnu7-zzzWxxCgGeWUS42ADY2bQ_An9852s0qgkCy4dusVcnulTHSp_j6ZL-lJ1xLFSpr1X_glEKpL1g5q3zfEbF5ogM2OFLggjYK4C1ZFVGGDj3xtGoV8_hRMGRKDgPXZr1bSggF3qWPM58t2RrPZBN6KCoYH4CE7CLI_pe6B_LGlvb', 'width': 4000}]",ChIJy9wq-bYVhzIRWdMd6OTlG6k,"{'compound_code': '7WH2+6Q Roong, Minahasa Regency, North Sulawesi, Indonesia', 'global_code': '6QH67WH2+6Q'}",4.5,ChIJy9wq-bYVhzIRWdMd6OTlG6k,"['cafe', 'lodging', 'food', 'point_of_interest', 'establishment']",93,{'open_now': True},,,https://www.google.com/maps/place/?q=place_id:ChIJy9wq-bYVhzIRWdMd6OTlG6k
OPERATIONAL,"Jl. Walanda Maramis, Kel. Wengkol, Kec. Tondano Timur Kabupaten Minahasa, Sulawesi Utara, Sumatera Utara 95613, Indonesia","{'location': {'lat': 1.3074226, 'lng': 124.9139514}, 'viewport': {'northeast': {'lat': 1.308841879892722, 'lng': 124.9151802298927}, 'southwest': {'lat': 1.306142220107278, 'lng': 124.9124805701073}}}",https://maps.gstatic.com/mapfiles/place_api/icons/v1/png_71/lodging-71.png,#909CE1,https://maps.gstatic.com/mapfiles/place_api/icons/v2/hotel_pinlet,OYO 92041 Hotel Borneo,"[{'height': 427, 'html_attributions': ['<a href=""https://maps.google.com/maps/contrib/116977179000622827922"">A Google User</a>'], 'photo_reference': 'AUGGfZmiDJ6igMOlwoOnR1XRWT0FXq6MSaE2QKvTeOu6wCshGZVjPa1HZbIQmEIG9BYxz_RLx_Z33Tg-vIwYpIPtV6FeDpdzfJY0KnII7ytrXCSScZVYcm1JNPUmNlCar1zUA0osjNyVaO7NEkRijv-twbkVvd2Pt8mH33BFUwjnDux90UJz', 'width': 640}]",ChIJAw-Ib3kUhzIRhArbJ5Y84bc,"{'compound_code': '8W47+XH Kembuan, Minahasa Regency, North Sulawesi, Indonesia', 'global_code': '6QH68W47+XH'}",4.0,ChIJAw-Ib3kUhzIRhArbJ5Y84bc,"['lodging', 'point_of_interest', 'establishment']",52,,,,https://www.google.com/maps/place/?q=place_id:ChIJAw-Ib3kUhzIRhArbJ5Y84bc
OPERATIONAL,"Jl. Lkr. Bar., Kakaskasen Satu, Kec. Tomohon Utara, Kota Tomohon, Sulawesi Utara 95415, Indonesia","{'location': {'lat': 1.3570077, 'lng': 124.827035}, 'viewport': {'northeast': {'lat': 1.358331979892722, 'lng': 124.8284511798927}, 'southwest': {'lat': 1.355632320107278, 'lng': 124.8257515201073}}}",https://maps.gstatic.com/mapfiles/place_api/icons/v1/png_71/generic_business-71.png,#7B9EB0,https://maps.gstatic.com/mapfiles/place_api/icons/v2/generic_pinlet,Grand Master Villa Tomohon,"[{'height': 1080, 'html_attributions': ['<a href=""https://maps.google.com/maps/contrib/100662541201296258962"">A Google User</a>'], 'photo_reference': 'AUGGfZl_6KKXm2vrwodLZewFBT_D_ECK_7kvOZBAeQ-xyRTaLJpRvPcdLUq9G_gakJkKRFWw60iInj5I77Dm2THraqs78SnWTiFYHFU7DOJjtARotsCaf0yRHSrWIfAvrAtT0v2SVmAWjb_yNmzHckrD2aN0KpN8sNAm9BmeI273JNwXMlY6', 'width': 1920}]",ChIJSZ8_JrRthzIRqjV7P4fTWOQ,"{'compound_code': '9R4G+RR Kakaskasen Satu, Tomohon City, North Sulawesi, Indonesia', 'global_code': '6QH69R4G+RR'}",4.5,ChIJSZ8_JrRthzIRqjV7P4fTWOQ,"['point_of_interest', 'establishment']",1051,{'open_now': True},,,https://www.google.com/maps/place/?q=place_id:ChIJSZ8_JrRthzIRqjV7P4fTWOQ
OPERATIONAL,"Jl. Lkr. Tim., Kakaskasen Tiga, Kec. Tomohon Utara, Kota Tomohon, Sulawesi Utara 95417, Indonesia","{'location': {'lat': 1.3479204, 'lng': 124.846093}, 'viewport': {'northeast': {'lat': 1.349286129892722, 'lng': 124.8474954798927}, 'southwest': {'lat': 1.346586470107278, 'lng': 124.8447958201073}}}",https://maps.gstatic.com/mapfiles/place_api/icons/v1/png_71/lodging-71.png,#909CE1,https://maps.gstatic.com/mapfiles/place_api/icons/v2/hotel_pinlet,Jhoanie Hotel,"[{'height': 1080, 'html_attributions': ['<a href=""https://maps.google.com/maps/contrib/109121278258707221956"">Jhoanie Hotel</a>'], 'photo_reference': 'AUGGfZkAWh4JvtqftmxZTigCdvrfnta82ORGqM9xTedDnCgLX5-GqP1JQOV0BcFVJhZrvrAiEcOr6HL6D_yvVBJ30Qf1x1yxEgxRbRuog_2d1nNTI_YfHkvpZRMkgOyOJK5vLuJ64HBmWubR7Susj_yt2AcPIrCTuEL-wikN_AQyIlI6HFFO', 'width': 1616}]",ChIJS-xm1eNshzIRT3BNSapr4B4,"{'compound_code': '8RXW+5C Kakaskasen Tiga, Tomohon City, North Sulawesi, Indonesia', 'global_code': '6QH68RXW+5C'}",4.1,ChIJS-xm1eNshzIRT3BNSapr4B4,"['lodging', 'point_of_interest', 'establishment']",875,{'open_now': True},,,https://www.google.com/maps/place/?q=place_id:ChIJS-xm1eNshzIRT3BNSapr4B4
OPERATIONAL,"Lansot, Tomohon Selatan, Tomohon City, North Sulawesi, Indonesia","{'location': {'lat': 1.3048456, 'lng': 124.8322826}, 'viewport': {'northeast': {'lat': 1.306182379892722, 'lng': 124.8336220298927}, 'southwest': {'lat': 1.303482720107278, 'lng': 124.8309223701073}}}",https://maps.gstatic.com/mapfiles/place_api/icons/v1/png_71/lodging-71.png,#909CE1,https://maps.gstatic.com/mapfiles/place_api/icons/v2/hotel_pinlet,Lanosa Guest House,"[{'height': 720, 'html_attributions': ['<a href=""https://maps.google.com/maps/contrib/104879423074994563952"">A Google User</a>'], 'photo_reference': 'AUGGfZmYIpuK1Iz69capvwYXWlu06MKMTbsbX7mda8KHLCq1s9MdhP--8PUxzKwDZhXzXGQU1BQiybvNCeqk1hXqRUY__UVYAUNR6DRcUt_FAI2M1O1MyArmrmk6stNLfH6BTIZMMRgc3LhEb1yhsKy-nKCebNE4Le14fjCQb7aiE_UnJk2P', 'width': 960}]",ChIJd9XXm2VrhzIRgP0aVCHP51A,"{'compound_code': '8R3J+WW Lansot, Tomohon City, North Sulawesi, Indonesia', 'global_code': '6QH68R3J+WW'}",4.5,ChIJd9XXm2VrhzIRgP0aVCHP51A,"['lodging', 'point_of_interest', 'establishment']",165,,,,https://www.google.com/maps/place/?q=place_id:ChIJd9XXm2VrhzIRgP0aVCHP51A
OPERATIONAL,"Jl. Sam Ratulangi, Roong, Kec. Tondano Bar., Kabupaten Minahasa, Sulawesi Utara 95617, Indonesia","{'location': {'lat': 1.2950801, 'lng': 124.9102999}, 'viewport': {'northeast': {'lat': 1.296429429892722, 'lng': 124.9116520298927}, 'southwest': {'lat': 1.293729770107278, 'lng': 124.9089523701072}}}",https://maps.gstatic.com/mapfiles/place_api/icons/v1/png_71/lodging-71.png,#909CE1,https://maps.gstatic.com/mapfiles/place_api/icons/v2/hotel_pinlet,SPOT ON 92278 Hotel Vorel,"[{'height': 427, 'html_attributions': ['<a href=""https://maps.google.com/maps/contrib/102383221830726036669"">A Google User</a>'], 'photo_reference': 'AUGGfZkVB-PO0I2a4ffSNOqxoRB0ktteqvVAsfwLxywXnvhmk7gZKhIMz8_asBGzR2ZKmzAOTYbVYHRBKj2_W2UdQjSufJ5Wx_mnEb-FydM4VJ-25x_k3Jd-OWCesotRa6UpbOX3RU91KKNVG6DTyijtiG3F9WwwnPAeCrwM_2M3RLPZNgE5', 'width': 640}]",ChIJP3XdnWAUhzIR8YlXGx4fSmU,"{'compound_code': '7WW6+24 Roong, Minahasa Regency, North Sulawesi, Indonesia', 'global_code': '6QH67WW6+24'}",3.9,ChIJP3XdnWAUhzIR8YlXGx4fSmU,"['lodging', 'point_of_interest', 'establishment']",34,,,,https://www.google.com/maps/place/?q=place_id:ChIJP3XdnWAUhzIR8YlXGx4fSmU
OPERATIONAL,"8RFW+M3W, Paslaten Satu, Tomohon Timur, Tomohon City, North Sulawesi, Indonesia","{'location': {'lat': 1.3242265, 'lng': 124.8452076}, 'viewport': {'northeast': {'lat': 1.325379079892722, 'lng': 124.8465891298927}, 'southwest': {'lat': 1.322679420107278, 'lng': 124.8438894701073}}}",https://maps.gstatic.com/mapfiles/place_api/icons/v1/png_71/lodging-71.png,#909CE1,https://maps.gstatic.com/mapfiles/place_api/icons/v2/hotel_pinlet,Anugerah Hill (AH),"[{'height': 2376, 'html_attributions': ['<a href=""https://maps.google.com/maps/contrib/108880250926471059546"">Andika Victor</a>'], 'photo_reference': 'AUGGfZnL68_Z_Ib4-otb_Gfy7QUJ54U49u6dpjt6rocCATcgcr78g1uk4Ug-dg-Js4_Hgkdwk_-udZL6locK2THqslfvKmEjBD8R2r_Ij1pwH_kmX-aUAMslodh6Q6lu0W-0vXsp_EgMrW7EFMUvPquu2ahLPp48gC-UBPc_rSLAeId3oH7s', 'width': 4224}]",ChIJYVUvDHJthzIRhv7bTh_Tzzw,,4.6,ChIJYVUvDHJthzIRhv7bTh_Tzzw,"['lodging', 'point_of_interest', 'establishment']",169,{'open_now': True},,,https://www.google.com/maps/place/?q=place_id:ChIJYVUvDHJthzIRhv7bTh_Tzzw
OPERATIONAL,"Ilasan kapling, Kakaskasen Tiga, Kec. Tomohon Utara, Kota Tomohon, Sulawesi Utara 95417, Indonesia","{'location': {'lat': 1.3424214, 'lng': 124.8225105}, 'viewport': {'northeast': {'lat': 1.343840579892722, 'lng': 124.8240007798927}, 'southwest': {'lat': 1.341140920107278, 'lng': 124.8213011201073}}}",https://maps.gstatic.com/mapfiles/place_api/icons/v1/png_71/lodging-71.png,#909CE1,https://maps.gstatic.com/mapfiles/place_api/icons/v2/hotel_pinlet,Ilasan Cottage,"[{'height': 824, 'html_attributions': ['<a href=""https://maps.google.com/maps/contrib/103766314369433577042"">A Google User</a>'], 'photo_reference': 'AUGGfZm_9oea7cftLZDuSYrSbjmo3ytXl97jIL5ZXC6-Iq5Xn2zt3_4Qf1W2Ax2WtIYFwganxx7_FJRhS3J61lO-SkY9uJ-aRMwZHOc3SawBk2NNxUdcYE_Z-L5t6SyWBIz1xGgrSXZZG6o7GAvTO2ctP5My-SHd27gfkW_sGc7QL1sDeLE0', 'width': 1080}]",ChIJ2eTZeeZthzIRUMc2RZPQoio,"{'compound_code': '8RRF+X2 Kakaskasen Tiga, Tomohon City, North Sulawesi, Indonesia', 'global_code': '6QH68RRF+X2'}",5.0,ChIJ2eTZeeZthzIRUMc2RZPQoio,"['lodging', 'point_of_interest', 'establishment']",13,,,,https://www.google.com/maps/place/?q=place_id:ChIJ2eTZeeZthzIRUMc2RZPQoio
OPERATIONAL,"Jl. Panorama, Kakaskasen, Kec. Tomohon Utara, Kota Tomohon, Sulawesi Utara, Indonesia","{'location': {'lat': 1.3441517, 'lng': 124.847988}, 'viewport': {'northeast': {'lat': 1.345478629892722, 'lng': 124.8492938798927}, 'southwest': {'lat': 1.342778970107278, 'lng': 124.8465942201073}}}",https://maps.gstatic.com/mapfiles/place_api/icons/v1/png_71/lodging-71.png,#909CE1,https://maps.gstatic.com/mapfiles/place_api/icons/v2/hotel_pinlet,Hotel Villa Emitta Tomohon,"[{'height': 472, 'html_attributions': ['<a href=""https://maps.google.com/maps/contrib/115184357048461542493"">A Google User</a>'], 'photo_reference': 'AUGGfZmpITdlDyI-hvGfq7uwYT8lkAqmOw9I39xArvJ9H_zeVXG0i2ITikxG2u_ZHc04nadVprXfTg1ntGIf-qIEVPbDKdnu6qm-wZqfZgS7jfNlE-jLPb64S3aBftV5z7mbaeL_dwJZRqVoDFZxUk12MxLygCAkEuF4qsCbTCA5kW88GPga', 'width': 1024}]",ChIJw1Yz3T1thzIR_RZoRjVBNoA,"{'compound_code': '8RVX+M5 Kakaskasen, Tomohon City, North Sulawesi, Indonesia', 'global_code': '6QH68RVX+M5'}",4.6,ChIJw1Yz3T1thzIR_RZoRjVBNoA,"['lodging', 'point_of_interest', 'establishment']",656,{'open_now': True},,,https://www.google.com/maps/place/?q=place_id:ChIJw1Yz3T1thzIR_RZoRjVBNoA
OPERATIONAL,"Jl. Tinaras, Kamasi, Kec. Tomohon Tengah, Kota Tomohon, Sulawesi Utara, Indonesia","{'location': {'lat': 1.3276226, 'lng': 124.8378114}, 'viewport': {'northeast': {'lat': 1.328968679892722, 'lng': 124.8392266298927}, 'southwest': {'lat': 1.326269020107278, 'lng': 124.8365269701073}}}",https://maps.gstatic.com/mapfiles/place_api/icons/v1/png_71/lodging-71.png,#909CE1,https://maps.gstatic.com/mapfiles/place_api/icons/v2/hotel_pinlet,WISE HOTEL,"[{'height': 2448, 'html_attributions': ['<a href=""https://maps.google.com/maps/contrib/114917058602793409355"">winner3003</a>'], 'photo_reference': 'AUGGfZnyN5nZ4UJxmbBt5JsuTym9xBNuWboEWDroV1WY9tUqeivGFqAR1htGycV0M0-uaons3NfzMhbjIkwIxG2_KzZ0oNSikMhPeXk-WlFWLslWNj-7Ay4ld4fLx5ynIb2spTOB4C0lX_iAmJ06UMXX-JksFWK6_MnC7iRSz7sRC9rXkyGM', 'width': 3264}]",ChIJyfjyw0BthzIRyJm1gEkLezw,"{'compound_code': '8RHQ+24 Kamasi, Tomohon City, North Sulawesi, Indonesia', 'global_code': '6QH68RHQ+24'}",4.3,ChIJyfjyw0BthzIRyJm1gEkLezw,"['lodging', 'point_of_interest', 'establishment']",349,,,,https://www.google.com/maps/place/?q=place_id:ChIJyfjyw0BthzIRyJm1gEkLezw
OPERATIONAL,"Paslaten Dua, Tomohon Timur, Tomohon City, North Sulawesi, Indonesia","{'location': {'lat': 1.3221845, 'lng': 124.8472609}, 'viewport': {'northeast': {'lat': 1.323581779892722, 'lng': 124.8486038298927}, 'southwest': {'lat': 1.320882120107278, 'lng': 124.8459041701073}}}",https://maps.gstatic.com/mapfiles/place_api/icons/v1/png_71/cafe-71.png,#FF9E67,https://maps.gstatic.com/mapfiles/place_api/icons/v2/cafe_pinlet,Villa Marion - H Villas,"[{'height': 4000, 'html_attributions': ['<a href=""https://maps.google.com/maps/contrib/102853078347599532441"">Tessa Rantung</a>'], 'photo_reference': 'AUGGfZn58bHRc3IdD_wqyHJJLzljupnRj1d0uLNAIeiKAONklakDXWOqP4v6nmMuMrUqm8NcDEIv9IdUaCel8nl7GPGOi_TyX9rDrcSTY22BBfFSoCT2zVo3jQXGrSlw46Y-wwHhvX4lsHQBncqr0Pl0-Sf8juSG9PD50e6V9sH-jsyBB-zz', 'width': 3000}]",ChIJ27p70mRthzIRLJSkFVUIgVc,"{'compound_code': '8RCW+VW Paslaten Dua, Tomohon City, North Sulawesi, Indonesia', 'global_code': '6QH68RCW+VW'}",4.6,ChIJ27p70mRthzIRLJSkFVUIgVc,"['cafe', 'food', 'point_of_interest', 'establishment']",138,{'open_now': True},2.0,,https://www.google.com/maps/place/?q=place_id:ChIJ27p70mRthzIRLJSkFVUIgVc
OPERATIONAL,"7WP4+VJQ, Roong, Tondano Barat, Minahasa Regency, North Sulawesi, Indonesia","{'location': {'lat': 1.2873116, 'lng': 124.9065197}, 'viewport': {'northeast': {'lat': 1.288752079892722, 'lng': 124.9080161298927}, 'southwest': {'lat': 1.286052420107278, 'lng': 124.9053164701073}}}",https://maps.gstatic.com/mapfiles/place_api/icons/v1/png_71/generic_business-71.png,#7B9EB0,https://maps.gstatic.com/mapfiles/place_api/icons/v2/generic_pinlet,FILADELFIA Resto & Penginapan,,ChIJLZTQ-nsVhzIRhi-zYulwfMs,,5.0,ChIJLZTQ-nsVhzIRhi-zYulwfMs,"['point_of_interest', 'establishment']",1,{},,,https://www.google.com/maps/place/?q=place_id:ChIJLZTQ-nsVhzIRhi-zYulwfMs
OPERATIONAL,"Jalan Boulevard Pondang 9, Pondang, Amurang Timur, Amurang, North Sulawesi 95354, Indonesia","{'location': {'lat': 1.2124688, 'lng': 124.5943607}, 'viewport': {'northeast': {'lat': 1.213602329892722, 'lng': 124.5959344798927}, 'southwest': {'lat': 1.210902670107278, 'lng': 124.5932348201073}}}",https://maps.gstatic.com/mapfiles/place_api/icons/v1/png_71/lodging-71.png,#909CE1,https://maps.gstatic.com/mapfiles/place_api/icons/v2/hotel_pinlet,Sendowan Baru,"[{'height': 2376, 'html_attributions': ['<a href=""https://maps.google.com/maps/contrib/104379919717977447737"">Sendowan Baru</a>'], 'photo_reference': 'AUGGfZmq_eDijairtw8fCgqBGhgdBNwjUsfBG9iqZiVsFl7hPNa0C0HJ47VFEeUVK300Q2eHDQqUCzdSGr-lRn2PICdvlfSCZ9kAzshz2FpdIh4A1iCTxt5LyhtcB1yeDaOIX17UTutWUpMonKeivYV5-jT0vGz0GB7Gt4vzwMQGU1XiVxUd', 'width': 4224}]",ChIJr8KeF9RdhzIR-Un5vdmdHkI,"{'compound_code': '6H6V+XP Pondang, South Minahasa Regency, North Sulawesi, Indonesia', 'global_code': '6QH66H6V+XP'}",4.5,ChIJr8KeF9RdhzIR-Un5vdmdHkI,"['lodging', 'point_of_interest', 'establishment']",24,{'open_now': True},,,https://www.google.com/maps/place/?q=place_id:ChIJr8KeF9RdhzIR-Un5vdmdHkI
OPERATIONAL,"7V9X+3C6, Masarang, Tondano Barat, Minahasa Regency, North Sulawesi 95617, Indonesia","{'location': {'lat': 1.2676724, 'lng': 124.8985264}, 'viewport': {'northeast': {'lat': 1.268998379892722, 'lng': 124.8998842798927}, 'southwest': {'lat': 1.266298720107278, 'lng': 124.8971846201073}}}",https://maps.gstatic.com/mapfiles/place_api/icons/v1/png_71/lodging-71.png,#909CE1,https://maps.gstatic.com/mapfiles/place_api/icons/v2/hotel_pinlet,Moy Residence Tondano,"[{'height': 3024, 'html_attributions': ['<a href=""https://maps.google.com/maps/contrib/100397640521214943297"">guido t</a>'], 'photo_reference': 'AUGGfZma4aQ9y811nMRpAUps3JxwfXIedqmUHcLudsO6bzOXHGrR58OreqG5K4eboFJQvsB5LevnItTQqx8uaIYde1af_amai582iV6iOEBQGU9WCmbC6GNUeLqMIaH9Y3dp6JGhkhJU2V2CkoYqExQwfATSLgrY4AfoJGMr-FKAMO4YjD40', 'width': 4032}]",ChIJ-Z9X2FgUhzIR-SHCKkIJLjk,,4.1,ChIJ-Z9X2FgUhzIR-SHCKkIJLjk,"['lodging', 'point_of_interest', 'establishment']",50,,,,https://www.google.com/maps/place/?q=place_id:ChIJ-Z9X2FgUhzIR-SHCKkIJLjk
OPERATIONAL,"6J82+7RQ, Jl. Trans Sulawesi, Pondang, Kec. Amurang Tim., Kabupaten Minahasa Selatan, Sulawesi Utara, Indonesia","{'location': {'lat': 1.215747, 'lng': 124.6020744}, 'viewport': {'northeast': {'lat': 1.217217929892722, 'lng': 124.6032906298927}, 'southwest': {'lat': 1.214518270107278, 'lng': 124.6005909701072}}}",https://maps.gstatic.com/mapfiles/place_api/icons/v1/png_71/lodging-71.png,#909CE1,https://maps.gstatic.com/mapfiles/place_api/icons/v2/hotel_pinlet,Prince Hotel Amurang,"[{'height': 2176, 'html_attributions': ['<a href=""https://maps.google.com/maps/contrib/100625691982991125885"">A Google User</a>'], 'photo_reference': 'AUGGfZnsE-BXcMQjOESq6PjxPYDg2OfAOGlJ615lMnUiJlJKYhYWafgPMPOl1hcxbWria-TALK5KtmQU6x1UbdGZhHhF73M8N699LuSSgQ_16b7qKqCqy7zD326lkxd_Zj7iwbINGYEex26ax-Afk8skVoaaJ6jDwSM_YrYsp8ndkJdE2_Df', 'width': 4608}]",ChIJRQ9sRSlchzIRHeFPAMkbWj8,,3.7,ChIJRQ9sRSlchzIRHeFPAMkbWj8,"['lodging', 'point_of_interest', 'establishment']",114,,,,https://www.google.com/maps/place/?q=place_id:ChIJRQ9sRSlchzIRHeFPAMkbWj8
OPERATIONAL,"Jl. Kawiley, Kakaskasen Dua, Kec. Tomohon Utara, Kota Tomohon, Sulawesi Utara, Indonesia","{'location': {'lat': 1.3482466, 'lng': 124.8359835}, 'viewport': {'northeast': {'lat': 1.349597129892722, 'lng': 124.8373323298927}, 'southwest': {'lat': 1.346897470107278, 'lng': 124.8346326701073}}}",https://maps.gstatic.com/mapfiles/place_api/icons/v1/png_71/lodging-71.png,#909CE1,https://maps.gstatic.com/mapfiles/place_api/icons/v2/hotel_pinlet,Gardenia Country Inn,"[{'height': 1800, 'html_attributions': ['<a href=""https://maps.google.com/maps/contrib/106940600248830922616"">A Google User</a>'], 'photo_reference': 'AUGGfZn93kvZ5zyHEfAiYxxyRkz11p1BQ1_I8JDwK--ZtAZv9OiqcbNXMAZrZSfnL0-MikEhYq8vFkpH5i241c1XHbbQspw-i6jgMuoB5z7w7r4Cwo05dyDLMmYkexrgqlBRqNys2vYreS8ZLyxziJeJ2AFM8KiMkbuvuvKMqHdbw8kNl3Jg', 'width': 4000}]",ChIJWyuBs5RshzIRsLaRoM5O4Rg,"{'compound_code': '8RXP+79 Kakaskasen Dua, Tomohon City, North Sulawesi, Indonesia', 'global_code': '6QH68RXP+79'}",4.5,ChIJWyuBs5RshzIRsLaRoM5O4Rg,"['lodging', 'restaurant', 'food', 'point_of_interest', 'establishment']",593,,,,https://www.google.com/maps/place/?q=place_id:ChIJWyuBs5RshzIRsLaRoM5O4Rg
OPERATIONAL,"Walian, Tomohon Selatan, Tomohon City, North Sulawesi, Indonesia","{'location': {'lat': 1.3140211, 'lng': 124.8377178}, 'viewport': {'northeast': {'lat': 1.315367079892722, 'lng': 124.8391196798927}, 'southwest': {'lat': 1.312667420107278, 'lng': 124.8364200201073}}}",https://maps.gstatic.com/mapfiles/place_api/icons/v1/png_71/lodging-71.png,#909CE1,https://maps.gstatic.com/mapfiles/place_api/icons/v2/hotel_pinlet,OYO 92572 Mountain View Homestay,"[{'height': 427, 'html_attributions': ['<a href=""https://maps.google.com/maps/contrib/105202485820138555798"">A Google User</a>'], 'photo_reference': 'AUGGfZnhUa1L1KoAKhwGchgcGpLZ81ZvyNvs9mICQBwd6rtFa3HQh-8AkLPAYq3mbIVDvjuXnSmpnU3Fl8zwd0VWMz1syXnO6GM6S7V76AyXeu2OroZG6ygCcvVan89FeqIoXMaPpD9QUVs0qkEAiPtlBCiFG417lgh5VjgBRPMCoe-XhAFt', 'width': 640}]",ChIJnwd_AJ9shzIRLloKM18fU1w,"{'compound_code': '8R7Q+J3 Walian, Tomohon City, North Sulawesi, Indonesia', 'global_code': '6QH68R7Q+J3'}",3.9,ChIJnwd_AJ9shzIRLloKM18fU1w,"['lodging', 'point_of_interest', 'establishment']",34,{'open_now': True},,,https://www.google.com/maps/place/?q=place_id:ChIJnwd_AJ9shzIRLloKM18fU1w
OPERATIONAL,"Depan kantor sinode, Jl. Dosen, Talete Dua, Kec. Tomohon Tengah, Kota Tomohon, Sulawesi Utara, Indonesia","{'location': {'lat': 1.334576, 'lng': 124.8357689}, 'viewport': {'northeast': {'lat': 1.335774929892722, 'lng': 124.8371757298927}, 'southwest': {'lat': 1.333075270107278, 'lng': 124.8344760701072}}}",https://maps.gstatic.com/mapfiles/place_api/icons/v1/png_71/lodging-71.png,#909CE1,https://maps.gstatic.com/mapfiles/place_api/icons/v2/hotel_pinlet,Talaga Tomohon Home Stay and Fishing Pond,"[{'height': 3456, 'html_attributions': ['<a href=""https://maps.google.com/maps/contrib/110598997278084761183"">A Google User</a>'], 'photo_reference': 'AUGGfZkOelWhAd005rysdQ3IcXN6k2lJhT1l9t7jeMT9iAPpniFeT9XR45sg05Z7KMQGezWyEjNKC-7yAcBMpIEQbVM9V2px_yP2ixIYlalfI6foExoF2Fg_TiZCiZMpneOKkovBJ_uEznQiZbOZDMqdJV7XCWOeTcUYNQbeBrh_SGftbyRB', 'width': 4608}]",ChIJ8VnAt6hthzIRlgEaJn35rDA,"{'compound_code': '8RMP+R8 Talete Dua, Tomohon City, North Sulawesi, Indonesia', 'global_code': '6QH68RMP+R8'}",4.9,ChIJ8VnAt6hthzIRlgEaJn35rDA,"['lodging', 'point_of_interest', 'establishment']",17,{'open_now': True},,,https://www.google.com/maps/place/?q=place_id:ChIJ8VnAt6hthzIRlgEaJn35rDA
OPERATIONAL,"7R8H+MX4 Lake Linow, Tondangow, Tomohon, Kota Tomohon, Sulawesi Utara, Indonesia","{'location': {'lat': 1.2665481, 'lng': 124.829989}, 'viewport': {'northeast': {'lat': 1.267776879892722, 'lng': 124.8312928798927}, 'southwest': {'lat': 1.265077220107278, 'lng': 124.8285932201073}}}",https://maps.gstatic.com/mapfiles/place_api/icons/v1/png_71/lodging-71.png,#909CE1,https://maps.gstatic.com/mapfiles/place_api/icons/v2/hotel_pinlet,Greenlake Bungalows Linow,"[{'height': 4128, 'html_attributions': ['<a href=""https://maps.google.com/maps/contrib/111282515919725942925"">Giovani Tumangkeng</a>'], 'photo_reference': 'AUGGfZktDV37NUpz9FOIIIo76ZBFAG1YFB4O13zbJHtESIoJEU94ST5tZi_SHzWBhcuo-QuELHB6W6t8I02mRmt5WmLWg4vVYO0hcyac7tjTO7r-IAG1N6XVviR0KuACD7z_083jNxgw1mtWr5TdvS_yTKri-z-uK-OQ5H3hKrIeVVew1Ok0', 'width': 3096}]",ChIJ-1bQhO1qhzIRVnH7GQi2PUo,,4.5,ChIJ-1bQhO1qhzIRVnH7GQi2PUo,"['lodging', 'point_of_interest', 'establishment']",335,,,,https://www.google.com/maps/place/?q=place_id:ChIJ-1bQhO1qhzIRVnH7GQi2PUo
OPERATIONAL,"5HQG+286, Pantai Kambiow Amurang, Bitung, Kec. Amurang, Kabupaten Minahasa Selatan, Sulawesi Utara, Indonesia","{'location': {'lat': 1.1875321, 'lng': 124.5757586}, 'viewport': {'northeast': {'lat': 1.188618929892722, 'lng': 124.5771690298927}, 'southwest': {'lat': 1.185919270107278, 'lng': 124.5744693701073}}}",https://maps.gstatic.com/mapfiles/place_api/icons/v1/png_71/lodging-71.png,#909CE1,https://maps.gstatic.com/mapfiles/place_api/icons/v2/hotel_pinlet,Shiera Villa & Restauran,"[{'height': 720, 'html_attributions': ['<a href=""https://maps.google.com/maps/contrib/101415854075237028137"">Ivan Joseph Rumokoy</a>'], 'photo_reference': 'AUGGfZm2g4zfxauU9j1XBrMv4SXseBWM8l5GP6UO9gLRLL8vsaa9_2aVG_rwS6HPrrMsYmpnot4vTewMVWkUXFRLMgK_U_KrhDNWMy_Da5CSl0bRVIK_1PEhFXOUlE8qcaQdririFVJwdZ5XI6n9proplYYOzA6HYY70BhChV3YNQnYaqrOT', 'width': 960}]",ChIJgbCVl0pZhzIRShj8wMW3g34,,4.4,ChIJgbCVl0pZhzIRShj8wMW3g34,"['lodging', 'point_of_interest', 'establishment']",181,,,,https://www.google.com/maps/place/?q=place_id:ChIJgbCVl0pZhzIRShj8wMW3g34
OPERATIONAL,"Jl. Maranatha, Lingkungan 1, Paslaten Dua, Kec. Tomohon Tim., Kota Tomohon, Sulawesi Utara, Indonesia","{'location': {'lat': 1.3231997, 'lng': 124.8398023}, 'viewport': {'northeast': {'lat': 1.324535629892722, 'lng': 124.8411512298927}, 'southwest': {'lat': 1.321835970107278, 'lng': 124.8384515701073}}}",https://maps.gstatic.com/mapfiles/place_api/icons/v1/png_71/lodging-71.png,#909CE1,https://maps.gstatic.com/mapfiles/place_api/icons/v2/hotel_pinlet,Panorama House,"[{'height': 1080, 'html_attributions': ['<a href=""https://maps.google.com/maps/contrib/113786636719721140349"">alexander wongkar</a>'], 'photo_reference': 'AUGGfZnEjsCmg_m43Y7SFDdLL68vtNph4CvexG-rqn5iqlqfH4hodW0Ug2Kpdc5rYoEYRRujs8-h0Z22mFWQdzpA2bHjIohebSZdTKAnoS293Q_im-y4DOmgUsIx2RcJw-YwYWorY5rQE0g_yVLMU-O7eR-rfXU4T31QVesYtOkrciAkZ6oY', 'width': 1920}]",ChIJx86jGZZshzIRsuYm9ue2o60,"{'compound_code': '8RFQ+7W Paslaten Dua, Tomohon City, North Sulawesi, Indonesia', 'global_code': '6QH68RFQ+7W'}",4.5,ChIJx86jGZZshzIRsuYm9ue2o60,"['lodging', 'point_of_interest', 'establishment']",22,{'open_now': True},,,https://www.google.com/maps/place/?q=place_id:ChIJx86jGZZshzIRsuYm9ue2o60
OPERATIONAL,"Jl. Rungku, Kakaskasen Dua, Kec. Tomohon Utara, Kota Tomohon, Sulawesi Utara, Indonesia","{'location': {'lat': 1.3496172, 'lng': 124.8282445}, 'viewport': {'northeast': {'lat': 1.350959929892722, 'lng': 124.8295482298927}, 'southwest': {'lat': 1.348260270107278, 'lng': 124.8268485701072}}}",https://maps.gstatic.com/mapfiles/place_api/icons/v1/png_71/lodging-71.png,#909CE1,https://maps.gstatic.com/mapfiles/place_api/icons/v2/hotel_pinlet,Happy Flower Resort,"[{'height': 4000, 'html_attributions': ['<a href=""https://maps.google.com/maps/contrib/117293286123277202573"">A Google User</a>'], 'photo_reference': 'AUGGfZl3aJKO9WRyACr_PxfIDzpWCdrWLitXIB9v0VrWApL-R7bip23-6946ikmnDqycgfhlDywk-QrAEHwdVtroz_zYac1E8P6ISSdmJWFRb0nVhAdMt2ihYGe5QkTJUMKovdJh9UPtftOxF677dGH_OSNoFQbXzoZIUQkKGsy56bU8DbvT', 'width': 3000}]",ChIJB11h3ARthzIRqcUX2GfqwJ8,"{'compound_code': '8RXH+R7 Kakaskasen Dua, Tomohon City, North Sulawesi, Indonesia', 'global_code': '6QH68RXH+R7'}",4.3,ChIJB11h3ARthzIRqcUX2GfqwJ8,"['lodging', 'point_of_interest', 'establishment']",202,{'open_now': True},,,https://www.google.com/maps/place/?q=place_id:ChIJB11h3ARthzIRqcUX2GfqwJ8
OPERATIONAL,"Jl. Terminal Beriman Tomohon, Paslaten Satu, Kec. Tomohon Tim., Kota Tomohon, Sulawesi Utara, Indonesia","{'location': {'lat': 1.3278086, 'lng': 124.8442482}, 'viewport': {'northeast': {'lat': 1.329155879892722, 'lng': 124.8456388298927}, 'southwest': {'lat': 1.326456220107278, 'lng': 124.8429391701072}}}",https://maps.gstatic.com/mapfiles/place_api/icons/v1/png_71/lodging-71.png,#909CE1,https://maps.gstatic.com/mapfiles/place_api/icons/v2/hotel_pinlet,Leos Hotel - Tomohon,"[{'height': 540, 'html_attributions': ['<a href=""https://maps.google.com/maps/contrib/102104382048710575943"">Stevan Sumampouw</a>'], 'photo_reference': 'AUGGfZmGFe2gvMjKjzyxLzfmmuYRRdV5_IiPSgVe3F5tQkyvPHhn8XwX5c0FKDanOvI_9FLhUk4K8RJh5rz1px7vTrtnuX3-uVA4ikFhJ4obEkJVIgIlBWdXqBWfvFUzQbZalPArofIsAPAF3mnE3SSjxlgsmPTlmAogzYV8FMVwiDjOdKcb', 'width': 540}]",ChIJmzWwUL9shzIRDK97H6Xq84o,"{'compound_code': '8RHV+4M Paslaten Satu, Tomohon City, North Sulawesi, Indonesia', 'global_code': '6QH68RHV+4M'}",4.2,ChIJmzWwUL9shzIRDK97H6Xq84o,"['lodging', 'point_of_interest', 'establishment']",364,{'open_now': True},,,https://www.google.com/maps/place/?q=place_id:ChIJmzWwUL9shzIRDK97H6Xq84o
CLOSED_TEMPORARILY,"7QJM+4FQ, Jl. Sawangan, Rambunan, Kec. Sonder, Kabupaten Minahasa, Sulawesi Utara, Indonesia","{'location': {'lat': 1.2803376, 'lng': 124.7837479}, 'viewport': {'northeast': {'lat': 1.281681029892722, 'lng': 124.7849458798927}, 'southwest': {'lat': 1.278981370107278, 'lng': 124.7822462201073}}}",https://maps.gstatic.com/mapfiles/place_api/icons/v1/png_71/generic_business-71.png,#7B9EB0,https://maps.gstatic.com/mapfiles/place_api/icons/v2/generic_pinlet,Bukit LuNa,"[{'height': 4032, 'html_attributions': ['<a href=""https://maps.google.com/maps/contrib/105243220928218133348"">Jocaelyn Najoan</a>'], 'photo_reference': 'AUGGfZnqynbtCS5HrdSewHbSM7RjTwvudUc0XtepazG0Yg8uWJLC3PUwWExggual2OTVeCEjSgdfUXZLiSVy3ckjqo9DaVD8K8hISIzbp6eL521_NGqKFORWE8Bc3J3mqq8RAvNU2vJfjAb1RBYwu25LX6n9Y4FrgbYs1GYAgEfTU_vsWbfn', 'width': 3024}]",ChIJ-a2th7FrhzIR0Y_HUdR_JfM,,0.0,ChIJ-a2th7FrhzIR0Y_HUdR_JfM,"['point_of_interest', 'establishment']",0,,,True,https://www.google.com/maps/place/?q=place_id:ChIJ-a2th7FrhzIR0Y_HUdR_JfM
OPERATIONAL,"Wawali Pasan, Ratahan, South Minahasa Regency, North Sulawesi 95994, Indonesia","{'location': {'lat': 1.0431122, 'lng': 124.7984423}, 'viewport': {'northeast': {'lat': 1.044467379892722, 'lng': 124.7997735298927}, 'southwest': {'lat': 1.041767720107278, 'lng': 124.7970738701073}}}",https://maps.gstatic.com/mapfiles/place_api/icons/v1/png_71/lodging-71.png,#909CE1,https://maps.gstatic.com/mapfiles/place_api/icons/v2/hotel_pinlet,RedDoorz @ Jalan Ratahan Minahasa Tenggara,"[{'height': 1600, 'html_attributions': ['<a href=""https://maps.google.com/maps/contrib/110919905185282807549"">VÃ¡clav Wagner</a>'], 'photo_reference': 'AUGGfZnC8GRNDzW_XfWuQx-_fCDsGPwQvXnCIGWqDPz0oX2qBEdrcvNJZFJTGTY4FUEBA1E7rTp1Px8dqti3rn6_t2WvUE3sD5FnFYqEi3PCbaKOm5AiN8e9O_tZ6-yG52bIiPn-wzz89lk2MLahqYKK5Jxx821VblEM35-0uI2w2T8KFX5c', 'width': 1200}]",ChIJHxx3-3RLhzIR8sBkFTJayh8,"{'compound_code': '2QVX+69 Wawali Pasan, Southeast Minahasa Regency, North Sulawesi, Indonesia', 'global_code': '6QH62QVX+69'}",4.3,ChIJHxx3-3RLhzIR8sBkFTJayh8,"['lodging', 'point_of_interest', 'establishment']",10,,,,https://www.google.com/maps/place/?q=place_id:ChIJHxx3-3RLhzIR8sBkFTJayh8
OPERATIONAL,"Jl. Raya Tomohon No.18, Walian, Kec. Tomohon Sel., Kota Tomohon, Sulawesi Utara 95419, Indonesia","{'location': {'lat': 1.3160016, 'lng': 124.8379114}, 'viewport': {'northeast': {'lat': 1.317351179892722, 'lng': 124.8392859298927}, 'southwest': {'lat': 1.314651520107278, 'lng': 124.8365862701072}}}",https://maps.gstatic.com/mapfiles/place_api/icons/v1/png_71/lodging-71.png,#909CE1,https://maps.gstatic.com/mapfiles/place_api/icons/v2/hotel_pinlet,Superstar Residence Tomohon Redpartner,,ChIJqRNhYNtthzIRePxIBzpx5EY,"{'compound_code': '8R8Q+C5 Walian, Tomohon City, North Sulawesi, Indonesia', 'global_code': '6QH68R8Q+C5'}",5.0,ChIJqRNhYNtthzIRePxIBzpx5EY,"['lodging', 'point_of_interest', 'establishment']",1,,,,https://www.google.com/maps/place/?q=place_id:ChIJqRNhYNtthzIRePxIBzpx5EY
OPERATIONAL,"8WF4+G82, Jl. Tondano Kamangta, Sasaran, Kec. Tondano Utara, Kabupaten Minahasa, Sulawesi Utara 95615, Indonesia","{'location': {'lat': 1.3237714, 'lng': 124.9057391}, 'viewport': {'northeast': {'lat': 1.325128679892722, 'lng': 124.9071553798927}, 'southwest': {'lat': 1.322429020107278, 'lng': 124.9044557201073}}}",https://maps.gstatic.com/mapfiles/place_api/icons/v1/png_71/lodging-71.png,#909CE1,https://maps.gstatic.com/mapfiles/place_api/icons/v2/hotel_pinlet,Villa Bella,"[{'height': 2160, 'html_attributions': ['<a href=""https://maps.google.com/maps/contrib/113854881915515038077"">Charles danly Kumowal</a>'], 'photo_reference': 'AUGGfZmxgXGdFL-n3hpOuklf8Wob2zkRRQW7yXZLof11Ip_AmmAfdrMliFZtzN3k5abPkxTSlIAYc-OCIk7yqq4Fp9DrwKVm120nb-NyBM0Wlx_lk9tpJW7iYOzSu8cTMZ5CnD4zU_1kXmWg7hx_bBdv5hA-iO-PqQC2bYWb-xuPbPOe0X4y', 'width': 3840}]",ChIJWxseeHUThzIRoy2eUXV0rUQ,,4.3,ChIJWxseeHUThzIRoy2eUXV0rUQ,"['lodging', 'point_of_interest', 'establishment']",30,,,,https://www.google.com/maps/place/?q=place_id:ChIJWxseeHUThzIRoy2eUXV0rUQ
OPERATIONAL,"1, Jl. Raya Tomohon - Tanawangko No.Kel, Woloan Satu, Tomohon Barat, Kota Tomoh, North Sulawesi 95421, Indonesia","{'location': {'lat': 1.3224532, 'lng': 124.7903043}, 'viewport': {'northeast': {'lat': 1.323726629892722, 'lng': 124.7916651798927}, 'southwest': {'lat': 1.321026970107278, 'lng': 124.7889655201073}}}",https://maps.gstatic.com/mapfiles/place_api/icons/v1/png_71/lodging-71.png,#909CE1,https://maps.gstatic.com/mapfiles/place_api/icons/v2/hotel_pinlet,SPOT ON 92777 Leheran Homestay,"[{'height': 359, 'html_attributions': ['<a href=""https://maps.google.com/maps/contrib/112819423472952201192"">A Google User</a>'], 'photo_reference': 'AUGGfZkYvna_IwdDTRof-ktZoiuZcDqvSpv4tsfFbs51bHfirXYnz282TPmo7WZy-A6upAwNnPxk5lDgPzqOA4TqYTqAmIZCl0-17AENI5xtdzMnlDIDHAYZC6t1PL6nTe-GI3fI5oy0cRRIc5JZyES1zaNyTgseapo87qt6ok_Bgvxe6-xL', 'width': 640}]",ChIJtQjQFiBthzIRHIdRnFz_Zng,"{'compound_code': '8QCR+X4 Taratara Tiga, Tomohon City, North Sulawesi, Indonesia', 'global_code': '6QH68QCR+X4'}",5.0,ChIJtQjQFiBthzIRHIdRnFz_Zng,"['lodging', 'point_of_interest', 'establishment']",2,,,,https://www.google.com/maps/place/?q=place_id:ChIJtQjQFiBthzIRHIdRnFz_Zng
OPERATIONAL,"8RR9+MF8, Jl. Opo Worang, Kakaskasen Tiga, Kec. Tomohon Utara, Kota Tomohon, Sulawesi Utara, Indonesia","{'location': {'lat': 1.3416705, 'lng': 124.8187125}, 'viewport': {'northeast': {'lat': 1.343020329892722, 'lng': 124.8200623298927}, 'southwest': {'lat': 1.340320670107278, 'lng': 124.8173626701072}}}",https://maps.gstatic.com/mapfiles/place_api/icons/v1/png_71/lodging-71.png,#909CE1,https://maps.gstatic.com/mapfiles/place_api/icons/v2/hotel_pinlet,Lokon Inn,"[{'height': 2448, 'html_attributions': ['<a href=""https://maps.google.com/maps/contrib/101794609403270964022"">Thamrin Polapa</a>'], 'photo_reference': 'AUGGfZlISnQ20bVVvwno5yWMIONQqL5qi1dPbVjkwVLq-FHXqbsa5bJ5NfTmG4csXfzQFw-T1dlevS12aJCBN2rcTeU0rTxQIBpWJlfYFTJOnooWV5Kp9D-DwM5NHQkGM451xlCdNO56JiYn6ogQYXuws0JYOzemSuTCW0w_Hw6hjIJQsqgI', 'width': 3264}]",ChIJn0miEeJshzIRw-t--NEEGkw,,4.2,ChIJn0miEeJshzIRw-t--NEEGkw,"['lodging', 'point_of_interest', 'establishment']",87,,,,https://www.google.com/maps/place/?q=place_id:ChIJn0miEeJshzIRw-t--NEEGkw
OPERATIONAL,"9R5J+4Q9, Jl. Pariwisata, Kakaskasen Satu, Kec. Tomohon Utara, Kota Tomohon, Sulawesi Utara, Indonesia","{'location': {'lat': 1.3577895, 'lng': 124.8319937}, 'viewport': {'northeast': {'lat': 1.359115129892722, 'lng': 124.8333462298927}, 'southwest': {'lat': 1.356415470107278, 'lng': 124.8306465701073}}}",https://maps.gstatic.com/mapfiles/place_api/icons/v1/png_71/lodging-71.png,#909CE1,https://maps.gstatic.com/mapfiles/place_api/icons/v2/hotel_pinlet,Lokon Boutique Resort,"[{'height': 1536, 'html_attributions': ['<a href=""https://maps.google.com/maps/contrib/116844953408138670117"">Chandra adi</a>'], 'photo_reference': 'AUGGfZn6d5VTaNMYIQvWaQaokReZG9a50xUzo7uBH71vpBJubOgax3yWVWbPIMsPOBQHNDE-Xyi6f-YF0a-Jdkg3iMQo9OBRPi3jt152iXpfaMb9qDiogkXsSYS5gT6yx_wpYQ5gezc0Y9Ku5AHyiz53-FCIDcwWI82eJI3vSHRnvMFRn0kO', 'width': 2048}]",ChIJyUnbvZVshzIRI1etzH3PG8E,,4.4,ChIJyUnbvZVshzIRI1etzH3PG8E,"['lodging', 'point_of_interest', 'establishment']",398,,,,https://www.google.com/maps/place/?q=place_id:ChIJyUnbvZVshzIRI1etzH3PG8E
OPERATIONAL,"Jl. Terminal Beriman Tomohon, Paslaten Satu, Kec. Tomohon Tim., Kota Tomohon, Sulawesi Utara 95446, Indonesia","{'location': {'lat': 1.3272415, 'lng': 124.8421737}, 'viewport': {'northeast': {'lat': 1.328591079892722, 'lng': 124.8434952298927}, 'southwest': {'lat': 1.325891420107278, 'lng': 124.8407955701073}}}",https://maps.gstatic.com/mapfiles/place_api/icons/v1/png_71/lodging-71.png,#909CE1,https://maps.gstatic.com/mapfiles/place_api/icons/v2/hotel_pinlet,Tulip Inn,"[{'height': 403, 'html_attributions': ['<a href=""https://maps.google.com/maps/contrib/107531340796303606331"">A Google User</a>'], 'photo_reference': 'AUGGfZnJA_KKgMQMT--Fp5IoH1kuwmLvjP0mSamvd01XRKKg5b4fIT3EFcgXnEWDz8kWgrdO0qvqQTsAWwC2LDJlH30ogwjDcsr_o6BYd5LZQ8x7B4BcsZBf5c92PHE6WnbGGWhg5_8LyFHfi3PwIHtg9uCBk5cLSA74mjM09hnHST_mhpKJ', 'width': 717}]",ChIJsVHGkL9shzIRdR_GQw1c7fs,"{'compound_code': '8RGR+VV Paslaten Satu, Tomohon City, North Sulawesi, Indonesia', 'global_code': '6QH68RGR+VV'}",4.3,ChIJsVHGkL9shzIRdR_GQw1c7fs,"['lodging', 'point_of_interest', 'establishment']",226,{'open_now': True},,,https://www.google.com/maps/place/?q=place_id:ChIJsVHGkL9shzIRdR_GQw1c7fs
OPERATIONAL,"8R6V+MR3, Jl. B Sampow, Matani Satu, Kec. Tomohon Tengah, Kota Tomohon, Sulawesi Utara, Indonesia","{'location': {'lat': 1.311614, 'lng': 124.8445406}, 'viewport': {'northeast': {'lat': 1.312911529892722, 'lng': 124.8458725298927}, 'southwest': {'lat': 1.310211870107278, 'lng': 124.8431728701073}}}",https://maps.gstatic.com/mapfiles/place_api/icons/v1/png_71/lodging-71.png,#909CE1,https://maps.gstatic.com/mapfiles/place_api/icons/v2/hotel_pinlet,AAB Guest house,"[{'height': 1080, 'html_attributions': ['<a href=""https://maps.google.com/maps/contrib/114988481443435025417"">A Google User</a>'], 'photo_reference': 'AUGGfZm2BVXuCDtV6KO0pf_hm4oLqnO60BvLU5h90dXXOshNP60TBLedgaUqeXC-QmoN4oCIbMleL666xKpJOWDPeAKb3mXiNNoh3jOeZt3SvX8a7YqivMyrzorF_ZXOFiuUa5wcTBqBWmhDONjqjAYpPKxDYuZLB9tOEGOqb4EhGnquhAA1', 'width': 1920}]",ChIJ1wW6XV9rhzIRwicyyCMBP-w,,4.4,ChIJ1wW6XV9rhzIRwicyyCMBP-w,"['lodging', 'point_of_interest', 'establishment']",103,,,,https://www.google.com/maps/place/?q=place_id:ChIJ1wW6XV9rhzIRwicyyCMBP-w
OPERATIONAL,"Jl. Babe Palar, Walian, Kec. Tomohon Sel., Kota Tomohon, Sulawesi Utara 95434, Indonesia","{'location': {'lat': 1.3114045, 'lng': 124.8369082}, 'viewport': {'northeast': {'lat': 1.312695779892722, 'lng': 124.8383364798927}, 'southwest': {'lat': 1.309996120107278, 'lng': 124.8356368201073}}}",https://maps.gstatic.com/mapfiles/place_api/icons/v1/png_71/lodging-71.png,#909CE1,https://maps.gstatic.com/mapfiles/place_api/icons/v2/hotel_pinlet,OYO 92040 Superstar Kost Dan Homestay,"[{'height': 3024, 'html_attributions': ['<a href=""https://maps.google.com/maps/contrib/107189557264025219660"">A Google User</a>'], 'photo_reference': 'AUGGfZl0CWIlATGpgDyKPQQ3Q0ydJ6ERSKbKqlm5MZWEJ4xrk2oOMxXgR15QIiEKPH4YgdMJMUBJ9S-5RzrY6vs1vH2UfURdk17z-apnRtyblhAx9NpuDLzLcw3en-9m5EuOXBe-icQ-LWs6kJPzGNQ8QMc2xVCEbBfXXj2mrnc0LMiYyxyf', 'width': 4032}]",ChIJG7JLiotrhzIRg1V2BxE4FD0,"{'compound_code': '8R6P+HQ Walian, Tomohon City, North Sulawesi, Indonesia', 'global_code': '6QH68R6P+HQ'}",3.0,ChIJG7JLiotrhzIRg1V2BxE4FD0,"['lodging', 'point_of_interest', 'establishment']",2,,,,https://www.google.com/maps/place/?q=place_id:ChIJG7JLiotrhzIRg1V2BxE4FD0
OPERATIONAL,"8W85+F4V, Kembuan Satu, Tondano Utara, Minahasa Regency, North Sulawesi, Indonesia","{'location': {'lat': 1.3162236, 'lng': 124.9078076}, 'viewport': {'northeast': {'lat': 1.317355529892722, 'lng': 124.9091020798927}, 'southwest': {'lat': 1.314655870107278, 'lng': 124.9064024201073}}}",https://maps.gstatic.com/mapfiles/place_api/icons/v1/png_71/lodging-71.png,#909CE1,https://maps.gstatic.com/mapfiles/place_api/icons/v2/hotel_pinlet,Villa Bella,"[{'height': 2160, 'html_attributions': ['<a href=""https://maps.google.com/maps/contrib/113854881915515038077"">Charles danly Kumowal</a>'], 'photo_reference': 'AUGGfZkJ14bTray3QtCAnCS3-exNPyxI0cdXhFKRokltJ9fbRWjoiqkMS5-qqDmTJGw7syw_TBZgL3wqODX1ukOYmnAmzWHOba9DRhY38uDnnbbtqH7QzmiHyocWxlExsIiIJdmabDKzX8YUVE2OEVhawi-20169g9h81qpKqSLpP7mUUlTB', 'width': 3840}]",ChIJ57i1aYIThzIRUYeVEcJYz3Y,,4.2,ChIJ57i1aYIThzIRUYeVEcJYz3Y,"['lodging', 'point_of_interest', 'establishment']",9,,,,https://www.google.com/maps/place/?q=place_id:ChIJ57i1aYIThzIRUYeVEcJYz3Y
OPERATIONAL,"8VP8+36X Rumah Ttorre, Jl. Tomohon - Rurukan, Lingkungan VI, Paslaten Satu, Kec. Tomohon Tim., Kota Tomohon, Sulawesi Utara 95447, Indonesia","{'location': {'lat': 1.3353157, 'lng': 124.8656097}, 'viewport': {'northeast': {'lat': 1.336759729892722, 'lng': 124.8668428798927}, 'southwest': {'lat': 1.334060070107278, 'lng': 124.8641432201073}}}",https://maps.gstatic.com/mapfiles/place_api/icons/v1/png_71/lodging-71.png,#909CE1,https://maps.gstatic.com/mapfiles/place_api/icons/v2/hotel_pinlet,Candlenut Treehouse,"[{'height': 3000, 'html_attributions': ['<a href=""https://maps.google.com/maps/contrib/101929257584308430421"">fany valy</a>'], 'photo_reference': 'AUGGfZmRFkTmfUm0V1SWkfOiOglxm33B2b6Q10gMWKRaU95-yEw_OdTUwOR9JwgW00CGeyQmujXrt1zXwkoVG_1oVf5tNbj-wTzSSiWXWH7gTPftbJ-cMPoORaoAlQ3O6r7s4p8KlPSuMnWACC0aOT9WdTRhhaBx4tlO1fSRffA0u2U8Ilf7', 'width': 5333}]",ChIJlU7SgDIThzIRj6hhJmVo8ow,,4.6,ChIJlU7SgDIThzIRj6hhJmVo8ow,"['lodging', 'point_of_interest', 'establishment']",22,,,,https://www.google.com/maps/place/?q=place_id:ChIJlU7SgDIThzIRj6hhJmVo8ow
OPERATIONAL,"Jl. Siswa, Walian, Tomohon Sel., Kota Tomohon, Sulawesi Utara, Indonesia, Walian, Kec. Tomohon Sel., Kota Tomohon, Sulawesi Utara, Indonesia","{'location': {'lat': 1.3147126, 'lng': 124.8406399}, 'viewport': {'northeast': {'lat': 1.316048729892722, 'lng': 124.8419106798927}, 'southwest': {'lat': 1.313349070107278, 'lng': 124.8392110201073}}}",https://maps.gstatic.com/mapfiles/place_api/icons/v1/png_71/lodging-71.png,#909CE1,https://maps.gstatic.com/mapfiles/place_api/icons/v2/hotel_pinlet,Wale Tua'na Resort,"[{'height': 3000, 'html_attributions': ['<a href=""https://maps.google.com/maps/contrib/113943633811111833566"">Wale Tua&#39;na</a>'], 'photo_reference': 'AUGGfZn15rZiq1LvyDLMWhkfIc9aD0P-xRnJthd7ijIgCogB4HEbb0qAwFypVGNMIon9KDge9RnFiksxFBy9IWioD8QL8frFSBLvTYRb97gL9ZEYefrwykNoCIAfsd-WNpu41F87cVyaz-JGLDZFAs-2sXFHD7BxfMONtDbxsJdgt9wTYLi7', 'width': 4000}]",ChIJkQ1okp9shzIRWUMkkAgOZio,"{'compound_code': '8R7R+V7 Walian, Tomohon City, North Sulawesi, Indonesia', 'global_code': '6QH68R7R+V7'}",4.4,ChIJkQ1okp9shzIRWUMkkAgOZio,"['lodging', 'point_of_interest', 'establishment']",432,{'open_now': True},,,https://www.google.com/maps/place/?q=place_id:ChIJkQ1okp9shzIRWUMkkAgOZio
OPERATIONAL,"Jl. Toliang Oki - Kombi, Kembuan, Kec. Tondano Utara, Kabupaten Minahasa, Sulawesi Utara 95683, Indonesia","{'location': {'lat': 1.301964, 'lng': 124.9133955}, 'viewport': {'northeast': {'lat': 1.303376929892722, 'lng': 124.9145449298927}, 'southwest': {'lat': 1.300677270107278, 'lng': 124.9118452701073}}}",https://maps.gstatic.com/mapfiles/place_api/icons/v1/png_71/lodging-71.png,#909CE1,https://maps.gstatic.com/mapfiles/place_api/icons/v2/hotel_pinlet,OYO 92891 Mahendra Homestay,,ChIJ50ebv2QUhzIRB1njYNuUlwE,,2.0,ChIJ50ebv2QUhzIRB1njYNuUlwE,"['lodging', 'point_of_interest', 'establishment']",2,,,,https://www.google.com/maps/place/?q=place_id:ChIJ50ebv2QUhzIRB1njYNuUlwE
OPERATIONAL,"1 Jl. Maranata No.112 Kel. Paslaten Dua, Kec. Tomohon Timur, Kota Tomohon, Sula, Manado, North Sulawesi 95446, Indonesia","{'location': {'lat': 1.3514524, 'lng': 124.8116141}, 'viewport': {'northeast': {'lat': 1.352805079892722, 'lng': 124.8129829798927}, 'southwest': {'lat': 1.350105420107278, 'lng': 124.8102833201073}}}",https://maps.gstatic.com/mapfiles/place_api/icons/v1/png_71/lodging-71.png,#909CE1,https://maps.gstatic.com/mapfiles/place_api/icons/v2/hotel_pinlet,SPOT ON 92776 Panorama House,"[{'height': 480, 'html_attributions': ['<a href=""https://maps.google.com/maps/contrib/111623234143994205136"">A Google User</a>'], 'photo_reference': 'AUGGfZkhS2Klu1VQxbLOv4E44ftCRaHqPmN_VlL4Cy_qSY8fT4kGqJZYIv4e68GNjWikHHBEufC3roIX0i6XKqGjU7iOGrE0ubp_7JSRIthH9IlyQLly-yHppRx1kxQ0WyctyX8N8ZyKqn1ZyTqykhKynfwa63NpVNr33qg07AtZ6uoheagy', 'width': 640}]",ChIJrWZRX0hthzIRfJK2NnKrHBc,"{'compound_code': '9R26+HJ Kakaskasen Tiga, Tomohon City, North Sulawesi, Indonesia', 'global_code': '6QH69R26+HJ'}",0.0,ChIJrWZRX0hthzIRfJK2NnKrHBc,"['lodging', 'point_of_interest', 'establishment']",0,,,,https://www.google.com/maps/place/?q=place_id:ChIJrWZRX0hthzIRfJK2NnKrHBc
OPERATIONAL,"Jl. Dahlia No.1, Kakaskasen Satu, Kec. Tomohon Utara, Kota Tomohon, Sulawesi Utara 95417, Indonesia","{'location': {'lat': 1.3551412, 'lng': 124.8308727}, 'viewport': {'northeast': {'lat': 1.356486779892722, 'lng': 124.8321871798928}, 'southwest': {'lat': 1.353787120107278, 'lng': 124.8294875201073}}}",https://maps.gstatic.com/mapfiles/place_api/icons/v1/png_71/lodging-71.png,#909CE1,https://maps.gstatic.com/mapfiles/place_api/icons/v2/hotel_pinlet,Home@Kakaskasen,"[{'height': 1200, 'html_attributions': ['<a href=""https://maps.google.com/maps/contrib/103020514884579382432"">Weldy Tahas</a>'], 'photo_reference': 'AUGGfZmXxdCaWqAHaTSjbCsUCnUBOA7NNqvweAgykdzR85k6eW7lJekI2up0qn2jUeB6cihGzuiPpBJT_50-KNIMFvXB5vi2G3BWR111gYSJGfJioCBWZ7vqXrbVo5_c1_W3HVsYyWUM8lcja7wO0iFInpZqrJ_ILAiObr7p0N3NHadkWP5i', 'width': 1599}]",ChIJyyPwlBFthzIRMY1ys8ynfsg,"{'compound_code': '9R4J+38 Kakaskasen Satu, Tomohon City, North Sulawesi, Indonesia', 'global_code': '6QH69R4J+38'}",4.9,ChIJyyPwlBFthzIRMY1ys8ynfsg,"['lodging', 'point_of_interest', 'establishment']",14,,,,https://www.google.com/maps/place/?q=place_id:ChIJyyPwlBFthzIRMY1ys8ynfsg
OPERATIONAL,"Jalan Mangga, Lingk, RW.2, Walian Dua, Kec. Tomohon Sel., Sulawesi Utara, Indonesia","{'location': {'lat': 1.2981185, 'lng': 124.842044}, 'viewport': {'northeast': {'lat': 1.299472779892722, 'lng': 124.8433940798927}, 'southwest': {'lat': 1.296773120107278, 'lng': 124.8406944201072}}}",https://maps.gstatic.com/mapfiles/place_api/icons/v1/png_71/lodging-71.png,#909CE1,https://maps.gstatic.com/mapfiles/place_api/icons/v2/hotel_pinlet,RMK Homestay,"[{'height': 4032, 'html_attributions': ['<a href=""https://maps.google.com/maps/contrib/110686822038684221757"">A Google User</a>'], 'photo_reference': 'AUGGfZm8zv4rKprDrcUoKuvbaTli_AJxFCypSvv5rg6HZ5qCm_aN5ozYaIWQnJT0pTWThKn5aebb7k4QRoYWbfTrniCuJVg79xdDl3msGs9UjZsaqJUQ5O_687qWDkBenaX_6UuXdXjC84ETGRM4G99jhxGAPeT3iUWfdIlf6WVbRZLRVbIa', 'width': 3024}]",ChIJz9HpV8hrhzIRLFWnZA_VcK8,"{'compound_code': '7RXR+6R Walian Dua, Tomohon City, North Sulawesi, Indonesia', 'global_code': '6QH67RXR+6R'}",5.0,ChIJz9HpV8hrhzIRLFWnZA_VcK8,"['lodging', 'point_of_interest', 'establishment']",1,,,,https://www.google.com/maps/place/?q=place_id:ChIJz9HpV8hrhzIRLFWnZA_VcK8
OPERATIONAL,"8R7X+P4Q, Jl. Tomohon-Tondano, Matani Satu, Kec. Tomohon Tengah, Kota Tomohon, Sulawesi Utara 95416, Indonesia","{'location': {'lat': 1.3143485, 'lng': 124.8478704}, 'viewport': {'northeast': {'lat': 1.315644929892722, 'lng': 124.8492125298927}, 'southwest': {'lat': 1.312945270107278, 'lng': 124.8465128701073}}}",https://maps.gstatic.com/mapfiles/place_api/icons/v1/png_71/lodging-71.png,#909CE1,https://maps.gstatic.com/mapfiles/place_api/icons/v2/hotel_pinlet,Sky Residence Tomohon Mitra RedDoorz,"[{'height': 5184, 'html_attributions': ['<a href=""https://maps.google.com/maps/contrib/100651661936397103471"">A Google User</a>'], 'photo_reference': 'AUGGfZnjs3vcFZsfjjP6WFs511V0dwAEkFUfsL13JATvj5SCbmbEiaWCjyBvS-LIOfloDcvIz5KRbT2EQPCDOlJH4tbaLF0mWOGMus7N_W0fkEyJCIyl24zzRLJIWWxmzfhy0DlZxY45JoIKHV5VKER3du5fQuBXOjkdJKDYjT1_oK-scKNC', 'width': 3456}]",ChIJlwrrr8NthzIRs4jsYCooEbw,,1.7,ChIJlwrrr8NthzIRs4jsYCooEbw,"['lodging', 'point_of_interest', 'establishment']",3,,,,https://www.google.com/maps/place/?q=place_id:ChIJlwrrr8NthzIRs4jsYCooEbw
OPERATIONAL,"8R3J+QMF, Jl. Raya Tomohon, Lansot, Kec. Sonder, Kota Tomohon, Sulawesi Utara 95441, Indonesia","{'location': {'lat': 1.3044408, 'lng': 124.8316741}, 'viewport': {'northeast': {'lat': 1.305748379892722, 'lng': 124.8330770798927}, 'southwest': {'lat': 1.303048720107278, 'lng': 124.8303774201073}}}",https://maps.gstatic.com/mapfiles/place_api/icons/v1/png_71/lodging-71.png,#909CE1,https://maps.gstatic.com/mapfiles/place_api/icons/v2/hotel_pinlet,Airy Lansot Sarongsong Lingkungan Satu Tomohon,"[{'height': 1000, 'html_attributions': ['<a href=""https://maps.google.com/maps/contrib/102080420312370599017"">A Google User</a>'], 'photo_reference': 'AUGGfZkzMRXmRKxWMh5A5peOHn5mrL-ag3scaDyIFBiPN_L6r0nwDcaO9khZo-IYR1xWz-Q_H-ihDc7LIXhuhFi7KPkLO-VtIBmZyzWbqmiBcZIhwRfWq9e6XjOT_O69cFsl8V9LcfX6nQ6t1gS-LI8Sn0_jdlFdW_W7SMiAaQZvAgo_SDUb', 'width': 1500}]",ChIJ50V3eWVrhzIR4UaN2lvRxrQ,,4.0,ChIJ50V3eWVrhzIR4UaN2lvRxrQ,"['lodging', 'point_of_interest', 'establishment']",25,{'open_now': True},,,https://www.google.com/maps/place/?q=place_id:ChIJ50V3eWVrhzIR4UaN2lvRxrQ
OPERATIONAL,"Jl. Tomohon-Tondano No.km. 2,7, Matani Satu, Kaaten, Kota Tomohon, Sulawesi Utara, Indonesia","{'location': {'lat': 1.3128748, 'lng': 124.8519893}, 'viewport': {'northeast': {'lat': 1.314311679892722, 'lng': 124.8534342798927}, 'southwest': {'lat': 1.311612020107278, 'lng': 124.8507346201072}}}",https://maps.gstatic.com/mapfiles/place_api/icons/v1/png_71/lodging-71.png,#909CE1,https://maps.gstatic.com/mapfiles/place_api/icons/v2/hotel_pinlet,GRACIA HOUSE,"[{'height': 2268, 'html_attributions': ['<a href=""https://maps.google.com/maps/contrib/116756843062946427862"">ismail junaid</a>'], 'photo_reference': 'AUGGfZkGF_JqJ4FWvigaIm-MIf7u-dOZ06PFJKK91c-EN_4PGyXZ0m9WNmUABnJjzPd0gORnAVHjmIPZq63dGxNqpiS5PeGnrnvatPQo7GT948qjYizo2O4ZZepZKf6r3EMYF0NNmTkrB1t2vF8qqDOykzm62t_csrHALpJ04qhXgZhA34zd', 'width': 4032}]",ChIJ4fWJbahshzIR-8Ah6eZONY0,"{'compound_code': '8V72+4Q Matani Satu, Tomohon City, North Sulawesi, Indonesia', 'global_code': '6QH68V72+4Q'}",4.4,ChIJ4fWJbahshzIR-8Ah6eZONY0,"['lodging', 'point_of_interest', 'establishment']",19,,,,https://www.google.com/maps/place/?q=place_id:ChIJ4fWJbahshzIR-8Ah6eZONY0
OPERATIONAL,"8RXH+J7V, Jl. Kakaskasen, Kakaskasen Dua, Kec. Tomohon Utara, Kota Tomohon, Sulawesi Utara, Indonesia","{'location': {'lat': 1.349114, 'lng': 124.8281678}, 'viewport': {'northeast': {'lat': 1.350465779892722, 'lng': 124.8295411298927}, 'southwest': {'lat': 1.347766120107278, 'lng': 124.8268414701073}}}",https://maps.gstatic.com/mapfiles/place_api/icons/v1/png_71/lodging-71.png,#909CE1,https://maps.gstatic.com/mapfiles/place_api/icons/v2/hotel_pinlet,Volcano Resort,"[{'height': 4160, 'html_attributions': ['<a href=""https://maps.google.com/maps/contrib/106267265753451613965"">A Google User</a>'], 'photo_reference': 'AUGGfZkvLp5n-0mcE4qg0xWDfaNup8VjJpcM6rgY31ks0vo0EwdAHl1uIloDk1iigIfIi3yfNYeGBZBounkExSA4lnPbf8m1bIiHrQxOJwJZB2MI43BTZOseb4-9w3f2VNluDt6n4IfU9RdbyZaNdeEMUnOs4wdZnFHJetxIakdweZB4qIWk', 'width': 3120}]",ChIJM5VpwwRthzIRLISrjUd7Zqg,,4.0,ChIJM5VpwwRthzIRLISrjUd7Zqg,"['lodging', 'point_of_interest', 'establishment']",26,,,,https://www.google.com/maps/place/?q=place_id:ChIJM5VpwwRthzIRLISrjUd7Zqg
OPERATIONAL,"8W27+Q9R, Jl. Raya Tomohon - Tanawangko, Woloan Satu, Kec. Tondano Utara, Kabupaten Minahasa, Sulawesi Utara 95421, Indonesia","{'location': {'lat': 1.301964, 'lng': 124.9133955}, 'viewport': {'northeast': {'lat': 1.303376929892722, 'lng': 124.9145449298927}, 'southwest': {'lat': 1.300677270107278, 'lng': 124.9118452701073}}}",https://maps.gstatic.com/mapfiles/place_api/icons/v1/png_71/lodging-71.png,#909CE1,https://maps.gstatic.com/mapfiles/place_api/icons/v2/hotel_pinlet,SPOT ON 92281 Susupuan Kost,"[{'height': 1080, 'html_attributions': ['<a href=""https://maps.google.com/maps/contrib/112546902739787917405"">112546902739787917405</a>'], 'photo_reference': 'AUGGfZnWKcd3hFgwUGzgxblVNrHG6XWP4dOrkCa3C_IzmCw_YU3G1lFVUNg4AxEBLSVwlWxy_vwa2JHjCx8-1fTQQCqe8ZHNkewyvkWdUd09rXGFxe3rWnAuM_o4AJ86lluD66XHjrUNpoFF7S7nnY8baPFx3bw34HvOvs66SKL2SYWpBADE', 'width': 1920}]",ChIJ50ebv2QUhzIRWCGigRc7PvY,,5.0,ChIJ50ebv2QUhzIRWCGigRc7PvY,"['lodging', 'point_of_interest', 'establishment']",1,,,,https://www.google.com/maps/place/?q=place_id:ChIJ50ebv2QUhzIRWCGigRc7PvY
OPERATIONAL,"Jl. Unima, Tounsaru, Kec. Tondano Sel., Kabupaten Minahasa, Sulawesi Utara, Indonesia","{'location': {'lat': 1.2678723, 'lng': 124.8895409}, 'viewport': {'northeast': {'lat': 1.269167429892722, 'lng': 124.8908758798927}, 'southwest': {'lat': 1.266467770107278, 'lng': 124.8881762201073}}}",https://maps.gstatic.com/mapfiles/place_api/icons/v1/png_71/lodging-71.png,#909CE1,https://maps.gstatic.com/mapfiles/place_api/icons/v2/hotel_pinlet,Miracle Kost,"[{'height': 521, 'html_attributions': ['<a href=""https://maps.google.com/maps/contrib/110497366712878290142"">A Google User</a>'], 'photo_reference': 'AUGGfZkqoz1a_Jn57JQ4ObtA56YMd37eCAEFdM25WAEyCV03gvW1nIWJjTXOZ5ITXObjiBUVUB4Ml7dnX3mgfPH70ZaiIk8srcGAehqXAz6nQTpF-3kRwS5PGAmPUaSnZCKWvqXX6ZJDM6ENkQQzpaMutsSzXmQzfCnCU23FxhhpGowz2sNY', 'width': 1156}]",ChIJN2479gsVhzIRRLIkMgTLEN8,"{'compound_code': '7V9Q+4R Tounsaru, Minahasa Regency, North Sulawesi, Indonesia', 'global_code': '6QH67V9Q+4R'}",5.0,ChIJN2479gsVhzIRRLIkMgTLEN8,"['lodging', 'point_of_interest', 'establishment']",1,{'open_now': True},,,https://www.google.com/maps/place/?q=place_id:ChIJN2479gsVhzIRRLIkMgTLEN8
OPERATIONAL,"Jl. Tomohon-Rurukan Rumah Ttorre, Paslaten I lingkungan 6, Kec. Tomohon Timur, Paslaten Satu, Tomohon, Kota Tomohon, Sulawesi Utara 95447, Indonesia","{'location': {'lat': 1.33525, 'lng': 124.865037}, 'viewport': {'northeast': {'lat': 1.336712829892722, 'lng': 124.8663768798927}, 'southwest': {'lat': 1.334013170107278, 'lng': 124.8636772201073}}}",https://maps.gstatic.com/mapfiles/place_api/icons/v1/png_71/lodging-71.png,#909CE1,https://maps.gstatic.com/mapfiles/place_api/icons/v2/hotel_pinlet,Rumah Ttorre Bedroom,,ChIJU0nSgDIThzIRCmmNSqeTpSE,"{'compound_code': '8VP8+42 Paslaten Satu, Tomohon City, North Sulawesi, Indonesia', 'global_code': '6QH68VP8+42'}",0.0,ChIJU0nSgDIThzIRCmmNSqeTpSE,"['lodging', 'point_of_interest', 'establishment']",0,,,,https://www.google.com/maps/place/?q=place_id:ChIJU0nSgDIThzIRCmmNSqeTpSE
OPERATIONAL,"Jl. kawangkoan-Tomohon, Lansot, Kec. Tomohon Sel., Kota Tomohon, Sulawesi Utara, Indonesia","{'location': {'lat': 1.3049084, 'lng': 124.8325325}, 'viewport': {'northeast': {'lat': 1.306286779892722, 'lng': 124.8338438798927}, 'southwest': {'lat': 1.303587120107278, 'lng': 124.8311442201072}}}",https://maps.gstatic.com/mapfiles/place_api/icons/v1/png_71/lodging-71.png,#909CE1,https://maps.gstatic.com/mapfiles/place_api/icons/v2/hotel_pinlet,RedDoorz Plus near Stadion Parasamya Tomohon,,ChIJJXVNrSRrhzIR8tHeE441lyA,"{'compound_code': '8R3M+X2 Lansot, Tomohon City, North Sulawesi, Indonesia', 'global_code': '6QH68R3M+X2'}",0.0,ChIJJXVNrSRrhzIR8tHeE441lyA,"['lodging', 'point_of_interest', 'establishment']",0,,,,https://www.google.com/maps/place/?q=place_id:ChIJJXVNrSRrhzIR8tHeE441lyA
OPERATIONAL,"9R5J+4Q9, Jl. Pariwisata, Kakaskasen Satu, Kec. Tomohon Utara, Kota Tomohon, Sulawesi Utara, Indonesia","{'location': {'lat': 1.3573511, 'lng': 124.8301613}, 'viewport': {'northeast': {'lat': 1.358719379892722, 'lng': 124.8314858298927}, 'southwest': {'lat': 1.356019720107278, 'lng': 124.8287861701073}}}",https://maps.gstatic.com/mapfiles/place_api/icons/v1/png_71/lodging-71.png,#909CE1,https://maps.gstatic.com/mapfiles/place_api/icons/v2/hotel_pinlet,Alamanda Lokon Resort,,ChIJhRGNLABthzIRCWk5we3cuI0,,0.0,ChIJhRGNLABthzIRCWk5we3cuI0,"['lodging', 'point_of_interest', 'establishment']",0,,,,https://www.google.com/maps/place/?q=place_id:ChIJhRGNLABthzIRCWk5we3cuI0
OPERATIONAL,"8VVQ+84J, Jl. Temboan, Rurukan, Rurukan Satu, Kec. Tomohon Tim., Kota Tomohon, Sulawesi Utara, Indonesia","{'location': {'lat': 1.3433333, 'lng': 124.8877778}, 'viewport': {'northeast': {'lat': 1.34811335, 'lng': 124.8892395798927}, 'southwest': {'lat': 1.34173995, 'lng': 124.8865399201073}}}",https://maps.gstatic.com/mapfiles/place_api/icons/v1/png_71/lodging-71.png,#909CE1,https://maps.gstatic.com/mapfiles/place_api/icons/v2/hotel_pinlet,MC TEMBOAN RURUKAN,"[{'height': 640, 'html_attributions': ['<a href=""https://maps.google.com/maps/contrib/115223656419334211220"">sulawesi spices</a>'], 'photo_reference': 'AUGGfZnBSyi1M1s6LlCcaBwO4d9PO1tkytnBGsGscJJ-yyJG1F1AwNiwikCJw-cIrVZwOhocO4lRXOY-xhcmXTm8GJV5JLYbc8WoyUQek5yINu58JPxpKRsvFaA059ZPFHDfurqLvEdIDx3LCJKcuTkK6zqZsy0ybBb8328fvZbiuKJotmhe', 'width': 480}]",ChIJLTUr1-EShzIRM7WSLSuUkrE,,4.7,ChIJLTUr1-EShzIRM7WSLSuUkrE,"['lodging', 'point_of_interest', 'establishment']",3,,,,https://www.google.com/maps/place/?q=place_id:ChIJLTUr1-EShzIRM7WSLSuUkrE
